count_id,date,product_id,true_stock,reported_stock,count_error,planted,incident_id
CNT000001,2025-09-03,P001,154.4,154.4,0.0,False,
CNT000002,2025-09-03,P002,115.6,115.6,0.0,False,
CNT000003,2025-09-03,P003,108.2,108.2,0.0,False,
CNT000004,2025-09-03,P004,52.6,52.6,0.0,False,
CNT000005,2025-09-03,P005,121.6,121.6,0.0,False,
CNT000006,2025-09-03,P006,67.0,67.0,0.0,False,
CNT000007,2025-09-03,P007,80.4,80.26,-0.14,False,
CNT000008,2025-09-03,P008,41.2,41.2,0.0,False,
CNT000009,2025-09-03,P009,4.59,4.59,0.0,False,
CNT000010,2025-09-03,P010,3.57,3.57,0.0,False,
CNT000011,2025-09-03,P011,8.66,8.66,0.0,False,
CNT000012,2025-09-03,P012,3.66,3.66,0.0,False,
CNT000013,2025-09-03,P013,21.54,21.54,0.0,False,
CNT000014,2025-09-03,P014,18.78,18.78,0.0,False,
CNT000015,2025-09-03,P015,3.57,3.57,0.0,False,
CNT000016,2025-09-03,P016,4.59,4.54,-0.05,False,
CNT000017,2025-09-03,P017,3.74,3.74,0.0,False,
CNT000018,2025-09-03,P018,3.66,3.66,0.0,False,
CNT000019,2025-09-03,P019,9.45,9.45,0.0,False,
CNT000020,2025-09-03,P020,7.61,7.61,0.0,False,
CNT000021,2025-09-03,P021,4.77,4.77,0.0,False,
CNT000022,2025-09-03,P022,3.4,3.4,0.0,False,
CNT000023,2025-09-03,P023,3.66,3.66,0.0,False,
CNT000024,2025-09-03,P024,3.74,3.74,0.0,False,
CNT000025,2025-09-03,P025,30.14,30.14,0.0,False,
CNT000026,2025-09-03,P026,3.49,3.49,0.0,False,
CNT000027,2025-09-03,P027,3.49,3.49,0.0,False,
CNT000028,2025-09-03,P028,3.83,3.83,0.0,False,
CNT000029,2025-09-03,P029,6.2,6.2,0.0,False,
CNT000030,2025-09-03,P030,3.74,3.74,0.0,False,
CNT000031,2025-09-03,P031,16.63,16.63,0.0,False,
CNT000032,2025-09-03,P032,3.57,3.57,0.0,False,
CNT000033,2025-09-03,P033,29.4,29.4,0.0,False,
CNT000034,2025-09-03,P034,8.49,8.43,-0.06,False,
CNT000035,2025-09-03,P035,8.06,8.19,0.13,False,
CNT000036,2025-09-03,P036,6.81,6.81,0.0,False,
CNT000037,2025-09-03,P037,6.36,6.36,0.0,False,
CNT000038,2025-09-03,P038,28.45,28.45,0.0,False,
CNT000039,2025-09-03,P039,32.45,32.45,0.0,False,
CNT000040,2025-09-03,P040,13.2,13.2,0.0,False,
CNT000041,2025-09-03,P041,47.18,47.18,0.0,False,
CNT000042,2025-09-03,P042,8.04,8.04,0.0,False,
CNT000043,2025-09-03,P043,193.64,193.64,0.0,False,
CNT000044,2025-09-03,P044,119.6,119.6,0.0,False,
CNT000045,2025-09-03,P045,104.2,104.2,0.0,False,
CNT000046,2025-09-03,P046,122.82,122.6,-0.22,False,
CNT000047,2025-09-03,P047,115.26,115.26,0.0,False,
CNT000048,2025-09-03,P048,90.8,90.8,0.0,False,
CNT000049,2025-09-03,P049,40.2,40.2,0.0,False,
CNT000050,2025-09-03,P050,4.0,4.0,0.0,False,
CNT000051,2025-09-03,P051,4.0,4.0,0.0,False,
CNT000052,2025-09-03,P052,12.0,12.0,0.0,False,
CNT000053,2025-09-03,P053,3.7,3.7,0.0,False,
CNT000054,2025-09-03,P054,5.46,5.46,0.0,False,
CNT000055,2025-09-03,P055,3.69,3.69,0.0,False,
CNT000056,2025-09-03,P056,3.76,3.86,0.1,False,
CNT000057,2025-09-03,K001,5.34,5.34,0.0,False,
CNT000058,2025-09-03,K002,3.51,3.51,0.0,False,
CNT000059,2025-09-03,K003,6.11,7.11,1.0,False,
CNT000060,2025-09-03,K004,5.26,5.26,0.0,False,
CNT000061,2025-09-03,K005,4.76,4.76,0.0,False,
CNT000062,2025-09-07,P001,117.4,117.4,0.0,False,
CNT000063,2025-09-07,P002,74.6,74.6,0.0,False,
CNT000064,2025-09-07,P003,75.2,75.2,0.0,False,
CNT000065,2025-09-07,P004,32.6,32.6,0.0,False,
CNT000066,2025-09-07,P005,81.6,81.6,0.0,False,
CNT000067,2025-09-07,P006,43.0,43.0,0.0,False,
CNT000068,2025-09-07,P007,54.4,54.4,0.0,False,
CNT000069,2025-09-07,P008,28.2,28.2,0.0,False,
CNT000070,2025-09-07,P009,3.05,3.05,0.0,False,
CNT000071,2025-09-07,P010,14.54,14.54,0.0,False,
CNT000072,2025-09-07,P011,6.04,6.04,0.0,False,
CNT000073,2025-09-07,P012,2.71,2.71,0.0,False,
CNT000074,2025-09-07,P013,14.83,14.83,0.0,False,
CNT000075,2025-09-07,P014,12.7,12.7,0.0,False,
CNT000076,2025-09-07,P015,2.63,2.63,0.0,False,
CNT000077,2025-09-07,P016,3.22,3.22,0.0,False,
CNT000078,2025-09-07,P017,2.97,2.97,0.0,False,
CNT000079,2025-09-07,P018,2.8,2.8,0.0,False,
CNT000080,2025-09-07,P019,6.87,5.87,-1.0,False,
CNT000081,2025-09-07,P020,4.87,4.87,0.0,False,
CNT000082,2025-09-07,P021,3.22,3.22,0.0,False,
CNT000083,2025-09-07,P022,14.29,14.29,0.0,False,
CNT000084,2025-09-07,P023,2.8,2.8,0.0,False,
CNT000085,2025-09-07,P024,2.97,2.97,0.0,False,
CNT000086,2025-09-07,P025,20.18,20.18,0.0,False,
CNT000087,2025-09-07,P026,14.37,14.37,0.0,False,
CNT000088,2025-09-07,P027,14.29,14.29,0.0,False,
CNT000089,2025-09-07,P028,3.31,3.31,0.0,False,
CNT000090,2025-09-07,P029,3.98,4.05,0.07,False,
CNT000091,2025-09-07,P030,3.06,2.91,-0.15,False,
CNT000092,2025-09-07,P031,11.22,10.93,-0.29,False,
CNT000093,2025-09-07,P032,2.8,2.8,0.0,False,
CNT000094,2025-09-07,P033,19.97,19.97,0.0,False,
CNT000095,2025-09-07,P034,5.96,5.96,0.0,False,
CNT000096,2025-09-07,P035,5.5,5.5,0.0,False,
CNT000097,2025-09-07,P036,4.72,4.72,0.0,False,
CNT000098,2025-09-07,P037,4.52,4.52,0.0,False,
CNT000099,2025-09-07,P038,19.67,19.67,0.0,False,
CNT000100,2025-09-07,P039,20.01,20.01,0.0,False,
CNT000101,2025-09-07,P040,8.2,7.2,-1.0,False,
CNT000102,2025-09-07,P041,31.62,31.62,0.0,False,
CNT000103,2025-09-07,P042,5.84,5.84,0.0,False,
CNT000104,2025-09-07,P043,124.14,124.14,0.0,False,
CNT000105,2025-09-07,P044,87.6,87.6,0.0,False,
CNT000106,2025-09-07,P045,68.2,68.2,0.0,False,
CNT000107,2025-09-07,P046,77.92,77.92,0.0,False,
CNT000108,2025-09-07,P047,81.3,81.1,-0.2,False,
CNT000109,2025-09-07,P048,61.8,61.8,0.0,False,
CNT000110,2025-09-07,P049,24.2,24.2,0.0,False,
CNT000111,2025-09-07,P050,4.0,4.0,0.0,False,
CNT000112,2025-09-07,P051,4.0,4.0,0.0,False,
CNT000113,2025-09-07,P052,8.13,8.13,0.0,False,
CNT000114,2025-09-07,P053,3.08,3.08,0.0,False,
CNT000115,2025-09-07,P054,3.68,3.68,0.0,False,
CNT000116,2025-09-07,P055,2.94,2.94,0.0,False,
CNT000117,2025-09-07,P056,3.29,3.29,0.0,False,
CNT000118,2025-09-07,K001,4.47,4.47,0.0,False,
CNT000119,2025-09-07,K002,3.79,3.79,0.0,False,
CNT000120,2025-09-07,K003,4.97,4.97,0.0,False,
CNT000121,2025-09-07,K004,4.25,4.25,0.0,False,
CNT000122,2025-09-07,K005,3.8,3.8,0.0,False,
CNT000123,2025-09-10,P001,82.4,82.4,0.0,False,
CNT000124,2025-09-10,P002,54.6,54.6,0.0,False,
CNT000125,2025-09-10,P003,51.2,51.2,0.0,False,
CNT000126,2025-09-10,P004,20.6,20.6,0.0,False,
CNT000127,2025-09-10,P005,60.6,60.6,0.0,False,
CNT000128,2025-09-10,P006,31.0,31.0,0.0,False,
CNT000129,2025-09-10,P007,43.4,43.4,0.0,False,
CNT000130,2025-09-10,P008,21.2,21.2,0.0,False,
CNT000131,2025-09-10,P009,14.45,14.45,0.0,False,
CNT000132,2025-09-10,P010,14.03,14.03,0.0,False,
CNT000133,2025-09-10,P011,16.16,16.16,0.0,False,
CNT000134,2025-09-10,P012,14.29,14.29,0.0,False,
CNT000135,2025-09-10,P013,11.3,11.3,0.0,False,
CNT000136,2025-09-10,P014,9.38,9.38,0.0,False,
CNT000137,2025-09-10,P015,14.29,14.29,0.0,False,
CNT000138,2025-09-10,P016,14.37,14.37,0.0,False,
CNT000139,2025-09-10,P017,14.71,14.71,0.0,False,
CNT000140,2025-09-10,P018,14.46,14.57,0.11,False,
CNT000141,2025-09-10,P019,17.07,17.07,0.0,False,
CNT000142,2025-09-10,P020,3.41,3.41,0.0,False,
CNT000143,2025-09-10,P021,14.37,14.17,-0.2,False,
CNT000144,2025-09-10,P022,13.6,13.6,0.0,False,
CNT000145,2025-09-10,P023,14.37,14.37,0.0,False,
CNT000146,2025-09-10,P024,14.54,14.54,0.0,False,
CNT000147,2025-09-10,P025,14.49,14.49,0.0,False,
CNT000148,2025-09-10,P026,13.77,13.77,0.0,False,
CNT000149,2025-09-10,P027,13.86,13.86,0.0,False,
CNT000150,2025-09-10,P028,3.06,3.06,0.0,False,
CNT000151,2025-09-10,P029,15.06,15.06,0.0,False,
CNT000152,2025-09-10,P030,14.71,14.71,0.0,False,
CNT000153,2025-09-10,P031,7.82,7.82,0.0,False,
CNT000154,2025-09-10,P032,14.29,14.29,0.0,False,
CNT000155,2025-09-10,P033,14.49,14.49,0.0,False,
CNT000156,2025-09-10,P034,16.24,16.24,0.0,False,
CNT000157,2025-09-10,P035,3.92,4.0,0.08,False,
CNT000158,2025-09-10,P036,3.35,3.35,0.0,False,
CNT000159,2025-09-10,P037,3.15,3.15,0.0,False,
CNT000160,2025-09-10,P038,15.03,15.03,0.0,False,
CNT000161,2025-09-10,P039,25.66,25.66,0.0,False,
CNT000162,2025-09-10,P040,5.2,5.2,0.0,False,
CNT000163,2025-09-10,P041,23.22,23.22,0.0,False,
CNT000164,2025-09-10,P042,16.24,16.24,0.0,False,
CNT000165,2025-09-10,P043,94.04,94.04,0.0,False,
CNT000166,2025-09-10,P044,63.6,63.6,0.0,False,
CNT000167,2025-09-10,P045,45.2,44.95,-0.25,False,
CNT000168,2025-09-10,P046,56.72,56.72,0.0,False,
CNT000169,2025-09-10,P047,58.0,58.0,0.0,False,
CNT000170,2025-09-10,P048,46.8,46.8,0.0,False,
CNT000171,2025-09-10,P049,17.2,17.2,0.0,False,
CNT000172,2025-09-10,P050,4.0,4.0,0.0,False,
CNT000173,2025-09-10,P051,4.0,4.0,0.0,False,
CNT000174,2025-09-10,P052,5.74,5.74,0.0,False,
CNT000175,2025-09-10,P053,2.8,2.8,0.0,False,
CNT000176,2025-09-10,P054,8.63,8.63,0.0,False,
CNT000177,2025-09-10,P055,8.49,8.4,-0.09,False,
CNT000178,2025-09-10,P056,3.02,3.02,0.0,False,
CNT000179,2025-09-10,K001,5.44,5.44,0.0,False,
CNT000180,2025-09-10,K002,4.76,4.76,0.0,False,
CNT000181,2025-09-10,K003,5.97,5.97,0.0,False,
CNT000182,2025-09-10,K004,6.02,6.02,0.0,False,
CNT000183,2025-09-10,K005,4.85,4.85,0.0,False,
CNT000184,2025-09-14,P001,57.4,57.4,0.0,False,
CNT000185,2025-09-14,P002,34.6,34.6,0.0,False,
CNT000186,2025-09-14,P003,37.2,37.2,0.0,False,
CNT000187,2025-09-14,P004,25.6,25.6,0.0,False,
CNT000188,2025-09-14,P005,47.6,47.6,0.0,False,
CNT000189,2025-09-14,P006,10.0,10.0,0.0,False,
CNT000190,2025-09-14,P007,37.4,36.4,-1.0,False,
CNT000191,2025-09-14,P008,31.2,31.2,0.0,False,
CNT000192,2025-09-14,P009,12.99,12.73,-0.26,False,
CNT000193,2025-09-14,P010,12.83,12.83,0.0,False,
CNT000194,2025-09-14,P011,13.2,13.2,0.0,False,
CNT000195,2025-09-14,P012,13.34,13.34,0.0,False,
CNT000196,2025-09-14,P013,16.08,16.08,0.0,False,
CNT000197,2025-09-14,P014,15.04,15.04,0.0,False,
CNT000198,2025-09-14,P015,13.51,13.51,0.0,False,
CNT000199,2025-09-14,P016,12.65,12.65,0.0,False,
CNT000200,2025-09-14,P017,13.86,13.86,0.0,False,
CNT000201,2025-09-14,P018,13.51,13.51,0.0,False,
CNT000202,2025-09-14,P019,13.56,13.56,0.0,False,
CNT000203,2025-09-14,P020,12.5,12.5,0.0,False,
CNT000204,2025-09-14,P021,12.65,12.65,0.0,False,
CNT000205,2025-09-14,P022,12.49,12.49,0.0,False,
CNT000206,2025-09-14,P023,13.69,13.69,0.0,False,
CNT000207,2025-09-14,P024,13.69,13.69,0.0,False,
CNT000208,2025-09-14,P025,16.09,16.09,0.0,False,
CNT000209,2025-09-14,P026,12.66,12.66,0.0,False,
CNT000210,2025-09-14,P027,12.74,12.74,0.0,False,
CNT000211,2025-09-14,P028,2.71,2.71,0.0,False,
CNT000212,2025-09-14,P029,13.05,13.05,0.0,False,
CNT000213,2025-09-14,P030,13.94,13.94,0.0,False,
CNT000214,2025-09-14,P031,13.96,13.96,0.0,False,
CNT000215,2025-09-14,P032,13.43,13.43,0.0,False,
CNT000216,2025-09-14,P033,17.31,17.31,0.0,False,
CNT000217,2025-09-14,P034,13.37,13.37,0.0,False,
CNT000218,2025-09-14,P035,13.04,13.04,0.0,False,
CNT000219,2025-09-14,P036,12.83,12.83,0.0,False,
CNT000220,2025-09-14,P037,13.05,13.05,0.0,False,
CNT000221,2025-09-14,P038,16.54,16.54,0.0,False,
CNT000222,2025-09-14,P039,13.71,13.71,0.0,False,
CNT000223,2025-09-14,P040,12.8,12.71,-0.09,False,
CNT000224,2025-09-14,P041,20.54,20.54,0.0,False,
CNT000225,2025-09-14,P042,13.24,13.17,-0.07,False,
CNT000226,2025-09-14,P043,28.14,28.14,0.0,False,
CNT000227,2025-09-14,P044,24.6,24.6,0.0,False,
CNT000228,2025-09-14,P045,34.2,34.2,0.0,False,
CNT000229,2025-09-14,P046,37.02,37.02,0.0,False,
CNT000230,2025-09-14,P047,18.68,18.68,0.0,False,
CNT000231,2025-09-14,P048,12.8,12.8,0.0,False,
CNT000232,2025-09-14,P049,26.2,26.2,0.0,False,
CNT000233,2025-09-14,P050,4.0,4.12,0.12,False,
CNT000234,2025-09-14,P051,4.0,4.0,0.0,False,
CNT000235,2025-09-14,P052,7.6,7.6,0.0,False,
CNT000236,2025-09-14,P053,8.07,8.34,0.27,False,
CNT000237,2025-09-14,P054,6.74,6.74,0.0,False,
CNT000238,2025-09-14,P055,7.69,7.69,0.0,False,
CNT000239,2025-09-14,P056,2.52,2.52,0.0,False,
CNT000240,2025-09-14,K001,4.37,4.37,0.0,False,
CNT000241,2025-09-14,K002,3.9,3.9,0.0,False,
CNT000242,2025-09-14,K003,5.44,5.44,0.0,False,
CNT000243,2025-09-14,K004,4.52,4.38,-0.14,False,
CNT000244,2025-09-14,K005,3.41,3.41,0.0,False,
CNT000245,2025-09-17,P001,82.4,82.4,0.0,False,
CNT000246,2025-09-17,P002,66.6,66.6,0.0,False,
CNT000247,2025-09-17,P003,19.2,19.2,0.0,False,
CNT000248,2025-09-17,P004,40.6,40.6,0.0,False,
CNT000249,2025-09-17,P005,49.6,49.41,-0.19,False,
CNT000250,2025-09-17,P006,50.0,50.0,0.0,False,
CNT000251,2025-09-17,P007,50.4,50.29,-0.11,False,
CNT000252,2025-09-17,P008,26.2,26.2,0.0,False,
CNT000253,2025-09-17,P009,12.39,12.33,-0.06,False,
CNT000254,2025-09-17,P010,12.4,12.4,0.0,False,
CNT000255,2025-09-17,P011,11.79,11.5,-0.29,False,
CNT000256,2025-09-17,P012,12.91,12.91,0.0,False,
CNT000257,2025-09-17,P013,12.28,12.28,0.0,False,
CNT000258,2025-09-17,P014,12.2,12.08,-0.12,False,
CNT000259,2025-09-17,P015,13.17,13.17,0.0,False,
CNT000260,2025-09-17,P016,11.88,11.88,0.0,False,
CNT000261,2025-09-17,P017,13.43,13.43,0.0,False,
CNT000262,2025-09-17,P018,13.17,13.17,0.0,False,
CNT000263,2025-09-17,P019,12.45,12.45,0.0,False,
CNT000264,2025-09-17,P020,10.95,10.95,0.0,False,
CNT000265,2025-09-17,P021,12.05,12.05,0.0,False,
CNT000266,2025-09-17,P022,12.06,12.06,0.0,False,
CNT000267,2025-09-17,P023,13.34,13.34,0.0,False,
CNT000268,2025-09-17,P024,13.26,13.26,0.0,False,
CNT000269,2025-09-17,P025,23.26,23.26,0.0,False,
CNT000270,2025-09-17,P026,12.06,12.06,0.0,False,
CNT000271,2025-09-17,P027,12.23,12.23,0.0,False,
CNT000272,2025-09-17,P028,2.46,2.46,0.0,False,
CNT000273,2025-09-17,P029,11.95,11.95,0.0,False,
CNT000274,2025-09-17,P030,13.51,13.51,0.0,False,
CNT000275,2025-09-17,P031,11.17,11.17,0.0,False,
CNT000276,2025-09-17,P032,13.0,13.0,0.0,False,
CNT000277,2025-09-17,P033,12.69,12.69,0.0,False,
CNT000278,2025-09-17,P034,11.96,12.2,0.24,False,
CNT000279,2025-09-17,P035,11.62,11.62,0.0,False,
CNT000280,2025-09-17,P036,11.69,11.69,0.0,False,
CNT000281,2025-09-17,P037,12.06,12.06,0.0,False,
CNT000282,2025-09-17,P038,24.15,24.15,0.0,False,
CNT000283,2025-09-17,P039,20.58,20.58,0.0,False,
CNT000284,2025-09-17,P040,11.4,11.4,0.0,False,
CNT000285,2025-09-17,P041,25.22,25.22,0.0,False,
CNT000286,2025-09-17,P042,12.04,12.04,0.0,False,
CNT000287,2025-09-17,P043,70.14,70.14,0.0,False,
CNT000288,2025-09-17,P044,56.6,56.6,0.0,False,
CNT000289,2025-09-17,P045,45.2,44.2,-1.0,False,
CNT000290,2025-09-17,P046,41.52,41.52,0.0,False,
CNT000291,2025-09-17,P047,51.64,51.64,0.0,False,
CNT000292,2025-09-17,P048,50.8,50.8,0.0,False,
CNT000293,2025-09-17,P049,20.2,20.2,0.0,False,
CNT000294,2025-09-17,P050,4.0,4.0,0.0,False,
CNT000295,2025-09-17,P051,4.0,4.09,0.09,False,
CNT000296,2025-09-17,P052,5.51,5.51,0.0,False,
CNT000297,2025-09-17,P053,7.83,7.83,0.0,False,
CNT000298,2025-09-17,P054,5.8,5.8,0.0,False,
CNT000299,2025-09-17,P055,7.29,7.29,0.0,False,
CNT000300,2025-09-17,P056,8.27,8.27,0.0,False,
CNT000301,2025-09-17,K001,5.51,5.51,0.0,False,
CNT000302,2025-09-17,K002,4.89,4.89,0.0,False,
CNT000303,2025-09-17,K003,4.2,4.2,0.0,False,
CNT000304,2025-09-17,K004,5.11,6.11,1.0,False,
CNT000305,2025-09-17,K005,4.47,4.47,0.0,False,
CNT000306,2025-09-21,P001,44.4,44.4,0.0,False,
CNT000307,2025-09-21,P002,37.6,37.45,-0.15,False,
CNT000308,2025-09-21,P003,44.2,44.2,0.0,False,
CNT000309,2025-09-21,P004,17.6,17.6,0.0,False,
CNT000310,2025-09-21,P005,47.6,47.3,-0.3,False,
CNT000311,2025-09-21,P006,23.0,23.0,0.0,False,
CNT000312,2025-09-21,P007,43.4,43.4,0.0,False,
CNT000313,2025-09-21,P008,32.2,32.2,0.0,False,
CNT000314,2025-09-21,P009,10.59,10.59,0.0,False,
CNT000315,2025-09-21,P010,10.77,10.77,0.0,False,
CNT000316,2025-09-21,P011,8.31,8.31,0.0,False,
CNT000317,2025-09-21,P012,11.89,11.89,0.0,False,
CNT000318,2025-09-21,P013,14.87,14.87,0.0,False,
CNT000319,2025-09-21,P014,4.04,4.04,0.0,False,
CNT000320,2025-09-21,P015,12.14,12.14,0.0,False,
CNT000321,2025-09-21,P016,9.74,9.74,0.0,False,
CNT000322,2025-09-21,P017,12.49,12.49,0.0,False,
CNT000323,2025-09-21,P018,12.23,12.23,0.0,False,
CNT000324,2025-09-21,P019,8.93,8.93,0.0,False,
CNT000325,2025-09-21,P020,7.44,7.44,0.0,False,
CNT000326,2025-09-21,P021,10.08,10.08,0.0,False,
CNT000327,2025-09-21,P022,10.69,10.69,0.0,False,
CNT000328,2025-09-21,P023,12.31,12.52,0.21,False,
CNT000329,2025-09-21,P024,12.31,12.31,0.0,False,
CNT000330,2025-09-21,P025,10.45,10.39,-0.06,False,
CNT000331,2025-09-21,P026,10.6,10.49,-0.11,False,
CNT000332,2025-09-21,P027,10.51,10.51,0.0,False,
CNT000333,2025-09-21,P028,13.94,13.94,0.0,False,
CNT000334,2025-09-21,P029,9.29,9.15,-0.14,False,
CNT000335,2025-09-21,P030,12.49,12.49,0.0,False,
CNT000336,2025-09-21,P031,4.35,4.35,0.0,False,
CNT000337,2025-09-21,P032,12.06,12.06,0.0,False,
CNT000338,2025-09-21,P033,12.26,12.26,0.0,False,
CNT000339,2025-09-21,P034,8.31,8.31,0.0,False,
CNT000340,2025-09-21,P035,8.18,8.18,0.0,False,
CNT000341,2025-09-21,P036,8.75,8.75,0.0,False,
CNT000342,2025-09-21,P037,9.7,9.7,0.0,False,
CNT000343,2025-09-21,P038,10.73,10.65,-0.08,False,
CNT000344,2025-09-21,P039,18.92,18.92,0.0,False,
CNT000345,2025-09-21,P040,5.6,5.6,0.0,False,
CNT000346,2025-09-21,P041,17.22,17.22,0.0,False,
CNT000347,2025-09-21,P042,9.24,9.24,0.0,False,
CNT000348,2025-09-21,P043,13.34,13.34,0.0,False,
CNT000349,2025-09-21,P044,6.6,6.6,0.0,False,
CNT000350,2025-09-21,P045,19.2,19.2,0.0,False,
CNT000351,2025-09-21,P046,13.62,13.62,0.0,False,
CNT000352,2025-09-21,P047,27.88,27.88,0.0,False,
CNT000353,2025-09-21,P048,10.8,10.8,0.0,False,
CNT000354,2025-09-21,P049,25.2,25.2,0.0,False,
CNT000355,2025-09-21,P050,4.0,5.0,1.0,False,
CNT000356,2025-09-21,P051,4.0,4.0,0.0,False,
CNT000357,2025-09-21,P052,6.59,6.59,0.0,False,
CNT000358,2025-09-21,P053,6.88,6.88,0.0,False,
CNT000359,2025-09-21,P054,3.45,3.45,0.0,False,
CNT000360,2025-09-21,P055,6.32,6.32,0.0,False,
CNT000361,2025-09-21,P056,7.62,7.62,0.0,False,
CNT000362,2025-09-21,K001,3.64,3.64,0.0,False,
CNT000363,2025-09-21,K002,3.95,3.95,0.0,False,
CNT000364,2025-09-21,K003,6.92,6.92,0.0,False,
CNT000365,2025-09-21,K004,4.96,4.96,0.0,False,
CNT000366,2025-09-21,K005,4.28,4.28,0.0,False,
CNT000367,2025-09-24,P001,67.4,67.4,0.0,False,
CNT000368,2025-09-24,P002,65.6,65.6,0.0,False,
CNT000369,2025-09-24,P003,53.2,53.2,0.0,False,
CNT000370,2025-09-24,P004,33.6,33.6,0.0,False,
CNT000371,2025-09-24,P005,52.6,52.6,0.0,False,
CNT000372,2025-09-24,P006,12.0,12.0,0.0,False,
CNT000373,2025-09-24,P007,51.4,51.4,0.0,False,
CNT000374,2025-09-24,P008,25.2,25.2,0.0,False,
CNT000375,2025-09-24,P009,9.91,9.91,0.0,False,
CNT000376,2025-09-24,P010,10.26,10.26,0.0,False,
CNT000377,2025-09-24,P011,7.16,7.16,0.0,False,
CNT000378,2025-09-24,P012,11.54,11.54,0.0,False,
CNT000379,2025-09-24,P013,11.2,11.2,0.0,False,
CNT000380,2025-09-24,P014,13.01,13.01,0.0,False,
CNT000381,2025-09-24,P015,11.63,11.63,0.0,False,
CNT000382,2025-09-24,P016,9.14,9.14,0.0,False,
CNT000383,2025-09-24,P017,12.06,12.06,0.0,False,
CNT000384,2025-09-24,P018,11.8,11.8,0.0,False,
CNT000385,2025-09-24,P019,7.39,7.39,0.0,False,
CNT000386,2025-09-24,P020,5.98,5.98,0.0,False,
CNT000387,2025-09-24,P021,9.22,9.22,0.0,False,
CNT000388,2025-09-24,P022,10.0,9.94,-0.06,False,
CNT000389,2025-09-24,P023,11.89,11.89,0.0,False,
CNT000390,2025-09-24,P024,11.97,11.97,0.0,False,
CNT000391,2025-09-24,P025,19.22,19.22,0.0,False,
CNT000392,2025-09-24,P026,10.17,10.17,0.0,False,
CNT000393,2025-09-24,P027,9.91,9.91,0.0,False,
CNT000394,2025-09-24,P028,13.69,13.69,0.0,False,
CNT000395,2025-09-24,P029,7.95,7.95,0.0,False,
CNT000396,2025-09-24,P030,12.14,12.14,0.0,False,
CNT000397,2025-09-24,P031,13.82,13.82,0.0,False,
CNT000398,2025-09-24,P032,11.63,12.63,1.0,False,
CNT000399,2025-09-24,P033,18.94,18.94,0.0,False,
CNT000400,2025-09-24,P034,7.07,7.07,0.0,False,
CNT000401,2025-09-24,P035,6.92,6.92,0.0,False,
CNT000402,2025-09-24,P036,7.61,7.61,0.0,False,
CNT000403,2025-09-24,P037,8.89,8.89,0.0,False,
CNT000404,2025-09-24,P038,18.58,18.58,0.0,False,
CNT000405,2025-09-24,P039,15.02,15.02,0.0,False,
CNT000406,2025-09-24,P040,15.6,15.6,0.0,False,
CNT000407,2025-09-24,P041,21.14,21.14,0.0,False,
CNT000408,2025-09-24,P042,8.24,8.24,0.0,False,
CNT000409,2025-09-24,P043,0.0,0.0,0.0,False,
CNT000410,2025-09-24,P044,62.6,62.6,0.0,False,
CNT000411,2025-09-24,P045,49.2,49.2,0.0,False,
CNT000412,2025-09-24,P046,44.02,44.02,0.0,False,
CNT000413,2025-09-24,P047,58.88,58.88,0.0,False,
CNT000414,2025-09-24,P048,43.8,43.8,0.0,False,
CNT000415,2025-09-24,P049,18.2,18.2,0.0,False,
CNT000416,2025-09-24,P050,4.0,4.0,0.0,False,
CNT000417,2025-09-24,P051,4.0,4.0,0.0,False,
CNT000418,2025-09-24,P052,11.2,11.2,0.0,False,
CNT000419,2025-09-24,P053,6.5,6.5,0.0,False,
CNT000420,2025-09-24,P054,8.83,8.83,0.0,False,
CNT000421,2025-09-24,P055,6.11,6.11,0.0,False,
CNT000422,2025-09-24,P056,7.36,7.36,0.0,False,
CNT000423,2025-09-24,K001,4.53,4.53,0.0,False,
CNT000424,2025-09-24,K002,4.09,4.09,0.0,False,
CNT000425,2025-09-24,K003,6.15,6.15,0.0,False,
CNT000426,2025-09-24,K004,5.41,5.41,0.0,False,
CNT000427,2025-09-24,K005,3.45,3.45,0.0,False,
CNT000428,2025-09-28,P001,56.4,56.4,0.0,False,
CNT000429,2025-09-28,P002,42.6,42.6,0.0,False,
CNT000430,2025-09-28,P003,58.2,58.2,0.0,False,
CNT000431,2025-09-28,P004,41.6,41.6,0.0,False,
CNT000432,2025-09-28,P005,58.6,58.6,0.0,False,
CNT000433,2025-09-28,P006,36.0,36.0,0.0,False,
CNT000434,2025-09-28,P007,43.4,43.4,0.0,False,
CNT000435,2025-09-28,P008,34.2,34.2,0.0,False,
CNT000436,2025-09-28,P009,8.37,8.37,0.0,False,
CNT000437,2025-09-28,P010,8.8,8.8,0.0,False,
CNT000438,2025-09-28,P011,4.03,4.03,0.0,False,
CNT000439,2025-09-28,P012,10.77,10.77,0.0,False,
CNT000440,2025-09-28,P013,14.79,14.79,0.0,False,
CNT000441,2025-09-28,P014,5.77,5.77,0.0,False,
CNT000442,2025-09-28,P015,10.77,10.77,0.0,False,
CNT000443,2025-09-28,P016,7.34,7.34,0.0,False,
CNT000444,2025-09-28,P017,11.2,11.2,0.0,False,
CNT000445,2025-09-28,P018,10.94,10.94,0.0,False,
CNT000446,2025-09-28,P019,15.96,15.96,0.0,False,
CNT000447,2025-09-28,P020,15.24,15.24,0.0,False,
CNT000448,2025-09-28,P021,7.42,7.42,0.0,False,
CNT000449,2025-09-28,P022,8.63,8.41,-0.22,False,
CNT000450,2025-09-28,P023,11.11,11.11,0.0,False,
CNT000451,2025-09-28,P024,11.12,11.12,0.0,False,
CNT000452,2025-09-28,P025,8.96,8.96,0.0,False,
CNT000453,2025-09-28,P026,8.71,8.79,0.08,False,
CNT000454,2025-09-28,P027,8.63,8.63,0.0,False,
CNT000455,2025-09-28,P028,13.26,13.26,0.0,False,
CNT000456,2025-09-28,P029,5.68,5.68,0.0,False,
CNT000457,2025-09-28,P030,11.29,11.29,0.0,False,
CNT000458,2025-09-28,P031,7.25,7.25,0.0,False,
CNT000459,2025-09-28,P032,10.77,10.77,0.0,False,
CNT000460,2025-09-28,P033,8.49,8.49,0.0,False,
CNT000461,2025-09-28,P034,3.86,3.86,0.0,False,
CNT000462,2025-09-28,P035,3.8,3.8,0.0,False,
CNT000463,2025-09-28,P036,5.01,5.01,0.0,False,
CNT000464,2025-09-28,P037,6.62,6.62,0.0,False,
CNT000465,2025-09-28,P038,19.11,19.11,0.0,False,
CNT000466,2025-09-28,P039,14.57,14.57,0.0,False,
CNT000467,2025-09-28,P040,11.2,11.2,0.0,False,
CNT000468,2025-09-28,P041,16.1,17.1,1.0,False,
CNT000469,2025-09-28,P042,5.04,5.04,0.0,False,
CNT000470,2025-09-28,P043,121.3,121.3,0.0,False,
CNT000471,2025-09-28,P044,25.6,25.6,0.0,False,
CNT000472,2025-09-28,P045,31.2,31.32,0.12,False,
CNT000473,2025-09-28,P046,16.42,16.42,0.0,False,
CNT000474,2025-09-28,P047,13.9,13.9,0.0,False,
CNT000475,2025-09-28,P048,29.8,29.8,0.0,False,
CNT000476,2025-09-28,P049,25.2,26.2,1.0,False,
CNT000477,2025-09-28,P050,4.0,4.0,0.0,False,
CNT000478,2025-09-28,P051,4.0,4.1,0.1,False,
CNT000479,2025-09-28,P052,6.78,6.78,0.0,False,
CNT000480,2025-09-28,P053,5.83,5.83,0.0,False,
CNT000481,2025-09-28,P054,6.93,6.93,0.0,False,
CNT000482,2025-09-28,P055,5.32,5.32,0.0,False,
CNT000483,2025-09-28,P056,6.84,6.84,0.0,False,
CNT000484,2025-09-28,K001,4.76,4.76,0.0,False,
CNT000485,2025-09-28,K002,4.15,4.22,0.07,False,
CNT000486,2025-09-28,K003,5.61,5.61,0.0,False,
CNT000487,2025-09-28,K004,4.19,4.19,0.0,False,
CNT000488,2025-09-28,K005,4.31,4.31,0.0,False,
CNT000489,2025-10-01,P001,67.4,67.4,0.0,False,
CNT000490,2025-10-01,P002,53.6,53.6,0.0,False,
CNT000491,2025-10-01,P003,43.2,43.2,0.0,False,
CNT000492,2025-10-01,P004,34.6,34.6,0.0,False,
CNT000493,2025-10-01,P005,44.6,44.6,0.0,False,
CNT000494,2025-10-01,P006,54.0,54.0,0.0,False,
CNT000495,2025-10-01,P007,29.4,29.4,0.0,False,
CNT000496,2025-10-01,P008,28.2,28.2,0.0,False,
CNT000497,2025-10-01,P009,7.77,7.77,0.0,False,
CNT000498,2025-10-01,P010,8.46,8.46,0.0,False,
CNT000499,2025-10-01,P011,14.96,14.96,0.0,False,
CNT000500,2025-10-01,P012,10.43,10.43,0.0,False,
CNT000501,2025-10-01,P013,11.9,11.9,0.0,False,
CNT000502,2025-10-01,P014,15.14,15.14,0.0,False,
CNT000503,2025-10-01,P015,10.6,10.6,0.0,False,
CNT000504,2025-10-01,P016,6.91,6.91,0.0,False,
CNT000505,2025-10-01,P017,10.86,10.86,0.0,False,
CNT000506,2025-10-01,P018,10.6,10.6,0.0,False,
CNT000507,2025-10-01,P019,15.27,15.27,0.0,False,
CNT000508,2025-10-01,P020,13.87,13.87,0.0,False,
CNT000509,2025-10-01,P021,6.82,6.55,-0.27,False,
CNT000510,2025-10-01,P022,8.29,8.29,0.0,False,
CNT000511,2025-10-01,P023,10.77,10.77,0.0,False,
CNT000512,2025-10-01,P024,10.94,10.94,0.0,False,
CNT000513,2025-10-01,P025,5.58,5.42,-0.16,False,
CNT000514,2025-10-01,P026,8.54,8.54,0.0,False,
CNT000515,2025-10-01,P027,8.11,8.11,0.0,False,
CNT000516,2025-10-01,P028,13.0,13.0,0.0,False,
CNT000517,2025-10-01,P029,4.95,4.95,0.0,False,
CNT000518,2025-10-01,P030,11.03,11.03,0.0,False,
CNT000519,2025-10-01,P031,17.39,17.39,0.0,False,
CNT000520,2025-10-01,P032,10.6,10.6,0.0,False,
CNT000521,2025-10-01,P033,16.54,16.8,0.26,False,
CNT000522,2025-10-01,P034,14.87,14.87,0.0,False,
CNT000523,2025-10-01,P035,14.71,14.71,0.0,False,
CNT000524,2025-10-01,P036,4.12,4.12,0.0,False,
CNT000525,2025-10-01,P037,5.89,5.89,0.0,False,
CNT000526,2025-10-01,P038,15.45,15.45,0.0,False,
CNT000527,2025-10-01,P039,23.64,23.83,0.19,False,
CNT000528,2025-10-01,P040,9.6,9.6,0.0,False,
CNT000529,2025-10-01,P041,21.78,21.78,0.0,False,
CNT000530,2025-10-01,P042,16.04,16.04,0.0,False,
CNT000531,2025-10-01,P043,94.1,94.1,0.0,False,
CNT000532,2025-10-01,P044,60.6,60.6,0.0,False,
CNT000533,2025-10-01,P045,36.2,36.2,0.0,False,
CNT000534,2025-10-01,P046,44.42,44.42,0.0,False,
CNT000535,2025-10-01,P047,49.08,49.08,0.0,False,
CNT000536,2025-10-01,P048,42.8,42.87,0.07,False,
CNT000537,2025-10-01,P049,22.2,22.2,0.0,False,
CNT000538,2025-10-01,P050,4.0,4.0,0.0,False,
CNT000539,2025-10-01,P051,4.0,4.0,0.0,False,
CNT000540,2025-10-01,P052,11.48,11.48,0.0,False,
CNT000541,2025-10-01,P053,5.53,5.53,0.0,False,
CNT000542,2025-10-01,P054,6.29,6.29,0.0,False,
CNT000543,2025-10-01,P055,5.07,5.07,0.0,False,
CNT000544,2025-10-01,P056,6.64,6.64,0.0,False,
CNT000545,2025-10-01,K001,4.66,4.66,0.0,False,
CNT000546,2025-10-01,K002,4.62,4.62,0.0,False,
CNT000547,2025-10-01,K003,6.57,6.57,0.0,False,
CNT000548,2025-10-01,K004,5.99,5.99,0.0,False,
CNT000549,2025-10-01,K005,4.78,4.78,0.0,False,
CNT000550,2025-10-05,P001,63.4,63.4,0.0,False,
CNT000551,2025-10-05,P002,56.6,56.6,0.0,False,
CNT000552,2025-10-05,P003,74.2,74.2,0.0,False,
CNT000553,2025-10-05,P004,41.6,41.6,0.0,False,
CNT000554,2025-10-05,P005,49.6,49.6,0.0,False,
CNT000555,2025-10-05,P006,29.0,29.0,0.0,False,
CNT000556,2025-10-05,P007,50.4,50.4,0.0,False,
CNT000557,2025-10-05,P008,39.2,39.2,0.0,False,
CNT000558,2025-10-05,P009,5.97,5.97,0.0,False,
CNT000559,2025-10-05,P010,7.34,7.34,0.0,False,
CNT000560,2025-10-05,P011,11.96,12.18,0.22,False,
CNT000561,2025-10-05,P012,9.66,9.66,0.0,False,
CNT000562,2025-10-05,P013,15.92,15.64,-0.28,False,
CNT000563,2025-10-05,P014,8.54,8.54,0.0,False,
CNT000564,2025-10-05,P015,9.74,9.74,0.0,False,
CNT000565,2025-10-05,P016,5.19,5.29,0.1,False,
CNT000566,2025-10-05,P017,10.17,9.17,-1.0,False,
CNT000567,2025-10-05,P018,9.83,9.83,0.0,False,
CNT000568,2025-10-05,P019,11.93,11.93,0.0,False,
CNT000569,2025-10-05,P020,11.21,11.21,0.0,False,
CNT000570,2025-10-05,P021,5.19,5.19,0.0,False,
CNT000571,2025-10-05,P022,6.91,6.91,0.0,False,
CNT000572,2025-10-05,P023,9.92,9.92,0.0,False,
CNT000573,2025-10-05,P024,10.26,10.26,0.0,False,
CNT000574,2025-10-05,P025,19.84,19.84,0.0,False,
CNT000575,2025-10-05,P026,7.17,7.17,0.0,False,
CNT000576,2025-10-05,P027,6.83,6.83,0.0,False,
CNT000577,2025-10-05,P028,12.57,12.57,0.0,False,
CNT000578,2025-10-05,P029,14.86,14.86,0.0,False,
CNT000579,2025-10-05,P030,10.17,10.17,0.0,False,
CNT000580,2025-10-05,P031,11.15,11.15,0.0,False,
CNT000581,2025-10-05,P032,9.74,9.74,0.0,False,
CNT000582,2025-10-05,P033,8.14,8.14,0.0,False,
CNT000583,2025-10-05,P034,11.79,11.79,0.0,False,
CNT000584,2025-10-05,P035,11.68,11.68,0.0,False,
CNT000585,2025-10-05,P036,13.55,13.55,0.0,False,
CNT000586,2025-10-05,P037,3.66,3.66,0.0,False,
CNT000587,2025-10-05,P038,17.69,17.69,0.0,False,
CNT000588,2025-10-05,P039,11.44,11.44,0.0,False,
CNT000589,2025-10-05,P040,17.2,17.2,0.0,False,
CNT000590,2025-10-05,P041,19.9,19.9,0.0,False,
CNT000591,2025-10-05,P042,13.24,13.24,0.0,False,
CNT000592,2025-10-05,P043,28.3,28.3,0.0,False,
CNT000593,2025-10-05,P044,17.6,17.78,0.18,False,
CNT000594,2025-10-05,P045,15.2,15.2,0.0,False,
CNT000595,2025-10-05,P046,29.82,29.82,0.0,False,
CNT000596,2025-10-05,P047,39.08,39.08,0.0,False,
CNT000597,2025-10-05,P048,30.8,30.8,0.0,False,
CNT000598,2025-10-05,P049,7.2,7.2,0.0,False,
CNT000599,2025-10-05,P050,4.0,4.3,0.3,False,
CNT000600,2025-10-05,P051,4.0,4.0,0.0,False,
CNT000601,2025-10-05,P052,7.22,7.3,0.08,False,
CNT000602,2025-10-05,P053,4.83,4.83,0.0,False,
CNT000603,2025-10-05,P054,4.41,4.41,0.0,False,
CNT000604,2025-10-05,P055,4.32,4.32,0.0,False,
CNT000605,2025-10-05,P056,6.08,6.08,0.0,False,
CNT000606,2025-10-05,K001,4.42,4.42,0.0,False,
CNT000607,2025-10-05,K002,4.0,4.0,0.0,False,
CNT000608,2025-10-05,K003,4.72,4.72,0.0,False,
CNT000609,2025-10-05,K004,4.99,4.99,0.0,False,
CNT000610,2025-10-05,K005,3.79,3.79,0.0,False,
CNT000611,2025-10-08,P001,64.4,64.4,0.0,False,
CNT000612,2025-10-08,P002,69.6,69.6,0.0,False,
CNT000613,2025-10-08,P003,55.2,55.2,0.0,False,
CNT000614,2025-10-08,P004,30.6,30.6,0.0,False,
CNT000615,2025-10-08,P005,58.6,58.6,0.0,False,
CNT000616,2025-10-08,P006,42.0,42.0,0.0,False,
CNT000617,2025-10-08,P007,41.4,41.4,0.0,False,
CNT000618,2025-10-08,P008,36.2,36.2,0.0,False,
CNT000619,2025-10-08,P009,5.19,5.19,0.0,False,
CNT000620,2025-10-08,P010,6.91,6.91,0.0,False,
CNT000621,2025-10-08,P011,10.84,10.84,0.0,False,
CNT000622,2025-10-08,P012,9.4,9.4,0.0,False,
CNT000623,2025-10-08,P013,13.7,12.7,-1.0,False,
CNT000624,2025-10-08,P014,18.52,18.52,0.0,False,
CNT000625,2025-10-08,P015,9.4,9.4,0.0,False,
CNT000626,2025-10-08,P016,4.59,4.59,0.0,False,
CNT000627,2025-10-08,P017,10.0,10.0,0.0,False,
CNT000628,2025-10-08,P018,9.49,9.49,0.0,False,
CNT000629,2025-10-08,P019,10.82,10.82,0.0,False,
CNT000630,2025-10-08,P020,10.27,10.27,0.0,False,
CNT000631,2025-10-08,P021,4.59,4.59,0.0,False,
CNT000632,2025-10-08,P022,6.49,6.49,0.0,False,
CNT000633,2025-10-08,P023,9.66,9.36,-0.3,False,
CNT000634,2025-10-08,P024,10.09,10.09,0.0,False,
CNT000635,2025-10-08,P025,16.06,16.06,0.0,False,
CNT000636,2025-10-08,P026,6.74,6.74,0.0,False,
CNT000637,2025-10-08,P027,6.31,6.31,0.0,False,
CNT000638,2025-10-08,P028,12.57,12.57,0.0,False,
CNT000639,2025-10-08,P029,14.02,14.02,0.0,False,
CNT000640,2025-10-08,P030,9.91,9.91,0.0,False,
CNT000641,2025-10-08,P031,8.55,8.55,0.0,False,
CNT000642,2025-10-08,P032,9.49,9.49,0.0,False,
CNT000643,2025-10-08,P033,16.89,16.89,0.0,False,
CNT000644,2025-10-08,P034,10.67,10.67,0.0,False,
CNT000645,2025-10-08,P035,10.54,10.54,0.0,False,
CNT000646,2025-10-08,P036,12.83,12.83,0.0,False,
CNT000647,2025-10-08,P037,14.8,14.8,0.0,False,
CNT000648,2025-10-08,P038,13.3,9.3,-4.0,True,INC-002
CNT000649,2025-10-08,P039,19.78,19.78,0.0,False,
CNT000650,2025-10-08,P040,15.8,15.8,0.0,False,
CNT000651,2025-10-08,P041,26.74,26.74,0.0,False,
CNT000652,2025-10-08,P042,12.64,12.64,0.0,False,
CNT000653,2025-10-08,P043,84.1,84.1,0.0,False,
CNT000654,2025-10-08,P044,50.6,50.6,0.0,False,
CNT000655,2025-10-08,P045,49.2,49.2,0.0,False,
CNT000656,2025-10-08,P046,62.52,62.52,0.0,False,
CNT000657,2025-10-08,P047,50.9,50.9,0.0,False,
CNT000658,2025-10-08,P048,45.8,45.8,0.0,False,
CNT000659,2025-10-08,P049,27.2,27.2,0.0,False,
CNT000660,2025-10-08,P050,4.0,4.0,0.0,False,
CNT000661,2025-10-08,P051,4.0,4.0,0.0,False,
CNT000662,2025-10-08,P052,11.5,11.5,0.0,False,
CNT000663,2025-10-08,P053,4.53,4.53,0.0,False,
CNT000664,2025-10-08,P054,3.7,3.7,0.0,False,
CNT000665,2025-10-08,P055,4.01,4.01,0.0,False,
CNT000666,2025-10-08,P056,5.91,5.91,0.0,False,
CNT000667,2025-10-08,K001,4.8,4.8,0.0,False,
CNT000668,2025-10-08,K002,3.44,3.44,0.0,False,
CNT000669,2025-10-08,K003,7.02,7.26,0.24,False,
CNT000670,2025-10-08,K004,5.88,5.88,0.0,False,
CNT000671,2025-10-08,K005,3.12,3.12,0.0,False,
CNT000672,2025-10-12,P001,64.4,64.4,0.0,False,
CNT000673,2025-10-12,P002,55.6,55.6,0.0,False,
CNT000674,2025-10-12,P003,41.2,41.2,0.0,False,
CNT000675,2025-10-12,P004,12.6,12.6,0.0,False,
CNT000676,2025-10-12,P005,62.6,62.6,0.0,False,
CNT000677,2025-10-12,P006,42.0,42.0,0.0,False,
CNT000678,2025-10-12,P007,36.4,36.4,0.0,False,
CNT000679,2025-10-12,P008,20.2,20.2,0.0,False,
CNT000680,2025-10-12,P009,3.48,3.48,0.0,False,
CNT000681,2025-10-12,P010,5.71,5.71,0.0,False,
CNT000682,2025-10-12,P011,7.67,7.56,-0.11,False,
CNT000683,2025-10-12,P012,8.54,8.44,-0.1,False,
CNT000684,2025-10-12,P013,17.75,17.75,0.0,False,
CNT000685,2025-10-12,P014,12.01,12.01,0.0,False,
CNT000686,2025-10-12,P015,8.8,8.8,0.0,False,
CNT000687,2025-10-12,P016,3.14,3.14,0.0,False,
CNT000688,2025-10-12,P017,9.32,9.32,0.0,False,
CNT000689,2025-10-12,P018,8.54,8.31,-0.23,False,
CNT000690,2025-10-12,P019,7.73,7.73,0.0,False,
CNT000691,2025-10-12,P020,7.61,7.61,0.0,False,
CNT000692,2025-10-12,P021,14.88,14.88,0.0,False,
CNT000693,2025-10-12,P022,5.54,5.54,0.0,False,
CNT000694,2025-10-12,P023,8.8,8.8,0.0,False,
CNT000695,2025-10-12,P024,9.14,9.14,0.0,False,
CNT000696,2025-10-12,P025,18.57,18.57,0.0,False,
CNT000697,2025-10-12,P026,5.46,5.46,0.0,False,
CNT000698,2025-10-12,P027,5.29,5.29,0.0,False,
CNT000699,2025-10-12,P028,12.23,12.23,0.0,False,
CNT000700,2025-10-12,P029,11.9,11.9,0.0,False,
CNT000701,2025-10-12,P030,9.23,9.1,-0.13,False,
CNT000702,2025-10-12,P031,14.56,14.56,0.0,False,
CNT000703,2025-10-12,P032,8.72,8.72,0.0,False,
CNT000704,2025-10-12,P033,19.63,19.63,0.0,False,
CNT000705,2025-10-12,P034,7.41,7.41,0.0,False,
CNT000706,2025-10-12,P035,7.66,7.66,0.0,False,
CNT000707,2025-10-12,P036,10.32,10.32,0.0,False,
CNT000708,2025-10-12,P037,12.49,12.49,0.0,False,
CNT000709,2025-10-12,P038,17.0,17.0,0.0,False,
CNT000710,2025-10-12,P039,20.56,20.56,0.0,False,
CNT000711,2025-10-12,P040,11.2,11.2,0.0,False,
CNT000712,2025-10-12,P041,23.54,23.54,0.0,False,
CNT000713,2025-10-12,P042,9.84,9.84,0.0,False,
CNT000714,2025-10-12,P043,37.2,37.2,0.0,False,
CNT000715,2025-10-12,P044,33.6,33.6,0.0,False,
CNT000716,2025-10-12,P045,39.2,39.2,0.0,False,
CNT000717,2025-10-12,P046,19.02,19.02,0.0,False,
CNT000718,2025-10-12,P047,40.48,40.48,0.0,False,
CNT000719,2025-10-12,P048,9.8,9.8,0.0,False,
CNT000720,2025-10-12,P049,11.2,11.2,0.0,False,
CNT000721,2025-10-12,P050,4.0,4.0,0.0,False,
CNT000722,2025-10-12,P051,4.0,4.0,0.0,False,
CNT000723,2025-10-12,P052,7.47,7.47,0.0,False,
CNT000724,2025-10-12,P053,3.8,3.8,0.0,False,
CNT000725,2025-10-12,P054,7.9,7.9,0.0,False,
CNT000726,2025-10-12,P055,3.28,3.56,0.28,False,
CNT000727,2025-10-12,P056,5.38,5.38,0.0,False,
CNT000728,2025-10-12,K001,4.07,5.07,1.0,False,
CNT000729,2025-10-12,K002,4.61,4.61,0.0,False,
CNT000730,2025-10-12,K003,3.34,3.34,0.0,False,
CNT000731,2025-10-12,K004,4.52,4.52,0.0,False,
CNT000732,2025-10-12,K005,4.16,4.16,0.0,False,
CNT000733,2025-10-15,P001,60.4,60.4,0.0,False,
CNT000734,2025-10-15,P002,52.6,52.6,0.0,False,
CNT000735,2025-10-15,P003,46.2,46.2,0.0,False,
CNT000736,2025-10-15,P004,27.6,27.6,0.0,False,
CNT000737,2025-10-15,P005,67.6,67.6,0.0,False,
CNT000738,2025-10-15,P006,30.0,30.0,0.0,False,
CNT000739,2025-10-15,P007,45.4,45.4,0.0,False,
CNT000740,2025-10-15,P008,37.2,37.2,0.0,False,
CNT000741,2025-10-15,P009,14.54,14.54,0.0,False,
CNT000742,2025-10-15,P010,5.11,5.11,0.0,False,
CNT000743,2025-10-15,P011,5.96,5.96,0.0,False,
CNT000744,2025-10-15,P012,8.12,7.89,-0.23,False,
CNT000745,2025-10-15,P013,14.03,13.81,-0.22,False,
CNT000746,2025-10-15,P014,8.22,8.22,0.0,False,
CNT000747,2025-10-15,P015,8.46,8.46,0.0,False,
CNT000748,2025-10-15,P016,14.37,14.37,0.0,False,
CNT000749,2025-10-15,P017,8.97,8.97,0.0,False,
CNT000750,2025-10-15,P018,8.2,8.2,0.0,False,
CNT000751,2025-10-15,P019,18.45,18.45,0.0,False,
CNT000752,2025-10-15,P020,6.15,6.15,0.0,False,
CNT000753,2025-10-15,P021,14.11,14.11,0.0,False,
CNT000754,2025-10-15,P022,5.11,5.11,0.0,False,
CNT000755,2025-10-15,P023,8.46,8.46,0.0,False,
CNT000756,2025-10-15,P024,8.72,8.72,0.0,False,
CNT000757,2025-10-15,P025,13.69,13.69,0.0,False,
CNT000758,2025-10-15,P026,4.69,4.69,0.0,False,
CNT000759,2025-10-15,P027,4.77,4.77,0.0,False,
CNT000760,2025-10-15,P028,11.97,11.97,0.0,False,
CNT000761,2025-10-15,P029,10.7,10.7,0.0,False,
CNT000762,2025-10-15,P030,8.8,8.95,0.15,False,
CNT000763,2025-10-15,P031,12.3,12.3,0.0,False,
CNT000764,2025-10-15,P032,8.37,8.37,0.0,False,
CNT000765,2025-10-15,P033,15.0,15.0,0.0,False,
CNT000766,2025-10-15,P034,5.79,5.79,0.0,False,
CNT000767,2025-10-15,P035,6.47,6.47,0.0,False,
CNT000768,2025-10-15,P036,9.01,9.01,0.0,False,
CNT000769,2025-10-15,P037,11.2,11.2,0.0,False,
CNT000770,2025-10-15,P038,24.37,24.37,0.0,False,
CNT000771,2025-10-15,P039,15.68,15.68,0.0,False,
CNT000772,2025-10-15,P040,9.2,9.38,0.18,False,
CNT000773,2025-10-15,P041,28.02,28.02,0.0,False,
CNT000774,2025-10-15,P042,8.44,8.44,0.0,False,
CNT000775,2025-10-15,P043,74.8,74.8,0.0,False,
CNT000776,2025-10-15,P044,37.6,37.6,0.0,False,
CNT000777,2025-10-15,P045,42.2,42.2,0.0,False,
CNT000778,2025-10-15,P046,47.82,47.82,0.0,False,
CNT000779,2025-10-15,P047,46.8,46.8,0.0,False,
CNT000780,2025-10-15,P048,43.8,43.8,0.0,False,
CNT000781,2025-10-15,P049,28.2,28.2,0.0,False,
CNT000782,2025-10-15,P050,4.0,4.28,0.28,False,
CNT000783,2025-10-15,P051,4.0,3.73,-0.27,False,
CNT000784,2025-10-15,P052,5.78,5.78,0.0,False,
CNT000785,2025-10-15,P053,3.45,3.45,0.0,False,
CNT000786,2025-10-15,P054,6.98,6.98,0.0,False,
CNT000787,2025-10-15,P055,2.91,2.85,-0.06,False,
CNT000788,2025-10-15,P056,5.1,5.1,0.0,False,
CNT000789,2025-10-15,K001,4.96,4.96,0.0,False,
CNT000790,2025-10-15,K002,3.87,3.87,0.0,False,
CNT000791,2025-10-15,K003,5.77,5.61,-0.16,False,
CNT000792,2025-10-15,K004,5.16,4.16,-1.0,False,
CNT000793,2025-10-15,K005,4.1,4.1,0.0,False,
CNT000794,2025-10-19,P001,53.4,53.4,0.0,False,
CNT000795,2025-10-19,P002,59.6,59.6,0.0,False,
CNT000796,2025-10-19,P003,59.2,59.2,0.0,False,
CNT000797,2025-10-19,P004,36.6,36.6,0.0,False,
CNT000798,2025-10-19,P005,57.6,57.6,0.0,False,
CNT000799,2025-10-19,P006,31.0,31.0,0.0,False,
CNT000800,2025-10-19,P007,43.4,43.4,0.0,False,
CNT000801,2025-10-19,P008,24.2,24.2,0.0,False,
CNT000802,2025-10-19,P009,13.08,13.08,0.0,False,
CNT000803,2025-10-19,P010,3.91,3.91,0.0,False,
CNT000804,2025-10-19,P011,15.39,15.39,0.0,False,
CNT000805,2025-10-19,P012,7.43,7.43,0.0,False,
CNT000806,2025-10-19,P013,6.83,6.83,0.0,False,
CNT000807,2025-10-19,P014,14.12,14.12,0.0,False,
CNT000808,2025-10-19,P015,7.69,7.69,0.0,False,
CNT000809,2025-10-19,P016,12.74,12.74,0.0,False,
CNT000810,2025-10-19,P017,8.29,8.29,0.0,False,
CNT000811,2025-10-19,P018,7.43,7.43,0.0,False,
CNT000812,2025-10-19,P019,15.62,15.62,0.0,False,
CNT000813,2025-10-19,P020,3.67,3.67,0.0,False,
CNT000814,2025-10-19,P021,12.65,12.65,0.0,False,
CNT000815,2025-10-19,P022,4.0,4.0,0.0,False,
CNT000816,2025-10-19,P023,7.77,7.77,0.0,False,
CNT000817,2025-10-19,P024,7.94,7.94,0.0,False,
CNT000818,2025-10-19,P025,16.74,16.74,0.0,False,
CNT000819,2025-10-19,P026,3.66,3.66,0.0,False,
CNT000820,2025-10-19,P027,3.66,3.66,0.0,False,
CNT000821,2025-10-19,P028,11.63,11.63,0.0,False,
CNT000822,2025-10-19,P029,8.79,8.79,0.0,False,
CNT000823,2025-10-19,P030,8.03,8.03,0.0,False,
CNT000824,2025-10-19,P031,7.0,7.0,0.0,False,
CNT000825,2025-10-19,P032,7.6,7.6,0.0,False,
CNT000826,2025-10-19,P033,18.26,18.26,0.0,False,
CNT000827,2025-10-19,P034,3.39,3.39,0.0,False,
CNT000828,2025-10-19,P035,3.85,3.85,0.0,False,
CNT000829,2025-10-19,P036,6.52,6.52,0.0,False,
CNT000830,2025-10-19,P037,9.4,9.4,0.0,False,
CNT000831,2025-10-19,P038,16.07,16.07,0.0,False,
CNT000832,2025-10-19,P039,15.72,15.72,0.0,False,
CNT000833,2025-10-19,P040,16.2,16.2,0.0,False,
CNT000834,2025-10-19,P041,14.46,14.46,0.0,False,
CNT000835,2025-10-19,P042,5.84,5.84,0.0,False,
CNT000836,2025-10-19,P043,37.3,37.3,0.0,False,
CNT000837,2025-10-19,P044,22.6,22.6,0.0,False,
CNT000838,2025-10-19,P045,29.2,29.2,0.0,False,
CNT000839,2025-10-19,P046,28.82,28.82,0.0,False,
CNT000840,2025-10-19,P047,34.4,34.4,0.0,False,
CNT000841,2025-10-19,P048,38.8,38.8,0.0,False,
CNT000842,2025-10-19,P049,15.2,15.2,0.0,False,
CNT000843,2025-10-19,P050,4.0,4.0,0.0,False,
CNT000844,2025-10-19,P051,4.0,4.0,0.0,False,
CNT000845,2025-10-19,P052,8.05,8.05,0.0,False,
CNT000846,2025-10-19,P053,2.83,2.83,0.0,False,
CNT000847,2025-10-19,P054,5.27,5.27,0.0,False,
CNT000848,2025-10-19,P055,8.22,8.22,0.0,False,
CNT000849,2025-10-19,P056,4.59,4.59,0.0,False,
CNT000850,2025-10-19,K001,4.72,4.72,0.0,False,
CNT000851,2025-10-19,K002,4.33,4.33,0.0,False,
CNT000852,2025-10-19,K003,5.21,5.21,0.0,False,
CNT000853,2025-10-19,K004,4.87,4.87,0.0,False,
CNT000854,2025-10-19,K005,4.5,4.5,0.0,False,
CNT000855,2025-10-22,P001,83.4,83.4,0.0,False,
CNT000856,2025-10-22,P002,67.6,67.6,0.0,False,
CNT000857,2025-10-22,P003,43.2,43.2,0.0,False,
CNT000858,2025-10-22,P004,27.6,27.6,0.0,False,
CNT000859,2025-10-22,P005,58.6,58.6,0.0,False,
CNT000860,2025-10-22,P006,43.0,43.0,0.0,False,
CNT000861,2025-10-22,P007,54.4,54.63,0.23,False,
CNT000862,2025-10-22,P008,43.2,43.2,0.0,False,
CNT000863,2025-10-22,P009,12.22,12.52,0.3,False,
CNT000864,2025-10-22,P010,3.4,3.4,0.0,False,
CNT000865,2025-10-22,P011,14.1,14.1,0.0,False,
CNT000866,2025-10-22,P012,7.0,7.0,0.0,False,
CNT000867,2025-10-22,P013,15.0,15.0,0.0,False,
CNT000868,2025-10-22,P014,10.71,10.71,0.0,False,
CNT000869,2025-10-22,P015,7.34,7.34,0.0,False,
CNT000870,2025-10-22,P016,11.97,11.97,0.0,False,
CNT000871,2025-10-22,P017,8.03,8.03,0.0,False,
CNT000872,2025-10-22,P018,6.92,6.92,0.0,False,
CNT000873,2025-10-22,P019,14.42,14.42,0.0,False,
CNT000874,2025-10-22,P020,14.38,14.38,0.0,False,
CNT000875,2025-10-22,P021,11.71,11.71,0.0,False,
CNT000876,2025-10-22,P022,3.57,3.57,0.0,False,
CNT000877,2025-10-22,P023,7.34,7.34,0.0,False,
CNT000878,2025-10-22,P024,7.6,7.83,0.23,False,
CNT000879,2025-10-22,P025,24.44,24.44,0.0,False,
CNT000880,2025-10-22,P026,14.97,14.97,0.0,False,
CNT000881,2025-10-22,P027,3.23,3.23,0.0,False,
CNT000882,2025-10-22,P028,11.46,11.24,-0.22,False,
CNT000883,2025-10-22,P029,7.56,7.56,0.0,False,
CNT000884,2025-10-22,P030,7.69,7.69,0.0,False,
CNT000885,2025-10-22,P031,16.85,16.85,0.0,False,
CNT000886,2025-10-22,P032,7.34,7.34,0.0,False,
CNT000887,2025-10-22,P033,13.37,13.37,0.0,False,
CNT000888,2025-10-22,P034,14.19,13.19,-1.0,False,
CNT000889,2025-10-22,P035,14.62,14.62,0.0,False,
CNT000890,2025-10-22,P036,5.23,5.23,0.0,False,
CNT000891,2025-10-22,P037,8.37,8.37,0.0,False,
CNT000892,2025-10-22,P038,22.7,22.7,0.0,False,
CNT000893,2025-10-22,P039,20.16,20.16,0.0,False,
CNT000894,2025-10-22,P040,13.6,13.6,0.0,False,
CNT000895,2025-10-22,P041,18.54,18.54,0.0,False,
CNT000896,2025-10-22,P042,16.64,16.64,0.0,False,
CNT000897,2025-10-22,P043,72.8,72.8,0.0,False,
CNT000898,2025-10-22,P044,48.6,48.6,0.0,False,
CNT000899,2025-10-22,P045,35.2,34.93,-0.27,False,
CNT000900,2025-10-22,P046,7.32,7.32,0.0,False,
CNT000901,2025-10-22,P047,42.26,42.26,0.0,False,
CNT000902,2025-10-22,P048,53.8,53.8,0.0,False,
CNT000903,2025-10-22,P049,34.2,34.2,0.0,False,
CNT000904,2025-10-22,P050,4.0,4.0,0.0,False,
CNT000905,2025-10-22,P051,4.0,4.0,0.0,False,
CNT000906,2025-10-22,P052,6.51,6.51,0.0,False,
CNT000907,2025-10-22,P053,8.45,8.45,0.0,False,
CNT000908,2025-10-22,P054,4.43,4.43,0.0,False,
CNT000909,2025-10-22,P055,7.92,7.92,0.0,False,
CNT000910,2025-10-22,P056,4.29,4.55,0.26,False,
CNT000911,2025-10-22,K001,4.76,4.76,0.0,False,
CNT000912,2025-10-22,K002,4.5,4.5,0.0,False,
CNT000913,2025-10-22,K003,3.63,3.63,0.0,False,
CNT000914,2025-10-22,K004,5.63,5.63,0.0,False,
CNT000915,2025-10-22,K005,4.31,4.31,0.0,False,
CNT000916,2025-10-26,P001,67.4,67.4,0.0,False,
CNT000917,2025-10-26,P002,55.6,55.6,0.0,False,
CNT000918,2025-10-26,P003,57.2,57.2,0.0,False,
CNT000919,2025-10-26,P004,34.6,34.6,0.0,False,
CNT000920,2025-10-26,P005,55.6,55.6,0.0,False,
CNT000921,2025-10-26,P006,44.0,44.0,0.0,False,
CNT000922,2025-10-26,P007,30.4,30.4,0.0,False,
CNT000923,2025-10-26,P008,33.2,33.2,0.0,False,
CNT000924,2025-10-26,P009,11.19,11.19,0.0,False,
CNT000925,2025-10-26,P010,14.37,14.37,0.0,False,
CNT000926,2025-10-26,P011,11.4,11.4,0.0,False,
CNT000927,2025-10-26,P012,6.49,6.49,0.0,False,
CNT000928,2025-10-26,P013,8.61,8.61,0.0,False,
CNT000929,2025-10-26,P014,17.18,17.18,0.0,False,
CNT000930,2025-10-26,P015,6.66,6.66,0.0,False,
CNT000931,2025-10-26,P016,10.68,10.68,0.0,False,
CNT000932,2025-10-26,P017,7.52,7.52,0.0,False,
CNT000933,2025-10-26,P018,6.14,6.14,0.0,False,
CNT000934,2025-10-26,P019,11.76,11.76,0.0,False,
CNT000935,2025-10-26,P020,11.98,11.86,-0.12,False,
CNT000936,2025-10-26,P021,10.34,10.34,0.0,False,
CNT000937,2025-10-26,P022,14.63,14.63,0.0,False,
CNT000938,2025-10-26,P023,6.57,6.57,0.0,False,
CNT000939,2025-10-26,P024,7.0,7.0,0.0,False,
CNT000940,2025-10-26,P025,16.04,16.04,0.0,False,
CNT000941,2025-10-26,P026,13.94,13.94,0.0,False,
CNT000942,2025-10-26,P027,14.37,14.37,0.0,False,
CNT000943,2025-10-26,P028,11.03,11.03,0.0,False,
CNT000944,2025-10-26,P029,5.63,5.63,0.0,False,
CNT000945,2025-10-26,P030,7.0,7.0,0.0,False,
CNT000946,2025-10-26,P031,12.39,12.39,0.0,False,
CNT000947,2025-10-26,P032,6.57,6.57,0.0,False,
CNT000948,2025-10-26,P033,17.31,17.31,0.0,False,
CNT000949,2025-10-26,P034,11.57,11.57,0.0,False,
CNT000950,2025-10-26,P035,12.43,12.68,0.25,False,
CNT000951,2025-10-26,P036,3.09,3.09,0.0,False,
CNT000952,2025-10-26,P037,6.36,6.36,0.0,False,
CNT000953,2025-10-26,P038,13.92,13.73,-0.19,False,
CNT000954,2025-10-26,P039,22.64,22.64,0.0,False,
CNT000955,2025-10-26,P040,9.4,9.4,0.0,False,
CNT000956,2025-10-26,P041,5.78,5.78,0.0,False,
CNT000957,2025-10-26,P042,14.64,14.88,0.24,False,
CNT000958,2025-10-26,P043,38.6,38.6,0.0,False,
CNT000959,2025-10-26,P044,34.6,34.6,0.0,False,
CNT000960,2025-10-26,P045,30.2,30.2,0.0,False,
CNT000961,2025-10-26,P046,94.12,94.12,0.0,False,
CNT000962,2025-10-26,P047,34.52,34.52,0.0,False,
CNT000963,2025-10-26,P048,24.8,24.8,0.0,False,
CNT000964,2025-10-26,P049,22.2,22.2,0.0,False,
CNT000965,2025-10-26,P050,4.0,4.0,0.0,False,
CNT000966,2025-10-26,P051,4.0,4.19,0.19,False,
CNT000967,2025-10-26,P052,9.25,9.18,-0.07,False,
CNT000968,2025-10-26,P053,7.9,7.9,0.0,False,
CNT000969,2025-10-26,P054,2.82,2.82,0.0,False,
CNT000970,2025-10-26,P055,7.26,7.26,0.0,False,
CNT000971,2025-10-26,P056,3.83,3.83,0.0,False,
CNT000972,2025-10-26,K001,4.7,4.7,0.0,False,
CNT000973,2025-10-26,K002,3.98,3.98,0.0,False,
CNT000974,2025-10-26,K003,5.83,5.83,0.0,False,
CNT000975,2025-10-26,K004,4.62,4.62,0.0,False,
CNT000976,2025-10-26,K005,3.76,3.76,0.0,False,
CNT000977,2025-10-29,P001,62.4,62.4,0.0,False,
CNT000978,2025-10-29,P002,57.6,57.6,0.0,False,
CNT000979,2025-10-29,P003,59.2,59.2,0.0,False,
CNT000980,2025-10-29,P004,23.6,23.79,0.19,False,
CNT000981,2025-10-29,P005,60.6,60.6,0.0,False,
CNT000982,2025-10-29,P006,34.0,34.0,0.0,False,
CNT000983,2025-10-29,P007,40.4,40.4,0.0,False,
CNT000984,2025-10-29,P008,26.2,26.2,0.0,False,
CNT000985,2025-10-29,P009,10.42,10.42,0.0,False,
CNT000986,2025-10-29,P010,13.77,13.77,0.0,False,
CNT000987,2025-10-29,P011,9.69,9.69,0.0,False,
CNT000988,2025-10-29,P012,6.14,6.14,0.0,False,
CNT000989,2025-10-29,P013,17.36,17.36,0.0,False,
CNT000990,2025-10-29,P014,14.14,15.14,1.0,False,
CNT000991,2025-10-29,P015,6.23,6.23,0.0,False,
CNT000992,2025-10-29,P016,9.91,9.91,0.0,False,
CNT000993,2025-10-29,P017,7.09,7.09,0.0,False,
CNT000994,2025-10-29,P018,5.72,5.72,0.0,False,
CNT000995,2025-10-29,P019,10.05,10.05,0.0,False,
CNT000996,2025-10-29,P020,10.61,10.61,0.0,False,
CNT000997,2025-10-29,P021,9.57,9.57,0.0,False,
CNT000998,2025-10-29,P022,14.12,14.12,0.0,False,
CNT000999,2025-10-29,P023,6.23,6.23,0.0,False,
CNT001000,2025-10-29,P024,6.57,6.57,0.0,False,
CNT001001,2025-10-29,P025,22.92,22.92,0.0,False,
CNT001002,2025-10-29,P026,13.43,13.43,0.0,False,
CNT001003,2025-10-29,P027,13.69,13.69,0.0,False,
CNT001004,2025-10-29,P028,10.86,10.86,0.0,False,
CNT001005,2025-10-29,P029,4.53,4.53,0.0,False,
CNT001006,2025-10-29,P030,6.57,6.57,0.0,False,
CNT001007,2025-10-29,P031,9.2,9.2,0.0,False,
CNT001008,2025-10-29,P032,6.14,6.14,0.0,False,
CNT001009,2025-10-29,P033,12.86,12.86,0.0,False,
CNT001010,2025-10-29,P034,10.03,10.03,0.0,False,
CNT001011,2025-10-29,P035,11.05,11.05,0.0,False,
CNT001012,2025-10-29,P036,14.06,14.06,0.0,False,
CNT001013,2025-10-29,P037,5.25,5.25,0.0,False,
CNT001014,2025-10-29,P038,20.79,20.79,0.0,False,
CNT001015,2025-10-29,P039,18.25,18.25,0.0,False,
CNT001016,2025-10-29,P040,7.4,7.4,0.0,False,
CNT001017,2025-10-29,P041,21.98,21.98,0.0,False,
CNT001018,2025-10-29,P042,13.44,13.44,0.0,False,
CNT001019,2025-10-29,P043,80.2,80.2,0.0,False,
CNT001020,2025-10-29,P044,35.6,35.6,0.0,False,
CNT001021,2025-10-29,P045,38.2,38.2,0.0,False,
CNT001022,2025-10-29,P046,74.82,74.82,0.0,False,
CNT001023,2025-10-29,P047,40.42,40.42,0.0,False,
CNT001024,2025-10-29,P048,33.8,33.8,0.0,False,
CNT001025,2025-10-29,P049,15.2,15.2,0.0,False,
CNT001026,2025-10-29,P050,4.0,4.0,0.0,False,
CNT001027,2025-10-29,P051,4.0,4.0,0.0,False,
CNT001028,2025-10-29,P052,7.07,7.07,0.0,False,
CNT001029,2025-10-29,P053,7.55,7.55,0.0,False,
CNT001030,2025-10-29,P054,7.91,7.91,0.0,False,
CNT001031,2025-10-29,P055,6.86,6.86,0.0,False,
CNT001032,2025-10-29,P056,3.62,3.62,0.0,False,
CNT001033,2025-10-29,K001,4.5,4.5,0.0,False,
CNT001034,2025-10-29,K002,4.02,4.02,0.0,False,
CNT001035,2025-10-29,K003,5.8,5.8,0.0,False,
CNT001036,2025-10-29,K004,5.56,5.56,0.0,False,
CNT001037,2025-10-29,K005,5.04,5.18,0.14,False,
CNT001038,2025-11-02,P001,69.4,69.4,0.0,False,
CNT001039,2025-11-02,P002,50.6,50.6,0.0,False,
CNT001040,2025-11-02,P003,56.2,56.2,0.0,False,
CNT001041,2025-11-02,P004,30.6,30.6,0.0,False,
CNT001042,2025-11-02,P005,58.6,58.6,0.0,False,
CNT001043,2025-11-02,P006,41.0,41.0,0.0,False,
CNT001044,2025-11-02,P007,39.4,39.4,0.0,False,
CNT001045,2025-11-02,P008,39.2,39.2,0.0,False,
CNT001046,2025-11-02,P009,9.22,9.22,0.0,False,
CNT001047,2025-11-02,P010,12.91,12.91,0.0,False,
CNT001048,2025-11-02,P011,6.21,6.21,0.0,False,
CNT001049,2025-11-02,P012,5.46,5.46,0.0,False,
CNT001050,2025-11-02,P013,10.93,10.93,0.0,False,
CNT001051,2025-11-02,P014,8.74,8.74,0.0,False,
CNT001052,2025-11-02,P015,5.54,5.54,0.0,False,
CNT001053,2025-11-02,P016,8.37,8.37,0.0,False,
CNT001054,2025-11-02,P017,6.4,6.51,0.11,False,
CNT001055,2025-11-02,P018,5.12,5.12,0.0,False,
CNT001056,2025-11-02,P019,7.22,7.22,0.0,False,
CNT001057,2025-11-02,P020,8.47,8.47,0.0,False,
CNT001058,2025-11-02,P021,8.11,8.11,0.0,False,
CNT001059,2025-11-02,P022,13.09,13.09,0.0,False,
CNT001060,2025-11-02,P023,5.63,5.63,0.0,False,
CNT001061,2025-11-02,P024,5.97,5.97,0.0,False,
CNT001062,2025-11-02,P025,13.82,13.82,0.0,False,
CNT001063,2025-11-02,P026,12.4,12.4,0.0,False,
CNT001064,2025-11-02,P027,12.66,12.66,0.0,False,
CNT001065,2025-11-02,P028,10.52,10.52,0.0,False,
CNT001066,2025-11-02,P029,14.96,14.96,0.0,False,
CNT001067,2025-11-02,P030,5.72,5.72,0.0,False,
CNT001068,2025-11-02,P031,16.46,16.46,0.0,False,
CNT001069,2025-11-02,P032,5.37,5.37,0.0,False,
CNT001070,2025-11-02,P033,16.54,16.54,0.0,False,
CNT001071,2025-11-02,P034,7.41,7.41,0.0,False,
CNT001072,2025-11-02,P035,8.7,8.7,0.0,False,
CNT001073,2025-11-02,P036,11.92,11.92,0.0,False,
CNT001074,2025-11-02,P037,3.4,3.4,0.0,False,
CNT001075,2025-11-02,P038,12.5,12.5,0.0,False,
CNT001076,2025-11-02,P039,19.52,19.41,-0.11,False,
CNT001077,2025-11-02,P040,28.4,28.4,0.0,False,
CNT001078,2025-11-02,P041,21.06,21.06,0.0,False,
CNT001079,2025-11-02,P042,11.24,11.24,0.0,False,
CNT001080,2025-11-02,P043,45.8,45.8,0.0,False,
CNT001081,2025-11-02,P044,21.6,21.6,0.0,False,
CNT001082,2025-11-02,P045,30.2,30.2,0.0,False,
CNT001083,2025-11-02,P046,38.32,38.32,0.0,False,
CNT001084,2025-11-02,P047,30.9,30.9,0.0,False,
CNT001085,2025-11-02,P048,29.8,29.57,-0.23,False,
CNT001086,2025-11-02,P049,30.2,30.2,0.0,False,
CNT001087,2025-11-02,P050,4.0,4.0,0.0,False,
CNT001088,2025-11-02,P051,4.0,4.0,0.0,False,
CNT001089,2025-11-02,P052,9.56,9.56,0.0,False,
CNT001090,2025-11-02,P053,6.95,6.95,0.0,False,
CNT001091,2025-11-02,P054,6.26,6.26,0.0,False,
CNT001092,2025-11-02,P055,6.15,6.15,0.0,False,
CNT001093,2025-11-02,P056,3.19,3.19,0.0,False,
CNT001094,2025-11-02,K001,4.32,4.32,0.0,False,
CNT001095,2025-11-02,K002,4.64,4.64,0.0,False,
CNT001096,2025-11-02,K003,6.12,6.12,0.0,False,
CNT001097,2025-11-02,K004,4.92,5.14,0.22,False,
CNT001098,2025-11-02,K005,4.59,4.59,0.0,False,
CNT001099,2025-11-05,P001,70.4,70.4,0.0,False,
CNT001100,2025-11-05,P002,37.6,37.6,0.0,False,
CNT001101,2025-11-05,P003,48.2,48.01,-0.19,False,
CNT001102,2025-11-05,P004,23.6,23.6,0.0,False,
CNT001103,2025-11-05,P005,68.6,68.6,0.0,False,
CNT001104,2025-11-05,P006,52.0,52.0,0.0,False,
CNT001105,2025-11-05,P007,53.4,53.4,0.0,False,
CNT001106,2025-11-05,P008,36.2,36.2,0.0,False,
CNT001107,2025-11-05,P009,8.54,8.54,0.0,False,
CNT001108,2025-11-05,P010,12.57,12.57,0.0,False,
CNT001109,2025-11-05,P011,5.31,5.31,0.0,False,
CNT001110,2025-11-05,P012,5.12,5.12,0.0,False,
CNT001111,2025-11-05,P013,19.74,20.74,1.0,False,
CNT001112,2025-11-05,P014,18.18,18.18,0.0,False,
CNT001113,2025-11-05,P015,5.12,5.12,0.0,False,
CNT001114,2025-11-05,P016,7.68,7.68,0.0,False,
CNT001115,2025-11-05,P017,5.97,5.97,0.0,False,
CNT001116,2025-11-05,P018,4.77,4.64,-0.13,False,
CNT001117,2025-11-05,P019,18.02,18.09,0.07,False,
CNT001118,2025-11-05,P020,7.18,7.18,0.0,False,
CNT001119,2025-11-05,P021,7.42,7.42,0.0,False,
CNT001120,2025-11-05,P022,12.57,12.51,-0.06,False,
CNT001121,2025-11-05,P023,5.37,5.37,0.0,False,
CNT001122,2025-11-05,P024,5.54,5.54,0.0,False,
CNT001123,2025-11-05,P025,22.21,22.21,0.0,False,
CNT001124,2025-11-05,P026,11.89,11.89,0.0,False,
CNT001125,2025-11-05,P027,12.14,12.14,0.0,False,
CNT001126,2025-11-05,P028,10.34,10.34,0.0,False,
CNT001127,2025-11-05,P029,14.07,14.07,0.0,False,
CNT001128,2025-11-05,P030,5.37,5.37,0.0,False,
CNT001129,2025-11-05,P031,14.25,14.25,0.0,False,
CNT001130,2025-11-05,P032,5.29,5.29,0.0,False,
CNT001131,2025-11-05,P033,12.26,12.26,0.0,False,
CNT001132,2025-11-05,P034,6.17,6.17,0.0,False,
CNT001133,2025-11-05,P035,7.69,7.69,0.0,False,
CNT001134,2025-11-05,P036,11.01,11.01,0.0,False,
CNT001135,2025-11-05,P037,14.76,14.76,0.0,False,
CNT001136,2025-11-05,P038,20.84,20.84,0.0,False,
CNT001137,2025-11-05,P039,16.1,16.15,0.05,False,
CNT001138,2025-11-05,P040,26.6,26.6,0.0,False,
CNT001139,2025-11-05,P041,26.34,26.34,0.0,False,
CNT001140,2025-11-05,P042,10.24,10.24,0.0,False,
CNT001141,2025-11-05,P043,79.8,79.8,0.0,False,
CNT001142,2025-11-05,P044,53.6,53.6,0.0,False,
CNT001143,2025-11-05,P045,37.2,37.2,0.0,False,
CNT001144,2025-11-05,P046,40.12,40.12,0.0,False,
CNT001145,2025-11-05,P047,37.54,37.54,0.0,False,
CNT001146,2025-11-05,P048,40.8,40.8,0.0,False,
CNT001147,2025-11-05,P049,25.2,25.2,0.0,False,
CNT001148,2025-11-05,P050,4.0,4.0,0.0,False,
CNT001149,2025-11-05,P051,4.0,4.0,0.0,False,
CNT001150,2025-11-05,P052,8.06,8.06,0.0,False,
CNT001151,2025-11-05,P053,6.7,6.76,0.06,False,
CNT001152,2025-11-05,P054,5.61,5.61,0.0,False,
CNT001153,2025-11-05,P055,5.88,5.88,0.0,False,
CNT001154,2025-11-05,P056,3.01,3.01,0.0,False,
CNT001155,2025-11-05,K001,3.75,3.75,0.0,False,
CNT001156,2025-11-05,K002,4.8,4.8,0.0,False,
CNT001157,2025-11-05,K003,6.71,6.71,0.0,False,
CNT001158,2025-11-05,K004,5.07,5.07,0.0,False,
CNT001159,2025-11-05,K005,3.76,3.76,0.0,False,
CNT001160,2025-11-09,P001,44.4,44.4,0.0,False,
CNT001161,2025-11-09,P002,45.6,45.6,0.0,False,
CNT001162,2025-11-09,P003,37.2,37.2,0.0,False,
CNT001163,2025-11-09,P004,55.6,55.6,0.0,False,
CNT001164,2025-11-09,P005,45.6,45.6,0.0,False,
CNT001165,2025-11-09,P006,30.0,30.0,0.0,False,
CNT001166,2025-11-09,P007,24.4,24.4,0.0,False,
CNT001167,2025-11-09,P008,21.2,21.2,0.0,False,
CNT001168,2025-11-09,P009,6.91,7.01,0.1,False,
CNT001169,2025-11-09,P010,11.37,11.37,0.0,False,
CNT001170,2025-11-09,P011,14.66,14.6,-0.06,False,
CNT001171,2025-11-09,P012,4.43,4.43,0.0,False,
CNT001172,2025-11-09,P013,12.95,12.95,0.0,False,
CNT001173,2025-11-09,P014,11.92,12.11,0.19,False,
CNT001174,2025-11-09,P015,4.52,4.52,0.0,False,
CNT001175,2025-11-09,P016,6.48,6.48,0.0,False,
CNT001176,2025-11-09,P017,5.12,6.12,1.0,False,
CNT001177,2025-11-09,P018,4.09,4.09,0.0,False,
CNT001178,2025-11-09,P019,15.1,15.1,0.0,False,
CNT001179,2025-11-09,P020,4.44,4.44,0.0,False,
CNT001180,2025-11-09,P021,6.05,6.05,0.0,False,
CNT001181,2025-11-09,P022,11.46,11.46,0.0,False,
CNT001182,2025-11-09,P023,4.69,4.69,0.0,False,
CNT001183,2025-11-09,P024,4.86,4.86,0.0,False,
CNT001184,2025-11-09,P025,12.43,12.43,0.0,False,
CNT001185,2025-11-09,P026,10.86,10.93,0.07,False,
CNT001186,2025-11-09,P027,10.94,10.94,0.0,False,
CNT001187,2025-11-09,P028,9.92,9.92,0.0,False,
CNT001188,2025-11-09,P029,12.19,12.28,0.09,False,
CNT001189,2025-11-09,P030,4.69,4.69,0.0,False,
CNT001190,2025-11-09,P031,8.72,8.72,0.0,False,
CNT001191,2025-11-09,P032,4.43,4.43,0.0,False,
CNT001192,2025-11-09,P033,14.66,14.66,0.0,False,
CNT001193,2025-11-09,P034,3.6,3.6,0.0,False,
CNT001194,2025-11-09,P035,5.12,5.12,0.0,False,
CNT001195,2025-11-09,P036,8.69,8.69,0.0,False,
CNT001196,2025-11-09,P037,12.79,12.79,0.0,False,
CNT001197,2025-11-09,P038,12.05,12.05,0.0,False,
CNT001198,2025-11-09,P039,17.85,17.85,0.0,False,
CNT001199,2025-11-09,P040,23.0,23.0,0.0,False,
CNT001200,2025-11-09,P041,23.02,23.02,0.0,False,
CNT001201,2025-11-09,P042,7.24,6.94,-0.3,False,
CNT001202,2025-11-09,P043,45.4,45.4,0.0,False,
CNT001203,2025-11-09,P044,43.6,43.6,0.0,False,
CNT001204,2025-11-09,P045,17.2,17.2,0.0,False,
CNT001205,2025-11-09,P046,24.52,25.52,1.0,False,
CNT001206,2025-11-09,P047,23.04,23.27,0.23,False,
CNT001207,2025-11-09,P048,34.8,34.8,0.0,False,
CNT001208,2025-11-09,P049,12.2,12.2,0.0,False,
CNT001209,2025-11-09,P050,4.0,4.0,0.0,False,
CNT001210,2025-11-09,P051,4.0,4.0,0.0,False,
CNT001211,2025-11-09,P052,4.0,4.18,0.18,False,
CNT001212,2025-11-09,P053,6.1,6.1,0.0,False,
CNT001213,2025-11-09,P054,3.73,3.73,0.0,False,
CNT001214,2025-11-09,P055,5.1,5.1,0.0,False,
CNT001215,2025-11-09,P056,2.49,2.49,0.0,False,
CNT001216,2025-11-09,K001,4.49,4.49,0.0,False,
CNT001217,2025-11-09,K002,4.25,4.25,0.0,False,
CNT001218,2025-11-09,K003,5.92,6.14,0.22,False,
CNT001219,2025-11-09,K004,4.75,4.52,-0.23,False,
CNT001220,2025-11-09,K005,4.89,4.89,0.0,False,
CNT001221,2025-11-12,P001,69.4,69.4,0.0,False,
CNT001222,2025-11-12,P002,49.6,49.6,0.0,False,
CNT001223,2025-11-12,P003,69.2,69.2,0.0,False,
CNT001224,2025-11-12,P004,48.6,48.6,0.0,False,
CNT001225,2025-11-12,P005,54.6,54.6,0.0,False,
CNT001226,2025-11-12,P006,44.0,44.1,0.1,False,
CNT001227,2025-11-12,P007,34.4,34.4,0.0,False,
CNT001228,2025-11-12,P008,40.2,40.2,0.0,False,
CNT001229,2025-11-12,P009,6.14,6.14,0.0,False,
CNT001230,2025-11-12,P010,10.77,10.77,0.0,False,
CNT001231,2025-11-12,P011,13.41,13.41,0.0,False,
CNT001232,2025-11-12,P012,4.09,4.09,0.0,False,
CNT001233,2025-11-12,P013,10.0,10.0,0.0,False,
CNT001234,2025-11-12,P014,9.39,9.39,0.0,False,
CNT001235,2025-11-12,P015,4.17,4.17,0.0,False,
CNT001236,2025-11-12,P016,5.97,5.97,0.0,False,
CNT001237,2025-11-12,P017,4.77,4.77,0.0,False,
CNT001238,2025-11-12,P018,3.74,3.74,0.0,False,
CNT001239,2025-11-12,P019,14.16,14.16,0.0,False,
CNT001240,2025-11-12,P020,15.41,15.41,0.0,False,
CNT001241,2025-11-12,P021,5.37,5.37,0.0,False,
CNT001242,2025-11-12,P022,11.12,11.12,0.0,False,
CNT001243,2025-11-12,P023,4.26,4.26,0.0,False,
CNT001244,2025-11-12,P024,4.6,4.6,0.0,False,
CNT001245,2025-11-12,P025,19.8,19.51,-0.29,False,
CNT001246,2025-11-12,P026,10.26,10.26,0.0,False,
CNT001247,2025-11-12,P027,10.34,10.34,0.0,False,
CNT001248,2025-11-12,P028,9.74,9.74,0.0,False,
CNT001249,2025-11-12,P029,11.3,11.3,0.0,False,
CNT001250,2025-11-12,P030,4.34,4.34,0.0,False,
CNT001251,2025-11-12,P031,18.53,18.53,0.0,False,
CNT001252,2025-11-12,P032,4.0,4.0,0.0,False,
CNT001253,2025-11-12,P033,22.54,22.54,0.0,False,
CNT001254,2025-11-12,P034,14.61,14.61,0.0,False,
CNT001255,2025-11-12,P035,3.96,3.96,0.0,False,
CNT001256,2025-11-12,P036,7.75,7.75,0.0,False,
CNT001257,2025-11-12,P037,11.97,11.97,0.0,False,
CNT001258,2025-11-12,P038,20.39,20.25,-0.14,False,
CNT001259,2025-11-12,P039,25.22,25.22,0.0,False,
CNT001260,2025-11-12,P040,21.2,21.2,0.0,False,
CNT001261,2025-11-12,P041,28.18,28.18,0.0,False,
CNT001262,2025-11-12,P042,6.04,6.04,0.0,False,
CNT001263,2025-11-12,P043,65.4,65.4,0.0,False,
CNT001264,2025-11-12,P044,49.6,49.6,0.0,False,
CNT001265,2025-11-12,P045,46.2,46.2,0.0,False,
CNT001266,2025-11-12,P046,52.52,52.52,0.0,False,
CNT001267,2025-11-12,P047,51.36,51.36,0.0,False,
CNT001268,2025-11-12,P048,47.8,47.8,0.0,False,
CNT001269,2025-11-12,P049,32.2,32.25,0.05,False,
CNT001270,2025-11-12,P050,4.0,4.0,0.0,False,
CNT001271,2025-11-12,P051,4.0,4.0,0.0,False,
CNT001272,2025-11-12,P052,8.11,8.11,0.0,False,
CNT001273,2025-11-12,P053,5.85,5.85,0.0,False,
CNT001274,2025-11-12,P054,8.88,8.88,0.0,False,
CNT001275,2025-11-12,P055,4.71,4.71,0.0,False,
CNT001276,2025-11-12,P056,8.3,8.3,0.0,False,
CNT001277,2025-11-12,K001,4.68,4.68,0.0,False,
CNT001278,2025-11-12,K002,4.48,4.48,0.0,False,
CNT001279,2025-11-12,K003,6.16,6.16,0.0,False,
CNT001280,2025-11-12,K004,5.62,5.62,0.0,False,
CNT001281,2025-11-12,K005,3.93,3.93,0.0,False,
CNT001282,2025-11-16,P001,67.4,67.4,0.0,False,
CNT001283,2025-11-16,P002,61.6,61.6,0.0,False,
CNT001284,2025-11-16,P003,57.2,57.2,0.0,False,
CNT001285,2025-11-16,P004,29.6,29.5,-0.1,False,
CNT001286,2025-11-16,P005,61.6,61.6,0.0,False,
CNT001287,2025-11-16,P006,46.0,46.0,0.0,False,
CNT001288,2025-11-16,P007,32.4,32.4,0.0,False,
CNT001289,2025-11-16,P008,26.2,26.2,0.0,False,
CNT001290,2025-11-16,P009,4.68,4.68,0.0,False,
CNT001291,2025-11-16,P010,9.57,9.57,0.0,False,
CNT001292,2025-11-16,P011,10.76,10.76,0.0,False,
CNT001293,2025-11-16,P012,3.32,3.32,0.0,False,
CNT001294,2025-11-16,P013,3.26,3.26,0.0,False,
CNT001295,2025-11-16,P014,15.52,15.52,0.0,False,
CNT001296,2025-11-16,P015,3.4,3.4,0.0,False,
CNT001297,2025-11-16,P016,4.51,4.51,0.0,False,
CNT001298,2025-11-16,P017,4.09,4.09,0.0,False,
CNT001299,2025-11-16,P018,3.06,3.06,0.0,False,
CNT001300,2025-11-16,P019,10.65,10.65,0.0,False,
CNT001301,2025-11-16,P020,12.58,12.58,0.0,False,
CNT001302,2025-11-16,P021,3.82,3.82,0.0,False,
CNT001303,2025-11-16,P022,10.09,10.09,0.0,False,
CNT001304,2025-11-16,P023,3.49,3.49,0.0,False,
CNT001305,2025-11-16,P024,3.74,3.74,0.0,False,
CNT001306,2025-11-16,P025,10.05,10.05,0.0,False,
CNT001307,2025-11-16,P026,9.23,9.23,0.0,False,
CNT001308,2025-11-16,P027,9.23,9.23,0.0,False,
CNT001309,2025-11-16,P028,9.32,9.32,0.0,False,
CNT001310,2025-11-16,P029,9.29,9.17,-0.12,False,
CNT001311,2025-11-16,P030,3.66,3.66,0.0,False,
CNT001312,2025-11-16,P031,13.56,13.56,0.0,False,
CNT001313,2025-11-16,P032,3.23,3.23,0.0,False,
CNT001314,2025-11-16,P033,13.29,13.29,0.0,False,
CNT001315,2025-11-16,P034,11.79,11.79,0.0,False,
CNT001316,2025-11-16,P035,13.62,13.62,0.0,False,
CNT001317,2025-11-16,P036,5.38,5.38,0.0,False,
CNT001318,2025-11-16,P037,9.92,9.92,0.0,False,
CNT001319,2025-11-16,P038,10.88,10.88,0.0,False,
CNT001320,2025-11-16,P039,15.94,15.94,0.0,False,
CNT001321,2025-11-16,P040,16.8,16.8,0.0,False,
CNT001322,2025-11-16,P041,13.18,12.98,-0.2,False,
CNT001323,2025-11-16,P042,15.84,15.84,0.0,False,
CNT001324,2025-11-16,P043,55.3,55.3,0.0,False,
CNT001325,2025-11-16,P044,24.6,24.6,0.0,False,
CNT001326,2025-11-16,P045,42.2,42.2,0.0,False,
CNT001327,2025-11-16,P046,39.42,39.42,0.0,False,
CNT001328,2025-11-16,P047,39.58,39.58,0.0,False,
CNT001329,2025-11-16,P048,17.8,17.8,0.0,False,
CNT001330,2025-11-16,P049,20.2,20.2,0.0,False,
CNT001331,2025-11-16,P050,4.0,4.0,0.0,False,
CNT001332,2025-11-16,P051,4.0,4.0,0.0,False,
CNT001333,2025-11-16,P052,4.39,4.39,0.0,False,
CNT001334,2025-11-16,P053,5.33,5.33,0.0,False,
CNT001335,2025-11-16,P054,7.09,7.29,0.2,False,
CNT001336,2025-11-16,P055,3.96,3.96,0.0,False,
CNT001337,2025-11-16,P056,7.83,7.83,0.0,False,
CNT001338,2025-11-16,K001,4.47,4.47,0.0,False,
CNT001339,2025-11-16,K002,3.99,3.99,0.0,False,
CNT001340,2025-11-16,K003,5.18,5.18,0.0,False,
CNT001341,2025-11-16,K004,5.15,5.15,0.0,False,
CNT001342,2025-11-16,K005,4.17,4.17,0.0,False,
CNT001343,2025-11-19,P001,75.4,75.4,0.0,False,
CNT001344,2025-11-19,P002,68.6,68.6,0.0,False,
CNT001345,2025-11-19,P003,72.2,72.2,0.0,False,
CNT001346,2025-11-19,P004,47.6,47.6,0.0,False,
CNT001347,2025-11-19,P005,66.6,66.6,0.0,False,
CNT001348,2025-11-19,P006,38.0,38.0,0.0,False,
CNT001349,2025-11-19,P007,23.4,23.4,0.0,False,
CNT001350,2025-11-19,P008,22.2,22.2,0.0,False,
CNT001351,2025-11-19,P009,3.99,3.99,0.0,False,
CNT001352,2025-11-19,P010,9.14,9.14,0.0,False,
CNT001353,2025-11-19,P011,9.47,9.47,0.0,False,
CNT001354,2025-11-19,P012,2.97,2.97,0.0,False,
CNT001355,2025-11-19,P013,12.35,12.24,-0.11,False,
CNT001356,2025-11-19,P014,13.07,13.07,0.0,False,
CNT001357,2025-11-19,P015,3.06,3.06,0.0,False,
CNT001358,2025-11-19,P016,4.17,4.17,0.0,False,
CNT001359,2025-11-19,P017,3.83,3.83,0.0,False,
CNT001360,2025-11-19,P018,14.8,14.8,0.0,False,
CNT001361,2025-11-19,P019,9.53,9.25,-0.28,False,
CNT001362,2025-11-19,P020,11.43,11.43,0.0,False,
CNT001363,2025-11-19,P021,15.05,15.05,0.0,False,
CNT001364,2025-11-19,P022,9.57,9.57,0.0,False,
CNT001365,2025-11-19,P023,3.32,3.32,0.0,False,
CNT001366,2025-11-19,P024,3.49,3.49,0.0,False,
CNT001367,2025-11-19,P025,19.08,19.08,0.0,False,
CNT001368,2025-11-19,P026,8.8,8.8,0.0,False,
CNT001369,2025-11-19,P027,8.54,8.54,0.0,False,
CNT001370,2025-11-19,P028,9.06,9.06,0.0,False,
CNT001371,2025-11-19,P029,8.63,8.63,0.0,False,
CNT001372,2025-11-19,P030,3.32,3.32,0.0,False,
CNT001373,2025-11-19,P031,11.43,11.43,0.0,False,
CNT001374,2025-11-19,P032,2.89,2.89,0.0,False,
CNT001375,2025-11-19,P033,21.26,21.26,0.0,False,
CNT001376,2025-11-19,P034,10.41,10.41,0.0,False,
CNT001377,2025-11-19,P035,12.63,12.63,0.0,False,
CNT001378,2025-11-19,P036,4.63,4.63,0.0,False,
CNT001379,2025-11-19,P037,8.89,8.89,0.0,False,
CNT001380,2025-11-19,P038,20.93,21.93,1.0,False,
CNT001381,2025-11-19,P039,11.31,11.31,0.0,False,
CNT001382,2025-11-19,P040,15.4,15.4,0.0,False,
CNT001383,2025-11-19,P041,30.82,30.82,0.0,False,
CNT001384,2025-11-19,P042,15.24,15.24,0.0,False,
CNT001385,2025-11-19,P043,85.4,85.4,0.0,False,
CNT001386,2025-11-19,P044,52.6,52.49,-0.11,False,
CNT001387,2025-11-19,P045,55.2,55.2,0.0,False,
CNT001388,2025-11-19,P046,48.42,48.42,0.0,False,
CNT001389,2025-11-19,P047,46.54,46.54,0.0,False,
CNT001390,2025-11-19,P048,51.8,51.8,0.0,False,
CNT001391,2025-11-19,P049,39.2,39.2,0.0,False,
CNT001392,2025-11-19,P050,4.0,3.79,-0.21,False,
CNT001393,2025-11-19,P051,4.0,3.87,-0.13,False,
CNT001394,2025-11-19,P052,9.07,9.07,0.0,False,
CNT001395,2025-11-19,P053,5.1,5.1,0.0,False,
CNT001396,2025-11-19,P054,6.54,6.54,0.0,False,
CNT001397,2025-11-19,P055,3.75,3.75,0.0,False,
CNT001398,2025-11-19,P056,7.65,7.65,0.0,False,
CNT001399,2025-11-19,K001,5.21,5.21,0.0,False,
CNT001400,2025-11-19,K002,4.67,5.67,1.0,False,
CNT001401,2025-11-19,K003,5.82,5.82,0.0,False,
CNT001402,2025-11-19,K004,6.21,6.21,0.0,False,
CNT001403,2025-11-19,K005,4.59,4.59,0.0,False,
CNT001404,2025-11-23,P001,56.4,56.4,0.0,False,
CNT001405,2025-11-23,P002,58.6,58.6,0.0,False,
CNT001406,2025-11-23,P003,45.2,45.2,0.0,False,
CNT001407,2025-11-23,P004,29.6,29.6,0.0,False,
CNT001408,2025-11-23,P005,61.6,61.6,0.0,False,
CNT001409,2025-11-23,P006,41.0,41.0,0.0,False,
CNT001410,2025-11-23,P007,48.4,48.4,0.0,False,
CNT001411,2025-11-23,P008,33.2,33.2,0.0,False,
CNT001412,2025-11-23,P009,14.62,14.62,0.0,False,
CNT001413,2025-11-23,P010,8.2,8.2,0.0,False,
CNT001414,2025-11-23,P011,6.81,6.81,0.0,False,
CNT001415,2025-11-23,P012,14.29,14.29,0.0,False,
CNT001416,2025-11-23,P013,18.77,18.77,0.0,False,
CNT001417,2025-11-23,P014,7.55,7.55,0.0,False,
CNT001418,2025-11-23,P015,14.37,14.37,0.0,False,
CNT001419,2025-11-23,P016,14.71,14.71,0.0,False,
CNT001420,2025-11-23,P017,3.06,3.06,0.0,False,
CNT001421,2025-11-23,P018,14.2,14.2,0.0,False,
CNT001422,2025-11-23,P019,7.47,8.47,1.0,False,
CNT001423,2025-11-23,P020,9.22,9.22,0.0,False,
CNT001424,2025-11-23,P021,13.68,13.68,0.0,False,
CNT001425,2025-11-23,P022,8.37,8.37,0.0,False,
CNT001426,2025-11-23,P023,2.63,2.63,0.0,False,
CNT001427,2025-11-23,P024,2.97,2.97,0.0,False,
CNT001428,2025-11-23,P025,10.52,10.52,0.0,False,
CNT001429,2025-11-23,P026,7.86,7.94,0.08,False,
CNT001430,2025-11-23,P027,7.52,7.52,0.0,False,
CNT001431,2025-11-23,P028,8.72,8.72,0.0,False,
CNT001432,2025-11-23,P029,6.96,6.96,0.0,False,
CNT001433,2025-11-23,P030,2.72,2.72,0.0,False,
CNT001434,2025-11-23,P031,6.54,6.54,0.0,False,
CNT001435,2025-11-23,P032,14.12,14.3,0.18,False,
CNT001436,2025-11-23,P033,13.03,13.03,0.0,False,
CNT001437,2025-11-23,P034,7.59,7.59,0.0,False,
CNT001438,2025-11-23,P035,10.23,10.23,0.0,False,
CNT001439,2025-11-23,P036,2.61,2.61,0.0,False,
CNT001440,2025-11-23,P037,6.92,6.92,0.0,False,
CNT001441,2025-11-23,P038,13.36,13.36,0.0,False,
CNT001442,2025-11-23,P039,15.99,15.99,0.0,False,
CNT001443,2025-11-23,P040,10.4,10.4,0.0,False,
CNT001444,2025-11-23,P041,17.86,17.86,0.0,False,
CNT001445,2025-11-23,P042,12.64,12.64,0.0,False,
CNT001446,2025-11-23,P043,53.0,53.0,0.0,False,
CNT001447,2025-11-23,P044,44.6,44.6,0.0,False,
CNT001448,2025-11-23,P045,25.2,25.2,0.0,False,
CNT001449,2025-11-23,P046,35.22,35.22,0.0,False,
CNT001450,2025-11-23,P047,37.8,37.8,0.0,False,
CNT001451,2025-11-23,P048,25.8,25.98,0.18,False,
CNT001452,2025-11-23,P049,28.2,28.2,0.0,False,
CNT001453,2025-11-23,P050,4.0,4.0,0.0,False,
CNT001454,2025-11-23,P051,4.0,4.0,0.0,False,
CNT001455,2025-11-23,P052,5.62,5.62,0.0,False,
CNT001456,2025-11-23,P053,4.5,4.5,0.0,False,
CNT001457,2025-11-23,P054,4.98,4.98,0.0,False,
CNT001458,2025-11-23,P055,3.09,3.09,0.0,False,
CNT001459,2025-11-23,P056,7.22,7.22,0.0,False,
CNT001460,2025-11-23,K001,4.69,4.69,0.0,False,
CNT001461,2025-11-23,K002,4.07,4.07,0.0,False,
CNT001462,2025-11-23,K003,5.94,5.65,-0.29,False,
CNT001463,2025-11-23,K004,4.62,4.62,0.0,False,
CNT001464,2025-11-23,K005,4.01,4.01,0.0,False,
CNT001465,2025-11-26,P001,89.4,89.4,0.0,False,
CNT001466,2025-11-26,P002,65.6,65.6,0.0,False,
CNT001467,2025-11-26,P003,32.2,32.2,0.0,False,
CNT001468,2025-11-26,P004,47.6,47.6,0.0,False,
CNT001469,2025-11-26,P005,48.6,48.6,0.0,False,
CNT001470,2025-11-26,P006,30.0,30.0,0.0,False,
CNT001471,2025-11-26,P007,38.4,39.4,1.0,False,
CNT001472,2025-11-26,P008,28.2,28.2,0.0,False,
CNT001473,2025-11-26,P009,14.02,14.02,0.0,False,
CNT001474,2025-11-26,P010,7.69,7.69,0.0,False,
CNT001475,2025-11-26,P011,5.31,5.31,0.0,False,
CNT001476,2025-11-26,P012,14.03,14.03,0.0,False,
CNT001477,2025-11-26,P013,15.35,15.41,0.06,False,
CNT001478,2025-11-26,P014,16.69,16.39,-0.3,False,
CNT001479,2025-11-26,P015,14.03,14.03,0.0,False,
CNT001480,2025-11-26,P016,14.28,14.28,0.0,False,
CNT001481,2025-11-26,P017,14.8,14.8,0.0,False,
CNT001482,2025-11-26,P018,13.77,13.77,0.0,False,
CNT001483,2025-11-26,P019,18.02,18.02,0.0,False,
CNT001484,2025-11-26,P020,8.26,8.26,0.0,False,
CNT001485,2025-11-26,P021,13.17,13.17,0.0,False,
CNT001486,2025-11-26,P022,7.94,7.94,0.0,False,
CNT001487,2025-11-26,P023,14.37,14.37,0.0,False,
CNT001488,2025-11-26,P024,14.8,14.8,0.0,False,
CNT001489,2025-11-26,P025,18.46,18.46,0.0,False,
CNT001490,2025-11-26,P026,7.43,7.43,0.0,False,
CNT001491,2025-11-26,P027,7.0,7.0,0.0,False,
CNT001492,2025-11-26,P028,8.46,8.18,-0.28,False,
CNT001493,2025-11-26,P029,6.12,6.12,0.0,False,
CNT001494,2025-11-26,P030,14.29,14.29,0.0,False,
CNT001495,2025-11-26,P031,16.76,16.76,0.0,False,
CNT001496,2025-11-26,P032,13.77,13.77,0.0,False,
CNT001497,2025-11-26,P033,21.26,21.26,0.0,False,
CNT001498,2025-11-26,P034,6.17,6.17,0.0,False,
CNT001499,2025-11-26,P035,9.17,9.17,0.0,False,
CNT001500,2025-11-26,P036,13.78,13.78,0.0,False,
CNT001501,2025-11-26,P037,5.85,5.85,0.0,False,
CNT001502,2025-11-26,P038,21.7,21.7,0.0,False,
CNT001503,2025-11-26,P039,22.62,22.62,0.0,False,
CNT001504,2025-11-26,P040,8.8,8.8,0.0,False,
CNT001505,2025-11-26,P041,23.9,23.9,0.0,False,
CNT001506,2025-11-26,P042,11.64,11.64,0.0,False,
CNT001507,2025-11-26,P043,80.8,80.8,0.0,False,
CNT001508,2025-11-26,P044,56.6,56.6,0.0,False,
CNT001509,2025-11-26,P045,61.2,61.2,0.0,False,
CNT001510,2025-11-26,P046,41.42,41.42,0.0,False,
CNT001511,2025-11-26,P047,50.8,50.8,0.0,False,
CNT001512,2025-11-26,P048,34.8,34.8,0.0,False,
CNT001513,2025-11-26,P049,21.2,21.2,0.0,False,
CNT001514,2025-11-26,P050,4.0,4.0,0.0,False,
CNT001515,2025-11-26,P051,4.0,4.0,0.0,False,
CNT001516,2025-11-26,P052,10.28,10.28,0.0,False,
CNT001517,2025-11-26,P053,4.2,4.2,0.0,False,
CNT001518,2025-11-26,P054,4.31,4.31,0.0,False,
CNT001519,2025-11-26,P055,2.81,2.81,0.0,False,
CNT001520,2025-11-26,P056,7.04,6.04,-1.0,False,
CNT001521,2025-11-26,K001,5.01,5.01,0.0,False,
CNT001522,2025-11-26,K002,4.37,4.37,0.0,False,
CNT001523,2025-11-26,K003,7.19,7.19,0.0,False,
CNT001524,2025-11-26,K004,5.5,5.5,0.0,False,
CNT001525,2025-11-26,K005,4.15,4.15,0.0,False,
CNT001526,2025-11-30,P001,69.4,69.4,0.0,False,
CNT001527,2025-11-30,P002,56.6,56.6,0.0,False,
CNT001528,2025-11-30,P003,56.2,56.2,0.0,False,
CNT001529,2025-11-30,P004,33.6,33.6,0.0,False,
CNT001530,2025-11-30,P005,88.6,88.6,0.0,False,
CNT001531,2025-11-30,P006,35.0,35.0,0.0,False,
CNT001532,2025-11-30,P007,40.4,40.4,0.0,False,
CNT001533,2025-11-30,P008,17.2,17.2,0.0,False,
CNT001534,2025-11-30,P009,12.99,12.99,0.0,False,
CNT001535,2025-11-30,P010,6.92,6.92,0.0,False,
CNT001536,2025-11-30,P011,14.74,14.74,0.0,False,
CNT001537,2025-11-30,P012,13.34,13.34,0.0,False,
CNT001538,2025-11-30,P013,9.5,9.5,0.0,False,
CNT001539,2025-11-30,P014,11.22,11.22,0.0,False,
CNT001540,2025-11-30,P015,13.52,13.64,0.12,False,
CNT001541,2025-11-30,P016,13.17,13.17,0.0,False,
CNT001542,2025-11-30,P017,14.2,14.2,0.0,False,
CNT001543,2025-11-30,P018,13.09,13.09,0.0,False,
CNT001544,2025-11-30,P019,15.45,15.45,0.0,False,
CNT001545,2025-11-30,P020,6.22,6.22,0.0,False,
CNT001546,2025-11-30,P021,11.88,11.88,0.0,False,
CNT001547,2025-11-30,P022,7.09,7.09,0.0,False,
CNT001548,2025-11-30,P023,13.69,13.69,0.0,False,
CNT001549,2025-11-30,P024,14.2,14.2,0.0,False,
CNT001550,2025-11-30,P025,9.89,10.89,1.0,False,
CNT001551,2025-11-30,P026,6.57,6.57,0.0,False,
CNT001552,2025-11-30,P027,6.14,6.14,0.0,False,
CNT001553,2025-11-30,P028,8.2,8.2,0.0,False,
CNT001554,2025-11-30,P029,4.32,4.47,0.15,False,
CNT001555,2025-11-30,P030,13.69,13.69,0.0,False,
CNT001556,2025-11-30,P031,12.07,12.07,0.0,False,
CNT001557,2025-11-30,P032,13.09,13.09,0.0,False,
CNT001558,2025-11-30,P033,14.14,14.14,0.0,False,
CNT001559,2025-11-30,P034,15.94,15.94,0.0,False,
CNT001560,2025-11-30,P035,6.95,6.95,0.0,False,
CNT001561,2025-11-30,P036,11.69,11.69,0.0,False,
CNT001562,2025-11-30,P037,4.22,4.22,0.0,False,
CNT001563,2025-11-30,P038,14.87,14.87,0.0,False,
CNT001564,2025-11-30,P039,13.35,13.35,0.0,False,
CNT001565,2025-11-30,P040,16.8,16.8,0.0,False,
CNT001566,2025-11-30,P041,24.14,24.14,0.0,False,
CNT001567,2025-11-30,P042,9.84,9.84,0.0,False,
CNT001568,2025-11-30,P043,51.7,51.7,0.0,False,
CNT001569,2025-11-30,P044,22.6,22.6,0.0,False,
CNT001570,2025-11-30,P045,26.2,26.2,0.0,False,
CNT001571,2025-11-30,P046,33.02,33.02,0.0,False,
CNT001572,2025-11-30,P047,41.54,41.54,0.0,False,
CNT001573,2025-11-30,P048,33.8,33.91,0.11,False,
CNT001574,2025-11-30,P049,9.2,9.2,0.0,False,
CNT001575,2025-11-30,P050,4.0,4.0,0.0,False,
CNT001576,2025-11-30,P051,4.0,4.0,0.0,False,
CNT001577,2025-11-30,P052,6.93,6.93,0.0,False,
CNT001578,2025-11-30,P053,3.67,3.67,0.0,False,
CNT001579,2025-11-30,P054,8.68,8.6,-0.08,False,
CNT001580,2025-11-30,P055,8.15,8.15,0.0,False,
CNT001581,2025-11-30,P056,6.58,6.58,0.0,False,
CNT001582,2025-11-30,K001,5.14,6.14,1.0,False,
CNT001583,2025-11-30,K002,3.97,3.97,0.0,False,
CNT001584,2025-11-30,K003,5.3,5.3,0.0,False,
CNT001585,2025-11-30,K004,5.31,5.31,0.0,False,
CNT001586,2025-11-30,K005,4.74,4.74,0.0,False,
CNT001587,2025-12-03,P001,77.4,77.4,0.0,False,
CNT001588,2025-12-03,P002,65.6,65.6,0.0,False,
CNT001589,2025-12-03,P003,67.2,67.2,0.0,False,
CNT001590,2025-12-03,P004,29.6,29.6,0.0,False,
CNT001591,2025-12-03,P005,71.6,71.6,0.0,False,
CNT001592,2025-12-03,P006,27.0,26.95,-0.05,False,
CNT001593,2025-12-03,P007,28.4,28.4,0.0,False,
CNT001594,2025-12-03,P008,13.2,13.2,0.0,False,
CNT001595,2025-12-03,P009,12.39,12.39,0.0,False,
CNT001596,2025-12-03,P010,6.49,6.49,0.0,False,
CNT001597,2025-12-03,P011,13.84,13.84,0.0,False,
CNT001598,2025-12-03,P012,13.0,13.0,0.0,False,
CNT001599,2025-12-03,P013,19.32,19.32,0.0,False,
CNT001600,2025-12-03,P014,9.54,9.54,0.0,False,
CNT001601,2025-12-03,P015,13.17,13.17,0.0,False,
CNT001602,2025-12-03,P016,12.82,12.82,0.0,False,
CNT001603,2025-12-03,P017,13.95,14.24,0.29,False,
CNT001604,2025-12-03,P018,12.74,12.74,0.0,False,
CNT001605,2025-12-03,P019,14.67,14.75,0.08,False,
CNT001606,2025-12-03,P020,5.19,5.19,0.0,False,
CNT001607,2025-12-03,P021,11.19,11.19,0.0,False,
CNT001608,2025-12-03,P022,6.66,6.66,0.0,False,
CNT001609,2025-12-03,P023,13.43,13.43,0.0,False,
CNT001610,2025-12-03,P024,13.95,13.95,0.0,False,
CNT001611,2025-12-03,P025,18.13,17.13,-1.0,False,
CNT001612,2025-12-03,P026,6.06,6.06,0.0,False,
CNT001613,2025-12-03,P027,5.97,5.97,0.0,False,
CNT001614,2025-12-03,P028,8.03,8.03,0.0,False,
CNT001615,2025-12-03,P029,15.46,15.46,0.0,False,
CNT001616,2025-12-03,P030,13.52,13.52,0.0,False,
CNT001617,2025-12-03,P031,9.49,9.49,0.0,False,
CNT001618,2025-12-03,P032,12.74,12.74,0.0,False,
CNT001619,2025-12-03,P033,23.83,23.83,0.0,False,
CNT001620,2025-12-03,P034,15.04,15.04,0.0,False,
CNT001621,2025-12-03,P035,5.67,5.95,0.28,False,
CNT001622,2025-12-03,P036,11.03,10.81,-0.22,False,
CNT001623,2025-12-03,P037,3.57,3.57,0.0,False,
CNT001624,2025-12-03,P038,23.21,23.04,-0.17,False,
CNT001625,2025-12-03,P039,20.47,20.47,0.0,False,
CNT001626,2025-12-03,P040,15.4,15.4,0.0,False,
CNT001627,2025-12-03,P041,32.1,32.1,0.0,False,
CNT001628,2025-12-03,P042,9.04,9.04,0.0,False,
CNT001629,2025-12-03,P043,73.8,73.8,0.0,False,
CNT001630,2025-12-03,P044,10.6,10.6,0.0,False,
CNT001631,2025-12-03,P045,68.2,68.2,0.0,False,
CNT001632,2025-12-03,P046,65.82,65.82,0.0,False,
CNT001633,2025-12-03,P047,52.38,52.38,0.0,False,
CNT001634,2025-12-03,P048,42.8,42.8,0.0,False,
CNT001635,2025-12-03,P049,28.2,28.2,0.0,False,
CNT001636,2025-12-03,P050,4.0,4.0,0.0,False,
CNT001637,2025-12-03,P051,4.0,4.0,0.0,False,
CNT001638,2025-12-03,P052,11.26,11.26,0.0,False,
CNT001639,2025-12-03,P053,3.45,3.45,0.0,False,
CNT001640,2025-12-03,P054,8.09,9.09,1.0,False,
CNT001641,2025-12-03,P055,7.86,8.16,0.3,False,
CNT001642,2025-12-03,P056,6.48,6.48,0.0,False,
CNT001643,2025-12-03,K001,4.22,4.22,0.0,False,
CNT001644,2025-12-03,K002,4.35,4.35,0.0,False,
CNT001645,2025-12-03,K003,6.13,6.13,0.0,False,
CNT001646,2025-12-03,K004,5.38,5.38,0.0,False,
CNT001647,2025-12-03,K005,4.27,4.27,0.0,False,
CNT001648,2025-12-07,P001,63.4,63.29,-0.11,False,
CNT001649,2025-12-07,P002,51.6,51.6,0.0,False,
CNT001650,2025-12-07,P003,55.2,55.2,0.0,False,
CNT001651,2025-12-07,P004,38.6,38.6,0.0,False,
CNT001652,2025-12-07,P005,56.6,56.6,0.0,False,
CNT001653,2025-12-07,P006,34.0,34.0,0.0,False,
CNT001654,2025-12-07,P007,49.4,49.4,0.0,False,
CNT001655,2025-12-07,P008,47.2,47.2,0.0,False,
CNT001656,2025-12-07,P009,10.85,10.85,0.0,False,
CNT001657,2025-12-07,P010,5.37,5.37,0.0,False,
CNT001658,2025-12-07,P011,11.31,11.31,0.0,False,
CNT001659,2025-12-07,P012,12.32,12.32,0.0,False,
CNT001660,2025-12-07,P013,12.28,12.28,0.0,False,
CNT001661,2025-12-07,P014,16.3,16.3,0.0,False,
CNT001662,2025-12-07,P015,12.57,12.57,0.0,False,
CNT001663,2025-12-07,P016,11.45,11.45,0.0,False,
CNT001664,2025-12-07,P017,13.17,13.17,0.0,False,
CNT001665,2025-12-07,P018,12.06,12.06,0.0,False,
CNT001666,2025-12-07,P019,12.1,12.1,0.0,False,
CNT001667,2025-12-07,P020,14.7,14.7,0.0,False,
CNT001668,2025-12-07,P021,9.99,9.99,0.0,False,
CNT001669,2025-12-07,P022,5.63,5.63,0.0,False,
CNT001670,2025-12-07,P023,12.75,12.75,0.0,False,
CNT001671,2025-12-07,P024,13.35,13.35,0.0,False,
CNT001672,2025-12-07,P025,10.63,10.63,0.0,False,
CNT001673,2025-12-07,P026,4.94,4.94,0.0,False,
CNT001674,2025-12-07,P027,4.86,4.86,0.0,False,
CNT001675,2025-12-07,P028,7.6,7.6,0.0,False,
CNT001676,2025-12-07,P029,13.6,13.6,0.0,False,
CNT001677,2025-12-07,P030,12.92,12.65,-0.27,False,
CNT001678,2025-12-07,P031,16.62,16.62,0.0,False,
CNT001679,2025-12-07,P032,12.06,12.06,0.0,False,
CNT001680,2025-12-07,P033,16.03,16.03,0.0,False,
CNT001681,2025-12-07,P034,12.69,12.9,0.21,False,
CNT001682,2025-12-07,P035,3.27,3.27,0.0,False,
CNT001683,2025-12-07,P036,9.18,9.18,0.0,False,
CNT001684,2025-12-07,P037,13.73,13.73,0.0,False,
CNT001685,2025-12-07,P038,13.69,13.69,0.0,False,
CNT001686,2025-12-07,P039,11.2,11.2,0.0,False,
CNT001687,2025-12-07,P040,11.8,11.8,0.0,False,
CNT001688,2025-12-07,P041,19.18,19.18,0.0,False,
CNT001689,2025-12-07,P042,6.44,6.44,0.0,False,
CNT001690,2025-12-07,P043,34.5,34.5,0.0,False,
CNT001691,2025-12-07,P044,72.6,72.6,0.0,False,
CNT001692,2025-12-07,P045,37.2,37.2,0.0,False,
CNT001693,2025-12-07,P046,26.32,26.26,-0.06,False,
CNT001694,2025-12-07,P047,44.32,44.32,0.0,False,
CNT001695,2025-12-07,P048,37.8,37.62,-0.18,False,
CNT001696,2025-12-07,P049,15.2,15.2,0.0,False,
CNT001697,2025-12-07,P050,4.0,4.0,0.0,False,
CNT001698,2025-12-07,P051,4.0,4.0,0.0,False,
CNT001699,2025-12-07,P052,8.11,7.98,-0.13,False,
CNT001700,2025-12-07,P053,2.88,2.88,0.0,False,
CNT001701,2025-12-07,P054,6.78,6.78,0.0,False,
CNT001702,2025-12-07,P055,7.32,7.51,0.19,False,
CNT001703,2025-12-07,P056,6.11,6.11,0.0,False,
CNT001704,2025-12-07,K001,3.05,3.05,0.0,False,
CNT001705,2025-12-07,K002,4.4,4.4,0.0,False,
CNT001706,2025-12-07,K003,5.76,5.76,0.0,False,
CNT001707,2025-12-07,K004,5.17,5.17,0.0,False,
CNT001708,2025-12-07,K005,2.93,2.93,0.0,False,
CNT001709,2025-12-10,P001,65.4,65.4,0.0,False,
CNT001710,2025-12-10,P002,59.6,59.6,0.0,False,
CNT001711,2025-12-10,P003,66.2,66.2,0.0,False,
CNT001712,2025-12-10,P004,31.6,31.6,0.0,False,
CNT001713,2025-12-10,P005,64.6,64.6,0.0,False,
CNT001714,2025-12-10,P006,50.0,50.0,0.0,False,
CNT001715,2025-12-10,P007,41.4,41.4,0.0,False,
CNT001716,2025-12-10,P008,43.2,43.2,0.0,False,
CNT001717,2025-12-10,P009,10.25,10.25,0.0,False,
CNT001718,2025-12-10,P010,4.94,4.94,0.0,False,
CNT001719,2025-12-10,P011,10.24,10.24,0.0,False,
CNT001720,2025-12-10,P012,11.97,11.97,0.0,False,
CNT001721,2025-12-10,P013,9.91,9.91,0.0,False,
CNT001722,2025-12-10,P014,13.25,13.25,0.0,False,
CNT001723,2025-12-10,P015,12.32,12.32,0.0,False,
CNT001724,2025-12-10,P016,10.94,10.94,0.0,False,
CNT001725,2025-12-10,P017,13.0,13.0,0.0,False,
CNT001726,2025-12-10,P018,11.72,11.72,0.0,False,
CNT001727,2025-12-10,P019,11.16,11.16,0.0,False,
CNT001728,2025-12-10,P020,13.68,13.68,0.0,False,
CNT001729,2025-12-10,P021,9.39,9.39,0.0,False,
CNT001730,2025-12-10,P022,5.03,5.03,0.0,False,
CNT001731,2025-12-10,P023,12.49,12.49,0.0,False,
CNT001732,2025-12-10,P024,12.92,13.92,1.0,False,
CNT001733,2025-12-10,P025,19.43,19.43,0.0,False,
CNT001734,2025-12-10,P026,4.52,4.52,0.0,False,
CNT001735,2025-12-10,P027,4.43,4.43,0.0,False,
CNT001736,2025-12-10,P028,7.52,7.52,0.0,False,
CNT001737,2025-12-10,P029,12.74,12.74,0.0,False,
CNT001738,2025-12-10,P030,12.57,12.57,0.0,False,
CNT001739,2025-12-10,P031,14.47,14.47,0.0,False,
CNT001740,2025-12-10,P032,11.72,11.72,0.0,False,
CNT001741,2025-12-10,P033,12.51,12.51,0.0,False,
CNT001742,2025-12-10,P034,11.61,11.61,0.0,False,
CNT001743,2025-12-10,P035,14.13,14.13,0.0,False,
CNT001744,2025-12-10,P036,8.01,8.01,0.0,False,
CNT001745,2025-12-10,P037,12.75,12.75,0.0,False,
CNT001746,2025-12-10,P038,22.77,22.77,0.0,False,
CNT001747,2025-12-10,P039,20.02,20.02,0.0,False,
CNT001748,2025-12-10,P040,9.8,9.8,0.0,False,
CNT001749,2025-12-10,P041,25.46,25.46,0.0,False,
CNT001750,2025-12-10,P042,17.44,17.44,0.0,False,
CNT001751,2025-12-10,P043,83.2,83.2,0.0,False,
CNT001752,2025-12-10,P044,57.6,57.6,0.0,False,
CNT001753,2025-12-10,P045,30.2,29.2,-1.0,False,
CNT001754,2025-12-10,P046,60.82,61.02,0.2,False,
CNT001755,2025-12-10,P047,54.52,54.52,0.0,False,
CNT001756,2025-12-10,P048,46.8,46.8,0.0,False,
CNT001757,2025-12-10,P049,32.2,32.2,0.0,False,
CNT001758,2025-12-10,P050,4.0,4.0,0.0,False,
CNT001759,2025-12-10,P051,4.0,4.0,0.0,False,
CNT001760,2025-12-10,P052,6.84,6.84,0.0,False,
CNT001761,2025-12-10,P053,8.55,8.55,0.0,False,
CNT001762,2025-12-10,P054,6.19,6.19,0.0,False,
CNT001763,2025-12-10,P055,7.12,7.12,0.0,False,
CNT001764,2025-12-10,P056,5.88,6.08,0.2,False,
CNT001765,2025-12-10,K001,5.19,5.19,0.0,False,
CNT001766,2025-12-10,K002,4.57,4.57,0.0,False,
CNT001767,2025-12-10,K003,5.74,5.69,-0.05,False,
CNT001768,2025-12-10,K004,5.16,5.16,0.0,False,
CNT001769,2025-12-10,K005,4.35,4.35,0.0,False,
CNT001770,2025-12-14,P001,54.4,54.4,0.0,False,
CNT001771,2025-12-14,P002,56.6,56.6,0.0,False,
CNT001772,2025-12-14,P003,66.2,66.2,0.0,False,
CNT001773,2025-12-14,P004,44.6,44.6,0.0,False,
CNT001774,2025-12-14,P005,62.6,62.6,0.0,False,
CNT001775,2025-12-14,P006,33.0,33.1,0.1,False,
CNT001776,2025-12-14,P007,22.4,22.4,0.0,False,
CNT001777,2025-12-14,P008,34.2,34.2,0.0,False,
CNT001778,2025-12-14,P009,8.97,8.97,0.0,False,
CNT001779,2025-12-14,P010,4.09,4.09,0.0,False,
CNT001780,2025-12-14,P011,8.01,8.01,0.0,False,
CNT001781,2025-12-14,P012,11.46,11.46,0.0,False,
CNT001782,2025-12-14,P013,16.2,16.2,0.0,False,
CNT001783,2025-12-14,P014,8.43,8.43,0.0,False,
CNT001784,2025-12-14,P015,11.8,11.8,0.0,False,
CNT001785,2025-12-14,P016,10.0,10.0,0.0,False,
CNT001786,2025-12-14,P017,12.4,12.4,0.0,False,
CNT001787,2025-12-14,P018,11.12,11.12,0.0,False,
CNT001788,2025-12-14,P019,9.1,9.1,0.0,False,
CNT001789,2025-12-14,P020,11.53,11.53,0.0,False,
CNT001790,2025-12-14,P021,8.19,8.19,0.0,False,
CNT001791,2025-12-14,P022,4.17,4.17,0.0,False,
CNT001792,2025-12-14,P023,11.97,11.97,0.0,False,
CNT001793,2025-12-14,P024,12.15,12.15,0.0,False,
CNT001794,2025-12-14,P025,11.84,11.84,0.0,False,
CNT001795,2025-12-14,P026,3.66,3.66,0.0,False,
CNT001796,2025-12-14,P027,3.49,3.49,0.0,False,
CNT001797,2025-12-14,P028,7.17,8.17,1.0,False,
CNT001798,2025-12-14,P029,11.25,11.25,0.0,False,
CNT001799,2025-12-14,P030,12.06,12.06,0.0,False,
CNT001800,2025-12-14,P031,10.49,10.49,0.0,False,
CNT001801,2025-12-14,P032,11.12,11.12,0.0,False,
CNT001802,2025-12-14,P033,18.09,18.34,0.25,False,
CNT001803,2025-12-14,P034,9.56,9.56,0.0,False,
CNT001804,2025-12-14,P035,11.97,11.97,0.0,False,
CNT001805,2025-12-14,P036,6.29,6.29,0.0,False,
CNT001806,2025-12-14,P037,11.12,11.12,0.0,False,
CNT001807,2025-12-14,P038,15.45,15.45,0.0,False,
CNT001808,2025-12-14,P039,23.73,23.73,0.0,False,
CNT001809,2025-12-14,P040,19.0,19.0,0.0,False,
CNT001810,2025-12-14,P041,27.5,27.5,0.0,False,
CNT001811,2025-12-14,P042,15.84,15.84,0.0,False,
CNT001812,2025-12-14,P043,46.7,46.7,0.0,False,
CNT001813,2025-12-14,P044,26.6,26.6,0.0,False,
CNT001814,2025-12-14,P045,50.2,50.2,0.0,False,
CNT001815,2025-12-14,P046,28.82,28.82,0.0,False,
CNT001816,2025-12-14,P047,24.34,24.34,0.0,False,
CNT001817,2025-12-14,P048,27.8,27.95,0.15,False,
CNT001818,2025-12-14,P049,20.2,20.2,0.0,False,
CNT001819,2025-12-14,P050,4.0,4.0,0.0,False,
CNT001820,2025-12-14,P051,4.0,4.0,0.0,False,
CNT001821,2025-12-14,P052,9.74,9.74,0.0,False,
CNT001822,2025-12-14,P053,7.92,7.92,0.0,False,
CNT001823,2025-12-14,P054,4.75,4.75,0.0,False,
CNT001824,2025-12-14,P055,6.49,6.49,0.0,False,
CNT001825,2025-12-14,P056,5.52,5.52,0.0,False,
CNT001826,2025-12-14,K001,4.58,4.58,0.0,False,
CNT001827,2025-12-14,K002,4.37,4.37,0.0,False,
CNT001828,2025-12-14,K003,5.37,5.37,0.0,False,
CNT001829,2025-12-14,K004,4.8,4.8,0.0,False,
CNT001830,2025-12-14,K005,2.77,2.77,0.0,False,
CNT001831,2025-12-17,P001,61.4,61.4,0.0,False,
CNT001832,2025-12-17,P002,61.6,61.6,0.0,False,
CNT001833,2025-12-17,P003,53.2,53.2,0.0,False,
CNT001834,2025-12-17,P004,42.6,42.6,0.0,False,
CNT001835,2025-12-17,P005,71.6,71.6,0.0,False,
CNT001836,2025-12-17,P006,51.0,51.0,0.0,False,
CNT001837,2025-12-17,P007,39.4,39.4,0.0,False,
CNT001838,2025-12-17,P008,29.2,29.2,0.0,False,
CNT001839,2025-12-17,P009,8.54,8.54,0.0,False,
CNT001840,2025-12-17,P010,4.0,4.0,0.0,False,
CNT001841,2025-12-17,P011,7.07,7.07,0.0,False,
CNT001842,2025-12-17,P012,11.2,11.2,0.0,False,
CNT001843,2025-12-17,P013,14.66,14.66,0.0,False,
CNT001844,2025-12-17,P014,17.69,17.69,0.0,False,
CNT001845,2025-12-17,P015,11.55,11.55,0.0,False,
CNT001846,2025-12-17,P016,9.31,9.31,0.0,False,
CNT001847,2025-12-17,P017,12.06,12.06,0.0,False,
CNT001848,2025-12-17,P018,10.77,10.77,0.0,False,
CNT001849,2025-12-17,P019,8.16,8.16,0.0,False,
CNT001850,2025-12-17,P020,10.59,10.59,0.0,False,
CNT001851,2025-12-17,P021,7.59,7.59,0.0,False,
CNT001852,2025-12-17,P022,3.74,4.74,1.0,False,
CNT001853,2025-12-17,P023,11.8,11.8,0.0,False,
CNT001854,2025-12-17,P024,11.97,11.97,0.0,False,
CNT001855,2025-12-17,P025,20.57,20.57,0.0,False,
CNT001856,2025-12-17,P026,3.32,3.32,0.0,False,
CNT001857,2025-12-17,P027,15.06,15.06,0.0,False,
CNT001858,2025-12-17,P028,7.09,7.09,0.0,False,
CNT001859,2025-12-17,P029,10.73,10.73,0.0,False,
CNT001860,2025-12-17,P030,11.8,11.8,0.0,False,
CNT001861,2025-12-17,P031,8.8,8.8,0.0,False,
CNT001862,2025-12-17,P032,11.03,11.03,0.0,False,
CNT001863,2025-12-17,P033,15.69,15.69,0.0,False,
CNT001864,2025-12-17,P034,8.61,8.61,0.0,False,
CNT001865,2025-12-17,P035,11.14,11.14,0.0,False,
CNT001866,2025-12-17,P036,5.35,5.35,0.0,False,
CNT001867,2025-12-17,P037,10.43,10.43,0.0,False,
CNT001868,2025-12-17,P038,24.52,24.52,0.0,False,
CNT001869,2025-12-17,P039,20.56,20.56,0.0,False,
CNT001870,2025-12-17,P040,17.4,17.4,0.0,False,
CNT001871,2025-12-17,P041,23.74,23.74,0.0,False,
CNT001872,2025-12-17,P042,14.84,14.84,0.0,False,
CNT001873,2025-12-17,P043,62.9,62.9,0.0,False,
CNT001874,2025-12-17,P044,57.6,57.6,0.0,False,
CNT001875,2025-12-17,P045,66.2,66.2,0.0,False,
CNT001876,2025-12-17,P046,66.42,66.42,0.0,False,
CNT001877,2025-12-17,P047,59.6,59.6,0.0,False,
CNT001878,2025-12-17,P048,45.8,45.8,0.0,False,
CNT001879,2025-12-17,P049,40.2,40.2,0.0,False,
CNT001880,2025-12-17,P050,4.0,4.0,0.0,False,
CNT001881,2025-12-17,P051,4.0,4.0,0.0,False,
CNT001882,2025-12-17,P052,8.44,8.44,0.0,False,
CNT001883,2025-12-17,P053,7.72,7.72,0.0,False,
CNT001884,2025-12-17,P054,4.09,4.09,0.0,False,
CNT001885,2025-12-17,P055,6.24,6.24,0.0,False,
CNT001886,2025-12-17,P056,5.31,5.31,0.0,False,
CNT001887,2025-12-17,K001,5.22,5.22,0.0,False,
CNT001888,2025-12-17,K002,4.74,5.74,1.0,False,
CNT001889,2025-12-17,K003,6.38,6.38,0.0,False,
CNT001890,2025-12-17,K004,5.95,5.95,0.0,False,
CNT001891,2025-12-17,K005,4.2,4.2,0.0,False,
CNT001892,2025-12-21,P001,62.4,62.4,0.0,False,
CNT001893,2025-12-21,P002,50.6,50.6,0.0,False,
CNT001894,2025-12-21,P003,54.2,54.2,0.0,False,
CNT001895,2025-12-21,P004,26.6,26.6,0.0,False,
CNT001896,2025-12-21,P005,55.6,55.6,0.0,False,
CNT001897,2025-12-21,P006,30.0,30.0,0.0,False,
CNT001898,2025-12-21,P007,40.4,40.4,0.0,False,
CNT001899,2025-12-21,P008,19.2,19.2,0.0,False,
CNT001900,2025-12-21,P009,7.42,7.42,0.0,False,
CNT001901,2025-12-21,P010,3.06,3.06,0.0,False,
CNT001902,2025-12-21,P011,4.8,4.8,0.0,False,
CNT001903,2025-12-21,P012,10.52,10.52,0.0,False,
CNT001904,2025-12-21,P013,8.76,8.96,0.2,False,
CNT001905,2025-12-21,P014,12.75,12.93,0.18,False,
CNT001906,2025-12-21,P015,10.95,10.95,0.0,False,
CNT001907,2025-12-21,P016,8.02,8.02,0.0,False,
CNT001908,2025-12-21,P017,11.55,11.55,0.0,False,
CNT001909,2025-12-21,P018,10.26,10.26,0.0,False,
CNT001910,2025-12-21,P019,5.76,5.76,0.0,False,
CNT001911,2025-12-21,P020,8.28,8.28,0.0,False,
CNT001912,2025-12-21,P021,6.31,6.31,0.0,False,
CNT001913,2025-12-21,P022,2.63,2.63,0.0,False,
CNT001914,2025-12-21,P023,11.2,11.2,0.0,False,
CNT001915,2025-12-21,P024,11.29,11.29,0.0,False,
CNT001916,2025-12-21,P025,12.89,12.89,0.0,False,
CNT001917,2025-12-21,P026,14.29,14.29,0.0,False,
CNT001918,2025-12-21,P027,13.86,13.86,0.0,False,
CNT001919,2025-12-21,P028,6.83,6.55,-0.28,False,
CNT001920,2025-12-21,P029,9.03,9.03,0.0,False,
CNT001921,2025-12-21,P030,11.12,11.12,0.0,False,
CNT001922,2025-12-21,P031,15.4,15.4,0.0,False,
CNT001923,2025-12-21,P032,10.43,10.43,0.0,False,
CNT001924,2025-12-21,P033,20.49,20.49,0.0,False,
CNT001925,2025-12-21,P034,6.26,6.26,0.0,False,
CNT001926,2025-12-21,P035,8.63,8.63,0.0,False,
CNT001927,2025-12-21,P036,3.66,3.66,0.0,False,
CNT001928,2025-12-21,P037,8.76,8.46,-0.3,False,
CNT001929,2025-12-21,P038,15.49,15.49,0.0,False,
CNT001930,2025-12-21,P039,11.04,11.04,0.0,False,
CNT001931,2025-12-21,P040,13.4,13.4,0.0,False,
CNT001932,2025-12-21,P041,24.06,24.06,0.0,False,
CNT001933,2025-12-21,P042,12.64,12.64,0.0,False,
CNT001934,2025-12-21,P043,51.8,51.8,0.0,False,
CNT001935,2025-12-21,P044,20.6,20.6,0.0,False,
CNT001936,2025-12-21,P045,37.2,37.2,0.0,False,
CNT001937,2025-12-21,P046,31.12,31.12,0.0,False,
CNT001938,2025-12-21,P047,29.36,29.36,0.0,False,
CNT001939,2025-12-21,P048,20.8,20.8,0.0,False,
CNT001940,2025-12-21,P049,27.2,26.95,-0.25,False,
CNT001941,2025-12-21,P050,4.0,4.0,0.0,False,
CNT001942,2025-12-21,P051,4.0,4.0,0.0,False,
CNT001943,2025-12-21,P052,5.01,5.01,0.0,False,
CNT001944,2025-12-21,P053,7.2,7.2,0.0,False,
CNT001945,2025-12-21,P054,8.77,8.77,0.0,False,
CNT001946,2025-12-21,P055,5.66,5.66,0.0,False,
CNT001947,2025-12-21,P056,4.99,4.99,0.0,False,
CNT001948,2025-12-21,K001,4.18,4.41,0.23,False,
CNT001949,2025-12-21,K002,4.4,4.62,0.22,False,
CNT001950,2025-12-21,K003,5.76,4.76,-1.0,False,
CNT001951,2025-12-21,K004,5.28,5.28,0.0,False,
CNT001952,2025-12-21,K005,4.41,4.41,0.0,False,
CNT001953,2025-12-24,P001,71.4,71.4,0.0,False,
CNT001954,2025-12-24,P002,57.6,57.6,0.0,False,
CNT001955,2025-12-24,P003,68.2,68.2,0.0,False,
CNT001956,2025-12-24,P004,42.6,42.6,0.0,False,
CNT001957,2025-12-24,P005,69.6,69.6,0.0,False,
CNT001958,2025-12-24,P006,48.0,47.82,-0.18,False,
CNT001959,2025-12-24,P007,53.4,53.4,0.0,False,
CNT001960,2025-12-24,P008,13.2,13.2,0.0,False,
CNT001961,2025-12-24,P009,6.82,6.82,0.0,False,
CNT001962,2025-12-24,P010,14.72,14.72,0.0,False,
CNT001963,2025-12-24,P011,15.47,15.47,0.0,False,
CNT001964,2025-12-24,P012,10.26,9.98,-0.28,False,
CNT001965,2025-12-24,P013,18.28,18.28,0.0,False,
CNT001966,2025-12-24,P014,10.49,10.49,0.0,False,
CNT001967,2025-12-24,P015,10.69,10.69,0.0,False,
CNT001968,2025-12-24,P016,7.42,7.42,0.0,False,
CNT001969,2025-12-24,P017,11.2,11.2,0.0,False,
CNT001970,2025-12-24,P018,9.92,9.65,-0.27,False,
CNT001971,2025-12-24,P019,16.39,16.28,-0.11,False,
CNT001972,2025-12-24,P020,7.33,7.33,0.0,False,
CNT001973,2025-12-24,P021,5.71,5.71,0.0,False,
CNT001974,2025-12-24,P022,14.12,13.95,-0.17,False,
CNT001975,2025-12-24,P023,10.95,10.95,0.0,False,
CNT001976,2025-12-24,P024,11.03,11.03,0.0,False,
CNT001977,2025-12-24,P025,20.77,20.77,0.0,False,
CNT001978,2025-12-24,P026,13.94,13.94,0.0,False,
CNT001979,2025-12-24,P027,13.34,13.34,0.0,False,
CNT001980,2025-12-24,P028,6.66,6.66,0.0,False,
CNT001981,2025-12-24,P029,8.11,8.11,0.0,False,
CNT001982,2025-12-24,P030,10.95,10.95,0.0,False,
CNT001983,2025-12-24,P031,13.19,13.45,0.26,False,
CNT001984,2025-12-24,P032,10.09,10.09,0.0,False,
CNT001985,2025-12-24,P033,16.37,16.37,0.0,False,
CNT001986,2025-12-24,P034,5.01,5.01,0.0,False,
CNT001987,2025-12-24,P035,7.51,7.51,0.0,False,
CNT001988,2025-12-24,P036,14.78,14.78,0.0,False,
CNT001989,2025-12-24,P037,7.77,7.77,0.0,False,
CNT001990,2025-12-24,P038,23.1,23.1,0.0,False,
CNT001991,2025-12-24,P039,19.14,19.14,0.0,False,
CNT001992,2025-12-24,P040,11.4,11.4,0.0,False,
CNT001993,2025-12-24,P041,29.42,29.57,0.15,False,
CNT001994,2025-12-24,P042,11.44,11.44,0.0,False,
CNT001995,2025-12-24,P043,76.7,76.7,0.0,False,
CNT001996,2025-12-24,P044,50.6,50.6,0.0,False,
CNT001997,2025-12-24,P045,50.2,50.2,0.0,False,
CNT001998,2025-12-24,P046,65.72,65.72,0.0,False,
CNT001999,2025-12-24,P047,60.0,60.0,0.0,False,
CNT002000,2025-12-24,P048,26.8,26.8,0.0,False,
CNT002001,2025-12-24,P049,21.2,21.2,0.0,False,
CNT002002,2025-12-24,P050,4.0,4.0,0.0,False,
CNT002003,2025-12-24,P051,4.0,4.0,0.0,False,
CNT002004,2025-12-24,P052,9.46,9.46,0.0,False,
CNT002005,2025-12-24,P053,6.92,7.0,0.08,False,
CNT002006,2025-12-24,P054,8.1,8.1,0.0,False,
CNT002007,2025-12-24,P055,5.37,5.37,0.0,False,
CNT002008,2025-12-24,P056,4.82,4.82,0.0,False,
CNT002009,2025-12-24,K001,4.98,4.78,-0.2,False,
CNT002010,2025-12-24,K002,4.66,4.66,0.0,False,
CNT002011,2025-12-24,K003,4.81,4.87,0.06,False,
CNT002012,2025-12-24,K004,6.29,6.29,0.0,False,
CNT002013,2025-12-24,K005,4.75,4.75,0.0,False,
CNT002014,2025-12-28,P001,71.4,71.4,0.0,False,
CNT002015,2025-12-28,P002,49.6,49.6,0.0,False,
CNT002016,2025-12-28,P003,59.2,59.2,0.0,False,
CNT002017,2025-12-28,P004,26.6,26.78,0.18,False,
CNT002018,2025-12-28,P005,57.6,57.6,0.0,False,
CNT002019,2025-12-28,P006,48.0,48.0,0.0,False,
CNT002020,2025-12-28,P007,48.4,48.4,0.0,False,
CNT002021,2025-12-28,P008,48.2,48.2,0.0,False,
CNT002022,2025-12-28,P009,5.11,5.11,0.0,False,
CNT002023,2025-12-28,P010,13.6,13.6,0.0,False,
CNT002024,2025-12-28,P011,12.69,12.69,0.0,False,
CNT002025,2025-12-28,P012,9.49,9.49,0.0,False,
CNT002026,2025-12-28,P013,11.87,11.87,0.0,False,
CNT002027,2025-12-28,P014,16.76,16.6,-0.16,False,
CNT002028,2025-12-28,P015,9.92,9.92,0.0,False,
CNT002029,2025-12-28,P016,5.8,5.8,0.0,False,
CNT002030,2025-12-28,P017,10.43,10.43,0.0,False,
CNT002031,2025-12-28,P018,9.23,9.23,0.0,False,
CNT002032,2025-12-28,P019,13.05,13.05,0.0,False,
CNT002033,2025-12-28,P020,5.02,5.02,0.0,False,
CNT002034,2025-12-28,P021,3.99,2.99,-1.0,False,
CNT002035,2025-12-28,P022,13.09,13.09,0.0,False,
CNT002036,2025-12-28,P023,10.17,10.17,0.0,False,
CNT002037,2025-12-28,P024,10.43,10.43,0.0,False,
CNT002038,2025-12-28,P025,9.81,9.81,0.0,False,
CNT002039,2025-12-28,P026,13.09,13.09,0.0,False,
CNT002040,2025-12-28,P027,12.14,12.14,0.0,False,
CNT002041,2025-12-28,P028,6.23,6.23,0.0,False,
CNT002042,2025-12-28,P029,6.18,6.18,0.0,False,
CNT002043,2025-12-28,P030,10.17,10.17,0.0,False,
CNT002044,2025-12-28,P031,7.86,7.86,0.0,False,
CNT002045,2025-12-28,P032,9.32,9.32,0.0,False,
CNT002046,2025-12-28,P033,18.0,18.0,0.0,False,
CNT002047,2025-12-28,P034,14.4,14.4,0.0,False,
CNT002048,2025-12-28,P035,4.84,4.84,0.0,False,
CNT002049,2025-12-28,P036,12.66,12.66,0.0,False,
CNT002050,2025-12-28,P037,5.85,5.85,0.0,False,
CNT002051,2025-12-28,P038,11.39,11.39,0.0,False,
CNT002052,2025-12-28,P039,19.67,19.57,-0.1,False,
CNT002053,2025-12-28,P040,7.2,7.2,0.0,False,
CNT002054,2025-12-28,P041,11.98,11.98,0.0,False,
CNT002055,2025-12-28,P042,8.84,8.84,0.0,False,
CNT002056,2025-12-28,P043,41.1,41.1,0.0,False,
CNT002057,2025-12-28,P044,36.6,36.66,0.06,False,
CNT002058,2025-12-28,P045,42.2,42.2,0.0,False,
CNT002059,2025-12-28,P046,26.82,26.82,0.0,False,
CNT002060,2025-12-28,P047,23.3,23.18,-0.12,False,
CNT002061,2025-12-28,P048,18.8,18.8,0.0,False,
CNT002062,2025-12-28,P049,8.2,8.2,0.0,False,
CNT002063,2025-12-28,P050,4.0,4.0,0.0,False,
CNT002064,2025-12-28,P051,4.0,4.0,0.0,False,
CNT002065,2025-12-28,P052,5.34,5.34,0.0,False,
CNT002066,2025-12-28,P053,6.28,6.28,0.0,False,
CNT002067,2025-12-28,P054,6.19,6.19,0.0,False,
CNT002068,2025-12-28,P055,4.52,4.52,0.0,False,
CNT002069,2025-12-28,P056,4.37,4.37,0.0,False,
CNT002070,2025-12-28,K001,2.57,2.57,0.0,False,
CNT002071,2025-12-28,K002,3.89,3.89,0.0,False,
CNT002072,2025-12-28,K003,5.67,5.67,0.0,False,
CNT002073,2025-12-28,K004,4.26,4.26,0.0,False,
CNT002074,2025-12-28,K005,4.0,4.0,0.0,False,
CNT002075,2025-12-31,P001,70.4,70.4,0.0,False,
CNT002076,2025-12-31,P002,55.6,55.6,0.0,False,
CNT002077,2025-12-31,P003,49.2,49.2,0.0,False,
CNT002078,2025-12-31,P004,41.6,41.6,0.0,False,
CNT002079,2025-12-31,P005,65.6,65.6,0.0,False,
CNT002080,2025-12-31,P006,39.0,39.0,0.0,False,
CNT002081,2025-12-31,P007,39.4,39.4,0.0,False,
CNT002082,2025-12-31,P008,43.2,43.2,0.0,False,
CNT002083,2025-12-31,P009,4.34,4.34,0.0,False,
CNT002084,2025-12-31,P010,13.09,13.09,0.0,False,
CNT002085,2025-12-31,P011,11.57,11.57,0.0,False,
CNT002086,2025-12-31,P012,9.23,9.23,0.0,False,
CNT002087,2025-12-31,P013,21.44,21.44,0.0,False,
CNT002088,2025-12-31,P014,14.92,14.92,0.0,False,
CNT002089,2025-12-31,P015,9.57,9.63,0.06,False,
CNT002090,2025-12-31,P016,5.2,5.2,0.0,False,
CNT002091,2025-12-31,P017,10.09,10.09,0.0,False,
CNT002092,2025-12-31,P018,9.06,9.06,0.0,False,
CNT002093,2025-12-31,P019,12.19,12.19,0.0,False,
CNT002094,2025-12-31,P020,16.16,16.16,0.0,False,
CNT002095,2025-12-31,P021,15.39,15.39,0.0,False,
CNT002096,2025-12-31,P022,12.49,12.49,0.0,False,
CNT002097,2025-12-31,P023,9.92,10.06,0.14,False,
CNT002098,2025-12-31,P024,10.17,10.17,0.0,False,
CNT002099,2025-12-31,P025,16.93,16.93,0.0,False,
CNT002100,2025-12-31,P026,12.66,12.59,-0.07,False,
CNT002101,2025-12-31,P027,11.63,11.63,0.0,False,
CNT002102,2025-12-31,P028,5.97,5.97,0.0,False,
CNT002103,2025-12-31,P029,5.16,5.16,0.0,False,
CNT002104,2025-12-31,P030,9.92,9.92,0.0,False,
CNT002105,2025-12-31,P031,17.56,17.56,0.0,False,
CNT002106,2025-12-31,P032,8.97,8.97,0.0,False,
CNT002107,2025-12-31,P033,15.34,15.34,0.0,False,
CNT002108,2025-12-31,P034,13.2,13.2,0.0,False,
CNT002109,2025-12-31,P035,15.72,15.72,0.0,False,
CNT002110,2025-12-31,P036,11.86,11.86,0.0,False,
CNT002111,2025-12-31,P037,4.99,4.99,0.0,False,
CNT002112,2025-12-31,P038,18.99,19.99,1.0,False,
CNT002113,2025-12-31,P039,15.03,15.03,0.0,False,
CNT002114,2025-12-31,P040,17.8,17.8,0.0,False,
CNT002115,2025-12-31,P041,31.7,31.7,0.0,False,
CNT002116,2025-12-31,P042,8.04,8.04,0.0,False,
CNT002117,2025-12-31,P043,89.0,89.0,0.0,False,
CNT002118,2025-12-31,P044,42.6,42.6,0.0,False,
CNT002119,2025-12-31,P045,51.2,51.2,0.0,False,
CNT002120,2025-12-31,P046,60.32,60.32,0.0,False,
CNT002121,2025-12-31,P047,56.7,56.7,0.0,False,
CNT002122,2025-12-31,P048,51.8,51.8,0.0,False,
CNT002123,2025-12-31,P049,25.2,25.2,0.0,False,
CNT002124,2025-12-31,P050,4.0,4.0,0.0,False,
CNT002125,2025-12-31,P051,4.0,4.0,0.0,False,
CNT002126,2025-12-31,P052,9.52,9.52,0.0,False,
CNT002127,2025-12-31,P053,6.0,6.0,0.0,False,
CNT002128,2025-12-31,P054,5.38,5.38,0.0,False,
CNT002129,2025-12-31,P055,4.13,4.13,0.0,False,
CNT002130,2025-12-31,P056,4.23,4.23,0.0,False,
CNT002131,2025-12-31,K001,4.79,4.79,0.0,False,
CNT002132,2025-12-31,K002,4.0,4.0,0.0,False,
CNT002133,2025-12-31,K003,5.77,5.77,0.0,False,
CNT002134,2025-12-31,K004,5.37,5.37,0.0,False,
CNT002135,2025-12-31,K005,4.29,4.42,0.13,False,
CNT002136,2026-01-04,P001,54.4,54.4,0.0,False,
CNT002137,2026-01-04,P002,65.6,65.6,0.0,False,
CNT002138,2026-01-04,P003,49.2,49.2,0.0,False,
CNT002139,2026-01-04,P004,23.6,23.6,0.0,False,
CNT002140,2026-01-04,P005,62.6,62.6,0.0,False,
CNT002141,2026-01-04,P006,44.0,44.0,0.0,False,
CNT002142,2026-01-04,P007,45.4,45.4,0.0,False,
CNT002143,2026-01-04,P008,34.2,34.2,0.0,False,
CNT002144,2026-01-04,P009,15.05,15.05,0.0,False,
CNT002145,2026-01-04,P010,12.14,12.14,0.0,False,
CNT002146,2026-01-04,P011,9.56,9.56,0.0,False,
CNT002147,2026-01-04,P012,8.63,8.63,0.0,False,
CNT002148,2026-01-04,P013,15.7,15.7,0.0,False,
CNT002149,2026-01-04,P014,9.41,9.41,0.0,False,
CNT002150,2026-01-04,P015,8.97,8.97,0.0,False,
CNT002151,2026-01-04,P016,3.91,3.91,0.0,False,
CNT002152,2026-01-04,P017,9.49,9.49,0.0,False,
CNT002153,2026-01-04,P018,8.63,8.63,0.0,False,
CNT002154,2026-01-04,P019,9.45,9.45,0.0,False,
CNT002155,2026-01-04,P020,13.93,13.93,0.0,False,
CNT002156,2026-01-04,P021,14.02,14.27,0.25,False,
CNT002157,2026-01-04,P022,11.54,11.54,0.0,False,
CNT002158,2026-01-04,P023,9.32,9.32,0.0,False,
CNT002159,2026-01-04,P024,9.49,9.49,0.0,False,
CNT002160,2026-01-04,P025,8.95,9.06,0.11,False,
CNT002161,2026-01-04,P026,11.8,11.8,0.0,False,
CNT002162,2026-01-04,P027,10.77,10.77,0.0,False,
CNT002163,2026-01-04,P028,5.72,5.72,0.0,False,
CNT002164,2026-01-04,P029,15.07,15.07,0.0,False,
CNT002165,2026-01-04,P030,9.32,9.32,0.0,False,
CNT002166,2026-01-04,P031,13.13,13.13,0.0,False,
CNT002167,2026-01-04,P032,8.37,8.37,0.0,False,
CNT002168,2026-01-04,P033,18.77,18.71,-0.06,False,
CNT002169,2026-01-04,P034,11.1,11.1,0.0,False,
CNT002170,2026-01-04,P035,13.35,13.35,0.0,False,
CNT002171,2026-01-04,P036,9.92,10.2,0.28,False,
CNT002172,2026-01-04,P037,3.57,3.41,-0.16,False,
CNT002173,2026-01-04,P038,11.43,11.43,0.0,False,
CNT002174,2026-01-04,P039,20.93,21.17,0.24,False,
CNT002175,2026-01-04,P040,14.2,14.2,0.0,False,
CNT002176,2026-01-04,P041,18.1,18.1,0.0,False,
CNT002177,2026-01-04,P042,5.64,5.64,0.0,False,
CNT002178,2026-01-04,P043,59.2,59.2,0.0,False,
CNT002179,2026-01-04,P044,36.6,36.6,0.0,False,
CNT002180,2026-01-04,P045,21.2,21.2,0.0,False,
CNT002181,2026-01-04,P046,31.22,31.22,0.0,False,
CNT002182,2026-01-04,P047,26.62,26.62,0.0,False,
CNT002183,2026-01-04,P048,32.8,32.8,0.0,False,
CNT002184,2026-01-04,P049,15.2,15.2,0.0,False,
CNT002185,2026-01-04,P050,4.0,4.0,0.0,False,
CNT002186,2026-01-04,P051,4.0,4.0,0.0,False,
CNT002187,2026-01-04,P052,6.42,6.42,0.0,False,
CNT002188,2026-01-04,P053,5.3,5.3,0.0,False,
CNT002189,2026-01-04,P054,3.95,3.95,0.0,False,
CNT002190,2026-01-04,P055,3.56,3.71,0.15,False,
CNT002191,2026-01-04,P056,3.81,3.81,0.0,False,
CNT002192,2026-01-04,K001,5.02,5.02,0.0,False,
CNT002193,2026-01-04,K002,4.71,4.71,0.0,False,
CNT002194,2026-01-04,K003,5.9,5.9,0.0,False,
CNT002195,2026-01-04,K004,5.38,5.38,0.0,False,
CNT002196,2026-01-04,K005,3.91,3.91,0.0,False,
CNT002197,2026-01-07,P001,63.4,63.4,0.0,False,
CNT002198,2026-01-07,P002,53.6,53.6,0.0,False,
CNT002199,2026-01-07,P003,59.2,59.2,0.0,False,
CNT002200,2026-01-07,P004,40.6,40.6,0.0,False,
CNT002201,2026-01-07,P005,74.6,74.6,0.0,False,
CNT002202,2026-01-07,P006,40.0,40.0,0.0,False,
CNT002203,2026-01-07,P007,57.4,57.4,0.0,False,
CNT002204,2026-01-07,P008,31.2,31.2,0.0,False,
CNT002205,2026-01-07,P009,14.88,14.88,0.0,False,
CNT002206,2026-01-07,P010,11.89,11.89,0.0,False,
CNT002207,2026-01-07,P011,8.7,8.7,0.0,False,
CNT002208,2026-01-07,P012,8.29,8.29,0.0,False,
CNT002209,2026-01-07,P013,12.44,12.44,0.0,False,
CNT002210,2026-01-07,P014,19.42,19.42,0.0,False,
CNT002211,2026-01-07,P015,8.63,8.63,0.0,False,
CNT002212,2026-01-07,P016,15.57,15.57,0.0,False,
CNT002213,2026-01-07,P017,9.32,9.32,0.0,False,
CNT002214,2026-01-07,P018,8.29,8.29,0.0,False,
CNT002215,2026-01-07,P019,8.59,8.59,0.0,False,
CNT002216,2026-01-07,P020,13.42,13.42,0.0,False,
CNT002217,2026-01-07,P021,13.68,13.68,0.0,False,
CNT002218,2026-01-07,P022,11.12,11.12,0.0,False,
CNT002219,2026-01-07,P023,9.15,9.15,0.0,False,
CNT002220,2026-01-07,P024,9.32,9.32,0.0,False,
CNT002221,2026-01-07,P025,17.68,17.68,0.0,False,
CNT002222,2026-01-07,P026,11.29,11.29,0.0,False,
CNT002223,2026-01-07,P027,10.52,10.33,-0.19,False,
CNT002224,2026-01-07,P028,5.54,5.54,0.0,False,
CNT002225,2026-01-07,P029,14.39,14.39,0.0,False,
CNT002226,2026-01-07,P030,9.06,9.06,0.0,False,
CNT002227,2026-01-07,P031,10.92,10.92,0.0,False,
CNT002228,2026-01-07,P032,8.12,8.12,0.0,False,
CNT002229,2026-01-07,P033,15.43,15.43,0.0,False,
CNT002230,2026-01-07,P034,10.24,10.24,0.0,False,
CNT002231,2026-01-07,P035,12.33,12.33,0.0,False,
CNT002232,2026-01-07,P036,9.12,9.12,0.0,False,
CNT002233,2026-01-07,P037,14.8,14.8,0.0,False,
CNT002234,2026-01-07,P038,20.01,20.01,0.0,False,
CNT002235,2026-01-07,P039,16.78,16.78,0.0,False,
CNT002236,2026-01-07,P040,12.4,12.4,0.0,False,
CNT002237,2026-01-07,P041,24.5,24.5,0.0,False,
CNT002238,2026-01-07,P042,16.24,16.24,0.0,False,
CNT002239,2026-01-07,P043,90.2,90.2,0.0,False,
CNT002240,2026-01-07,P044,44.6,44.6,0.0,False,
CNT002241,2026-01-07,P045,52.2,52.2,0.0,False,
CNT002242,2026-01-07,P046,68.22,69.22,1.0,False,
CNT002243,2026-01-07,P047,58.8,58.8,0.0,False,
CNT002244,2026-01-07,P048,47.8,47.8,0.0,False,
CNT002245,2026-01-07,P049,35.2,35.2,0.0,False,
CNT002246,2026-01-07,P050,4.0,4.0,0.0,False,
CNT002247,2026-01-07,P051,4.0,4.0,0.0,False,
CNT002248,2026-01-07,P052,10.89,10.89,0.0,False,
CNT002249,2026-01-07,P053,5.05,5.05,0.0,False,
CNT002250,2026-01-07,P054,9.3,9.3,0.0,False,
CNT002251,2026-01-07,P055,3.28,3.28,0.0,False,
CNT002252,2026-01-07,P056,3.63,3.63,0.0,False,
CNT002253,2026-01-07,K001,5.2,5.2,0.0,False,
CNT002254,2026-01-07,K002,4.12,4.12,0.0,False,
CNT002255,2026-01-07,K003,6.81,6.81,0.0,False,
CNT002256,2026-01-07,K004,5.24,5.24,0.0,False,
CNT002257,2026-01-07,K005,4.23,4.23,0.0,False,
CNT002258,2026-01-11,P001,71.4,71.4,0.0,False,
CNT002259,2026-01-11,P002,49.6,49.6,0.0,False,
CNT002260,2026-01-11,P003,48.2,48.2,0.0,False,
CNT002261,2026-01-11,P004,25.6,25.6,0.0,False,
CNT002262,2026-01-11,P005,42.6,42.6,0.0,False,
CNT002263,2026-01-11,P006,47.0,47.23,0.23,False,
CNT002264,2026-01-11,P007,38.4,38.4,0.0,False,
CNT002265,2026-01-11,P008,19.2,19.2,0.0,False,
CNT002266,2026-01-11,P009,13.34,13.34,0.0,False,
CNT002267,2026-01-11,P010,10.95,10.95,0.0,False,
CNT002268,2026-01-11,P011,6.47,6.47,0.0,False,
CNT002269,2026-01-11,P012,7.6,7.6,0.0,False,
CNT002270,2026-01-11,P013,18.78,18.78,0.0,False,
CNT002271,2026-01-11,P014,13.54,13.54,0.0,False,
CNT002272,2026-01-11,P015,8.03,8.03,0.0,False,
CNT002273,2026-01-11,P016,14.45,14.45,0.0,False,
CNT002274,2026-01-11,P017,8.63,8.63,0.0,False,
CNT002275,2026-01-11,P018,7.77,7.77,0.0,False,
CNT002276,2026-01-11,P019,5.76,5.76,0.0,False,
CNT002277,2026-01-11,P020,11.28,11.28,0.0,False,
CNT002278,2026-01-11,P021,12.57,12.29,-0.28,False,
CNT002279,2026-01-11,P022,10.26,10.26,0.0,False,
CNT002280,2026-01-11,P023,8.46,8.46,0.0,False,
CNT002281,2026-01-11,P024,8.8,8.8,0.0,False,
CNT002282,2026-01-11,P025,9.24,9.24,0.0,False,
CNT002283,2026-01-11,P026,10.43,10.43,0.0,False,
CNT002284,2026-01-11,P027,9.66,9.66,0.0,False,
CNT002285,2026-01-11,P028,5.29,5.29,0.0,False,
CNT002286,2026-01-11,P029,12.82,12.82,0.0,False,
CNT002287,2026-01-11,P030,8.63,8.63,0.0,False,
CNT002288,2026-01-11,P031,6.13,6.13,0.0,False,
CNT002289,2026-01-11,P032,7.52,7.52,0.0,False,
CNT002290,2026-01-11,P033,18.6,18.6,0.0,False,
CNT002291,2026-01-11,P034,8.19,8.19,0.0,False,
CNT002292,2026-01-11,P035,9.9,9.9,0.0,False,
CNT002293,2026-01-11,P036,7.29,7.29,0.0,False,
CNT002294,2026-01-11,P037,13.26,13.26,0.0,False,
CNT002295,2026-01-11,P038,13.18,13.18,0.0,False,
CNT002296,2026-01-11,P039,20.24,20.24,0.0,False,
CNT002297,2026-01-11,P040,10.2,10.2,0.0,False,
CNT002298,2026-01-11,P041,22.38,22.38,0.0,False,
CNT002299,2026-01-11,P042,14.04,14.04,0.0,False,
CNT002300,2026-01-11,P043,32.8,32.8,0.0,False,
CNT002301,2026-01-11,P044,41.6,41.6,0.0,False,
CNT002302,2026-01-11,P045,24.2,24.2,0.0,False,
CNT002303,2026-01-11,P046,38.72,38.72,0.0,False,
CNT002304,2026-01-11,P047,28.46,28.46,0.0,False,
CNT002305,2026-01-11,P048,19.8,19.8,0.0,False,
CNT002306,2026-01-11,P049,25.2,25.2,0.0,False,
CNT002307,2026-01-11,P050,4.0,4.0,0.0,False,
CNT002308,2026-01-11,P051,4.0,4.0,0.0,False,
CNT002309,2026-01-11,P052,7.39,7.39,0.0,False,
CNT002310,2026-01-11,P053,4.45,4.45,0.0,False,
CNT002311,2026-01-11,P054,7.73,7.73,0.0,False,
CNT002312,2026-01-11,P055,2.61,2.61,0.0,False,
CNT002313,2026-01-11,P056,3.22,3.22,0.0,False,
CNT002314,2026-01-11,K001,4.63,4.63,0.0,False,
CNT002315,2026-01-11,K002,3.72,3.72,0.0,False,
CNT002316,2026-01-11,K003,5.93,5.93,0.0,False,
CNT002317,2026-01-11,K004,5.35,5.35,0.0,False,
CNT002318,2026-01-11,K005,4.78,4.69,-0.09,False,
CNT002319,2026-01-14,P001,80.4,80.4,0.0,False,
CNT002320,2026-01-14,P002,35.6,35.6,0.0,False,
CNT002321,2026-01-14,P003,59.2,59.2,0.0,False,
CNT002322,2026-01-14,P004,44.6,44.6,0.0,False,
CNT002323,2026-01-14,P005,51.6,51.6,0.0,False,
CNT002324,2026-01-14,P006,44.0,44.0,0.0,False,
CNT002325,2026-01-14,P007,31.4,30.4,-1.0,False,
CNT002326,2026-01-14,P008,39.2,39.2,0.0,False,
CNT002327,2026-01-14,P009,12.82,12.82,0.0,False,
CNT002328,2026-01-14,P010,10.43,10.43,0.0,False,
CNT002329,2026-01-14,P011,5.44,5.44,0.0,False,
CNT002330,2026-01-14,P012,7.35,7.35,0.0,False,
CNT002331,2026-01-14,P013,16.08,15.88,-0.2,False,
CNT002332,2026-01-14,P014,11.82,12.09,0.27,False,
CNT002333,2026-01-14,P015,7.77,7.77,0.0,False,
CNT002334,2026-01-14,P016,13.85,13.85,0.0,False,
CNT002335,2026-01-14,P017,8.2,8.2,0.0,False,
CNT002336,2026-01-14,P018,7.52,7.52,0.0,False,
CNT002337,2026-01-14,P019,16.22,16.22,0.0,False,
CNT002338,2026-01-14,P020,10.25,10.25,0.0,False,
CNT002339,2026-01-14,P021,11.97,11.97,0.0,False,
CNT002340,2026-01-14,P022,9.92,9.92,0.0,False,
CNT002341,2026-01-14,P023,8.29,8.29,0.0,False,
CNT002342,2026-01-14,P024,8.46,8.46,0.0,False,
CNT002343,2026-01-14,P025,17.81,17.81,0.0,False,
CNT002344,2026-01-14,P026,10.0,10.0,0.0,False,
CNT002345,2026-01-14,P027,9.32,9.32,0.0,False,
CNT002346,2026-01-14,P028,5.2,5.2,0.0,False,
CNT002347,2026-01-14,P029,12.29,12.29,0.0,False,
CNT002348,2026-01-14,P030,8.46,8.46,0.0,False,
CNT002349,2026-01-14,P031,15.77,15.77,0.0,False,
CNT002350,2026-01-14,P032,7.26,7.26,0.0,False,
CNT002351,2026-01-14,P033,15.51,15.51,0.0,False,
CNT002352,2026-01-14,P034,7.41,7.35,-0.06,False,
CNT002353,2026-01-14,P035,8.87,8.87,0.0,False,
CNT002354,2026-01-14,P036,6.35,6.35,0.0,False,
CNT002355,2026-01-14,P037,12.57,12.57,0.0,False,
CNT002356,2026-01-14,P038,20.06,20.06,0.0,False,
CNT002357,2026-01-14,P039,16.58,16.58,0.0,False,
CNT002358,2026-01-14,P040,8.2,7.94,-0.26,False,
CNT002359,2026-01-14,P041,29.74,29.74,0.0,False,
CNT002360,2026-01-14,P042,13.44,13.44,0.0,False,
CNT002361,2026-01-14,P043,83.0,83.0,0.0,False,
CNT002362,2026-01-14,P044,52.6,52.6,0.0,False,
CNT002363,2026-01-14,P045,59.2,59.2,0.0,False,
CNT002364,2026-01-14,P046,46.02,46.17,0.15,False,
CNT002365,2026-01-14,P047,62.82,62.82,0.0,False,
CNT002366,2026-01-14,P048,58.8,58.8,0.0,False,
CNT002367,2026-01-14,P049,20.2,20.2,0.0,False,
CNT002368,2026-01-14,P050,4.0,4.0,0.0,False,
CNT002369,2026-01-14,P051,4.0,4.0,0.0,False,
CNT002370,2026-01-14,P052,5.81,5.81,0.0,False,
CNT002371,2026-01-14,P053,4.25,4.25,0.0,False,
CNT002372,2026-01-14,P054,7.05,7.05,0.0,False,
CNT002373,2026-01-14,P055,8.34,8.34,0.0,False,
CNT002374,2026-01-14,P056,3.03,3.03,0.0,False,
CNT002375,2026-01-14,K001,4.92,4.92,0.0,False,
CNT002376,2026-01-14,K002,3.37,3.18,-0.19,False,
CNT002377,2026-01-14,K003,6.52,6.82,0.3,False,
CNT002378,2026-01-14,K004,5.29,5.29,0.0,False,
CNT002379,2026-01-14,K005,5.11,5.11,0.0,False,
CNT002380,2026-01-18,P001,59.4,59.18,-0.22,False,
CNT002381,2026-01-18,P002,56.6,56.6,0.0,False,
CNT002382,2026-01-18,P003,54.2,54.41,0.21,False,
CNT002383,2026-01-18,P004,30.6,30.6,0.0,False,
CNT002384,2026-01-18,P005,54.6,54.6,0.0,False,
CNT002385,2026-01-18,P006,48.0,48.0,0.0,False,
CNT002386,2026-01-18,P007,57.4,57.4,0.0,False,
CNT002387,2026-01-18,P008,30.2,30.2,0.0,False,
CNT002388,2026-01-18,P009,11.62,11.62,0.0,False,
CNT002389,2026-01-18,P010,9.49,9.49,0.0,False,
CNT002390,2026-01-18,P011,15.0,15.0,0.0,False,
CNT002391,2026-01-18,P012,6.75,6.75,0.0,False,
CNT002392,2026-01-18,P013,9.72,9.72,0.0,False,
CNT002393,2026-01-18,P014,18.67,18.67,0.0,False,
CNT002394,2026-01-18,P015,7.17,7.17,0.0,False,
CNT002395,2026-01-18,P016,12.57,12.57,0.0,False,
CNT002396,2026-01-18,P017,7.52,7.52,0.0,False,
CNT002397,2026-01-18,P018,7.0,7.29,0.29,False,
CNT002398,2026-01-18,P019,13.82,13.82,0.0,False,
CNT002399,2026-01-18,P020,8.02,8.02,0.0,False,
CNT002400,2026-01-18,P021,10.42,10.42,0.0,False,
CNT002401,2026-01-18,P022,8.8,8.8,0.0,False,
CNT002402,2026-01-18,P023,7.69,7.69,0.0,False,
CNT002403,2026-01-18,P024,7.86,7.86,0.0,False,
CNT002404,2026-01-18,P025,9.21,9.21,0.0,False,
CNT002405,2026-01-18,P026,8.97,8.97,0.0,False,
CNT002406,2026-01-18,P027,8.12,8.12,0.0,False,
CNT002407,2026-01-18,P028,4.86,4.86,0.0,False,
CNT002408,2026-01-18,P029,10.67,10.67,0.0,False,
CNT002409,2026-01-18,P030,7.77,7.77,0.0,False,
CNT002410,2026-01-18,P031,11.29,11.29,0.0,False,
CNT002411,2026-01-18,P032,6.57,6.57,0.0,False,
CNT002412,2026-01-18,P033,18.77,18.77,0.0,False,
CNT002413,2026-01-18,P034,5.14,5.14,0.0,False,
CNT002414,2026-01-18,P035,6.57,6.57,0.0,False,
CNT002415,2026-01-18,P036,4.52,4.52,0.0,False,
CNT002416,2026-01-18,P037,10.99,11.07,0.08,False,
CNT002417,2026-01-18,P038,14.45,14.45,0.0,False,
CNT002418,2026-01-18,P039,21.02,21.02,0.0,False,
CNT002419,2026-01-18,P040,4.0,4.0,0.0,False,
CNT002420,2026-01-18,P041,15.82,15.82,0.0,False,
CNT002421,2026-01-18,P042,11.24,11.24,0.0,False,
CNT002422,2026-01-18,P043,48.8,48.8,0.0,False,
CNT002423,2026-01-18,P044,42.6,42.6,0.0,False,
CNT002424,2026-01-18,P045,35.2,35.2,0.0,False,
CNT002425,2026-01-18,P046,34.22,34.22,0.0,False,
CNT002426,2026-01-18,P047,29.48,29.48,0.0,False,
CNT002427,2026-01-18,P048,28.8,28.8,0.0,False,
CNT002428,2026-01-18,P049,34.2,34.2,0.0,False,
CNT002429,2026-01-18,P050,4.0,4.0,0.0,False,
CNT002430,2026-01-18,P051,4.0,4.0,0.0,False,
CNT002431,2026-01-18,P052,8.4,8.4,0.0,False,
CNT002432,2026-01-18,P053,3.7,3.7,0.0,False,
CNT002433,2026-01-18,P054,5.51,5.51,0.0,False,
CNT002434,2026-01-18,P055,7.67,7.67,0.0,False,
CNT002435,2026-01-18,P056,2.64,2.64,0.0,False,
CNT002436,2026-01-18,K001,3.01,3.01,0.0,False,
CNT002437,2026-01-18,K002,4.79,4.79,0.0,False,
CNT002438,2026-01-18,K003,5.47,5.47,0.0,False,
CNT002439,2026-01-18,K004,5.32,5.32,0.0,False,
CNT002440,2026-01-18,K005,4.82,4.82,0.0,False,
CNT002441,2026-01-21,P001,66.4,66.4,0.0,False,
CNT002442,2026-01-21,P002,66.6,66.6,0.0,False,
CNT002443,2026-01-21,P003,63.2,63.2,0.0,False,
CNT002444,2026-01-21,P004,49.6,49.6,0.0,False,
CNT002445,2026-01-21,P005,63.6,63.81,0.21,False,
CNT002446,2026-01-21,P006,39.0,39.0,0.0,False,
CNT002447,2026-01-21,P007,48.4,48.4,0.0,False,
CNT002448,2026-01-21,P008,26.2,26.2,0.0,False,
CNT002449,2026-01-21,P009,11.28,11.28,0.0,False,
CNT002450,2026-01-21,P010,9.23,9.23,0.0,False,
CNT002451,2026-01-21,P011,14.36,14.36,0.0,False,
CNT002452,2026-01-21,P012,6.49,6.49,0.0,False,
CNT002453,2026-01-21,P013,19.42,19.42,0.0,False,
CNT002454,2026-01-21,P014,16.91,16.91,0.0,False,
CNT002455,2026-01-21,P015,7.0,6.88,-0.12,False,
CNT002456,2026-01-21,P016,12.05,12.05,0.0,False,
CNT002457,2026-01-21,P017,7.35,7.35,0.0,False,
CNT002458,2026-01-21,P018,6.75,6.75,0.0,False,
CNT002459,2026-01-21,P019,13.22,13.22,0.0,False,
CNT002460,2026-01-21,P020,7.25,7.25,0.0,False,
CNT002461,2026-01-21,P021,10.08,10.08,0.0,False,
CNT002462,2026-01-21,P022,8.54,8.54,0.0,False,
CNT002463,2026-01-21,P023,7.43,7.43,0.0,False,
CNT002464,2026-01-21,P024,7.69,7.69,0.0,False,
CNT002465,2026-01-21,P025,17.97,17.97,0.0,False,
CNT002466,2026-01-21,P026,8.63,8.74,0.11,False,
CNT002467,2026-01-21,P027,7.69,7.69,0.0,False,
CNT002468,2026-01-21,P028,4.77,4.77,0.0,False,
CNT002469,2026-01-21,P029,9.78,9.78,0.0,False,
CNT002470,2026-01-21,P030,7.52,7.52,0.0,False,
CNT002471,2026-01-21,P031,9.96,9.96,0.0,False,
CNT002472,2026-01-21,P032,6.32,6.32,0.0,False,
CNT002473,2026-01-21,P033,15.17,15.17,0.0,False,
CNT002474,2026-01-21,P034,16.41,16.41,0.0,False,
CNT002475,2026-01-21,P035,5.93,5.93,0.0,False,
CNT002476,2026-01-21,P036,3.75,3.75,0.0,False,
CNT002477,2026-01-21,P037,10.43,10.43,0.0,False,
CNT002478,2026-01-21,P038,24.49,24.49,0.0,False,
CNT002479,2026-01-21,P039,17.6,17.6,0.0,False,
CNT002480,2026-01-21,P040,14.2,14.2,0.0,False,
CNT002481,2026-01-21,P041,21.66,21.66,0.0,False,
CNT002482,2026-01-21,P042,10.84,10.84,0.0,False,
CNT002483,2026-01-21,P043,77.8,77.8,0.0,False,
CNT002484,2026-01-21,P044,57.6,57.6,0.0,False,
CNT002485,2026-01-21,P045,48.2,48.2,0.0,False,
CNT002486,2026-01-21,P046,68.72,68.72,0.0,False,
CNT002487,2026-01-21,P047,66.96,66.96,0.0,False,
CNT002488,2026-01-21,P048,43.8,43.8,0.0,False,
CNT002489,2026-01-21,P049,30.2,30.2,0.0,False,
CNT002490,2026-01-21,P050,4.0,4.0,0.0,False,
CNT002491,2026-01-21,P051,4.0,4.0,0.0,False,
CNT002492,2026-01-21,P052,7.27,7.27,0.0,False,
CNT002493,2026-01-21,P053,3.45,3.45,0.0,False,
CNT002494,2026-01-21,P054,4.93,4.93,0.0,False,
CNT002495,2026-01-21,P055,7.43,7.67,0.24,False,
CNT002496,2026-01-21,P056,2.48,2.48,0.0,False,
CNT002497,2026-01-21,K001,5.61,5.61,0.0,False,
CNT002498,2026-01-21,K002,4.26,4.26,0.0,False,
CNT002499,2026-01-21,K003,6.83,6.83,0.0,False,
CNT002500,2026-01-21,K004,4.96,4.96,0.0,False,
CNT002501,2026-01-21,K005,5.09,5.09,0.0,False,
CNT002502,2026-01-25,P001,80.4,80.4,0.0,False,
CNT002503,2026-01-25,P002,55.6,55.6,0.0,False,
CNT002504,2026-01-25,P003,52.2,52.2,0.0,False,
CNT002505,2026-01-25,P004,31.6,31.6,0.0,False,
CNT002506,2026-01-25,P005,46.6,46.6,0.0,False,
CNT002507,2026-01-25,P006,45.0,45.0,0.0,False,
CNT002508,2026-01-25,P007,45.4,45.4,0.0,False,
CNT002509,2026-01-25,P008,36.2,36.2,0.0,False,
CNT002510,2026-01-25,P009,9.99,9.99,0.0,False,
CNT002511,2026-01-25,P010,8.2,8.2,0.0,False,
CNT002512,2026-01-25,P011,12.09,12.09,0.0,False,
CNT002513,2026-01-25,P012,5.8,5.8,0.0,False,
CNT002514,2026-01-25,P013,13.57,13.57,0.0,False,
CNT002515,2026-01-25,P014,10.9,10.9,0.0,False,
CNT002516,2026-01-25,P015,6.4,6.4,0.0,False,
CNT002517,2026-01-25,P016,10.6,10.6,0.0,False,
CNT002518,2026-01-25,P017,6.66,6.66,0.0,False,
CNT002519,2026-01-25,P018,6.06,6.06,0.0,False,
CNT002520,2026-01-25,P019,10.22,10.22,0.0,False,
CNT002521,2026-01-25,P020,4.42,4.42,0.0,False,
CNT002522,2026-01-25,P021,8.79,8.79,0.0,False,
CNT002523,2026-01-25,P022,7.6,7.78,0.18,False,
CNT002524,2026-01-25,P023,6.66,6.66,0.0,False,
CNT002525,2026-01-25,P024,7.0,7.0,0.0,False,
CNT002526,2026-01-25,P025,20.99,20.99,0.0,False,
CNT002527,2026-01-25,P026,7.6,7.6,0.0,False,
CNT002528,2026-01-25,P027,6.66,6.66,0.0,False,
CNT002529,2026-01-25,P028,4.43,4.43,0.0,False,
CNT002530,2026-01-25,P029,7.72,7.72,0.0,False,
CNT002531,2026-01-25,P030,6.66,6.66,0.0,False,
CNT002532,2026-01-25,P031,17.17,17.17,0.0,False,
CNT002533,2026-01-25,P032,5.63,5.63,0.0,False,
CNT002534,2026-01-25,P033,17.91,17.91,0.0,False,
CNT002535,2026-01-25,P034,14.14,14.14,0.0,False,
CNT002536,2026-01-25,P035,3.7,3.7,0.0,False,
CNT002537,2026-01-25,P036,13.55,13.55,0.0,False,
CNT002538,2026-01-25,P037,8.76,8.76,0.0,False,
CNT002539,2026-01-25,P038,16.69,16.69,0.0,False,
CNT002540,2026-01-25,P039,20.33,20.33,0.0,False,
CNT002541,2026-01-25,P040,10.2,10.2,0.0,False,
CNT002542,2026-01-25,P041,18.34,18.34,0.0,False,
CNT002543,2026-01-25,P042,8.24,8.24,0.0,False,
CNT002544,2026-01-25,P043,46.5,46.5,0.0,False,
CNT002545,2026-01-25,P044,19.6,19.6,0.0,False,
CNT002546,2026-01-25,P045,42.2,42.2,0.0,False,
CNT002547,2026-01-25,P046,34.22,34.22,0.0,False,
CNT002548,2026-01-25,P047,28.96,28.96,0.0,False,
CNT002549,2026-01-25,P048,38.8,38.8,0.0,False,
CNT002550,2026-01-25,P049,19.2,19.2,0.0,False,
CNT002551,2026-01-25,P050,4.0,4.0,0.0,False,
CNT002552,2026-01-25,P051,4.0,4.0,0.0,False,
CNT002553,2026-01-25,P052,9.88,9.88,0.0,False,
CNT002554,2026-01-25,P053,2.88,2.88,0.0,False,
CNT002555,2026-01-25,P054,3.24,3.24,0.0,False,
CNT002556,2026-01-25,P055,6.73,6.73,0.0,False,
CNT002557,2026-01-25,P056,8.01,8.01,0.0,False,
CNT002558,2026-01-25,K001,4.55,4.55,0.0,False,
CNT002559,2026-01-25,K002,3.94,3.94,0.0,False,
CNT002560,2026-01-25,K003,5.43,5.43,0.0,False,
CNT002561,2026-01-25,K004,4.89,4.89,0.0,False,
CNT002562,2026-01-25,K005,4.31,4.31,0.0,False,
CNT002563,2026-01-28,P001,80.4,80.4,0.0,False,
CNT002564,2026-01-28,P002,36.6,36.6,0.0,False,
CNT002565,2026-01-28,P003,61.2,61.2,0.0,False,
CNT002566,2026-01-28,P004,48.6,48.6,0.0,False,
CNT002567,2026-01-28,P005,51.6,51.42,-0.18,False,
CNT002568,2026-01-28,P006,33.0,33.0,0.0,False,
CNT002569,2026-01-28,P007,57.4,57.4,0.0,False,
CNT002570,2026-01-28,P008,31.2,31.2,0.0,False,
CNT002571,2026-01-28,P009,9.39,9.48,0.09,False,
CNT002572,2026-01-28,P010,7.77,7.77,0.0,False,
CNT002573,2026-01-28,P011,10.89,10.89,0.0,False,
CNT002574,2026-01-28,P012,5.37,5.37,0.0,False,
CNT002575,2026-01-28,P013,10.3,10.3,0.0,False,
CNT002576,2026-01-28,P014,20.22,20.14,-0.08,False,
CNT002577,2026-01-28,P015,5.97,5.97,0.0,False,
CNT002578,2026-01-28,P016,9.65,9.65,0.0,False,
CNT002579,2026-01-28,P017,6.23,6.35,0.12,False,
CNT002580,2026-01-28,P018,5.55,5.55,0.0,False,
CNT002581,2026-01-28,P019,8.42,8.42,0.0,False,
CNT002582,2026-01-28,P020,15.13,15.13,0.0,False,
CNT002583,2026-01-28,P021,8.19,8.19,0.0,False,
CNT002584,2026-01-28,P022,7.26,7.26,0.0,False,
CNT002585,2026-01-28,P023,6.4,6.4,0.0,False,
CNT002586,2026-01-28,P024,6.57,6.57,0.0,False,
CNT002587,2026-01-28,P025,15.72,15.72,0.0,False,
CNT002588,2026-01-28,P026,7.26,7.26,0.0,False,
CNT002589,2026-01-28,P027,6.15,6.15,0.0,False,
CNT002590,2026-01-28,P028,4.26,4.26,0.0,False,
CNT002591,2026-01-28,P029,6.86,6.86,0.0,False,
CNT002592,2026-01-28,P030,6.32,6.32,0.0,False,
CNT002593,2026-01-28,P031,15.02,15.12,0.1,False,
CNT002594,2026-01-28,P032,5.2,5.2,0.0,False,
CNT002595,2026-01-28,P033,13.11,13.11,0.0,False,
CNT002596,2026-01-28,P034,12.86,12.86,0.0,False,
CNT002597,2026-01-28,P035,2.5,2.5,0.0,False,
CNT002598,2026-01-28,P036,12.52,12.52,0.0,False,
CNT002599,2026-01-28,P037,7.73,7.73,0.0,False,
CNT002600,2026-01-28,P038,25.27,25.27,0.0,False,
CNT002601,2026-01-28,P039,15.7,15.7,0.0,False,
CNT002602,2026-01-28,P040,7.8,7.8,0.0,False,
CNT002603,2026-01-28,P041,23.02,23.02,0.0,False,
CNT002604,2026-01-28,P042,7.24,7.24,0.0,False,
CNT002605,2026-01-28,P043,68.2,68.2,0.0,False,
CNT002606,2026-01-28,P044,48.6,48.6,0.0,False,
CNT002607,2026-01-28,P045,50.2,50.2,0.0,False,
CNT002608,2026-01-28,P046,60.02,60.02,0.0,False,
CNT002609,2026-01-28,P047,59.26,59.26,0.0,False,
CNT002610,2026-01-28,P048,45.8,45.8,0.0,False,
CNT002611,2026-01-28,P049,37.2,37.2,0.0,False,
CNT002612,2026-01-28,P050,4.0,5.0,1.0,False,
CNT002613,2026-01-28,P051,4.0,3.92,-0.08,False,
CNT002614,2026-01-28,P052,8.01,8.01,0.0,False,
CNT002615,2026-01-28,P053,8.55,8.55,0.0,False,
CNT002616,2026-01-28,P054,8.3,8.3,0.0,False,
CNT002617,2026-01-28,P055,6.31,6.31,0.0,False,
CNT002618,2026-01-28,P056,7.79,7.79,0.0,False,
CNT002619,2026-01-28,K001,5.38,5.2,-0.18,False,
CNT002620,2026-01-28,K002,4.17,4.17,0.0,False,
CNT002621,2026-01-28,K003,6.15,6.15,0.0,False,
CNT002622,2026-01-28,K004,5.32,5.32,0.0,False,
CNT002623,2026-01-28,K005,4.5,4.5,0.0,False,
CNT002624,2026-02-01,P001,64.4,64.4,0.0,False,
CNT002625,2026-02-01,P002,76.6,76.6,0.0,False,
CNT002626,2026-02-01,P003,53.2,53.2,0.0,False,
CNT002627,2026-02-01,P004,31.6,31.6,0.0,False,
CNT002628,2026-02-01,P005,42.6,42.6,0.0,False,
CNT002629,2026-02-01,P006,36.0,36.0,0.0,False,
CNT002630,2026-02-01,P007,33.4,33.4,0.0,False,
CNT002631,2026-02-01,P008,17.2,17.2,0.0,False,
CNT002632,2026-02-01,P009,8.02,8.02,0.0,False,
CNT002633,2026-02-01,P010,6.57,6.57,0.0,False,
CNT002634,2026-02-01,P011,8.49,8.49,0.0,False,
CNT002635,2026-02-01,P012,4.6,4.6,0.0,False,
CNT002636,2026-02-01,P013,15.33,15.33,0.0,False,
CNT002637,2026-02-01,P014,14.35,14.35,0.0,False,
CNT002638,2026-02-01,P015,5.2,5.2,0.0,False,
CNT002639,2026-02-01,P016,8.28,8.28,0.0,False,
CNT002640,2026-02-01,P017,5.63,5.63,0.0,False,
CNT002641,2026-02-01,P018,4.95,4.95,0.0,False,
CNT002642,2026-02-01,P019,5.76,5.91,0.15,False,
CNT002643,2026-02-01,P020,12.9,12.9,0.0,False,
CNT002644,2026-02-01,P021,6.82,6.82,0.0,False,
CNT002645,2026-02-01,P022,6.15,6.15,0.0,False,
CNT002646,2026-02-01,P023,5.63,5.63,0.0,False,
CNT002647,2026-02-01,P024,5.8,5.8,0.0,False,
CNT002648,2026-02-01,P025,18.72,18.72,0.0,False,
CNT002649,2026-02-01,P026,6.15,6.0,-0.15,False,
CNT002650,2026-02-01,P027,5.12,5.12,0.0,False,
CNT002651,2026-02-01,P028,3.92,3.92,0.0,False,
CNT002652,2026-02-01,P029,5.13,5.39,0.26,False,
CNT002653,2026-02-01,P030,5.46,5.46,0.0,False,
CNT002654,2026-02-01,P031,9.57,9.57,0.0,False,
CNT002655,2026-02-01,P032,4.52,4.52,0.0,False,
CNT002656,2026-02-01,P033,17.23,17.23,0.0,False,
CNT002657,2026-02-01,P034,10.54,10.54,0.0,False,
CNT002658,2026-02-01,P035,11.97,11.97,0.0,False,
CNT002659,2026-02-01,P036,10.46,10.46,0.0,False,
CNT002660,2026-02-01,P037,5.93,5.76,-0.17,False,
CNT002661,2026-02-01,P038,17.95,17.95,0.0,False,
CNT002662,2026-02-01,P039,15.98,15.98,0.0,False,
CNT002663,2026-02-01,P040,15.8,15.8,0.0,False,
CNT002664,2026-02-01,P041,21.74,21.74,0.0,False,
CNT002665,2026-02-01,P042,4.64,4.64,0.0,False,
CNT002666,2026-02-01,P043,37.0,37.0,0.0,False,
CNT002667,2026-02-01,P044,26.6,26.6,0.0,False,
CNT002668,2026-02-01,P045,45.2,45.2,0.0,False,
CNT002669,2026-02-01,P046,18.92,18.92,0.0,False,
CNT002670,2026-02-01,P047,27.52,27.52,0.0,False,
CNT002671,2026-02-01,P048,15.8,15.8,0.0,False,
CNT002672,2026-02-01,P049,25.2,25.2,0.0,False,
CNT002673,2026-02-01,P050,4.0,3.9,-0.1,False,
CNT002674,2026-02-01,P051,4.0,4.0,0.0,False,
CNT002675,2026-02-01,P052,4.25,4.25,0.0,False,
CNT002676,2026-02-01,P053,8.0,8.0,0.0,False,
CNT002677,2026-02-01,P054,6.69,6.69,0.0,False,
CNT002678,2026-02-01,P055,5.63,5.63,0.0,False,
CNT002679,2026-02-01,P056,7.36,7.36,0.0,False,
CNT002680,2026-02-01,K001,4.49,4.49,0.0,False,
CNT002681,2026-02-01,K002,2.69,2.69,0.0,False,
CNT002682,2026-02-01,K003,5.48,5.48,0.0,False,
CNT002683,2026-02-01,K004,5.17,5.17,0.0,False,
CNT002684,2026-02-01,K005,3.62,3.62,0.0,False,
CNT002685,2026-02-04,P001,80.4,80.4,0.0,False,
CNT002686,2026-02-04,P002,62.6,62.6,0.0,False,
CNT002687,2026-02-04,P003,69.2,69.2,0.0,False,
CNT002688,2026-02-04,P004,25.6,25.46,-0.14,False,
CNT002689,2026-02-04,P005,67.6,67.6,0.0,False,
CNT002690,2026-02-04,P006,52.0,52.0,0.0,False,
CNT002691,2026-02-04,P007,20.4,20.4,0.0,False,
CNT002692,2026-02-04,P008,36.2,36.2,0.0,False,
CNT002693,2026-02-04,P009,7.17,7.17,0.0,False,
CNT002694,2026-02-04,P010,6.15,6.15,0.0,False,
CNT002695,2026-02-04,P011,7.33,7.33,0.0,False,
CNT002696,2026-02-04,P012,4.17,4.17,0.0,False,
CNT002697,2026-02-04,P013,12.3,12.3,0.0,False,
CNT002698,2026-02-04,P014,11.62,11.62,0.0,False,
CNT002699,2026-02-04,P015,4.86,4.86,0.0,False,
CNT002700,2026-02-04,P016,7.77,7.77,0.0,False,
CNT002701,2026-02-04,P017,5.2,5.2,0.0,False,
CNT002702,2026-02-04,P018,4.6,4.68,0.08,False,
CNT002703,2026-02-04,P019,16.56,16.64,0.08,False,
CNT002704,2026-02-04,P020,11.88,11.88,0.0,False,
CNT002705,2026-02-04,P021,6.39,7.39,1.0,False,
CNT002706,2026-02-04,P022,5.72,5.84,0.12,False,
CNT002707,2026-02-04,P023,5.37,5.37,0.0,False,
CNT002708,2026-02-04,P024,5.46,5.41,-0.05,False,
CNT002709,2026-02-04,P025,14.69,14.69,0.0,False,
CNT002710,2026-02-04,P026,5.97,5.97,0.0,False,
CNT002711,2026-02-04,P027,4.52,4.52,0.0,False,
CNT002712,2026-02-04,P028,3.74,3.74,0.0,False,
CNT002713,2026-02-04,P029,4.37,4.37,0.0,False,
CNT002714,2026-02-04,P030,5.12,5.12,0.0,False,
CNT002715,2026-02-04,P031,19.06,19.06,0.0,False,
CNT002716,2026-02-04,P032,4.35,4.35,0.0,False,
CNT002717,2026-02-04,P033,13.54,13.54,0.0,False,
CNT002718,2026-02-04,P034,9.64,9.64,0.0,False,
CNT002719,2026-02-04,P035,10.9,10.9,0.0,False,
CNT002720,2026-02-04,P036,9.41,9.41,0.0,False,
CNT002721,2026-02-04,P037,5.03,5.03,0.0,False,
CNT002722,2026-02-04,P038,12.58,12.58,0.0,False,
CNT002723,2026-02-04,P039,23.84,23.84,0.0,False,
CNT002724,2026-02-04,P040,14.2,14.2,0.0,False,
CNT002725,2026-02-04,P041,15.98,15.98,0.0,False,
CNT002726,2026-02-04,P042,15.84,15.84,0.0,False,
CNT002727,2026-02-04,P043,80.1,80.1,0.0,False,
CNT002728,2026-02-04,P044,65.6,65.6,0.0,False,
CNT002729,2026-02-04,P045,53.2,54.2,1.0,False,
CNT002730,2026-02-04,P046,51.92,51.92,0.0,False,
CNT002731,2026-02-04,P047,60.16,60.16,0.0,False,
CNT002732,2026-02-04,P048,47.8,47.8,0.0,False,
CNT002733,2026-02-04,P049,21.2,21.2,0.0,False,
CNT002734,2026-02-04,P050,4.0,4.0,0.0,False,
CNT002735,2026-02-04,P051,4.0,4.0,0.0,False,
CNT002736,2026-02-04,P052,8.56,8.56,0.0,False,
CNT002737,2026-02-04,P053,7.78,7.78,0.0,False,
CNT002738,2026-02-04,P054,5.93,5.93,0.0,False,
CNT002739,2026-02-04,P055,5.33,5.33,0.0,False,
CNT002740,2026-02-04,P056,7.13,7.13,0.0,False,
CNT002741,2026-02-04,K001,4.71,4.77,0.06,False,
CNT002742,2026-02-04,K002,4.16,3.91,-0.25,False,
CNT002743,2026-02-04,K003,6.35,6.35,0.0,False,
CNT002744,2026-02-04,K004,5.47,5.47,0.0,False,
CNT002745,2026-02-04,K005,5.14,5.14,0.0,False,
CNT002746,2026-02-08,P001,57.4,57.4,0.0,False,
CNT002747,2026-02-08,P002,52.6,52.6,0.0,False,
CNT002748,2026-02-08,P003,52.2,52.2,0.0,False,
CNT002749,2026-02-08,P004,31.6,31.6,0.0,False,
CNT002750,2026-02-08,P005,56.6,56.6,0.0,False,
CNT002751,2026-02-08,P006,31.0,31.0,0.0,False,
CNT002752,2026-02-08,P007,74.4,74.19,-0.21,False,
CNT002753,2026-02-08,P008,23.2,23.2,0.0,False,
CNT002754,2026-02-08,P009,5.88,5.88,0.0,False,
CNT002755,2026-02-08,P010,4.95,4.95,0.0,False,
CNT002756,2026-02-08,P011,4.59,4.59,0.0,False,
CNT002757,2026-02-08,P012,3.66,3.88,0.22,False,
CNT002758,2026-02-08,P013,18.2,18.2,0.0,False,
CNT002759,2026-02-08,P014,17.0,17.0,0.0,False,
CNT002760,2026-02-08,P015,4.09,4.09,0.0,False,
CNT002761,2026-02-08,P016,6.05,6.05,0.0,False,
CNT002762,2026-02-08,P017,4.52,4.52,0.0,False,
CNT002763,2026-02-08,P018,4.0,4.0,0.0,False,
CNT002764,2026-02-08,P019,13.9,13.9,0.0,False,
CNT002765,2026-02-08,P020,9.65,9.65,0.0,False,
CNT002766,2026-02-08,P021,5.37,5.37,0.0,False,
CNT002767,2026-02-08,P022,4.77,3.77,-1.0,False,
CNT002768,2026-02-08,P023,4.69,4.69,0.0,False,
CNT002769,2026-02-08,P024,4.69,4.69,0.0,False,
CNT002770,2026-02-08,P025,17.4,17.4,0.0,False,
CNT002771,2026-02-08,P026,5.03,5.03,0.0,False,
CNT002772,2026-02-08,P027,3.66,3.66,0.0,False,
CNT002773,2026-02-08,P028,3.4,3.4,0.0,False,
CNT002774,2026-02-08,P029,14.54,14.54,0.0,False,
CNT002775,2026-02-08,P030,4.43,4.17,-0.26,False,
CNT002776,2026-02-08,P031,14.02,14.02,0.0,False,
CNT002777,2026-02-08,P032,3.58,3.58,0.0,False,
CNT002778,2026-02-08,P033,15.77,15.77,0.0,False,
CNT002779,2026-02-08,P034,7.16,7.16,0.0,False,
CNT002780,2026-02-08,P035,8.42,8.32,-0.1,False,
CNT002781,2026-02-08,P036,7.06,7.06,0.0,False,
CNT002782,2026-02-08,P037,3.15,3.15,0.0,False,
CNT002783,2026-02-08,P038,15.31,15.31,0.0,False,
CNT002784,2026-02-08,P039,14.08,13.08,-1.0,False,
CNT002785,2026-02-08,P040,10.6,10.6,0.0,False,
CNT002786,2026-02-08,P041,24.54,24.54,0.0,False,
CNT002787,2026-02-08,P042,13.24,13.24,0.0,False,
CNT002788,2026-02-08,P043,33.9,33.9,0.0,False,
CNT002789,2026-02-08,P044,35.6,35.6,0.0,False,
CNT002790,2026-02-08,P045,24.2,24.2,0.0,False,
CNT002791,2026-02-08,P046,39.02,39.02,0.0,False,
CNT002792,2026-02-08,P047,27.2,27.2,0.0,False,
CNT002793,2026-02-08,P048,23.8,23.8,0.0,False,
CNT002794,2026-02-08,P049,9.2,9.2,0.0,False,
CNT002795,2026-02-08,P050,4.0,4.0,0.0,False,
CNT002796,2026-02-08,P051,4.0,4.0,0.0,False,
CNT002797,2026-02-08,P052,4.86,4.86,0.0,False,
CNT002798,2026-02-08,P053,7.22,7.22,0.0,False,
CNT002799,2026-02-08,P054,4.15,4.15,0.0,False,
CNT002800,2026-02-08,P055,4.59,4.59,0.0,False,
CNT002801,2026-02-08,P056,6.64,6.64,0.0,False,
CNT002802,2026-02-08,K001,4.59,4.59,0.0,False,
CNT002803,2026-02-08,K002,3.61,3.61,0.0,False,
CNT002804,2026-02-08,K003,5.62,5.62,0.0,False,
CNT002805,2026-02-08,K004,5.22,5.22,0.0,False,
CNT002806,2026-02-08,K005,4.61,4.61,0.0,False,
CNT002807,2026-02-11,P001,86.4,86.4,0.0,False,
CNT002808,2026-02-11,P002,66.6,66.6,0.0,False,
CNT002809,2026-02-11,P003,65.2,65.2,0.0,False,
CNT002810,2026-02-11,P004,26.6,26.6,0.0,False,
CNT002811,2026-02-11,P005,69.6,69.6,0.0,False,
CNT002812,2026-02-11,P006,45.0,45.0,0.0,False,
CNT002813,2026-02-11,P007,62.4,63.4,1.0,False,
CNT002814,2026-02-11,P008,43.2,43.2,0.0,False,
CNT002815,2026-02-11,P009,5.54,5.54,0.0,False,
CNT002816,2026-02-11,P010,4.43,4.43,0.0,False,
CNT002817,2026-02-11,P011,15.39,15.39,0.0,False,
CNT002818,2026-02-11,P012,3.32,3.32,0.0,False,
CNT002819,2026-02-11,P013,15.39,15.39,0.0,False,
CNT002820,2026-02-11,P014,15.15,18.15,3.0,True,INC-008
CNT002821,2026-02-11,P015,3.83,3.83,0.0,False,
CNT002822,2026-02-11,P016,5.54,5.54,0.0,False,
CNT002823,2026-02-11,P017,4.26,4.26,0.0,False,
CNT002824,2026-02-11,P018,3.83,3.83,0.0,False,
CNT002825,2026-02-11,P019,12.7,12.7,0.0,False,
CNT002826,2026-02-11,P020,9.13,9.13,0.0,False,
CNT002827,2026-02-11,P021,4.94,4.94,0.0,False,
CNT002828,2026-02-11,P022,4.43,4.43,0.0,False,
CNT002829,2026-02-11,P023,4.43,4.15,-0.28,False,
CNT002830,2026-02-11,P024,4.43,3.43,-1.0,False,
CNT002831,2026-02-11,P025,14.95,14.95,0.0,False,
CNT002832,2026-02-11,P026,4.69,4.69,0.0,False,
CNT002833,2026-02-11,P027,15.23,15.23,0.0,False,
CNT002834,2026-02-11,P028,3.4,2.4,-1.0,False,
CNT002835,2026-02-11,P029,13.79,13.79,0.0,False,
CNT002836,2026-02-11,P030,4.09,3.09,-1.0,False,
CNT002837,2026-02-11,P031,11.73,11.73,0.0,False,
CNT002838,2026-02-11,P032,3.23,3.23,0.0,False,
CNT002839,2026-02-11,P033,13.11,13.11,0.0,False,
CNT002840,2026-02-11,P034,5.96,5.96,0.0,False,
CNT002841,2026-02-11,P035,7.49,7.49,0.0,False,
CNT002842,2026-02-11,P036,6.41,6.41,0.0,False,
CNT002843,2026-02-11,P037,14.29,14.47,0.18,False,
CNT002844,2026-02-11,P038,24.87,24.87,0.0,False,
CNT002845,2026-02-11,P039,22.66,22.49,-0.17,False,
CNT002846,2026-02-11,P040,9.6,9.6,0.0,False,
CNT002847,2026-02-11,P041,32.38,32.38,0.0,False,
CNT002848,2026-02-11,P042,12.24,12.24,0.0,False,
CNT002849,2026-02-11,P043,81.0,81.0,0.0,False,
CNT002850,2026-02-11,P044,50.6,50.6,0.0,False,
CNT002851,2026-02-11,P045,65.2,65.2,0.0,False,
CNT002852,2026-02-11,P046,48.02,48.02,0.0,False,
CNT002853,2026-02-11,P047,65.76,65.76,0.0,False,
CNT002854,2026-02-11,P048,40.8,40.8,0.0,False,
CNT002855,2026-02-11,P049,30.2,30.2,0.0,False,
CNT002856,2026-02-11,P050,4.0,4.0,0.0,False,
CNT002857,2026-02-11,P051,4.0,4.0,0.0,False,
CNT002858,2026-02-11,P052,9.5,10.5,1.0,False,
CNT002859,2026-02-11,P053,7.0,7.0,0.0,False,
CNT002860,2026-02-11,P054,9.64,9.64,0.0,False,
CNT002861,2026-02-11,P055,4.38,4.38,0.0,False,
CNT002862,2026-02-11,P056,6.48,6.48,0.0,False,
CNT002863,2026-02-11,K001,5.01,5.01,0.0,False,
CNT002864,2026-02-11,K002,5.07,5.07,0.0,False,
CNT002865,2026-02-11,K003,6.62,6.62,0.0,False,
CNT002866,2026-02-11,K004,5.43,5.43,0.0,False,
CNT002867,2026-02-11,K005,5.1,5.1,0.0,False,
CNT002868,2026-02-15,P001,70.4,70.4,0.0,False,
CNT002869,2026-02-15,P002,55.6,55.6,0.0,False,
CNT002870,2026-02-15,P003,58.2,58.2,0.0,False,
CNT002871,2026-02-15,P004,36.6,36.6,0.0,False,
CNT002872,2026-02-15,P005,60.6,60.6,0.0,False,
CNT002873,2026-02-15,P006,26.0,26.0,0.0,False,
CNT002874,2026-02-15,P007,38.4,38.4,0.0,False,
CNT002875,2026-02-15,P008,34.2,34.2,0.0,False,
CNT002876,2026-02-15,P009,4.25,4.25,0.0,False,
CNT002877,2026-02-15,P010,3.4,3.4,0.0,False,
CNT002878,2026-02-15,P011,12.94,12.94,0.0,False,
CNT002879,2026-02-15,P012,2.72,2.72,0.0,False,
CNT002880,2026-02-15,P013,8.93,8.93,0.0,False,
CNT002881,2026-02-15,P014,10.19,10.19,0.0,False,
CNT002882,2026-02-15,P015,3.23,2.23,-1.0,False,
CNT002883,2026-02-15,P016,4.34,4.34,0.0,False,
CNT002884,2026-02-15,P017,3.66,3.82,0.16,False,
CNT002885,2026-02-15,P018,3.32,3.32,0.0,False,
CNT002886,2026-02-15,P019,10.3,10.3,0.0,False,
CNT002887,2026-02-15,P020,6.73,6.73,0.0,False,
CNT002888,2026-02-15,P021,3.48,3.48,0.0,False,
CNT002889,2026-02-15,P022,3.75,3.75,0.0,False,
CNT002890,2026-02-15,P023,3.66,2.66,-1.0,False,
CNT002891,2026-02-15,P024,3.83,3.83,0.0,False,
CNT002892,2026-02-15,P025,18.71,18.79,0.08,False,
CNT002893,2026-02-15,P026,3.83,3.83,0.0,False,
CNT002894,2026-02-15,P027,14.37,14.37,0.0,False,
CNT002895,2026-02-15,P028,3.06,3.06,0.0,False,
CNT002896,2026-02-15,P029,12.09,12.09,0.0,False,
CNT002897,2026-02-15,P030,3.4,3.4,0.0,False,
CNT002898,2026-02-15,P031,6.85,6.85,0.0,False,
CNT002899,2026-02-15,P032,2.55,2.55,0.0,False,
CNT002900,2026-02-15,P033,17.4,17.4,0.0,False,
CNT002901,2026-02-15,P034,15.6,15.6,0.0,False,
CNT002902,2026-02-15,P035,5.15,5.15,0.0,False,
CNT002903,2026-02-15,P036,4.58,4.58,0.0,False,
CNT002904,2026-02-15,P037,12.62,12.62,0.0,False,
CNT002905,2026-02-15,P038,14.87,14.87,0.0,False,
CNT002906,2026-02-15,P039,13.39,13.39,0.0,False,
CNT002907,2026-02-15,P040,18.6,18.6,0.0,False,
CNT002908,2026-02-15,P041,20.82,20.58,-0.24,False,
CNT002909,2026-02-15,P042,10.04,10.04,0.0,False,
CNT002910,2026-02-15,P043,47.5,47.5,0.0,False,
CNT002911,2026-02-15,P044,40.6,40.6,0.0,False,
CNT002912,2026-02-15,P045,33.2,33.2,0.0,False,
CNT002913,2026-02-15,P046,37.52,37.52,0.0,False,
CNT002914,2026-02-15,P047,29.8,29.8,0.0,False,
CNT002915,2026-02-15,P048,34.8,34.8,0.0,False,
CNT002916,2026-02-15,P049,17.2,17.2,0.0,False,
CNT002917,2026-02-15,P050,4.0,4.0,0.0,False,
CNT002918,2026-02-15,P051,4.0,4.0,0.0,False,
CNT002919,2026-02-15,P052,6.16,6.16,0.0,False,
CNT002920,2026-02-15,P053,6.38,6.38,0.0,False,
CNT002921,2026-02-15,P054,8.17,8.17,0.0,False,
CNT002922,2026-02-15,P055,3.76,3.76,0.0,False,
CNT002923,2026-02-15,P056,6.1,6.1,0.0,False,
CNT002924,2026-02-15,K001,5.4,5.4,0.0,False,
CNT002925,2026-02-15,K002,3.79,3.79,0.0,False,
CNT002926,2026-02-15,K003,6.38,6.38,0.0,False,
CNT002927,2026-02-15,K004,5.17,5.17,0.0,False,
CNT002928,2026-02-15,K005,4.6,4.6,0.0,False,
CNT002929,2026-02-18,P001,70.4,70.4,0.0,False,
CNT002930,2026-02-18,P002,56.6,56.6,0.0,False,
CNT002931,2026-02-18,P003,66.2,66.2,0.0,False,
CNT002932,2026-02-18,P004,28.6,28.6,0.0,False,
CNT002933,2026-02-18,P005,68.6,68.6,0.0,False,
CNT002934,2026-02-18,P006,39.0,39.0,0.0,False,
CNT002935,2026-02-18,P007,50.4,50.4,0.0,False,
CNT002936,2026-02-18,P008,26.2,26.2,0.0,False,
CNT002937,2026-02-18,P009,15.65,15.65,0.0,False,
CNT002938,2026-02-18,P010,14.97,15.18,0.21,False,
CNT002939,2026-02-18,P011,11.74,11.74,0.0,False,
CNT002940,2026-02-18,P012,14.46,14.46,0.0,False,
CNT002941,2026-02-18,P013,18.1,18.1,0.0,False,
CNT002942,2026-02-18,P014,19.88,19.88,0.0,False,
CNT002943,2026-02-18,P015,2.72,2.72,0.0,False,
CNT002944,2026-02-18,P016,3.74,3.74,0.0,False,
CNT002945,2026-02-18,P017,3.4,3.4,0.0,False,
CNT002946,2026-02-18,P018,2.8,2.8,0.0,False,
CNT002947,2026-02-18,P019,8.5,8.34,-0.16,False,
CNT002948,2026-02-18,P020,5.7,5.7,0.0,False,
CNT002949,2026-02-18,P021,14.97,14.97,0.0,False,
CNT002950,2026-02-18,P022,3.23,3.23,0.0,False,
CNT002951,2026-02-18,P023,3.32,2.32,-1.0,False,
CNT002952,2026-02-18,P024,3.66,3.94,0.28,False,
CNT002953,2026-02-18,P025,14.7,14.7,0.0,False,
CNT002954,2026-02-18,P026,3.23,3.23,0.0,False,
CNT002955,2026-02-18,P027,13.86,13.86,0.0,False,
CNT002956,2026-02-18,P028,2.97,2.97,0.0,False,
CNT002957,2026-02-18,P029,11.22,11.34,0.12,False,
CNT002958,2026-02-18,P030,2.98,2.98,0.0,False,
CNT002959,2026-02-18,P031,16.83,16.83,0.0,False,
CNT002960,2026-02-18,P032,14.29,14.29,0.0,False,
CNT002961,2026-02-18,P033,12.6,12.6,0.0,False,
CNT002962,2026-02-18,P034,14.14,14.14,0.0,False,
CNT002963,2026-02-18,P035,4.02,4.02,0.0,False,
CNT002964,2026-02-18,P036,3.69,3.69,0.0,False,
CNT002965,2026-02-18,P037,11.59,11.59,0.0,False,
CNT002966,2026-02-18,P038,23.69,23.69,0.0,False,
CNT002967,2026-02-18,P039,22.22,22.22,0.0,False,
CNT002968,2026-02-18,P040,16.8,16.8,0.0,False,
CNT002969,2026-02-18,P041,25.38,25.38,0.0,False,
CNT002970,2026-02-18,P042,8.84,8.84,0.0,False,
CNT002971,2026-02-18,P043,63.2,63.2,0.0,False,
CNT002972,2026-02-18,P044,48.6,48.6,0.0,False,
CNT002973,2026-02-18,P045,37.2,37.2,0.0,False,
CNT002974,2026-02-18,P046,43.82,43.82,0.0,False,
CNT002975,2026-02-18,P047,61.48,61.48,0.0,False,
CNT002976,2026-02-18,P048,45.8,45.8,0.0,False,
CNT002977,2026-02-18,P049,37.2,37.2,0.0,False,
CNT002978,2026-02-18,P050,4.0,4.0,0.0,False,
CNT002979,2026-02-18,P051,4.0,4.0,0.0,False,
CNT002980,2026-02-18,P052,10.65,10.65,0.0,False,
CNT002981,2026-02-18,P053,6.05,6.05,0.0,False,
CNT002982,2026-02-18,P054,7.46,7.46,0.0,False,
CNT002983,2026-02-18,P055,3.45,3.45,0.0,False,
CNT002984,2026-02-18,P056,5.93,5.93,0.0,False,
CNT002985,2026-02-18,K001,5.2,4.94,-0.26,False,
CNT002986,2026-02-18,K002,3.34,3.34,0.0,False,
CNT002987,2026-02-18,K003,5.73,5.73,0.0,False,
CNT002988,2026-02-18,K004,5.05,5.05,0.0,False,
CNT002989,2026-02-18,K005,4.7,4.7,0.0,False,
CNT002990,2026-02-22,P001,56.4,56.4,0.0,False,
CNT002991,2026-02-22,P002,44.6,44.6,0.0,False,
CNT002992,2026-02-22,P003,62.2,62.2,0.0,False,
CNT002993,2026-02-22,P004,37.6,38.6,1.0,False,
CNT002994,2026-02-22,P005,64.6,64.6,0.0,False,
CNT002995,2026-02-22,P006,47.0,47.0,0.0,False,
CNT002996,2026-02-22,P007,30.4,30.4,0.0,False,
CNT002997,2026-02-22,P008,39.2,39.2,0.0,False,
CNT002998,2026-02-22,P009,14.37,14.37,0.0,False,
CNT002999,2026-02-22,P010,13.95,13.95,0.0,False,
CNT003000,2026-02-22,P011,9.56,9.56,0.0,False,
CNT003001,2026-02-22,P012,13.95,13.95,0.0,False,
CNT003002,2026-02-22,P013,12.56,12.56,0.0,False,
CNT003003,2026-02-22,P014,15.31,15.31,0.0,False,
CNT003004,2026-02-22,P015,14.2,14.2,0.0,False,
CNT003005,2026-02-22,P016,14.45,14.45,0.0,False,
CNT003006,2026-02-22,P017,2.72,2.72,0.0,False,
CNT003007,2026-02-22,P018,14.03,13.82,-0.21,False,
CNT003008,2026-02-22,P019,6.27,6.27,0.0,False,
CNT003009,2026-02-22,P020,15.39,15.39,0.0,False,
CNT003010,2026-02-22,P021,13.68,14.68,1.0,False,
CNT003011,2026-02-22,P022,14.2,13.2,-1.0,False,
CNT003012,2026-02-22,P023,2.63,2.63,0.0,False,
CNT003013,2026-02-22,P024,3.15,3.15,0.0,False,
CNT003014,2026-02-22,P025,19.26,19.26,0.0,False,
CNT003015,2026-02-22,P026,14.29,14.29,0.0,False,
CNT003016,2026-02-22,P027,12.92,12.92,0.0,False,
CNT003017,2026-02-22,P028,2.63,2.63,0.0,False,
CNT003018,2026-02-22,P029,9.65,9.65,0.0,False,
CNT003019,2026-02-22,P030,14.29,14.29,0.0,False,
CNT003020,2026-02-22,P031,11.95,11.95,0.0,False,
CNT003021,2026-02-22,P032,13.78,13.78,0.0,False,
CNT003022,2026-02-22,P033,16.46,16.46,0.0,False,
CNT003023,2026-02-22,P034,12.04,12.04,0.0,False,
CNT003024,2026-02-22,P035,13.7,13.7,0.0,False,
CNT003025,2026-02-22,P036,13.83,13.83,0.0,False,
CNT003026,2026-02-22,P037,10.0,10.0,0.0,False,
CNT003027,2026-02-22,P038,16.37,16.37,0.0,False,
CNT003028,2026-02-22,P039,12.94,12.94,0.0,False,
CNT003029,2026-02-22,P040,13.6,13.6,0.0,False,
CNT003030,2026-02-22,P041,24.54,24.43,-0.11,False,
CNT003031,2026-02-22,P042,6.04,6.04,0.0,False,
CNT003032,2026-02-22,P043,66.2,66.2,0.0,False,
CNT003033,2026-02-22,P044,39.6,39.6,0.0,False,
CNT003034,2026-02-22,P045,32.2,32.2,0.0,False,
CNT003035,2026-02-22,P046,31.02,31.02,0.0,False,
CNT003036,2026-02-22,P047,27.76,27.63,-0.13,False,
CNT003037,2026-02-22,P048,20.8,20.8,0.0,False,
CNT003038,2026-02-22,P049,28.2,28.2,0.0,False,
CNT003039,2026-02-22,P050,4.0,4.0,0.0,False,
CNT003040,2026-02-22,P051,4.0,4.0,0.0,False,
CNT003041,2026-02-22,P052,7.41,7.41,0.0,False,
CNT003042,2026-02-22,P053,5.55,5.55,0.0,False,
CNT003043,2026-02-22,P054,6.07,6.07,0.0,False,
CNT003044,2026-02-22,P055,2.86,2.86,0.0,False,
CNT003045,2026-02-22,P056,5.56,5.56,0.0,False,
CNT003046,2026-02-22,K001,4.34,4.49,0.15,False,
CNT003047,2026-02-22,K002,5.19,5.19,0.0,False,
CNT003048,2026-02-22,K003,5.19,5.19,0.0,False,
CNT003049,2026-02-22,K004,4.9,5.03,0.13,False,
CNT003050,2026-02-22,K005,4.24,4.24,0.0,False,
CNT003051,2026-02-25,P001,86.4,86.4,0.0,False,
CNT003052,2026-02-25,P002,54.6,54.6,0.0,False,
CNT003053,2026-02-25,P003,69.2,69.2,0.0,False,
CNT003054,2026-02-25,P004,31.6,31.6,0.0,False,
CNT003055,2026-02-25,P005,69.6,69.6,0.0,False,
CNT003056,2026-02-25,P006,36.0,36.0,0.0,False,
CNT003057,2026-02-25,P007,46.4,46.4,0.0,False,
CNT003058,2026-02-25,P008,34.2,34.2,0.0,False,
CNT003059,2026-02-25,P009,13.68,13.68,0.0,False,
CNT003060,2026-02-25,P010,13.52,13.44,-0.08,False,
CNT003061,2026-02-25,P011,8.57,8.57,0.0,False,
CNT003062,2026-02-25,P012,13.52,13.52,0.0,False,
CNT003063,2026-02-25,P013,21.84,21.84,0.0,False,
CNT003064,2026-02-25,P014,13.08,13.08,0.0,False,
CNT003065,2026-02-25,P015,13.95,13.95,0.0,False,
CNT003066,2026-02-25,P016,13.85,13.58,-0.27,False,
CNT003067,2026-02-25,P017,14.46,14.46,0.0,False,
CNT003068,2026-02-25,P018,13.78,13.78,0.0,False,
CNT003069,2026-02-25,P019,17.33,17.33,0.0,False,
CNT003070,2026-02-25,P020,14.62,14.62,0.0,False,
CNT003071,2026-02-25,P021,13.17,13.17,0.0,False,
CNT003072,2026-02-25,P022,13.69,13.69,0.0,False,
CNT003073,2026-02-25,P023,14.46,14.46,0.0,False,
CNT003074,2026-02-25,P024,2.89,2.89,0.0,False,
CNT003075,2026-02-25,P025,15.87,15.87,0.0,False,
CNT003076,2026-02-25,P026,13.95,13.95,0.0,False,
CNT003077,2026-02-25,P027,12.49,12.49,0.0,False,
CNT003078,2026-02-25,P028,2.55,2.55,0.0,False,
CNT003079,2026-02-25,P029,8.92,8.92,0.0,False,
CNT003080,2026-02-25,P030,13.95,13.95,0.0,False,
CNT003081,2026-02-25,P031,10.05,10.05,0.0,False,
CNT003082,2026-02-25,P032,13.52,13.52,0.0,False,
CNT003083,2026-02-25,P033,12.51,12.51,0.0,False,
CNT003084,2026-02-25,P034,11.06,11.06,0.0,False,
CNT003085,2026-02-25,P035,12.79,12.79,0.0,False,
CNT003086,2026-02-25,P036,12.98,12.98,0.0,False,
CNT003087,2026-02-25,P037,9.36,9.36,0.0,False,
CNT003088,2026-02-25,P038,23.98,23.98,0.0,False,
CNT003089,2026-02-25,P039,21.04,21.04,0.0,False,
CNT003090,2026-02-25,P040,11.8,11.8,0.0,False,
CNT003091,2026-02-25,P041,29.5,29.5,0.0,False,
CNT003092,2026-02-25,P042,17.24,17.24,0.0,False,
CNT003093,2026-02-25,P043,68.0,67.86,-0.14,False,
CNT003094,2026-02-25,P044,47.6,46.6,-1.0,False,
CNT003095,2026-02-25,P045,45.2,45.2,0.0,False,
CNT003096,2026-02-25,P046,65.62,65.62,0.0,False,
CNT003097,2026-02-25,P047,62.88,62.88,0.0,False,
CNT003098,2026-02-25,P048,33.8,33.8,0.0,False,
CNT003099,2026-02-25,P049,24.2,24.2,0.0,False,
CNT003100,2026-02-25,P050,4.0,4.0,0.0,False,
CNT003101,2026-02-25,P051,4.0,4.0,0.0,False,
CNT003102,2026-02-25,P052,6.2,6.2,0.0,False,
CNT003103,2026-02-25,P053,5.25,5.25,0.0,False,
CNT003104,2026-02-25,P054,5.44,5.44,0.0,False,
CNT003105,2026-02-25,P055,8.61,8.61,0.0,False,
CNT003106,2026-02-25,P056,5.37,5.37,0.0,False,
CNT003107,2026-02-25,K001,4.72,4.72,0.0,False,
CNT003108,2026-02-25,K002,4.64,4.64,0.0,False,
CNT003109,2026-02-25,K003,6.1,6.1,0.0,False,
CNT003110,2026-02-25,K004,6.05,6.05,0.0,False,
CNT003111,2026-02-25,K005,4.67,4.67,0.0,False,
CNT003112,2026-03-01,P001,56.4,56.4,0.0,False,
CNT003113,2026-03-01,P002,39.6,39.6,0.0,False,
CNT003114,2026-03-01,P003,57.2,57.2,0.0,False,
CNT003115,2026-03-01,P004,35.6,35.6,0.0,False,
CNT003116,2026-03-01,P005,56.6,56.6,0.0,False,
CNT003117,2026-03-01,P006,36.0,35.0,-1.0,False,
CNT003118,2026-03-01,P007,47.4,47.4,0.0,False,
CNT003119,2026-03-01,P008,20.2,20.2,0.0,False,
CNT003120,2026-03-01,P009,12.22,12.22,0.0,False,
CNT003121,2026-03-01,P010,12.4,12.23,-0.17,False,
CNT003122,2026-03-01,P011,5.74,5.74,0.0,False,
CNT003123,2026-03-01,P012,12.75,12.75,0.0,False,
CNT003124,2026-03-01,P013,15.17,15.17,0.0,False,
CNT003125,2026-03-01,P014,6.64,6.64,0.0,False,
CNT003126,2026-03-01,P015,13.18,13.18,0.0,False,
CNT003127,2026-03-01,P016,12.31,12.31,0.0,False,
CNT003128,2026-03-01,P017,13.69,13.45,-0.24,False,
CNT003129,2026-03-01,P018,13.0,13.0,0.0,False,
CNT003130,2026-03-01,P019,14.16,14.16,0.0,False,
CNT003131,2026-03-01,P020,11.45,11.45,0.0,False,
CNT003132,2026-03-01,P021,11.79,11.79,0.0,False,
CNT003133,2026-03-01,P022,12.4,12.4,0.0,False,
CNT003134,2026-03-01,P023,13.6,13.6,0.0,False,
CNT003135,2026-03-01,P024,14.03,14.03,0.0,False,
CNT003136,2026-03-01,P025,18.12,18.12,0.0,False,
CNT003137,2026-03-01,P026,12.66,12.66,0.0,False,
CNT003138,2026-03-01,P027,11.2,11.2,0.0,False,
CNT003139,2026-03-01,P028,14.2,14.2,0.0,False,
CNT003140,2026-03-01,P029,6.75,6.75,0.0,False,
CNT003141,2026-03-01,P030,13.09,13.09,0.0,False,
CNT003142,2026-03-01,P031,16.97,16.97,0.0,False,
CNT003143,2026-03-01,P032,12.75,12.75,0.0,False,
CNT003144,2026-03-01,P033,15.69,15.69,0.0,False,
CNT003145,2026-03-01,P034,8.4,8.4,0.0,False,
CNT003146,2026-03-01,P035,10.18,10.18,0.0,False,
CNT003147,2026-03-01,P036,10.78,10.78,0.0,False,
CNT003148,2026-03-01,P037,7.22,7.22,0.0,False,
CNT003149,2026-03-01,P038,13.49,13.49,0.0,False,
CNT003150,2026-03-01,P039,11.04,10.8,-0.24,False,
CNT003151,2026-03-01,P040,7.4,7.4,0.0,False,
CNT003152,2026-03-01,P041,15.06,15.06,0.0,False,
CNT003153,2026-03-01,P042,15.04,15.04,0.0,False,
CNT003154,2026-03-01,P043,25.3,25.3,0.0,False,
CNT003155,2026-03-01,P044,31.6,31.6,0.0,False,
CNT003156,2026-03-01,P045,33.2,33.06,-0.14,False,
CNT003157,2026-03-01,P046,29.02,28.02,-1.0,False,
CNT003158,2026-03-01,P047,26.64,26.64,0.0,False,
CNT003159,2026-03-01,P048,30.8,30.8,0.0,False,
CNT003160,2026-03-01,P049,10.2,10.2,0.0,False,
CNT003161,2026-03-01,P050,4.0,4.0,0.0,False,
CNT003162,2026-03-01,P051,4.0,3.8,-0.2,False,
CNT003163,2026-03-01,P052,8.4,8.4,0.0,False,
CNT003164,2026-03-01,P053,4.58,4.58,0.0,False,
CNT003165,2026-03-01,P054,3.7,3.7,0.0,False,
CNT003166,2026-03-01,P055,7.88,7.88,0.0,False,
CNT003167,2026-03-01,P056,4.89,4.89,0.0,False,
CNT003168,2026-03-01,K001,4.29,4.29,0.0,False,
CNT003169,2026-03-01,K002,4.05,4.05,0.0,False,
CNT003170,2026-03-01,K003,5.06,5.06,0.0,False,
CNT003171,2026-03-01,K004,5.03,5.03,0.0,False,
CNT003172,2026-03-01,K005,3.71,3.71,0.0,False,
CNT003173,2026-03-04,P001,85.4,85.4,0.0,False,
CNT003174,2026-03-04,P002,69.6,69.6,0.0,False,
CNT003175,2026-03-04,P003,64.2,63.2,-1.0,False,
CNT003176,2026-03-04,P004,27.6,27.6,0.0,False,
CNT003177,2026-03-04,P005,61.6,61.6,0.0,False,
CNT003178,2026-03-04,P006,49.0,49.0,0.0,False,
CNT003179,2026-03-04,P007,37.4,37.4,0.0,False,
CNT003180,2026-03-04,P008,39.2,39.2,0.0,False,
CNT003181,2026-03-04,P009,11.62,11.62,0.0,False,
CNT003182,2026-03-04,P010,11.72,11.61,-0.11,False,
CNT003183,2026-03-04,P011,16.46,16.46,0.0,False,
CNT003184,2026-03-04,P012,12.32,12.32,0.0,False,
CNT003185,2026-03-04,P013,11.98,11.98,0.0,False,
CNT003186,2026-03-04,P014,15.52,15.52,0.0,False,
CNT003187,2026-03-04,P015,12.83,12.83,0.0,False,
CNT003188,2026-03-04,P016,11.71,11.71,0.0,False,
CNT003189,2026-03-04,P017,13.43,13.43,0.0,False,
CNT003190,2026-03-04,P018,12.75,12.75,0.0,False,
CNT003191,2026-03-04,P019,13.05,13.05,0.0,False,
CNT003192,2026-03-04,P020,10.33,10.33,0.0,False,
CNT003193,2026-03-04,P021,11.11,11.11,0.0,False,
CNT003194,2026-03-04,P022,11.89,11.89,0.0,False,
CNT003195,2026-03-04,P023,13.26,13.26,0.0,False,
CNT003196,2026-03-04,P024,13.6,13.6,0.0,False,
CNT003197,2026-03-04,P025,13.36,13.36,0.0,False,
CNT003198,2026-03-04,P026,11.97,11.97,0.0,False,
CNT003199,2026-03-04,P027,10.52,10.52,0.0,False,
CNT003200,2026-03-04,P028,14.03,14.03,0.0,False,
CNT003201,2026-03-04,P029,5.76,5.76,0.0,False,
CNT003202,2026-03-04,P030,12.83,12.83,0.0,False,
CNT003203,2026-03-04,P031,15.12,15.12,0.0,False,
CNT003204,2026-03-04,P032,12.49,12.49,0.0,False,
CNT003205,2026-03-04,P033,23.49,23.49,0.0,False,
CNT003206,2026-03-04,P034,7.03,7.03,0.0,False,
CNT003207,2026-03-04,P035,9.14,9.14,0.0,False,
CNT003208,2026-03-04,P036,9.75,9.9,0.15,False,
CNT003209,2026-03-04,P037,6.27,6.27,0.0,False,
CNT003210,2026-03-04,P038,21.83,21.6,-0.23,False,
CNT003211,2026-03-04,P039,17.42,17.42,0.0,False,
CNT003212,2026-03-04,P040,17.4,17.4,0.0,False,
CNT003213,2026-03-04,P041,20.3,20.3,0.0,False,
CNT003214,2026-03-04,P042,13.84,13.84,0.0,False,
CNT003215,2026-03-04,P043,71.9,71.9,0.0,False,
CNT003216,2026-03-04,P044,57.6,57.6,0.0,False,
CNT003217,2026-03-04,P045,42.2,42.2,0.0,False,
CNT003218,2026-03-04,P046,59.82,59.82,0.0,False,
CNT003219,2026-03-04,P047,57.02,57.02,0.0,False,
CNT003220,2026-03-04,P048,39.8,39.8,0.0,False,
CNT003221,2026-03-04,P049,27.2,27.2,0.0,False,
CNT003222,2026-03-04,P050,4.0,4.0,0.0,False,
CNT003223,2026-03-04,P051,4.0,4.0,0.0,False,
CNT003224,2026-03-04,P052,6.75,6.75,0.0,False,
CNT003225,2026-03-04,P053,4.22,4.22,0.0,False,
CNT003226,2026-03-04,P054,8.83,8.83,0.0,False,
CNT003227,2026-03-04,P055,7.5,7.5,0.0,False,
CNT003228,2026-03-04,P056,4.67,4.67,0.0,False,
CNT003229,2026-03-04,K001,5.28,5.28,0.0,False,
CNT003230,2026-03-04,K002,4.51,4.51,0.0,False,
CNT003231,2026-03-04,K003,6.36,6.36,0.0,False,
CNT003232,2026-03-04,K004,5.87,5.87,0.0,False,
CNT003233,2026-03-04,K005,5.19,5.19,0.0,False,
CNT003234,2026-03-08,P001,64.4,64.4,0.0,False,
CNT003235,2026-03-08,P002,57.6,57.6,0.0,False,
CNT003236,2026-03-08,P003,59.2,59.2,0.0,False,
CNT003237,2026-03-08,P004,33.6,33.6,0.0,False,
CNT003238,2026-03-08,P005,50.6,50.6,0.0,False,
CNT003239,2026-03-08,P006,25.0,25.0,0.0,False,
CNT003240,2026-03-08,P007,39.4,39.4,0.0,False,
CNT003241,2026-03-08,P008,27.2,27.2,0.0,False,
CNT003242,2026-03-08,P009,9.99,9.99,0.0,False,
CNT003243,2026-03-08,P010,10.69,10.69,0.0,False,
CNT003244,2026-03-08,P011,14.1,14.1,0.0,False,
CNT003245,2026-03-08,P012,11.63,11.83,0.2,False,
CNT003246,2026-03-08,P013,17.35,17.35,0.0,False,
CNT003247,2026-03-08,P014,9.78,9.78,0.0,False,
CNT003248,2026-03-08,P015,12.23,12.23,0.0,False,
CNT003249,2026-03-08,P016,10.34,10.34,0.0,False,
CNT003250,2026-03-08,P017,12.83,12.83,0.0,False,
CNT003251,2026-03-08,P018,12.06,11.76,-0.3,False,
CNT003252,2026-03-08,P019,9.96,9.96,0.0,False,
CNT003253,2026-03-08,P020,8.19,7.19,-1.0,False,
CNT003254,2026-03-08,P021,9.57,9.57,0.0,False,
CNT003255,2026-03-08,P022,10.43,10.43,0.0,False,
CNT003256,2026-03-08,P023,12.58,12.87,0.29,False,
CNT003257,2026-03-08,P024,13.0,13.0,0.0,False,
CNT003258,2026-03-08,P025,15.28,15.41,0.13,False,
CNT003259,2026-03-08,P026,11.03,11.03,0.0,False,
CNT003260,2026-03-08,P027,9.57,9.68,0.11,False,
CNT003261,2026-03-08,P028,13.69,13.69,0.0,False,
CNT003262,2026-03-08,P029,3.54,3.54,0.0,False,
CNT003263,2026-03-08,P030,12.15,12.34,0.19,False,
CNT003264,2026-03-08,P031,9.62,9.62,0.0,False,
CNT003265,2026-03-08,P032,11.89,11.89,0.0,False,
CNT003266,2026-03-08,P033,14.49,14.49,0.0,False,
CNT003267,2026-03-08,P034,4.76,4.76,0.0,False,
CNT003268,2026-03-08,P035,6.4,6.11,-0.29,False,
CNT003269,2026-03-08,P036,7.49,7.49,0.0,False,
CNT003270,2026-03-08,P037,4.6,4.6,0.0,False,
CNT003271,2026-03-08,P038,12.8,12.8,0.0,False,
CNT003272,2026-03-08,P039,19.18,19.18,0.0,False,
CNT003273,2026-03-08,P040,12.8,12.8,0.0,False,
CNT003274,2026-03-08,P041,17.94,17.94,0.0,False,
CNT003275,2026-03-08,P042,11.64,11.64,0.0,False,
CNT003276,2026-03-08,P043,34.4,34.4,0.0,False,
CNT003277,2026-03-08,P044,16.6,16.6,0.0,False,
CNT003278,2026-03-08,P045,33.2,33.2,0.0,False,
CNT003279,2026-03-08,P046,19.52,19.52,0.0,False,
CNT003280,2026-03-08,P047,16.76,16.76,0.0,False,
CNT003281,2026-03-08,P048,36.8,36.8,0.0,False,
CNT003282,2026-03-08,P049,14.2,14.2,0.0,False,
CNT003283,2026-03-08,P050,4.0,4.28,0.28,False,
CNT003284,2026-03-08,P051,4.0,4.0,0.0,False,
CNT003285,2026-03-08,P052,8.58,8.58,0.0,False,
CNT003286,2026-03-08,P053,3.6,3.6,0.0,False,
CNT003287,2026-03-08,P054,6.94,6.94,0.0,False,
CNT003288,2026-03-08,P055,6.7,6.7,0.0,False,
CNT003289,2026-03-08,P056,4.18,4.18,0.0,False,
CNT003290,2026-03-08,K001,4.02,3.86,-0.16,False,
CNT003291,2026-03-08,K002,4.03,4.03,0.0,False,
CNT003292,2026-03-08,K003,5.33,5.33,0.0,False,
CNT003293,2026-03-08,K004,4.26,4.26,0.0,False,
CNT003294,2026-03-08,K005,4.47,4.47,0.0,False,
CNT003295,2026-03-11,P001,64.4,64.4,0.0,False,
CNT003296,2026-03-11,P002,70.6,70.6,0.0,False,
CNT003297,2026-03-11,P003,64.2,64.2,0.0,False,
CNT003298,2026-03-11,P004,29.6,29.46,-0.14,False,
CNT003299,2026-03-11,P005,51.6,51.6,0.0,False,
CNT003300,2026-03-11,P006,39.0,39.0,0.0,False,
CNT003301,2026-03-11,P007,55.4,55.4,0.0,False,
CNT003302,2026-03-11,P008,20.2,19.93,-0.27,False,
CNT003303,2026-03-11,P009,9.22,9.22,0.0,False,
CNT003304,2026-03-11,P010,10.26,10.26,0.0,False,
CNT003305,2026-03-11,P011,12.56,12.62,0.06,False,
CNT003306,2026-03-11,P012,11.29,11.29,0.0,False,
CNT003307,2026-03-11,P013,14.37,14.37,0.0,False,
CNT003308,2026-03-11,P014,18.92,18.92,0.0,False,
CNT003309,2026-03-11,P015,11.89,11.89,0.0,False,
CNT003310,2026-03-11,P016,9.74,9.74,0.0,False,
CNT003311,2026-03-11,P017,12.58,12.58,0.0,False,
CNT003312,2026-03-11,P018,11.8,11.8,0.0,False,
CNT003313,2026-03-11,P019,8.76,8.76,0.0,False,
CNT003314,2026-03-11,P020,7.25,7.25,0.0,False,
CNT003315,2026-03-11,P021,8.71,8.71,0.0,False,
CNT003316,2026-03-11,P022,9.83,9.83,0.0,False,
CNT003317,2026-03-11,P023,12.23,12.23,0.0,False,
CNT003318,2026-03-11,P024,12.66,12.66,0.0,False,
CNT003319,2026-03-11,P025,23.05,23.05,0.0,False,
CNT003320,2026-03-11,P026,10.52,10.52,0.0,False,
CNT003321,2026-03-11,P027,9.06,9.06,0.0,False,
CNT003322,2026-03-11,P028,13.52,13.52,0.0,False,
CNT003323,2026-03-11,P029,14.6,14.6,0.0,False,
CNT003324,2026-03-11,P030,11.8,11.8,0.0,False,
CNT003325,2026-03-11,P031,18.9,18.9,0.0,False,
CNT003326,2026-03-11,P032,11.55,11.55,0.0,False,
CNT003327,2026-03-11,P033,21.34,21.34,0.0,False,
CNT003328,2026-03-11,P034,15.3,14.3,-1.0,False,
CNT003329,2026-03-11,P035,4.97,5.15,0.18,False,
CNT003330,2026-03-11,P036,6.32,6.32,0.0,False,
CNT003331,2026-03-11,P037,3.49,3.49,0.0,False,
CNT003332,2026-03-11,P038,20.41,21.41,1.0,False,
CNT003333,2026-03-11,P039,14.3,13.3,-1.0,False,
CNT003334,2026-03-11,P040,10.4,10.4,0.0,False,
CNT003335,2026-03-11,P041,9.94,9.94,0.0,False,
CNT003336,2026-03-11,P042,10.64,10.64,0.0,False,
CNT003337,2026-03-11,P043,88.2,87.2,-1.0,False,
CNT003338,2026-03-11,P044,42.6,42.6,0.0,False,
CNT003339,2026-03-11,P045,43.2,43.2,0.0,False,
CNT003340,2026-03-11,P046,50.22,50.22,0.0,False,
CNT003341,2026-03-11,P047,45.5,45.5,0.0,False,
CNT003342,2026-03-11,P048,47.8,47.8,0.0,False,
CNT003343,2026-03-11,P049,31.2,31.2,0.0,False,
CNT003344,2026-03-11,P050,4.0,4.0,0.0,False,
CNT003345,2026-03-11,P051,4.0,4.0,0.0,False,
CNT003346,2026-03-11,P052,6.79,6.79,0.0,False,
CNT003347,2026-03-11,P053,3.3,3.3,0.0,False,
CNT003348,2026-03-11,P054,6.19,6.34,0.15,False,
CNT003349,2026-03-11,P055,6.41,6.41,0.0,False,
CNT003350,2026-03-11,P056,3.95,3.95,0.0,False,
CNT003351,2026-03-11,K001,4.94,4.94,0.0,False,
CNT003352,2026-03-11,K002,4.54,4.54,0.0,False,
CNT003353,2026-03-11,K003,6.41,6.26,-0.15,False,
CNT003354,2026-03-11,K004,6.1,6.19,0.09,False,
CNT003355,2026-03-11,K005,4.71,4.71,0.0,False,
CNT003356,2026-03-15,P001,61.4,61.4,0.0,False,
CNT003357,2026-03-15,P002,51.6,51.6,0.0,False,
CNT003358,2026-03-15,P003,52.2,52.2,0.0,False,
CNT003359,2026-03-15,P004,35.6,35.6,0.0,False,
CNT003360,2026-03-15,P005,57.6,58.6,1.0,False,
CNT003361,2026-03-15,P006,42.0,42.0,0.0,False,
CNT003362,2026-03-15,P007,51.4,51.4,0.0,False,
CNT003363,2026-03-15,P008,29.2,29.2,0.0,False,
CNT003364,2026-03-15,P009,7.51,7.51,0.0,False,
CNT003365,2026-03-15,P010,9.15,9.15,0.0,False,
CNT003366,2026-03-15,P011,9.56,9.56,0.0,False,
CNT003367,2026-03-15,P012,10.43,10.43,0.0,False,
CNT003368,2026-03-15,P013,7.1,7.1,0.0,False,
CNT003369,2026-03-15,P014,12.11,12.11,0.0,False,
CNT003370,2026-03-15,P015,11.03,11.03,0.0,False,
CNT003371,2026-03-15,P016,7.77,7.77,0.0,False,
CNT003372,2026-03-15,P017,11.72,11.72,0.0,False,
CNT003373,2026-03-15,P018,10.95,10.95,0.0,False,
CNT003374,2026-03-15,P019,6.02,6.02,0.0,False,
CNT003375,2026-03-15,P020,4.59,4.59,0.0,False,
CNT003376,2026-03-15,P021,6.99,6.99,0.0,False,
CNT003377,2026-03-15,P022,8.63,8.63,0.0,False,
CNT003378,2026-03-15,P023,11.29,11.29,0.0,False,
CNT003379,2026-03-15,P024,11.72,11.72,0.0,False,
CNT003380,2026-03-15,P025,11.91,11.91,0.0,False,
CNT003381,2026-03-15,P026,9.4,9.4,0.0,False,
CNT003382,2026-03-15,P027,7.95,7.95,0.0,False,
CNT003383,2026-03-15,P028,13.09,13.09,0.0,False,
CNT003384,2026-03-15,P029,12.56,12.56,0.0,False,
CNT003385,2026-03-15,P030,11.03,11.03,0.0,False,
CNT003386,2026-03-15,P031,12.79,12.79,0.0,False,
CNT003387,2026-03-15,P032,10.78,10.78,0.0,False,
CNT003388,2026-03-15,P033,10.89,10.89,0.0,False,
CNT003389,2026-03-15,P034,12.21,12.21,0.0,False,
CNT003390,2026-03-15,P035,13.99,13.86,-0.13,False,
CNT003391,2026-03-15,P036,3.75,3.75,0.0,False,
CNT003392,2026-03-15,P037,13.26,13.26,0.0,False,
CNT003393,2026-03-15,P038,11.38,11.38,0.0,False,
CNT003394,2026-03-15,P039,15.8,15.8,0.0,False,
CNT003395,2026-03-15,P040,5.4,5.4,0.0,False,
CNT003396,2026-03-15,P041,17.82,17.82,0.0,False,
CNT003397,2026-03-15,P042,7.24,7.24,0.0,False,
CNT003398,2026-03-15,P043,39.6,39.6,0.0,False,
CNT003399,2026-03-15,P044,21.6,21.6,0.0,False,
CNT003400,2026-03-15,P045,28.2,28.2,0.0,False,
CNT003401,2026-03-15,P046,35.82,35.82,0.0,False,
CNT003402,2026-03-15,P047,28.62,28.62,0.0,False,
CNT003403,2026-03-15,P048,8.8,8.8,0.0,False,
CNT003404,2026-03-15,P049,17.2,17.2,0.0,False,
CNT003405,2026-03-15,P050,4.0,4.0,0.0,False,
CNT003406,2026-03-15,P051,4.0,4.0,0.0,False,
CNT003407,2026-03-15,P052,8.29,8.29,0.0,False,
CNT003408,2026-03-15,P053,2.65,2.65,0.0,False,
CNT003409,2026-03-15,P054,4.15,4.15,0.0,False,
CNT003410,2026-03-15,P055,5.54,5.54,0.0,False,
CNT003411,2026-03-15,P056,3.41,3.41,0.0,False,
CNT003412,2026-03-15,K001,4.75,4.5,-0.25,False,
CNT003413,2026-03-15,K002,3.55,3.55,0.0,False,
CNT003414,2026-03-15,K003,6.03,6.03,0.0,False,
CNT003415,2026-03-15,K004,5.25,5.12,-0.13,False,
CNT003416,2026-03-15,K005,3.92,3.92,0.0,False,
CNT003417,2026-03-18,P001,80.4,80.4,0.0,False,
CNT003418,2026-03-18,P002,55.6,55.6,0.0,False,
CNT003419,2026-03-18,P003,56.2,56.2,0.0,False,
CNT003420,2026-03-18,P004,26.6,26.38,-0.22,False,
CNT003421,2026-03-18,P005,65.6,65.6,0.0,False,
CNT003422,2026-03-18,P006,54.0,54.0,0.0,False,
CNT003423,2026-03-18,P007,41.4,41.4,0.0,False,
CNT003424,2026-03-18,P008,24.2,24.2,0.0,False,
CNT003425,2026-03-18,P009,7.0,8.0,1.0,False,
CNT003426,2026-03-18,P010,8.55,8.55,0.0,False,
CNT003427,2026-03-18,P011,8.4,8.4,0.0,False,
CNT003428,2026-03-18,P012,10.0,10.0,0.0,False,
CNT003429,2026-03-18,P013,15.58,15.58,0.0,False,
CNT003430,2026-03-18,P014,9.78,9.78,0.0,False,
CNT003431,2026-03-18,P015,10.78,10.78,0.0,False,
CNT003432,2026-03-18,P016,7.17,7.17,0.0,False,
CNT003433,2026-03-18,P017,11.38,11.38,0.0,False,
CNT003434,2026-03-18,P018,10.6,10.6,0.0,False,
CNT003435,2026-03-18,P019,16.22,16.22,0.0,False,
CNT003436,2026-03-18,P020,15.05,15.05,0.0,False,
CNT003437,2026-03-18,P021,6.39,6.39,0.0,False,
CNT003438,2026-03-18,P022,8.2,8.2,0.0,False,
CNT003439,2026-03-18,P023,11.03,11.03,0.0,False,
CNT003440,2026-03-18,P024,11.2,11.2,0.0,False,
CNT003441,2026-03-18,P025,18.82,17.82,-1.0,False,
CNT003442,2026-03-18,P026,8.97,9.04,0.07,False,
CNT003443,2026-03-18,P027,7.52,7.52,0.0,False,
CNT003444,2026-03-18,P028,12.83,12.83,0.0,False,
CNT003445,2026-03-18,P029,11.67,11.67,0.0,False,
CNT003446,2026-03-18,P030,10.6,10.6,0.0,False,
CNT003447,2026-03-18,P031,10.09,10.09,0.0,False,
CNT003448,2026-03-18,P032,10.35,10.35,0.0,False,
CNT003449,2026-03-18,P033,17.14,17.14,0.0,False,
CNT003450,2026-03-18,P034,10.8,10.8,0.0,False,
CNT003451,2026-03-18,P035,12.66,12.66,0.0,False,
CNT003452,2026-03-18,P036,14.95,14.95,0.0,False,
CNT003453,2026-03-18,P037,12.36,11.36,-1.0,False,
CNT003454,2026-03-18,P038,18.01,18.01,0.0,False,
CNT003455,2026-03-18,P039,10.92,10.92,0.0,False,
CNT003456,2026-03-18,P040,3.4,3.4,0.0,False,
CNT003457,2026-03-18,P041,20.26,20.26,0.0,False,
CNT003458,2026-03-18,P042,5.84,5.84,0.0,False,
CNT003459,2026-03-18,P043,84.8,84.8,0.0,False,
CNT003460,2026-03-18,P044,54.6,54.6,0.0,False,
CNT003461,2026-03-18,P045,39.2,40.2,1.0,False,
CNT003462,2026-03-18,P046,45.92,45.73,-0.19,False,
CNT003463,2026-03-18,P047,59.92,59.92,0.0,False,
CNT003464,2026-03-18,P048,42.8,42.8,0.0,False,
CNT003465,2026-03-18,P049,34.2,34.2,0.0,False,
CNT003466,2026-03-18,P050,4.0,3.89,-0.11,False,
CNT003467,2026-03-18,P051,4.0,4.0,0.0,False,
CNT003468,2026-03-18,P052,6.46,6.46,0.0,False,
CNT003469,2026-03-18,P053,8.2,8.2,0.0,False,
CNT003470,2026-03-18,P054,9.37,9.37,0.0,False,
CNT003471,2026-03-18,P055,5.17,5.17,0.0,False,
CNT003472,2026-03-18,P056,3.26,3.26,0.0,False,
CNT003473,2026-03-18,K001,5.59,5.59,0.0,False,
CNT003474,2026-03-18,K002,4.68,4.68,0.0,False,
CNT003475,2026-03-18,K003,6.37,6.37,0.0,False,
CNT003476,2026-03-18,K004,5.02,5.02,0.0,False,
CNT003477,2026-03-18,K005,4.92,4.92,0.0,False,
CNT003478,2026-03-22,P001,57.4,57.4,0.0,False,
CNT003479,2026-03-22,P002,65.6,65.6,0.0,False,
CNT003480,2026-03-22,P003,50.2,50.2,0.0,False,
CNT003481,2026-03-22,P004,32.6,32.6,0.0,False,
CNT003482,2026-03-22,P005,23.6,23.6,0.0,False,
CNT003483,2026-03-22,P006,28.0,28.0,0.0,False,
CNT003484,2026-03-22,P007,39.4,39.4,0.0,False,
CNT003485,2026-03-22,P008,34.2,34.2,0.0,False,
CNT003486,2026-03-22,P009,5.02,5.02,0.0,False,
CNT003487,2026-03-22,P010,7.43,7.43,0.0,False,
CNT003488,2026-03-22,P011,5.27,5.27,0.0,False,
CNT003489,2026-03-22,P012,9.15,9.15,0.0,False,
CNT003490,2026-03-22,P013,8.66,8.66,0.0,False,
CNT003491,2026-03-22,P014,15.24,15.24,0.0,False,
CNT003492,2026-03-22,P015,9.92,9.92,0.0,False,
CNT003493,2026-03-22,P016,5.45,5.45,0.0,False,
CNT003494,2026-03-22,P017,10.6,10.6,0.0,False,
CNT003495,2026-03-22,P018,9.92,9.92,0.0,False,
CNT003496,2026-03-22,P019,13.13,13.13,0.0,False,
CNT003497,2026-03-22,P020,12.05,12.05,0.0,False,
CNT003498,2026-03-22,P021,4.77,4.77,0.0,False,
CNT003499,2026-03-22,P022,7.35,7.35,0.0,False,
CNT003500,2026-03-22,P023,10.35,10.35,0.0,False,
CNT003501,2026-03-22,P024,10.52,10.52,0.0,False,
CNT003502,2026-03-22,P025,7.84,7.84,0.0,False,
CNT003503,2026-03-22,P026,7.95,7.95,0.0,False,
CNT003504,2026-03-22,P027,6.23,6.23,0.0,False,
CNT003505,2026-03-22,P028,12.57,12.57,0.0,False,
CNT003506,2026-03-22,P029,9.58,9.34,-0.24,False,
CNT003507,2026-03-22,P030,9.83,9.83,0.0,False,
CNT003508,2026-03-22,P031,4.09,3.97,-0.12,False,
CNT003509,2026-03-22,P032,9.49,9.49,0.0,False,
CNT003510,2026-03-22,P033,18.43,18.43,0.0,False,
CNT003511,2026-03-22,P034,7.67,7.67,0.0,False,
CNT003512,2026-03-22,P035,9.83,9.77,-0.06,False,
CNT003513,2026-03-22,P036,12.49,12.49,0.0,False,
CNT003514,2026-03-22,P037,10.0,10.0,0.0,False,
CNT003515,2026-03-22,P038,19.77,19.77,0.0,False,
CNT003516,2026-03-22,P039,24.43,24.52,0.09,False,
CNT003517,2026-03-22,P040,22.8,22.8,0.0,False,
CNT003518,2026-03-22,P041,15.02,15.02,0.0,False,
CNT003519,2026-03-22,P042,14.84,14.84,0.0,False,
CNT003520,2026-03-22,P043,35.4,35.4,0.0,False,
CNT003521,2026-03-22,P044,39.6,39.6,0.0,False,
CNT003522,2026-03-22,P045,27.2,27.2,0.0,False,
CNT003523,2026-03-22,P046,24.82,24.82,0.0,False,
CNT003524,2026-03-22,P047,20.68,20.68,0.0,False,
CNT003525,2026-03-22,P048,35.8,36.07,0.27,False,
CNT003526,2026-03-22,P049,19.2,19.2,0.0,False,
CNT003527,2026-03-22,P050,4.0,4.0,0.0,False,
CNT003528,2026-03-22,P051,4.0,4.0,0.0,False,
CNT003529,2026-03-22,P052,8.08,8.08,0.0,False,
CNT003530,2026-03-22,P053,7.6,7.6,0.0,False,
CNT003531,2026-03-22,P054,7.34,7.34,0.0,False,
CNT003532,2026-03-22,P055,4.31,4.31,0.0,False,
CNT003533,2026-03-22,P056,2.73,2.73,0.0,False,
CNT003534,2026-03-22,K001,4.37,4.37,0.0,False,
CNT003535,2026-03-22,K002,4.07,4.07,0.0,False,
CNT003536,2026-03-22,K003,5.77,5.77,0.0,False,
CNT003537,2026-03-22,K004,5.14,5.14,0.0,False,
CNT003538,2026-03-22,K005,4.18,4.18,0.0,False,
CNT003539,2026-03-25,P001,63.4,63.4,0.0,False,
CNT003540,2026-03-25,P002,52.6,52.6,0.0,False,
CNT003541,2026-03-25,P003,59.2,59.11,-0.09,False,
CNT003542,2026-03-25,P004,24.6,24.6,0.0,False,
CNT003543,2026-03-25,P005,51.6,51.6,0.0,False,
CNT003544,2026-03-25,P006,47.0,47.0,0.0,False,
CNT003545,2026-03-25,P007,51.4,51.4,0.0,False,
CNT003546,2026-03-25,P008,29.2,29.2,0.0,False,
CNT003547,2026-03-25,P009,4.51,4.51,0.0,False,
CNT003548,2026-03-25,P010,6.92,6.92,0.0,False,
CNT003549,2026-03-25,P011,16.29,16.29,0.0,False,
CNT003550,2026-03-25,P012,8.98,8.98,0.0,False,
CNT003551,2026-03-25,P013,17.61,17.8,0.19,False,
CNT003552,2026-03-25,P014,12.51,12.66,0.15,False,
CNT003553,2026-03-25,P015,9.58,9.58,0.0,False,
CNT003554,2026-03-25,P016,4.77,4.77,0.0,False,
CNT003555,2026-03-25,P017,10.26,10.26,0.0,False,
CNT003556,2026-03-25,P018,9.58,9.58,0.0,False,
CNT003557,2026-03-25,P019,12.02,12.02,0.0,False,
CNT003558,2026-03-25,P020,11.28,11.28,0.0,False,
CNT003559,2026-03-25,P021,3.99,3.99,0.0,False,
CNT003560,2026-03-25,P022,7.0,7.0,0.0,False,
CNT003561,2026-03-25,P023,10.0,10.0,0.0,False,
CNT003562,2026-03-25,P024,10.26,10.26,0.0,False,
CNT003563,2026-03-25,P025,15.15,15.15,0.0,False,
CNT003564,2026-03-25,P026,7.52,7.52,0.0,False,
CNT003565,2026-03-25,P027,5.89,5.89,0.0,False,
CNT003566,2026-03-25,P028,12.4,12.4,0.0,False,
CNT003567,2026-03-25,P029,8.58,8.58,0.0,False,
CNT003568,2026-03-25,P030,9.58,9.83,0.25,False,
CNT003569,2026-03-25,P031,13.52,13.61,0.09,False,
CNT003570,2026-03-25,P032,9.06,9.06,0.0,False,
CNT003571,2026-03-25,P033,14.31,14.31,0.0,False,
CNT003572,2026-03-25,P034,6.69,6.58,-0.11,False,
CNT003573,2026-03-25,P035,8.59,8.59,0.0,False,
CNT003574,2026-03-25,P036,11.41,11.41,0.0,False,
CNT003575,2026-03-25,P037,9.27,9.27,0.0,False,
CNT003576,2026-03-25,P038,15.13,15.13,0.0,False,
CNT003577,2026-03-25,P039,20.04,20.04,0.0,False,
CNT003578,2026-03-25,P040,21.8,21.8,0.0,False,
CNT003579,2026-03-25,P041,20.26,20.26,0.0,False,
CNT003580,2026-03-25,P042,13.64,13.64,0.0,False,
CNT003581,2026-03-25,P043,78.0,78.0,0.0,False,
CNT003582,2026-03-25,P044,47.6,47.6,0.0,False,
CNT003583,2026-03-25,P045,30.2,30.2,0.0,False,
CNT003584,2026-03-25,P046,51.82,51.82,0.0,False,
CNT003585,2026-03-25,P047,49.3,49.3,0.0,False,
CNT003586,2026-03-25,P048,44.8,44.8,0.0,False,
CNT003587,2026-03-25,P049,38.2,38.2,0.0,False,
CNT003588,2026-03-25,P050,4.0,4.0,0.0,False,
CNT003589,2026-03-25,P051,4.0,4.0,0.0,False,
CNT003590,2026-03-25,P052,6.18,6.18,0.0,False,
CNT003591,2026-03-25,P053,7.25,7.25,0.0,False,
CNT003592,2026-03-25,P054,6.51,6.51,0.0,False,
CNT003593,2026-03-25,P055,3.95,3.95,0.0,False,
CNT003594,2026-03-25,P056,2.52,2.52,0.0,False,
CNT003595,2026-03-25,K001,3.58,3.58,0.0,False,
CNT003596,2026-03-25,K002,4.57,4.57,0.0,False,
CNT003597,2026-03-25,K003,6.36,6.36,0.0,False,
CNT003598,2026-03-25,K004,6.02,6.02,0.0,False,
CNT003599,2026-03-25,K005,4.35,4.35,0.0,False,
CNT003600,2026-03-29,P001,67.4,67.4,0.0,False,
CNT003601,2026-03-29,P002,40.6,40.6,0.0,False,
CNT003602,2026-03-29,P003,51.2,51.2,0.0,False,
CNT003603,2026-03-29,P004,32.6,32.6,0.0,False,
CNT003604,2026-03-29,P005,44.6,44.6,0.0,False,
CNT003605,2026-03-29,P006,30.0,30.0,0.0,False,
CNT003606,2026-03-29,P007,51.4,51.4,0.0,False,
CNT003607,2026-03-29,P008,18.2,17.2,-1.0,False,
CNT003608,2026-03-29,P009,3.22,3.22,0.0,False,
CNT003609,2026-03-29,P010,5.89,5.89,0.0,False,
CNT003610,2026-03-29,P011,13.76,13.93,0.17,False,
CNT003611,2026-03-29,P012,8.2,8.2,0.0,False,
CNT003612,2026-03-29,P013,11.17,11.17,0.0,False,
CNT003613,2026-03-29,P014,6.92,6.92,0.0,False,
CNT003614,2026-03-29,P015,8.8,8.8,0.0,False,
CNT003615,2026-03-29,P016,3.31,3.31,0.0,False,
CNT003616,2026-03-29,P017,9.49,9.49,0.0,False,
CNT003617,2026-03-29,P018,8.8,8.8,0.0,False,
CNT003618,2026-03-29,P019,9.1,9.1,0.0,False,
CNT003619,2026-03-29,P020,8.62,8.62,0.0,False,
CNT003620,2026-03-29,P021,14.54,14.54,0.0,False,
CNT003621,2026-03-29,P022,6.06,6.06,0.0,False,
CNT003622,2026-03-29,P023,9.32,9.32,0.0,False,
CNT003623,2026-03-29,P024,9.49,9.49,0.0,False,
CNT003624,2026-03-29,P025,6.54,6.54,0.0,False,
CNT003625,2026-03-29,P026,6.32,6.32,0.0,False,
CNT003626,2026-03-29,P027,4.86,4.86,0.0,False,
CNT003627,2026-03-29,P028,12.15,12.15,0.0,False,
CNT003628,2026-03-29,P029,6.44,6.44,0.0,False,
CNT003629,2026-03-29,P030,8.89,8.89,0.0,False,
CNT003630,2026-03-29,P031,7.67,7.67,0.0,False,
CNT003631,2026-03-29,P032,8.46,8.46,0.0,False,
CNT003632,2026-03-29,P033,17.31,17.31,0.0,False,
CNT003633,2026-03-29,P034,4.24,4.24,0.0,False,
CNT003634,2026-03-29,P035,5.92,5.92,0.0,False,
CNT003635,2026-03-29,P036,9.23,9.23,0.0,False,
CNT003636,2026-03-29,P037,7.43,7.43,0.0,False,
CNT003637,2026-03-29,P038,17.86,17.86,0.0,False,
CNT003638,2026-03-29,P039,10.52,10.52,0.0,False,
CNT003639,2026-03-29,P040,18.2,18.2,0.0,False,
CNT003640,2026-03-29,P041,17.98,17.98,0.0,False,
CNT003641,2026-03-29,P042,11.44,11.44,0.0,False,
CNT003642,2026-03-29,P043,40.4,40.4,0.0,False,
CNT003643,2026-03-29,P044,35.6,35.6,0.0,False,
CNT003644,2026-03-29,P045,22.2,22.2,0.0,False,
CNT003645,2026-03-29,P046,38.52,38.52,0.0,False,
CNT003646,2026-03-29,P047,40.9,40.9,0.0,False,
CNT003647,2026-03-29,P048,14.8,14.8,0.0,False,
CNT003648,2026-03-29,P049,26.2,26.2,0.0,False,
CNT003649,2026-03-29,P050,4.0,4.0,0.0,False,
CNT003650,2026-03-29,P051,4.0,4.0,0.0,False,
CNT003651,2026-03-29,P052,8.4,8.4,0.0,False,
CNT003652,2026-03-29,P053,6.6,6.6,0.0,False,
CNT003653,2026-03-29,P054,4.93,4.93,0.0,False,
CNT003654,2026-03-29,P055,3.29,3.29,0.0,False,
CNT003655,2026-03-29,P056,8.08,8.08,0.0,False,
CNT003656,2026-03-29,K001,5.53,5.28,-0.25,False,
CNT003657,2026-03-29,K002,4.06,3.06,-1.0,False,
CNT003658,2026-03-29,K003,5.4,5.4,0.0,False,
CNT003659,2026-03-29,K004,4.45,4.45,0.0,False,
CNT003660,2026-03-29,K005,4.49,4.49,0.0,False,
CNT003661,2026-04-01,P001,63.4,63.4,0.0,False,
CNT003662,2026-04-01,P002,51.6,51.6,0.0,False,
CNT003663,2026-04-01,P003,64.2,64.2,0.0,False,
CNT003664,2026-04-01,P004,49.6,49.6,0.0,False,
CNT003665,2026-04-01,P005,51.6,51.6,0.0,False,
CNT003666,2026-04-01,P006,46.0,46.0,0.0,False,
CNT003667,2026-04-01,P007,39.4,39.4,0.0,False,
CNT003668,2026-04-01,P008,36.2,36.2,0.0,False,
CNT003669,2026-04-01,P009,14.62,14.62,0.0,False,
CNT003670,2026-04-01,P010,5.37,5.37,0.0,False,
CNT003671,2026-04-01,P011,12.56,12.56,0.0,False,
CNT003672,2026-04-01,P012,7.95,7.95,0.0,False,
CNT003673,2026-04-01,P013,20.43,20.43,0.0,False,
CNT003674,2026-04-01,P014,16.67,16.67,0.0,False,
CNT003675,2026-04-01,P015,8.63,8.63,0.0,False,
CNT003676,2026-04-01,P016,14.62,14.62,0.0,False,
CNT003677,2026-04-01,P017,9.23,9.23,0.0,False,
CNT003678,2026-04-01,P018,8.55,8.55,0.0,False,
CNT003679,2026-04-01,P019,7.73,7.73,0.0,False,
CNT003680,2026-04-01,P020,8.19,8.19,0.0,False,
CNT003681,2026-04-01,P021,13.94,13.94,0.0,False,
CNT003682,2026-04-01,P022,5.72,5.72,0.0,False,
CNT003683,2026-04-01,P023,8.98,8.98,0.0,False,
CNT003684,2026-04-01,P024,9.32,9.32,0.0,False,
CNT003685,2026-04-01,P025,13.98,13.98,0.0,False,
CNT003686,2026-04-01,P026,5.8,5.8,0.0,False,
CNT003687,2026-04-01,P027,4.35,4.35,0.0,False,
CNT003688,2026-04-01,P028,12.06,12.06,0.0,False,
CNT003689,2026-04-01,P029,5.6,5.6,0.0,False,
CNT003690,2026-04-01,P030,8.63,8.63,0.0,False,
CNT003691,2026-04-01,P031,18.09,18.09,0.0,False,
CNT003692,2026-04-01,P032,8.2,8.2,0.0,False,
CNT003693,2026-04-01,P033,13.37,13.37,0.0,False,
CNT003694,2026-04-01,P034,15.21,15.21,0.0,False,
CNT003695,2026-04-01,P035,5.15,5.15,0.0,False,
CNT003696,2026-04-01,P036,8.23,7.98,-0.25,False,
CNT003697,2026-04-01,P037,6.75,6.75,0.0,False,
CNT003698,2026-04-01,P038,14.69,14.69,0.0,False,
CNT003699,2026-04-01,P039,19.35,19.35,0.0,False,
CNT003700,2026-04-01,P040,16.8,17.8,1.0,False,
CNT003701,2026-04-01,P041,23.14,23.14,0.0,False,
CNT003702,2026-04-01,P042,10.84,10.84,0.0,False,
CNT003703,2026-04-01,P043,83.2,83.2,0.0,False,
CNT003704,2026-04-01,P044,45.6,45.6,0.0,False,
CNT003705,2026-04-01,P045,60.2,60.03,-0.17,False,
CNT003706,2026-04-01,P046,50.42,50.42,0.0,False,
CNT003707,2026-04-01,P047,50.82,50.82,0.0,False,
CNT003708,2026-04-01,P048,53.8,53.8,0.0,False,
CNT003709,2026-04-01,P049,20.2,20.2,0.0,False,
CNT003710,2026-04-01,P050,4.0,4.0,0.0,False,
CNT003711,2026-04-01,P051,4.0,4.24,0.24,False,
CNT003712,2026-04-01,P052,7.0,7.0,0.0,False,
CNT003713,2026-04-01,P053,6.3,6.3,0.0,False,
CNT003714,2026-04-01,P054,4.13,4.13,0.0,False,
CNT003715,2026-04-01,P055,2.95,3.1,0.15,False,
CNT003716,2026-04-01,P056,7.88,7.88,0.0,False,
CNT003717,2026-04-01,K001,4.83,4.83,0.0,False,
CNT003718,2026-04-01,K002,4.3,4.3,0.0,False,
CNT003719,2026-04-01,K003,6.21,5.21,-1.0,False,
CNT003720,2026-04-01,K004,5.26,5.26,0.0,False,
CNT003721,2026-04-01,K005,4.92,4.92,0.0,False,
CNT003722,2026-04-05,P001,14.4,14.4,0.0,False,
CNT003723,2026-04-05,P002,55.6,55.6,0.0,False,
CNT003724,2026-04-05,P003,51.2,51.2,0.0,False,
CNT003725,2026-04-05,P004,31.6,31.6,0.0,False,
CNT003726,2026-04-05,P005,63.6,63.6,0.0,False,
CNT003727,2026-04-05,P006,45.0,45.0,0.0,False,
CNT003728,2026-04-05,P007,34.4,34.4,0.0,False,
CNT003729,2026-04-05,P008,24.2,24.3,0.1,False,
CNT003730,2026-04-05,P009,13.0,13.0,0.0,False,
CNT003731,2026-04-05,P010,4.17,4.17,0.0,False,
CNT003732,2026-04-05,P011,9.77,9.77,0.0,False,
CNT003733,2026-04-05,P012,7.0,7.0,0.0,False,
CNT003734,2026-04-05,P013,13.02,13.02,0.0,False,
CNT003735,2026-04-05,P014,10.75,10.75,0.0,False,
CNT003736,2026-04-05,P015,7.86,7.86,0.0,False,
CNT003737,2026-04-05,P016,13.0,13.0,0.0,False,
CNT003738,2026-04-05,P017,8.55,8.55,0.0,False,
CNT003739,2026-04-05,P018,7.78,7.78,0.0,False,
CNT003740,2026-04-05,P019,17.07,17.07,0.0,False,
CNT003741,2026-04-05,P020,5.7,5.7,0.0,False,
CNT003742,2026-04-05,P021,12.57,12.57,0.0,False,
CNT003743,2026-04-05,P022,4.6,4.6,0.0,False,
CNT003744,2026-04-05,P023,8.12,8.12,0.0,False,
CNT003745,2026-04-05,P024,8.63,8.63,0.0,False,
CNT003746,2026-04-05,P025,16.83,16.88,0.05,False,
CNT003747,2026-04-05,P026,4.86,4.86,0.0,False,
CNT003748,2026-04-05,P027,3.4,3.4,0.0,False,
CNT003749,2026-04-05,P028,11.72,11.72,0.0,False,
CNT003750,2026-04-05,P029,3.62,3.62,0.0,False,
CNT003751,2026-04-05,P030,7.95,7.95,0.0,False,
CNT003752,2026-04-05,P031,12.36,12.36,0.0,False,
CNT003753,2026-04-05,P032,7.35,7.35,0.0,False,
CNT003754,2026-04-05,P033,16.71,16.71,0.0,False,
CNT003755,2026-04-05,P034,12.77,12.77,0.0,False,
CNT003756,2026-04-05,P035,14.29,14.29,0.0,False,
CNT003757,2026-04-05,P036,6.09,6.09,0.0,False,
CNT003758,2026-04-05,P037,4.73,4.73,0.0,False,
CNT003759,2026-04-05,P038,18.88,18.88,0.0,False,
CNT003760,2026-04-05,P039,21.59,21.59,0.0,False,
CNT003761,2026-04-05,P040,13.0,13.0,0.0,False,
CNT003762,2026-04-05,P041,8.62,8.62,0.0,False,
CNT003763,2026-04-05,P042,8.44,8.44,0.0,False,
CNT003764,2026-04-05,P043,27.8,27.8,0.0,False,
CNT003765,2026-04-05,P044,29.6,29.6,0.0,False,
CNT003766,2026-04-05,P045,30.2,29.99,-0.21,False,
CNT003767,2026-04-05,P046,31.92,31.92,0.0,False,
CNT003768,2026-04-05,P047,38.36,38.36,0.0,False,
CNT003769,2026-04-05,P048,23.8,23.8,0.0,False,
CNT003770,2026-04-05,P049,33.2,33.2,0.0,False,
CNT003771,2026-04-05,P050,4.0,4.0,0.0,False,
CNT003772,2026-04-05,P051,4.0,4.0,0.0,False,
CNT003773,2026-04-05,P052,9.12,9.12,0.0,False,
CNT003774,2026-04-05,P053,5.7,5.7,0.0,False,
CNT003775,2026-04-05,P054,8.49,8.49,0.0,False,
CNT003776,2026-04-05,P055,8.28,8.28,0.0,False,
CNT003777,2026-04-05,P056,7.42,7.42,0.0,False,
CNT003778,2026-04-05,K001,4.81,4.71,-0.1,False,
CNT003779,2026-04-05,K002,4.68,4.68,0.0,False,
CNT003780,2026-04-05,K003,2.86,2.86,0.0,False,
CNT003781,2026-04-05,K004,4.08,4.08,0.0,False,
CNT003782,2026-04-05,K005,4.14,4.14,0.0,False,
CNT003783,2026-04-08,P001,73.4,73.4,0.0,False,
CNT003784,2026-04-08,P002,61.6,61.6,0.0,False,
CNT003785,2026-04-08,P003,62.2,61.2,-1.0,False,
CNT003786,2026-04-08,P004,49.6,49.6,0.0,False,
CNT003787,2026-04-08,P005,67.6,67.6,0.0,False,
CNT003788,2026-04-08,P006,34.0,34.0,0.0,False,
CNT003789,2026-04-08,P007,45.4,45.4,0.0,False,
CNT003790,2026-04-08,P008,19.2,19.2,0.0,False,
CNT003791,2026-04-08,P009,12.31,12.31,0.0,False,
CNT003792,2026-04-08,P010,3.66,3.66,0.0,False,
CNT003793,2026-04-08,P011,8.74,8.74,0.0,False,
CNT003794,2026-04-08,P012,6.75,6.75,0.0,False,
CNT003795,2026-04-08,P013,9.67,9.67,0.0,False,
CNT003796,2026-04-08,P014,20.47,20.47,0.0,False,
CNT003797,2026-04-08,P015,7.6,7.6,0.0,False,
CNT003798,2026-04-08,P016,12.48,12.19,-0.29,False,
CNT003799,2026-04-08,P017,8.29,8.29,0.0,False,
CNT003800,2026-04-08,P018,7.52,7.52,0.0,False,
CNT003801,2026-04-08,P019,15.87,15.87,0.0,False,
CNT003802,2026-04-08,P020,16.68,16.68,0.0,False,
CNT003803,2026-04-08,P021,11.88,11.88,0.0,False,
CNT003804,2026-04-08,P022,4.26,4.26,0.0,False,
CNT003805,2026-04-08,P023,7.86,7.86,0.0,False,
CNT003806,2026-04-08,P024,8.29,8.29,0.0,False,
CNT003807,2026-04-08,P025,13.4,13.4,0.0,False,
CNT003808,2026-04-08,P026,4.35,4.35,0.0,False,
CNT003809,2026-04-08,P027,15.06,15.29,0.23,False,
CNT003810,2026-04-08,P028,11.55,11.55,0.0,False,
CNT003811,2026-04-08,P029,14.96,14.96,0.0,False,
CNT003812,2026-04-08,P030,7.69,7.69,0.0,False,
CNT003813,2026-04-08,P031,9.87,9.87,0.0,False,
CNT003814,2026-04-08,P032,7.0,7.0,0.0,False,
CNT003815,2026-04-08,P033,13.03,13.03,0.0,False,
CNT003816,2026-04-08,P034,11.66,11.66,0.0,False,
CNT003817,2026-04-08,P035,12.98,12.9,-0.08,False,
CNT003818,2026-04-08,P036,5.18,5.18,0.0,False,
CNT003819,2026-04-08,P037,3.88,3.88,0.0,False,
CNT003820,2026-04-08,P038,16.68,16.68,0.0,False,
CNT003821,2026-04-08,P039,15.98,15.98,0.0,False,
CNT003822,2026-04-08,P040,11.2,11.2,0.0,False,
CNT003823,2026-04-08,P041,26.46,26.46,0.0,False,
CNT003824,2026-04-08,P042,7.64,7.64,0.0,False,
CNT003825,2026-04-08,P043,76.9,76.9,0.0,False,
CNT003826,2026-04-08,P044,62.6,62.6,0.0,False,
CNT003827,2026-04-08,P045,41.2,41.2,0.0,False,
CNT003828,2026-04-08,P046,62.42,62.42,0.0,False,
CNT003829,2026-04-08,P047,45.84,45.84,0.0,False,
CNT003830,2026-04-08,P048,35.8,35.8,0.0,False,
CNT003831,2026-04-08,P049,30.2,30.2,0.0,False,
CNT003832,2026-04-08,P050,4.0,4.0,0.0,False,
CNT003833,2026-04-08,P051,4.0,4.0,0.0,False,
CNT003834,2026-04-08,P052,7.54,7.54,0.0,False,
CNT003835,2026-04-08,P053,5.47,5.47,0.0,False,
CNT003836,2026-04-08,P054,7.86,7.86,0.0,False,
CNT003837,2026-04-08,P055,8.03,8.03,0.0,False,
CNT003838,2026-04-08,P056,7.21,7.21,0.0,False,
CNT003839,2026-04-08,K001,4.84,4.84,0.0,False,
CNT003840,2026-04-08,K002,4.16,4.16,0.0,False,
CNT003841,2026-04-08,K003,6.5,6.5,0.0,False,
CNT003842,2026-04-08,K004,6.03,6.03,0.0,False,
CNT003843,2026-04-08,K005,4.37,4.37,0.0,False,
CNT003844,2026-04-12,P001,42.4,42.4,0.0,False,
CNT003845,2026-04-12,P002,45.6,45.6,0.0,False,
CNT003846,2026-04-12,P003,53.2,53.2,0.0,False,
CNT003847,2026-04-12,P004,31.6,31.6,0.0,False,
CNT003848,2026-04-12,P005,50.6,49.6,-1.0,False,
CNT003849,2026-04-12,P006,34.0,34.0,0.0,False,
CNT003850,2026-04-12,P007,40.4,40.67,0.27,False,
CNT003851,2026-04-12,P008,29.2,29.2,0.0,False,
CNT003852,2026-04-12,P009,10.51,10.51,0.0,False,
CNT003853,2026-04-12,P010,14.37,14.37,0.0,False,
CNT003854,2026-04-12,P011,6.04,6.04,0.0,False,
CNT003855,2026-04-12,P012,5.8,5.8,0.0,False,
CNT003856,2026-04-12,P013,14.51,14.51,0.0,False,
CNT003857,2026-04-12,P014,14.04,14.04,0.0,False,
CNT003858,2026-04-12,P015,7.0,7.0,0.0,False,
CNT003859,2026-04-12,P016,10.94,11.94,1.0,False,
CNT003860,2026-04-12,P017,7.52,7.52,0.0,False,
CNT003861,2026-04-12,P018,6.75,6.75,0.0,False,
CNT003862,2026-04-12,P019,12.62,12.62,0.0,False,
CNT003863,2026-04-12,P020,13.93,13.93,0.0,False,
CNT003864,2026-04-12,P021,10.77,10.77,0.0,False,
CNT003865,2026-04-12,P022,3.06,3.06,0.0,False,
CNT003866,2026-04-12,P023,7.01,7.01,0.0,False,
CNT003867,2026-04-12,P024,7.6,7.6,0.0,False,
CNT003868,2026-04-12,P025,15.39,15.39,0.0,False,
CNT003869,2026-04-12,P026,3.23,3.23,0.0,False,
CNT003870,2026-04-12,P027,13.86,13.73,-0.13,False,
CNT003871,2026-04-12,P028,11.2,11.2,0.0,False,
CNT003872,2026-04-12,P029,12.69,12.69,0.0,False,
CNT003873,2026-04-12,P030,7.0,7.0,0.0,False,
CNT003874,2026-04-12,P031,16.37,16.37,0.0,False,
CNT003875,2026-04-12,P032,6.32,6.32,0.0,False,
CNT003876,2026-04-12,P033,16.11,16.11,0.0,False,
CNT003877,2026-04-12,P034,8.79,8.79,0.0,False,
CNT003878,2026-04-12,P035,10.29,10.29,0.0,False,
CNT003879,2026-04-12,P036,2.81,2.81,0.0,False,
CNT003880,2026-04-12,P037,13.78,13.78,0.0,False,
CNT003881,2026-04-12,P038,19.65,19.65,0.0,False,
CNT003882,2026-04-12,P039,17.98,17.98,0.0,False,
CNT003883,2026-04-12,P040,6.8,6.8,0.0,False,
CNT003884,2026-04-12,P041,24.1,24.1,0.0,False,
CNT003885,2026-04-12,P042,5.04,5.04,0.0,False,
CNT003886,2026-04-12,P043,24.2,24.2,0.0,False,
CNT003887,2026-04-12,P044,25.6,25.6,0.0,False,
CNT003888,2026-04-12,P045,22.2,22.2,0.0,False,
CNT003889,2026-04-12,P046,22.22,22.22,0.0,False,
CNT003890,2026-04-12,P047,33.18,33.18,0.0,False,
CNT003891,2026-04-12,P048,25.8,25.8,0.0,False,
CNT003892,2026-04-12,P049,17.2,17.2,0.0,False,
CNT003893,2026-04-12,P050,4.0,4.0,0.0,False,
CNT003894,2026-04-12,P051,4.0,4.0,0.0,False,
CNT003895,2026-04-12,P052,3.67,3.67,0.0,False,
CNT003896,2026-04-12,P053,4.8,4.8,0.0,False,
CNT003897,2026-04-12,P054,6.04,6.04,0.0,False,
CNT003898,2026-04-12,P055,7.28,7.28,0.0,False,
CNT003899,2026-04-12,P056,6.71,6.79,0.08,False,
CNT003900,2026-04-12,K001,4.85,4.79,-0.06,False,
CNT003901,2026-04-12,K002,4.13,4.13,0.0,False,
CNT003902,2026-04-12,K003,5.28,5.28,0.0,False,
CNT003903,2026-04-12,K004,4.25,4.25,0.0,False,
CNT003904,2026-04-12,K005,4.75,4.75,0.0,False,
CNT003905,2026-04-15,P001,75.4,75.68,0.28,False,
CNT003906,2026-04-15,P002,52.6,52.6,0.0,False,
CNT003907,2026-04-15,P003,63.2,63.2,0.0,False,
CNT003908,2026-04-15,P004,21.6,21.6,0.0,False,
CNT003909,2026-04-15,P005,56.6,56.6,0.0,False,
CNT003910,2026-04-15,P006,50.0,50.0,0.0,False,
CNT003911,2026-04-15,P007,55.4,55.4,0.0,False,
CNT003912,2026-04-15,P008,25.2,25.2,0.0,False,
CNT003913,2026-04-15,P009,10.0,10.0,0.0,False,
CNT003914,2026-04-15,P010,13.86,13.86,0.0,False,
CNT003915,2026-04-15,P011,16.71,16.71,0.0,False,
CNT003916,2026-04-15,P012,5.46,5.46,0.0,False,
CNT003917,2026-04-15,P013,10.82,10.82,0.0,False,
CNT003918,2026-04-15,P014,11.31,11.31,0.0,False,
CNT003919,2026-04-15,P015,6.75,6.75,0.0,False,
CNT003920,2026-04-15,P016,10.34,10.34,0.0,False,
CNT003921,2026-04-15,P017,7.26,6.99,-0.27,False,
CNT003922,2026-04-15,P018,6.49,6.49,0.0,False,
CNT003923,2026-04-15,P019,11.25,11.25,0.0,False,
CNT003924,2026-04-15,P020,13.08,13.08,0.0,False,
CNT003925,2026-04-15,P021,10.25,10.25,0.0,False,
CNT003926,2026-04-15,P022,14.55,14.55,0.0,False,
CNT003927,2026-04-15,P023,6.66,6.66,0.0,False,
CNT003928,2026-04-15,P024,7.26,7.26,0.0,False,
CNT003929,2026-04-15,P025,22.89,22.89,0.0,False,
CNT003930,2026-04-15,P026,14.72,14.72,0.0,False,
CNT003931,2026-04-15,P027,13.43,13.43,0.0,False,
CNT003932,2026-04-15,P028,11.03,11.03,0.0,False,
CNT003933,2026-04-15,P029,11.9,11.9,0.0,False,
CNT003934,2026-04-15,P030,6.66,6.66,0.0,False,
CNT003935,2026-04-15,P031,13.86,13.86,0.0,False,
CNT003936,2026-04-15,P032,5.81,5.81,0.0,False,
CNT003937,2026-04-15,P033,23.83,23.83,0.0,False,
CNT003938,2026-04-15,P034,7.63,7.63,0.0,False,
CNT003939,2026-04-15,P035,9.19,9.32,0.13,False,
CNT003940,2026-04-15,P036,13.89,13.89,0.0,False,
CNT003941,2026-04-15,P037,12.96,12.96,0.0,False,
CNT003942,2026-04-15,P038,13.8,13.8,0.0,False,
CNT003943,2026-04-15,P039,25.34,25.34,0.0,False,
CNT003944,2026-04-15,P040,17.0,17.0,0.0,False,
CNT003945,2026-04-15,P041,17.02,17.02,0.0,False,
CNT003946,2026-04-15,P042,15.44,15.44,0.0,False,
CNT003947,2026-04-15,P043,78.2,78.2,0.0,False,
CNT003948,2026-04-15,P044,52.6,52.81,0.21,False,
CNT003949,2026-04-15,P045,52.2,51.94,-0.26,False,
CNT003950,2026-04-15,P046,50.72,50.72,0.0,False,
CNT003951,2026-04-15,P047,39.86,39.86,0.0,False,
CNT003952,2026-04-15,P048,33.8,33.8,0.0,False,
CNT003953,2026-04-15,P049,35.2,35.2,0.0,False,
CNT003954,2026-04-15,P050,4.0,4.0,0.0,False,
CNT003955,2026-04-15,P051,4.0,4.0,0.0,False,
CNT003956,2026-04-15,P052,7.86,7.86,0.0,False,
CNT003957,2026-04-15,P053,4.55,4.55,0.0,False,
CNT003958,2026-04-15,P054,5.22,5.22,0.0,False,
CNT003959,2026-04-15,P055,6.92,6.92,0.0,False,
CNT003960,2026-04-15,P056,6.5,6.5,0.0,False,
CNT003961,2026-04-15,K001,4.86,4.86,0.0,False,
CNT003962,2026-04-15,K002,4.34,4.34,0.0,False,
CNT003963,2026-04-15,K003,7.02,7.02,0.0,False,
CNT003964,2026-04-15,K004,5.4,5.4,0.0,False,
CNT003965,2026-04-15,K005,5.33,5.33,0.0,False,
CNT003966,2026-04-19,P001,66.4,66.4,0.0,False,
CNT003967,2026-04-19,P002,45.6,45.86,0.26,False,
CNT003968,2026-04-19,P003,49.2,49.2,0.0,False,
CNT003969,2026-04-19,P004,20.6,20.6,0.0,False,
CNT003970,2026-04-19,P005,10.6,10.54,-0.06,False,
CNT003971,2026-04-19,P006,22.0,22.0,0.0,False,
CNT003972,2026-04-19,P007,50.4,50.4,0.0,False,
CNT003973,2026-04-19,P008,32.2,32.2,0.0,False,
CNT003974,2026-04-19,P009,7.85,7.85,0.0,False,
CNT003975,2026-04-19,P010,12.49,12.49,0.0,False,
CNT003976,2026-04-19,P011,13.07,13.07,0.0,False,
CNT003977,2026-04-19,P012,4.52,4.52,0.0,False,
CNT003978,2026-04-19,P013,13.71,13.71,0.0,False,
CNT003979,2026-04-19,P014,15.86,15.86,0.0,False,
CNT003980,2026-04-19,P015,5.72,5.72,0.0,False,
CNT003981,2026-04-19,P016,8.62,8.62,0.0,False,
CNT003982,2026-04-19,P017,6.41,6.41,0.0,False,
CNT003983,2026-04-19,P018,5.63,5.63,0.0,False,
CNT003984,2026-04-19,P019,7.82,7.82,0.0,False,
CNT003985,2026-04-19,P020,9.99,9.99,0.0,False,
CNT003986,2026-04-19,P021,8.28,8.28,0.0,False,
CNT003987,2026-04-19,P022,13.17,13.17,0.0,False,
CNT003988,2026-04-19,P023,5.72,4.72,-1.0,False,
CNT003989,2026-04-19,P024,6.23,6.23,0.0,False,
CNT003990,2026-04-19,P025,11.71,11.57,-0.14,False,
CNT003991,2026-04-19,P026,13.26,13.26,0.0,False,
CNT003992,2026-04-19,P027,12.06,12.06,0.0,False,
CNT003993,2026-04-19,P028,10.52,10.52,0.0,False,
CNT003994,2026-04-19,P029,9.58,9.58,0.0,False,
CNT003995,2026-04-19,P030,5.72,5.72,0.0,False,
CNT003996,2026-04-19,P031,6.92,6.92,0.0,False,
CNT003997,2026-04-19,P032,4.86,4.86,0.0,False,
CNT003998,2026-04-19,P033,12.09,12.09,0.0,False,
CNT003999,2026-04-19,P034,3.24,3.24,0.0,False,
CNT004000,2026-04-19,P035,5.82,5.82,0.0,False,
CNT004001,2026-04-19,P036,11.21,11.21,0.0,False,
CNT004002,2026-04-19,P037,10.35,10.35,0.0,False,
CNT004003,2026-04-19,P038,13.84,13.84,0.0,False,
CNT004004,2026-04-19,P039,11.43,11.23,-0.2,False,
CNT004005,2026-04-19,P040,11.4,11.11,-0.29,False,
CNT004006,2026-04-19,P041,21.62,21.62,0.0,False,
CNT004007,2026-04-19,P042,12.64,12.64,0.0,False,
CNT004008,2026-04-19,P043,17.9,17.9,0.0,False,
CNT004009,2026-04-19,P044,28.6,28.89,0.29,False,
CNT004010,2026-04-19,P045,7.2,7.2,0.0,False,
CNT004011,2026-04-19,P046,20.42,20.42,0.0,False,
CNT004012,2026-04-19,P047,20.62,20.67,0.05,False,
CNT004013,2026-04-19,P048,21.8,21.8,0.0,False,
CNT004014,2026-04-19,P049,16.2,16.2,0.0,False,
CNT004015,2026-04-19,P050,4.0,4.0,0.0,False,
CNT004016,2026-04-19,P051,4.0,4.0,0.0,False,
CNT004017,2026-04-19,P052,3.22,3.22,0.0,False,
CNT004018,2026-04-19,P053,3.73,3.73,0.0,False,
CNT004019,2026-04-19,P054,3.2,3.2,0.0,False,
CNT004020,2026-04-19,P055,6.1,6.1,0.0,False,
CNT004021,2026-04-19,P056,5.92,5.92,0.0,False,
CNT004022,2026-04-19,K001,3.83,3.83,0.0,False,
CNT004023,2026-04-19,K002,4.45,4.45,0.0,False,
CNT004024,2026-04-19,K003,5.47,5.47,0.0,False,
CNT004025,2026-04-19,K004,4.67,4.67,0.0,False,
CNT004026,2026-04-19,K005,3.58,3.58,0.0,False,
CNT004027,2026-04-22,P001,68.4,68.4,0.0,False,
CNT004028,2026-04-22,P002,75.6,75.6,0.0,False,
CNT004029,2026-04-22,P003,58.2,58.45,0.25,False,
CNT004030,2026-04-22,P004,36.6,36.6,0.0,False,
CNT004031,2026-04-22,P005,65.6,65.84,0.24,False,
CNT004032,2026-04-22,P006,38.0,38.0,0.0,False,
CNT004033,2026-04-22,P007,43.4,43.4,0.0,False,
CNT004034,2026-04-22,P008,26.2,26.2,0.0,False,
CNT004035,2026-04-22,P009,7.0,7.0,0.0,False,
CNT004036,2026-04-22,P010,11.97,11.97,0.0,False,
CNT004037,2026-04-22,P011,11.7,11.54,-0.16,False,
CNT004038,2026-04-22,P012,4.18,4.18,0.0,False,
CNT004039,2026-04-22,P013,10.1,10.1,0.0,False,
CNT004040,2026-04-22,P014,12.97,12.97,0.0,False,
CNT004041,2026-04-22,P015,5.29,5.29,0.0,False,
CNT004042,2026-04-22,P016,7.77,7.77,0.0,False,
CNT004043,2026-04-22,P017,6.23,6.23,0.0,False,
CNT004044,2026-04-22,P018,5.46,5.46,0.0,False,
CNT004045,2026-04-22,P019,6.36,6.36,0.0,False,
CNT004046,2026-04-22,P020,8.28,8.28,0.0,False,
CNT004047,2026-04-22,P021,7.51,7.51,0.0,False,
CNT004048,2026-04-22,P022,12.75,12.75,0.0,False,
CNT004049,2026-04-22,P023,5.38,5.38,0.0,False,
CNT004050,2026-04-22,P024,5.81,5.81,0.0,False,
CNT004051,2026-04-22,P025,19.5,19.5,0.0,False,
CNT004052,2026-04-22,P026,12.75,12.75,0.0,False,
CNT004053,2026-04-22,P027,11.63,11.63,0.0,False,
CNT004054,2026-04-22,P028,10.35,10.35,0.0,False,
CNT004055,2026-04-22,P029,8.45,8.45,0.0,False,
CNT004056,2026-04-22,P030,5.29,5.29,0.0,False,
CNT004057,2026-04-22,P031,16.56,16.56,0.0,False,
CNT004058,2026-04-22,P032,4.61,4.61,0.0,False,
CNT004059,2026-04-22,P033,19.71,19.71,0.0,False,
CNT004060,2026-04-22,P034,14.04,14.04,0.0,False,
CNT004061,2026-04-22,P035,4.65,4.65,0.0,False,
CNT004062,2026-04-22,P036,10.09,10.09,0.0,False,
CNT004063,2026-04-22,P037,9.32,9.32,0.0,False,
CNT004064,2026-04-22,P038,22.18,22.18,0.0,False,
CNT004065,2026-04-22,P039,17.82,17.82,0.0,False,
CNT004066,2026-04-22,P040,9.2,9.2,0.0,False,
CNT004067,2026-04-22,P041,26.86,26.86,0.0,False,
CNT004068,2026-04-22,P042,11.24,11.24,0.0,False,
CNT004069,2026-04-22,P043,55.8,55.56,-0.24,False,
CNT004070,2026-04-22,P044,58.6,58.6,0.0,False,
CNT004071,2026-04-22,P045,38.2,38.2,0.0,False,
CNT004072,2026-04-22,P046,47.92,47.92,0.0,False,
CNT004073,2026-04-22,P047,49.08,49.08,0.0,False,
CNT004074,2026-04-22,P048,29.8,29.8,0.0,False,
CNT004075,2026-04-22,P049,33.2,33.2,0.0,False,
CNT004076,2026-04-22,P050,4.0,4.0,0.0,False,
CNT004077,2026-04-22,P051,4.0,4.0,0.0,False,
CNT004078,2026-04-22,P052,7.58,7.58,0.0,False,
CNT004079,2026-04-22,P053,3.45,3.45,0.0,False,
CNT004080,2026-04-22,P054,8.44,8.44,0.0,False,
CNT004081,2026-04-22,P055,5.8,5.8,0.0,False,
CNT004082,2026-04-22,P056,5.68,5.68,0.0,False,
CNT004083,2026-04-22,K001,5.01,5.18,0.17,False,
CNT004084,2026-04-22,K002,4.68,4.68,0.0,False,
CNT004085,2026-04-22,K003,7.16,7.3,0.14,False,
CNT004086,2026-04-22,K004,5.72,4.72,-1.0,False,
CNT004087,2026-04-22,K005,4.62,4.62,0.0,False,
CNT004088,2026-04-26,P001,65.4,65.4,0.0,False,
CNT004089,2026-04-26,P002,56.6,56.6,0.0,False,
CNT004090,2026-04-26,P003,44.2,44.2,0.0,False,
CNT004091,2026-04-26,P004,43.6,43.6,0.0,False,
CNT004092,2026-04-26,P005,45.6,45.6,0.0,False,
CNT004093,2026-04-26,P006,34.0,34.0,0.0,False,
CNT004094,2026-04-26,P007,38.4,38.4,0.0,False,
CNT004095,2026-04-26,P008,35.2,35.2,0.0,False,
CNT004096,2026-04-26,P009,5.62,5.62,0.0,False,
CNT004097,2026-04-26,P010,10.95,10.95,0.0,False,
CNT004098,2026-04-26,P011,8.44,8.44,0.0,False,
CNT004099,2026-04-26,P012,3.49,3.49,0.0,False,
CNT004100,2026-04-26,P013,14.21,14.21,0.0,False,
CNT004101,2026-04-26,P014,5.69,5.69,0.0,False,
CNT004102,2026-04-26,P015,4.35,4.35,0.0,False,
CNT004103,2026-04-26,P016,6.05,6.05,0.0,False,
CNT004104,2026-04-26,P017,5.55,5.55,0.0,False,
CNT004105,2026-04-26,P018,4.69,4.85,0.16,False,
CNT004106,2026-04-26,P019,14.76,14.76,0.0,False,
CNT004107,2026-04-26,P020,5.62,5.62,0.0,False,
CNT004108,2026-04-26,P021,5.79,5.79,0.0,False,
CNT004109,2026-04-26,P022,11.37,11.37,0.0,False,
CNT004110,2026-04-26,P023,4.43,4.43,0.0,False,
CNT004111,2026-04-26,P024,4.95,4.95,0.0,False,
CNT004112,2026-04-26,P025,8.39,8.39,0.0,False,
CNT004113,2026-04-26,P026,11.38,11.38,0.0,False,
CNT004114,2026-04-26,P027,10.35,10.35,0.0,False,
CNT004115,2026-04-26,P028,9.92,9.92,0.0,False,
CNT004116,2026-04-26,P029,6.02,6.02,0.0,False,
CNT004117,2026-04-26,P030,4.52,4.52,0.0,False,
CNT004118,2026-04-26,P031,9.95,9.95,0.0,False,
CNT004119,2026-04-26,P032,3.83,3.83,0.0,False,
CNT004120,2026-04-26,P033,8.57,8.57,0.0,False,
CNT004121,2026-04-26,P034,10.7,10.7,0.0,False,
CNT004122,2026-04-26,P035,13.57,13.57,0.0,False,
CNT004123,2026-04-26,P036,7.83,7.83,0.0,False,
CNT004124,2026-04-26,P037,6.92,6.92,0.0,False,
CNT004125,2026-04-26,P038,10.47,10.47,0.0,False,
CNT004126,2026-04-26,P039,16.64,16.64,0.0,False,
CNT004127,2026-04-26,P040,16.4,16.4,0.0,False,
CNT004128,2026-04-26,P041,21.02,21.02,0.0,False,
CNT004129,2026-04-26,P042,8.44,8.44,0.0,False,
CNT004130,2026-04-26,P043,29.9,29.9,0.0,False,
CNT004131,2026-04-26,P044,13.6,13.6,0.0,False,
CNT004132,2026-04-26,P045,17.2,17.2,0.0,False,
CNT004133,2026-04-26,P046,24.02,24.02,0.0,False,
CNT004134,2026-04-26,P047,29.54,29.54,0.0,False,
CNT004135,2026-04-26,P048,19.8,19.8,0.0,False,
CNT004136,2026-04-26,P049,17.2,17.2,0.0,False,
CNT004137,2026-04-26,P050,4.0,4.0,0.0,False,
CNT004138,2026-04-26,P051,4.0,3.83,-0.17,False,
CNT004139,2026-04-26,P052,3.05,3.05,0.0,False,
CNT004140,2026-04-26,P053,2.73,2.73,0.0,False,
CNT004141,2026-04-26,P054,6.42,6.42,0.0,False,
CNT004142,2026-04-26,P055,4.94,4.94,0.0,False,
CNT004143,2026-04-26,P056,5.16,5.16,0.0,False,
CNT004144,2026-04-26,K001,4.5,4.63,0.13,False,
CNT004145,2026-04-26,K002,3.75,3.95,0.2,False,
CNT004146,2026-04-26,K003,5.12,5.12,0.0,False,
CNT004147,2026-04-26,K004,4.71,4.71,0.0,False,
CNT004148,2026-04-26,K005,4.71,4.71,0.0,False,
CNT004149,2026-04-29,P001,66.4,66.11,-0.29,False,
CNT004150,2026-04-29,P002,35.6,35.6,0.0,False,
CNT004151,2026-04-29,P003,51.2,51.2,0.0,False,
CNT004152,2026-04-29,P004,36.6,36.6,0.0,False,
CNT004153,2026-04-29,P005,52.6,52.6,0.0,False,
CNT004154,2026-04-29,P006,49.0,49.0,0.0,False,
CNT004155,2026-04-29,P007,49.4,49.4,0.0,False,
CNT004156,2026-04-29,P008,27.2,27.2,0.0,False,
CNT004157,2026-04-29,P009,4.85,4.85,0.0,False,
CNT004158,2026-04-29,P010,10.43,10.51,0.08,False,
CNT004159,2026-04-29,P011,7.11,7.11,0.0,False,
CNT004160,2026-04-29,P012,3.15,3.15,0.0,False,
CNT004161,2026-04-29,P013,10.41,10.41,0.0,False,
CNT004162,2026-04-29,P014,15.02,16.02,1.0,False,
CNT004163,2026-04-29,P015,4.01,4.24,0.23,False,
CNT004164,2026-04-29,P016,5.37,5.45,0.08,False,
CNT004165,2026-04-29,P017,5.29,5.29,0.0,False,
CNT004166,2026-04-29,P018,4.35,4.24,-0.11,False,
CNT004167,2026-04-29,P019,13.47,13.47,0.0,False,
CNT004168,2026-04-29,P020,16.33,16.33,0.0,False,
CNT004169,2026-04-29,P021,5.11,5.11,0.0,False,
CNT004170,2026-04-29,P022,10.86,10.86,0.0,False,
CNT004171,2026-04-29,P023,4.09,4.09,0.0,False,
CNT004172,2026-04-29,P024,4.52,4.52,0.0,False,
CNT004173,2026-04-29,P025,16.07,16.07,0.0,False,
CNT004174,2026-04-29,P026,10.69,10.69,0.0,False,
CNT004175,2026-04-29,P027,9.83,9.55,-0.28,False,
CNT004176,2026-04-29,P028,9.75,9.75,0.0,False,
CNT004177,2026-04-29,P029,5.34,5.34,0.0,False,
CNT004178,2026-04-29,P030,4.26,4.26,0.0,False,
CNT004179,2026-04-29,P031,19.95,19.95,0.0,False,
CNT004180,2026-04-29,P032,3.41,3.41,0.0,False,
CNT004181,2026-04-29,P033,15.43,15.43,0.0,False,
CNT004182,2026-04-29,P034,9.11,9.11,0.0,False,
CNT004183,2026-04-29,P035,12.55,12.55,0.0,False,
CNT004184,2026-04-29,P036,6.86,6.86,0.0,False,
CNT004185,2026-04-29,P037,5.85,5.85,0.0,False,
CNT004186,2026-04-29,P038,17.59,17.68,0.09,False,
CNT004187,2026-04-29,P039,23.28,23.28,0.0,False,
CNT004188,2026-04-29,P040,14.0,14.0,0.0,False,
CNT004189,2026-04-29,P041,25.14,25.14,0.0,False,
CNT004190,2026-04-29,P042,7.04,7.04,0.0,False,
CNT004191,2026-04-29,P043,64.9,64.9,0.0,False,
CNT004192,2026-04-29,P044,46.6,46.52,-0.08,False,
CNT004193,2026-04-29,P045,45.2,45.2,0.0,False,
CNT004194,2026-04-29,P046,53.52,53.52,0.0,False,
CNT004195,2026-04-29,P047,59.86,59.86,0.0,False,
CNT004196,2026-04-29,P048,58.8,58.8,0.0,False,
CNT004197,2026-04-29,P049,36.2,36.09,-0.11,False,
CNT004198,2026-04-29,P050,4.0,4.0,0.0,False,
CNT004199,2026-04-29,P051,4.0,4.0,0.0,False,
CNT004200,2026-04-29,P052,7.47,7.58,0.11,False,
CNT004201,2026-04-29,P053,8.47,8.47,0.0,False,
CNT004202,2026-04-29,P054,5.61,5.61,0.0,False,
CNT004203,2026-04-29,P055,4.6,4.6,0.0,False,
CNT004204,2026-04-29,P056,4.93,4.93,0.0,False,
CNT004205,2026-04-29,K001,5.61,5.49,-0.12,False,
CNT004206,2026-04-29,K002,5.01,5.01,0.0,False,
CNT004207,2026-04-29,K003,6.5,6.5,0.0,False,
CNT004208,2026-04-29,K004,5.62,5.62,0.0,False,
CNT004209,2026-04-29,K005,4.87,4.87,0.0,False,
CNT004210,2026-05-03,P001,41.4,41.4,0.0,False,
CNT004211,2026-05-03,P002,48.6,48.6,0.0,False,
CNT004212,2026-05-03,P003,27.2,27.2,0.0,False,
CNT004213,2026-05-03,P004,35.6,35.6,0.0,False,
CNT004214,2026-05-03,P005,46.6,46.6,0.0,False,
CNT004215,2026-05-03,P006,17.0,17.0,0.0,False,
CNT004216,2026-05-03,P007,39.4,39.4,0.0,False,
CNT004217,2026-05-03,P008,34.2,34.2,0.0,False,
CNT004218,2026-05-03,P009,2.62,2.62,0.0,False,
CNT004219,2026-05-03,P010,9.06,9.06,0.0,False,
CNT004220,2026-05-03,P011,3.43,3.43,0.0,False,
CNT004221,2026-05-03,P012,13.95,13.95,0.0,False,
CNT004222,2026-05-03,P013,13.35,13.35,0.0,False,
CNT004223,2026-05-03,P014,7.29,7.29,0.0,False,
CNT004224,2026-05-03,P015,2.98,2.98,0.0,False,
CNT004225,2026-05-03,P016,3.4,3.4,0.0,False,
CNT004226,2026-05-03,P017,4.26,4.26,0.0,False,
CNT004227,2026-05-03,P018,3.32,3.32,0.0,False,
CNT004228,2026-05-03,P019,9.53,9.53,0.0,False,
CNT004229,2026-05-03,P020,12.73,12.73,0.0,False,
CNT004230,2026-05-03,P021,2.97,2.97,0.0,False,
CNT004231,2026-05-03,P022,9.57,9.57,0.0,False,
CNT004232,2026-05-03,P023,3.15,3.15,0.0,False,
CNT004233,2026-05-03,P024,3.49,3.49,0.0,False,
CNT004234,2026-05-03,P025,12.86,12.86,0.0,False,
CNT004235,2026-05-03,P026,9.49,9.49,0.0,False,
CNT004236,2026-05-03,P027,8.29,8.29,0.0,False,
CNT004237,2026-05-03,P028,9.23,9.23,0.0,False,
CNT004238,2026-05-03,P029,2.57,2.57,0.0,False,
CNT004239,2026-05-03,P030,3.32,3.32,0.0,False,
CNT004240,2026-05-03,P031,12.85,12.85,0.0,False,
CNT004241,2026-05-03,P032,2.46,2.46,0.0,False,
CNT004242,2026-05-03,P033,15.09,15.09,0.0,False,
CNT004243,2026-05-03,P034,5.43,5.43,0.0,False,
CNT004244,2026-05-03,P035,9.05,9.05,0.0,False,
CNT004245,2026-05-03,P036,4.01,4.01,0.0,False,
CNT004246,2026-05-03,P037,3.1,3.1,0.0,False,
CNT004247,2026-05-03,P038,16.17,16.17,0.0,False,
CNT004248,2026-05-03,P039,7.9,7.9,0.0,False,
CNT004249,2026-05-03,P040,8.0,8.0,0.0,False,
CNT004250,2026-05-03,P041,16.94,16.94,0.0,False,
CNT004251,2026-05-03,P042,15.84,15.84,0.0,False,
CNT004252,2026-05-03,P043,27.5,27.5,0.0,False,
CNT004253,2026-05-03,P044,16.6,16.6,0.0,False,
CNT004254,2026-05-03,P045,22.2,22.2,0.0,False,
CNT004255,2026-05-03,P046,22.02,22.02,0.0,False,
CNT004256,2026-05-03,P047,11.84,12.84,1.0,False,
CNT004257,2026-05-03,P048,13.8,13.5,-0.3,False,
CNT004258,2026-05-03,P049,19.2,19.2,0.0,False,
CNT004259,2026-05-03,P050,4.0,4.0,0.0,False,
CNT004260,2026-05-03,P051,4.0,4.0,0.0,False,
CNT004261,2026-05-03,P052,2.07,2.07,0.0,False,
CNT004262,2026-05-03,P053,7.62,7.62,0.0,False,
CNT004263,2026-05-03,P054,3.13,3.13,0.0,False,
CNT004264,2026-05-03,P055,3.51,3.51,0.0,False,
CNT004265,2026-05-03,P056,4.33,4.33,0.0,False,
CNT004266,2026-05-03,K001,4.01,4.01,0.0,False,
CNT004267,2026-05-03,K002,3.86,3.86,0.0,False,
CNT004268,2026-05-03,K003,4.89,4.89,0.0,False,
CNT004269,2026-05-03,K004,3.56,3.56,0.0,False,
CNT004270,2026-05-03,K005,3.34,3.47,0.13,False,
CNT004271,2026-05-06,P001,75.4,75.4,0.0,False,
CNT004272,2026-05-06,P002,61.6,61.6,0.0,False,
CNT004273,2026-05-06,P003,57.2,57.2,0.0,False,
CNT004274,2026-05-06,P004,30.6,30.6,0.0,False,
CNT004275,2026-05-06,P005,57.6,57.6,0.0,False,
CNT004276,2026-05-06,P006,31.0,31.0,0.0,False,
CNT004277,2026-05-06,P007,27.4,26.4,-1.0,False,
CNT004278,2026-05-06,P008,28.2,28.26,0.06,False,
CNT004279,2026-05-06,P009,13.94,13.94,0.0,False,
CNT004280,2026-05-06,P010,8.46,8.46,0.0,False,
CNT004281,2026-05-06,P011,14.19,14.19,0.0,False,
CNT004282,2026-05-06,P012,13.69,13.69,0.0,False,
CNT004283,2026-05-06,P013,10.51,10.51,0.0,False,
CNT004284,2026-05-06,P014,16.76,16.76,0.0,False,
CNT004285,2026-05-06,P015,14.72,14.72,0.0,False,
CNT004286,2026-05-06,P016,14.8,15.03,0.23,False,
CNT004287,2026-05-06,P017,3.92,3.92,0.0,False,
CNT004288,2026-05-06,P018,2.98,2.98,0.0,False,
CNT004289,2026-05-06,P019,8.5,8.5,0.0,False,
CNT004290,2026-05-06,P020,11.88,11.88,0.0,False,
CNT004291,2026-05-06,P021,14.37,14.37,0.0,False,
CNT004292,2026-05-06,P022,9.15,9.15,0.0,False,
CNT004293,2026-05-06,P023,14.81,14.81,0.0,False,
CNT004294,2026-05-06,P024,3.23,3.17,-0.06,False,
CNT004295,2026-05-06,P025,21.13,21.13,0.0,False,
CNT004296,2026-05-06,P026,8.98,8.98,0.0,False,
CNT004297,2026-05-06,P027,7.78,8.0,0.22,False,
CNT004298,2026-05-06,P028,9.06,9.06,0.0,False,
CNT004299,2026-05-06,P029,1.68,1.68,0.0,False,
CNT004300,2026-05-06,P030,3.06,2.8,-0.26,False,
CNT004301,2026-05-06,P031,11.56,11.56,0.0,False,
CNT004302,2026-05-06,P032,14.29,14.29,0.0,False,
CNT004303,2026-05-06,P033,24.09,24.09,0.0,False,
CNT004304,2026-05-06,P034,4.36,4.36,0.0,False,
CNT004305,2026-05-06,P035,8.32,8.32,0.0,False,
CNT004306,2026-05-06,P036,15.15,15.2,0.05,False,
CNT004307,2026-05-06,P037,14.12,14.12,0.0,False,
CNT004308,2026-05-06,P038,23.05,24.05,1.0,False,
CNT004309,2026-05-06,P039,16.24,16.24,0.0,False,
CNT004310,2026-05-06,P040,18.8,18.8,0.0,False,
CNT004311,2026-05-06,P041,24.46,24.46,0.0,False,
CNT004312,2026-05-06,P042,14.84,14.84,0.0,False,
CNT004313,2026-05-06,P043,79.5,79.5,0.0,False,
CNT004314,2026-05-06,P044,0.0,0.0,0.0,False,
CNT004315,2026-05-06,P045,56.2,56.2,0.0,False,
CNT004316,2026-05-06,P046,53.02,53.02,0.0,False,
CNT004317,2026-05-06,P047,46.1,46.1,0.0,False,
CNT004318,2026-05-06,P048,50.8,50.8,0.0,False,
CNT004319,2026-05-06,P049,38.2,38.2,0.0,False,
CNT004320,2026-05-06,P050,4.0,4.0,0.0,False,
CNT004321,2026-05-06,P051,4.0,4.0,0.0,False,
CNT004322,2026-05-06,P052,7.09,7.09,0.0,False,
CNT004323,2026-05-06,P053,7.38,7.38,0.0,False,
CNT004324,2026-05-06,P054,8.54,8.54,0.0,False,
CNT004325,2026-05-06,P055,3.29,3.29,0.0,False,
CNT004326,2026-05-06,P056,4.14,4.14,0.0,False,
CNT004327,2026-05-06,K001,5.23,5.23,0.0,False,
CNT004328,2026-05-06,K002,4.28,4.28,0.0,False,
CNT004329,2026-05-06,K003,3.51,3.51,0.0,False,
CNT004330,2026-05-06,K004,5.47,5.47,0.0,False,
CNT004331,2026-05-06,K005,4.82,4.82,0.0,False,
CNT004332,2026-05-10,P001,19.4,19.4,0.0,False,
CNT004333,2026-05-10,P002,42.6,42.6,0.0,False,
CNT004334,2026-05-10,P003,41.2,41.2,0.0,False,
CNT004335,2026-05-10,P004,33.6,33.81,0.21,False,
CNT004336,2026-05-10,P005,36.6,36.6,0.0,False,
CNT004337,2026-05-10,P006,29.0,29.0,0.0,False,
CNT004338,2026-05-10,P007,46.4,46.4,0.0,False,
CNT004339,2026-05-10,P008,38.2,39.2,1.0,False,
CNT004340,2026-05-10,P009,12.65,12.38,-0.27,False,
CNT004341,2026-05-10,P010,7.35,7.35,0.0,False,
CNT004342,2026-05-10,P011,11.01,11.01,0.0,False,
CNT004343,2026-05-10,P012,12.83,12.83,0.0,False,
CNT004344,2026-05-10,P013,14.31,14.31,0.0,False,
CNT004345,2026-05-10,P014,9.47,9.47,0.0,False,
CNT004346,2026-05-10,P015,13.78,13.78,0.0,False,
CNT004347,2026-05-10,P016,13.17,13.17,0.0,False,
CNT004348,2026-05-10,P017,3.15,3.15,0.0,False,
CNT004349,2026-05-10,P018,14.03,14.03,0.0,False,
CNT004350,2026-05-10,P019,5.33,5.33,0.0,False,
CNT004351,2026-05-10,P020,8.7,8.7,0.0,False,
CNT004352,2026-05-10,P021,12.82,12.82,0.0,False,
CNT004353,2026-05-10,P022,7.86,7.86,0.0,False,
CNT004354,2026-05-10,P023,14.12,14.12,0.0,False,
CNT004355,2026-05-10,P024,14.38,14.38,0.0,False,
CNT004356,2026-05-10,P025,8.71,8.71,0.0,False,
CNT004357,2026-05-10,P026,7.78,7.78,0.0,False,
CNT004358,2026-05-10,P027,6.23,6.23,0.0,False,
CNT004359,2026-05-10,P028,8.55,8.55,0.0,False,
CNT004360,2026-05-10,P029,11.49,11.49,0.0,False,
CNT004361,2026-05-10,P030,14.29,14.29,0.0,False,
CNT004362,2026-05-10,P031,5.13,5.13,0.0,False,
CNT004363,2026-05-10,P032,13.26,13.26,0.0,False,
CNT004364,2026-05-10,P033,13.46,13.29,-0.17,False,
CNT004365,2026-05-10,P034,25.19,25.19,0.0,False,
CNT004366,2026-05-10,P035,5.15,5.15,0.0,False,
CNT004367,2026-05-10,P036,12.58,12.58,0.0,False,
CNT004368,2026-05-10,P037,11.8,11.8,0.0,False,
CNT004369,2026-05-10,P038,12.07,12.07,0.0,False,
CNT004370,2026-05-10,P039,16.78,16.78,0.0,False,
CNT004371,2026-05-10,P040,14.2,14.2,0.0,False,
CNT004372,2026-05-10,P041,19.18,19.18,0.0,False,
CNT004373,2026-05-10,P042,12.44,12.44,0.0,False,
CNT004374,2026-05-10,P043,20.7,20.7,0.0,False,
CNT004375,2026-05-10,P044,73.0,73.0,0.0,False,
CNT004376,2026-05-10,P045,18.2,18.03,-0.17,False,
CNT004377,2026-05-10,P046,27.62,27.62,0.0,False,
CNT004378,2026-05-10,P047,27.28,27.28,0.0,False,
CNT004379,2026-05-10,P048,17.8,17.8,0.0,False,
CNT004380,2026-05-10,P049,23.2,23.2,0.0,False,
CNT004381,2026-05-10,P050,4.0,4.0,0.0,False,
CNT004382,2026-05-10,P051,4.0,4.0,0.0,False,
CNT004383,2026-05-10,P052,8.58,8.32,-0.26,False,
CNT004384,2026-05-10,P053,6.67,6.67,0.0,False,
CNT004385,2026-05-10,P054,6.53,6.53,0.0,False,
CNT004386,2026-05-10,P055,2.44,2.44,0.0,False,
CNT004387,2026-05-10,P056,3.6,3.46,-0.14,False,
CNT004388,2026-05-10,K001,3.83,3.83,0.0,False,
CNT004389,2026-05-10,K002,3.36,3.36,0.0,False,
CNT004390,2026-05-10,K003,5.03,5.03,0.0,False,
CNT004391,2026-05-10,K004,4.44,4.44,0.0,False,
CNT004392,2026-05-10,K005,3.48,3.48,0.0,False,
CNT004393,2026-05-13,P001,65.4,65.4,0.0,False,
CNT004394,2026-05-13,P002,26.6,26.6,0.0,False,
CNT004395,2026-05-13,P003,45.2,45.2,0.0,False,
CNT004396,2026-05-13,P004,24.6,24.6,0.0,False,
CNT004397,2026-05-13,P005,17.6,17.6,0.0,False,
CNT004398,2026-05-13,P006,44.0,44.0,0.0,False,
CNT004399,2026-05-13,P007,56.4,56.4,0.0,False,
CNT004400,2026-05-13,P008,31.2,31.2,0.0,False,
CNT004401,2026-05-13,P009,12.05,12.05,0.0,False,
CNT004402,2026-05-13,P010,6.75,6.75,0.0,False,
CNT004403,2026-05-13,P011,9.69,9.69,0.0,False,
CNT004404,2026-05-13,P012,12.49,12.49,0.0,False,
CNT004405,2026-05-13,P013,10.66,10.66,0.0,False,
CNT004406,2026-05-13,P014,18.38,18.38,0.0,False,
CNT004407,2026-05-13,P015,13.43,13.43,0.0,False,
CNT004408,2026-05-13,P016,12.65,12.44,-0.21,False,
CNT004409,2026-05-13,P017,2.81,2.81,0.0,False,
CNT004410,2026-05-13,P018,13.69,13.69,0.0,False,
CNT004411,2026-05-13,P019,15.96,15.96,0.0,False,
CNT004412,2026-05-13,P020,6.9,6.9,0.0,False,
CNT004413,2026-05-13,P021,12.14,12.14,0.0,False,
CNT004414,2026-05-13,P022,7.26,7.26,0.0,False,
CNT004415,2026-05-13,P023,13.69,13.69,0.0,False,
CNT004416,2026-05-13,P024,13.86,13.86,0.0,False,
CNT004417,2026-05-13,P025,15.45,15.45,0.0,False,
CNT004418,2026-05-13,P026,7.35,7.35,0.0,False,
CNT004419,2026-05-13,P027,5.72,5.72,0.0,False,
CNT004420,2026-05-13,P028,8.37,8.37,0.0,False,
CNT004421,2026-05-13,P029,10.68,10.68,0.0,False,
CNT004422,2026-05-13,P030,13.78,13.78,0.0,False,
CNT004423,2026-05-13,P031,14.25,14.25,0.0,False,
CNT004424,2026-05-13,P032,12.92,12.92,0.0,False,
CNT004425,2026-05-13,P033,20.91,20.91,0.0,False,
CNT004426,2026-05-13,P034,23.69,23.69,0.0,False,
CNT004427,2026-05-13,P035,3.75,3.75,0.0,False,
CNT004428,2026-05-13,P036,11.49,11.49,0.0,False,
CNT004429,2026-05-13,P037,10.82,10.82,0.0,False,
CNT004430,2026-05-13,P038,19.92,19.92,0.0,False,
CNT004431,2026-05-13,P039,22.43,22.15,-0.28,False,
CNT004432,2026-05-13,P040,11.8,11.8,0.0,False,
CNT004433,2026-05-13,P041,11.46,11.46,0.0,False,
CNT004434,2026-05-13,P042,11.24,11.24,0.0,False,
CNT004435,2026-05-13,P043,0.0,0.0,0.0,False,
CNT004436,2026-05-13,P044,56.0,56.0,0.0,False,
CNT004437,2026-05-13,P045,49.2,49.2,0.0,False,
CNT004438,2026-05-13,P046,58.72,58.72,0.0,False,
CNT004439,2026-05-13,P047,57.12,57.12,0.0,False,
CNT004440,2026-05-13,P048,51.8,51.8,0.0,False,
CNT004441,2026-05-13,P049,18.2,18.11,-0.09,False,
CNT004442,2026-05-13,P050,4.0,4.0,0.0,False,
CNT004443,2026-05-13,P051,4.0,3.91,-0.09,False,
CNT004444,2026-05-13,P052,6.49,6.49,0.0,False,
CNT004445,2026-05-13,P053,6.4,6.6,0.2,False,
CNT004446,2026-05-13,P054,5.63,4.63,-1.0,False,
CNT004447,2026-05-13,P055,8.04,8.04,0.0,False,
CNT004448,2026-05-13,P056,3.39,3.39,0.0,False,
CNT004449,2026-05-13,K001,4.46,4.46,0.0,False,
CNT004450,2026-05-13,K002,4.49,4.31,-0.18,False,
CNT004451,2026-05-13,K003,6.82,6.82,0.0,False,
CNT004452,2026-05-13,K004,5.24,5.24,0.0,False,
CNT004453,2026-05-13,K005,4.58,4.5,-0.08,False,
CNT004454,2026-05-17,P001,56.4,56.4,0.0,False,
CNT004455,2026-05-17,P002,55.6,55.6,0.0,False,
CNT004456,2026-05-17,P003,4.2,4.2,0.0,False,
CNT004457,2026-05-17,P004,27.6,27.6,0.0,False,
CNT004458,2026-05-17,P005,46.6,46.6,0.0,False,
CNT004459,2026-05-17,P006,44.0,44.0,0.0,False,
CNT004460,2026-05-17,P007,50.4,50.4,0.0,False,
CNT004461,2026-05-17,P008,38.2,38.2,0.0,False,
CNT004462,2026-05-17,P009,10.34,10.34,0.0,False,
CNT004463,2026-05-17,P010,5.46,5.46,0.0,False,
CNT004464,2026-05-17,P011,6.43,6.43,0.0,False,
CNT004465,2026-05-17,P012,11.81,11.81,0.0,False,
CNT004466,2026-05-17,P013,14.41,14.41,0.0,False,
CNT004467,2026-05-17,P014,10.82,10.82,0.0,False,
CNT004468,2026-05-17,P015,12.75,12.75,0.0,False,
CNT004469,2026-05-17,P016,11.02,11.02,0.0,False,
CNT004470,2026-05-17,P017,13.95,13.95,0.0,False,
CNT004471,2026-05-17,P018,12.75,12.75,0.0,False,
CNT004472,2026-05-17,P019,12.7,12.7,0.0,False,
CNT004473,2026-05-17,P020,4.25,4.25,0.0,False,
CNT004474,2026-05-17,P021,10.68,10.68,0.0,False,
CNT004475,2026-05-17,P022,5.98,5.98,0.0,False,
CNT004476,2026-05-17,P023,12.92,12.92,0.0,False,
CNT004477,2026-05-17,P024,13.01,13.01,0.0,False,
CNT004478,2026-05-17,P025,15.98,15.98,0.0,False,
CNT004479,2026-05-17,P026,5.8,5.8,0.0,False,
CNT004480,2026-05-17,P027,4.35,4.35,0.0,False,
CNT004481,2026-05-17,P028,7.86,7.86,0.0,False,
CNT004482,2026-05-17,P029,8.45,8.45,0.0,False,
CNT004483,2026-05-17,P030,12.92,12.92,0.0,False,
CNT004484,2026-05-17,P031,7.72,7.72,0.0,False,
CNT004485,2026-05-17,P032,12.06,11.81,-0.25,False,
CNT004486,2026-05-17,P033,9.86,9.86,0.0,False,
CNT004487,2026-05-17,P034,20.43,20.65,0.22,False,
CNT004488,2026-05-17,P035,12.67,12.67,0.0,False,
CNT004489,2026-05-17,P036,8.83,8.83,0.0,False,
CNT004490,2026-05-17,P037,8.33,8.33,0.0,False,
CNT004491,2026-05-17,P038,7.72,7.72,0.0,False,
CNT004492,2026-05-17,P039,11.94,11.94,0.0,False,
CNT004493,2026-05-17,P040,7.2,7.2,0.0,False,
CNT004494,2026-05-17,P041,17.58,17.58,0.0,False,
CNT004495,2026-05-17,P042,8.44,8.44,0.0,False,
CNT004496,2026-05-17,P043,96.7,96.7,0.0,False,
CNT004497,2026-05-17,P044,38.0,38.0,0.0,False,
CNT004498,2026-05-17,P045,34.2,34.2,0.0,False,
CNT004499,2026-05-17,P046,17.92,17.92,0.0,False,
CNT004500,2026-05-17,P047,18.4,18.4,0.0,False,
CNT004501,2026-05-17,P048,17.8,17.8,0.0,False,
CNT004502,2026-05-17,P049,26.2,26.2,0.0,False,
CNT004503,2026-05-17,P050,4.0,3.89,-0.11,False,
CNT004504,2026-05-17,P051,4.0,4.0,0.0,False,
CNT004505,2026-05-17,P052,7.89,7.89,0.0,False,
CNT004506,2026-05-17,P053,5.58,5.58,0.0,False,
CNT004507,2026-05-17,P054,3.51,3.51,0.0,False,
CNT004508,2026-05-17,P055,7.15,7.15,0.0,False,
CNT004509,2026-05-17,P056,2.83,2.83,0.0,False,
CNT004510,2026-05-17,K001,3.9,3.9,0.0,False,
CNT004511,2026-05-17,K002,2.63,2.63,0.0,False,
CNT004512,2026-05-17,K003,5.02,5.02,0.0,False,
CNT004513,2026-05-17,K004,5.05,5.05,0.0,False,
CNT004514,2026-05-17,K005,3.45,3.45,0.0,False,
CNT004515,2026-05-20,P001,86.4,86.4,0.0,False,
CNT004516,2026-05-20,P002,65.6,65.32,-0.28,False,
CNT004517,2026-05-20,P003,60.2,60.2,0.0,False,
CNT004518,2026-05-20,P004,45.6,45.6,0.0,False,
CNT004519,2026-05-20,P005,72.6,72.6,0.0,False,
CNT004520,2026-05-20,P006,34.0,34.0,0.0,False,
CNT004521,2026-05-20,P007,39.4,39.4,0.0,False,
CNT004522,2026-05-20,P008,32.2,32.0,-0.2,False,
CNT004523,2026-05-20,P009,9.74,9.74,0.0,False,
CNT004524,2026-05-20,P010,4.86,4.86,0.0,False,
CNT004525,2026-05-20,P011,5.36,5.36,0.0,False,
CNT004526,2026-05-20,P012,11.38,11.38,0.0,False,
CNT004527,2026-05-20,P013,11.04,11.04,0.0,False,
CNT004528,2026-05-20,P014,20.02,20.02,0.0,False,
CNT004529,2026-05-20,P015,12.41,12.41,0.0,False,
CNT004530,2026-05-20,P016,10.34,10.34,0.0,False,
CNT004531,2026-05-20,P017,13.61,13.61,0.0,False,
CNT004532,2026-05-20,P018,12.41,12.41,0.0,False,
CNT004533,2026-05-20,P019,11.42,11.42,0.0,False,
CNT004534,2026-05-20,P020,2.96,2.96,0.0,False,
CNT004535,2026-05-20,P021,9.99,9.99,0.0,False,
CNT004536,2026-05-20,P022,5.46,5.46,0.0,False,
CNT004537,2026-05-20,P023,12.58,12.58,0.0,False,
CNT004538,2026-05-20,P024,12.66,12.66,0.0,False,
CNT004539,2026-05-20,P025,12.48,12.48,0.0,False,
CNT004540,2026-05-20,P026,5.38,5.38,0.0,False,
CNT004541,2026-05-20,P027,3.92,3.92,0.0,False,
CNT004542,2026-05-20,P028,7.69,7.69,0.0,False,
CNT004543,2026-05-20,P029,7.59,7.59,0.0,False,
CNT004544,2026-05-20,P030,12.58,12.29,-0.29,False,
CNT004545,2026-05-20,P031,17.29,17.29,0.0,False,
CNT004546,2026-05-20,P032,11.81,11.81,0.0,False,
CNT004547,2026-05-20,P033,17.06,17.06,0.0,False,
CNT004548,2026-05-20,P034,19.27,19.27,0.0,False,
CNT004549,2026-05-20,P035,11.42,11.42,0.0,False,
CNT004550,2026-05-20,P036,7.92,7.92,0.0,False,
CNT004551,2026-05-20,P037,7.6,7.6,0.0,False,
CNT004552,2026-05-20,P038,16.79,16.66,-0.13,False,
CNT004553,2026-05-20,P039,19.3,19.3,0.0,False,
CNT004554,2026-05-20,P040,6.0,6.0,0.0,False,
CNT004555,2026-05-20,P041,22.3,22.3,0.0,False,
CNT004556,2026-05-20,P042,7.44,7.44,0.0,False,
CNT004557,2026-05-20,P043,58.8,58.8,0.0,False,
CNT004558,2026-05-20,P044,46.0,46.0,0.0,False,
CNT004559,2026-05-20,P045,46.2,46.2,0.0,False,
CNT004560,2026-05-20,P046,54.72,49.72,-5.0,True,INC-012
CNT004561,2026-05-20,P047,50.98,50.98,0.0,False,
CNT004562,2026-05-20,P048,51.8,51.8,0.0,False,
CNT004563,2026-05-20,P049,23.2,23.42,0.22,False,
CNT004564,2026-05-20,P050,4.0,4.0,0.0,False,
CNT004565,2026-05-20,P051,4.0,4.0,0.0,False,
CNT004566,2026-05-20,P052,6.32,6.32,0.0,False,
CNT004567,2026-05-20,P053,5.35,5.19,-0.16,False,
CNT004568,2026-05-20,P054,8.85,8.85,0.0,False,
CNT004569,2026-05-20,P055,6.89,6.89,0.0,False,
CNT004570,2026-05-20,P056,2.62,2.62,0.0,False,
CNT004571,2026-05-20,K001,2.79,2.79,0.0,False,
CNT004572,2026-05-20,K002,5.05,5.05,0.0,False,
CNT004573,2026-05-20,K003,6.16,7.16,1.0,False,
CNT004574,2026-05-20,K004,5.35,5.35,0.0,False,
CNT004575,2026-05-20,K005,4.53,4.68,0.15,False,
CNT004576,2026-05-24,P001,57.4,57.4,0.0,False,
CNT004577,2026-05-24,P002,44.6,44.6,0.0,False,
CNT004578,2026-05-24,P003,44.2,44.2,0.0,False,
CNT004579,2026-05-24,P004,28.6,28.6,0.0,False,
CNT004580,2026-05-24,P005,54.6,54.6,0.0,False,
CNT004581,2026-05-24,P006,39.0,39.0,0.0,False,
CNT004582,2026-05-24,P007,36.4,36.4,0.0,False,
CNT004583,2026-05-24,P008,17.2,17.2,0.0,False,
CNT004584,2026-05-24,P009,7.94,7.94,0.0,False,
CNT004585,2026-05-24,P010,3.75,3.75,0.0,False,
CNT004586,2026-05-24,P011,14.31,14.19,-0.12,False,
CNT004587,2026-05-24,P012,10.61,10.61,0.0,False,
CNT004588,2026-05-24,P013,14.9,14.9,0.0,False,
CNT004589,2026-05-24,P014,12.99,12.99,0.0,False,
CNT004590,2026-05-24,P015,11.72,11.72,0.0,False,
CNT004591,2026-05-24,P016,8.71,8.71,0.0,False,
CNT004592,2026-05-24,P017,12.75,12.75,0.0,False,
CNT004593,2026-05-24,P018,11.55,11.55,0.0,False,
CNT004594,2026-05-24,P019,8.33,8.33,0.0,False,
CNT004595,2026-05-24,P020,12.13,12.13,0.0,False,
CNT004596,2026-05-24,P021,8.28,8.28,0.0,False,
CNT004597,2026-05-24,P022,4.18,4.3,0.12,False,
CNT004598,2026-05-24,P023,11.63,11.63,0.0,False,
CNT004599,2026-05-24,P024,11.98,11.98,0.0,False,
CNT004600,2026-05-24,P025,13.36,13.36,0.0,False,
CNT004601,2026-05-24,P026,4.26,4.26,0.0,False,
CNT004602,2026-05-24,P027,2.63,2.63,0.0,False,
CNT004603,2026-05-24,P028,7.26,7.26,0.0,False,
CNT004604,2026-05-24,P029,5.39,5.62,0.23,False,
CNT004605,2026-05-24,P030,11.63,11.63,0.0,False,
CNT004606,2026-05-24,P031,11.66,11.66,0.0,False,
CNT004607,2026-05-24,P032,11.03,11.03,0.0,False,
CNT004608,2026-05-24,P033,18.77,18.77,0.0,False,
CNT004609,2026-05-24,P034,16.06,16.06,0.0,False,
CNT004610,2026-05-24,P035,8.62,8.62,0.0,False,
CNT004611,2026-05-24,P036,5.26,5.26,0.0,False,
CNT004612,2026-05-24,P037,5.25,5.25,0.0,False,
CNT004613,2026-05-24,P038,17.08,17.08,0.0,False,
CNT004614,2026-05-24,P039,19.59,19.35,-0.24,False,
CNT004615,2026-05-24,P040,13.2,13.2,0.0,False,
CNT004616,2026-05-24,P041,17.7,17.7,0.0,False,
CNT004617,2026-05-24,P042,4.24,4.24,0.0,False,
CNT004618,2026-05-24,P043,41.0,41.0,0.0,False,
CNT004619,2026-05-24,P044,35.0,35.0,0.0,False,
CNT004620,2026-05-24,P045,30.2,30.2,0.0,False,
CNT004621,2026-05-24,P046,32.22,32.22,0.0,False,
CNT004622,2026-05-24,P047,35.4,35.4,0.0,False,
CNT004623,2026-05-24,P048,17.8,17.8,0.0,False,
CNT004624,2026-05-24,P049,10.2,10.2,0.0,False,
CNT004625,2026-05-24,P050,4.0,4.0,0.0,False,
CNT004626,2026-05-24,P051,4.0,4.0,0.0,False,
CNT004627,2026-05-24,P052,8.11,8.11,0.0,False,
CNT004628,2026-05-24,P053,4.65,4.65,0.0,False,
CNT004629,2026-05-24,P054,6.78,6.78,0.0,False,
CNT004630,2026-05-24,P055,6.04,6.23,0.19,False,
CNT004631,2026-05-24,P056,8.03,8.13,0.1,False,
CNT004632,2026-05-24,K001,6.31,6.31,0.0,False,
CNT004633,2026-05-24,K002,4.25,3.25,-1.0,False,
CNT004634,2026-05-24,K003,5.53,5.53,0.0,False,
CNT004635,2026-05-24,K004,4.45,4.7,0.25,False,
CNT004636,2026-05-24,K005,4.69,4.69,0.0,False,
CNT004637,2026-05-27,P001,83.4,84.4,1.0,False,
CNT004638,2026-05-27,P002,49.6,49.6,0.0,False,
CNT004639,2026-05-27,P003,51.2,51.2,0.0,False,
CNT004640,2026-05-27,P004,21.6,21.84,0.24,False,
CNT004641,2026-05-27,P005,57.6,57.6,0.0,False,
CNT004642,2026-05-27,P006,30.0,30.0,0.0,False,
CNT004643,2026-05-27,P007,48.4,48.4,0.0,False,
CNT004644,2026-05-27,P008,36.2,36.2,0.0,False,
CNT004645,2026-05-27,P009,7.42,7.42,0.0,False,
CNT004646,2026-05-27,P010,3.32,3.32,0.0,False,
CNT004647,2026-05-27,P011,13.16,13.16,0.0,False,
CNT004648,2026-05-27,P012,10.26,10.26,0.0,False,
CNT004649,2026-05-27,P013,12.1,12.1,0.0,False,
CNT004650,2026-05-27,P014,10.14,10.14,0.0,False,
CNT004651,2026-05-27,P015,11.46,11.46,0.0,False,
CNT004652,2026-05-27,P016,8.2,8.2,0.0,False,
CNT004653,2026-05-27,P017,12.41,12.41,0.0,False,
CNT004654,2026-05-27,P018,11.29,12.29,1.0,False,
CNT004655,2026-05-27,P019,7.13,7.13,0.0,False,
CNT004656,2026-05-27,P020,10.93,10.93,0.0,False,
CNT004657,2026-05-27,P021,7.42,7.42,0.0,False,
CNT004658,2026-05-27,P022,3.49,3.49,0.0,False,
CNT004659,2026-05-27,P023,11.29,11.29,0.0,False,
CNT004660,2026-05-27,P024,11.63,12.63,1.0,False,
CNT004661,2026-05-27,P025,9.33,9.33,0.0,False,
CNT004662,2026-05-27,P026,3.58,3.58,0.0,False,
CNT004663,2026-05-27,P027,14.03,14.03,0.0,False,
CNT004664,2026-05-27,P028,7.09,7.09,0.0,False,
CNT004665,2026-05-27,P029,4.43,4.43,0.0,False,
CNT004666,2026-05-27,P030,11.29,11.29,0.0,False,
CNT004667,2026-05-27,P031,9.93,9.93,0.0,False,
CNT004668,2026-05-27,P032,10.61,10.61,0.0,False,
CNT004669,2026-05-27,P033,15.6,15.6,0.0,False,
CNT004670,2026-05-27,P034,14.82,14.82,0.0,False,
CNT004671,2026-05-27,P035,7.77,7.77,0.0,False,
CNT004672,2026-05-27,P036,4.41,4.41,0.0,False,
CNT004673,2026-05-27,P037,4.35,4.35,0.0,False,
CNT004674,2026-05-27,P038,13.91,13.91,0.0,False,
CNT004675,2026-05-27,P039,16.42,16.42,0.0,False,
CNT004676,2026-05-27,P040,11.4,11.4,0.0,False,
CNT004677,2026-05-27,P041,24.06,24.06,0.0,False,
CNT004678,2026-05-27,P042,14.64,14.64,0.0,False,
CNT004679,2026-05-27,P043,79.1,79.04,-0.06,False,
CNT004680,2026-05-27,P044,43.0,43.0,0.0,False,
CNT004681,2026-05-27,P045,38.2,38.2,0.0,False,
CNT004682,2026-05-27,P046,61.72,61.72,0.0,False,
CNT004683,2026-05-27,P047,44.4,44.4,0.0,False,
CNT004684,2026-05-27,P048,55.8,55.8,0.0,False,
CNT004685,2026-05-27,P049,27.2,27.2,0.0,False,
CNT004686,2026-05-27,P050,4.0,4.0,0.0,False,
CNT004687,2026-05-27,P051,4.0,4.0,0.0,False,
CNT004688,2026-05-27,P052,6.75,6.75,0.0,False,
CNT004689,2026-05-27,P053,4.42,4.42,0.0,False,
CNT004690,2026-05-27,P054,6.06,6.06,0.0,False,
CNT004691,2026-05-27,P055,5.73,5.73,0.0,False,
CNT004692,2026-05-27,P056,7.84,7.84,0.0,False,
CNT004693,2026-05-27,K001,5.51,5.51,0.0,False,
CNT004694,2026-05-27,K002,3.37,3.37,0.0,False,
CNT004695,2026-05-27,K003,6.03,6.03,0.0,False,
CNT004696,2026-05-27,K004,5.82,5.82,0.0,False,
CNT004697,2026-05-27,K005,4.88,4.88,0.0,False,
CNT004698,2026-05-31,P001,52.4,52.4,0.0,False,
CNT004699,2026-05-31,P002,57.6,57.6,0.0,False,
CNT004700,2026-05-31,P003,43.2,43.2,0.0,False,
CNT004701,2026-05-31,P004,54.6,54.6,0.0,False,
CNT004702,2026-05-31,P005,42.6,42.6,0.0,False,
CNT004703,2026-05-31,P006,33.0,33.0,0.0,False,
CNT004704,2026-05-31,P007,43.4,43.4,0.0,False,
CNT004705,2026-05-31,P008,22.2,22.2,0.0,False,
CNT004706,2026-05-31,P009,6.05,6.05,0.0,False,
CNT004707,2026-05-31,P010,14.2,14.2,0.0,False,
CNT004708,2026-05-31,P011,10.2,10.2,0.0,False,
CNT004709,2026-05-31,P012,9.66,9.66,0.0,False,
CNT004710,2026-05-31,P013,16.46,16.46,0.0,False,
CNT004711,2026-05-31,P014,15.71,15.71,0.0,False,
CNT004712,2026-05-31,P015,10.61,10.61,0.0,False,
CNT004713,2026-05-31,P016,6.74,6.74,0.0,False,
CNT004714,2026-05-31,P017,11.63,11.63,0.0,False,
CNT004715,2026-05-31,P018,10.43,10.43,0.0,False,
CNT004716,2026-05-31,P019,16.22,16.22,0.0,False,
CNT004717,2026-05-31,P020,8.53,8.53,0.0,False,
CNT004718,2026-05-31,P021,5.97,5.97,0.0,False,
CNT004719,2026-05-31,P022,14.46,14.46,0.0,False,
CNT004720,2026-05-31,P023,10.52,10.34,-0.18,False,
CNT004721,2026-05-31,P024,10.86,10.86,0.0,False,
CNT004722,2026-05-31,P025,10.03,10.03,0.0,False,
CNT004723,2026-05-31,P026,14.38,14.38,0.0,False,
CNT004724,2026-05-31,P027,13.09,12.98,-0.11,False,
CNT004725,2026-05-31,P028,6.75,6.75,0.0,False,
CNT004726,2026-05-31,P029,14.15,13.15,-1.0,False,
CNT004727,2026-05-31,P030,10.52,10.52,0.0,False,
CNT004728,2026-05-31,P031,16.26,16.26,0.0,False,
CNT004729,2026-05-31,P032,9.75,9.75,0.0,False,
CNT004730,2026-05-31,P033,17.74,17.74,0.0,False,
CNT004731,2026-05-31,P034,11.86,11.86,0.0,False,
CNT004732,2026-05-31,P035,4.9,5.9,1.0,False,
CNT004733,2026-05-31,P036,14.03,14.03,0.0,False,
CNT004734,2026-05-31,P037,2.25,2.25,0.0,False,
CNT004735,2026-05-31,P038,13.95,13.95,0.0,False,
CNT004736,2026-05-31,P039,15.98,15.98,0.0,False,
CNT004737,2026-05-31,P040,7.4,7.4,0.0,False,
CNT004738,2026-05-31,P041,20.5,20.5,0.0,False,
CNT004739,2026-05-31,P042,11.84,11.84,0.0,False,
CNT004740,2026-05-31,P043,39.0,39.0,0.0,False,
CNT004741,2026-05-31,P044,20.0,20.0,0.0,False,
CNT004742,2026-05-31,P045,29.2,29.2,0.0,False,
CNT004743,2026-05-31,P046,16.12,15.86,-0.26,False,
CNT004744,2026-05-31,P047,24.22,24.22,0.0,False,
CNT004745,2026-05-31,P048,20.8,20.8,0.0,False,
CNT004746,2026-05-31,P049,15.2,15.11,-0.09,False,
CNT004747,2026-05-31,P050,4.0,4.0,0.0,False,
CNT004748,2026-05-31,P051,4.0,4.0,0.0,False,
CNT004749,2026-05-31,P052,8.3,8.3,0.0,False,
CNT004750,2026-05-31,P053,3.65,3.65,0.0,False,
CNT004751,2026-05-31,P054,4.0,3.72,-0.28,False,
CNT004752,2026-05-31,P055,4.83,4.83,0.0,False,
CNT004753,2026-05-31,P056,7.33,7.33,0.0,False,
CNT004754,2026-05-31,K001,4.14,4.14,0.0,False,
CNT004755,2026-05-31,K002,3.79,3.79,0.0,False,
CNT004756,2026-05-31,K003,5.59,5.59,0.0,False,
CNT004757,2026-05-31,K004,4.97,5.26,0.29,False,
CNT004758,2026-05-31,K005,4.06,4.06,0.0,False,
CNT004759,2026-06-03,P001,34.4,34.4,0.0,False,
CNT004760,2026-06-03,P002,63.6,63.6,0.0,False,
CNT004761,2026-06-03,P003,52.2,52.2,0.0,False,
CNT004762,2026-06-03,P004,50.6,50.84,0.24,False,
CNT004763,2026-06-03,P005,70.6,70.6,0.0,False,
CNT004764,2026-06-03,P006,45.0,45.0,0.0,False,
CNT004765,2026-06-03,P007,57.4,57.25,-0.15,False,
CNT004766,2026-06-03,P008,41.2,41.2,0.0,False,
CNT004767,2026-06-03,P009,5.71,5.71,0.0,False,
CNT004768,2026-06-03,P010,13.6,13.6,0.0,False,
CNT004769,2026-06-03,P011,8.7,8.7,0.0,False,
CNT004770,2026-06-03,P012,9.32,9.32,0.0,False,
CNT004771,2026-06-03,P013,12.76,12.76,0.0,False,
CNT004772,2026-06-03,P014,12.95,12.95,0.0,False,
CNT004773,2026-06-03,P015,10.18,10.18,0.0,False,
CNT004774,2026-06-03,P016,6.05,6.05,0.0,False,
CNT004775,2026-06-03,P017,11.21,11.04,-0.17,False,
CNT004776,2026-06-03,P018,10.09,10.09,0.0,False,
CNT004777,2026-06-03,P019,14.93,14.93,0.0,False,
CNT004778,2026-06-03,P020,7.42,7.42,0.0,False,
CNT004779,2026-06-03,P021,5.28,5.28,0.0,False,
CNT004780,2026-06-03,P022,14.03,14.03,0.0,False,
CNT004781,2026-06-03,P023,10.09,10.09,0.0,False,
CNT004782,2026-06-03,P024,10.35,10.57,0.22,False,
CNT004783,2026-06-03,P025,18.35,18.35,0.0,False,
CNT004784,2026-06-03,P026,13.86,13.86,0.0,False,
CNT004785,2026-06-03,P027,12.75,12.75,0.0,False,
CNT004786,2026-06-03,P028,6.49,6.49,0.0,False,
CNT004787,2026-06-03,P029,13.16,13.16,0.0,False,
CNT004788,2026-06-03,P030,10.26,10.26,0.0,False,
CNT004789,2026-06-03,P031,13.65,13.65,0.0,False,
CNT004790,2026-06-03,P032,9.41,9.41,0.0,False,
CNT004791,2026-06-03,P033,14.49,14.49,0.0,False,
CNT004792,2026-06-03,P034,10.7,10.7,0.0,False,
CNT004793,2026-06-03,P035,15.66,15.66,0.0,False,
CNT004794,2026-06-03,P036,13.15,13.15,0.0,False,
CNT004795,2026-06-03,P037,13.18,13.18,0.0,False,
CNT004796,2026-06-03,P038,20.58,20.58,0.0,False,
CNT004797,2026-06-03,P039,23.34,23.34,0.0,False,
CNT004798,2026-06-03,P040,17.6,17.6,0.0,False,
CNT004799,2026-06-03,P041,26.46,26.46,0.0,False,
CNT004800,2026-06-03,P042,10.64,10.64,0.0,False,
CNT004801,2026-06-03,P043,82.6,82.69,0.09,False,
CNT004802,2026-06-03,P044,49.0,49.0,0.0,False,
CNT004803,2026-06-03,P045,41.2,41.2,0.0,False,
CNT004804,2026-06-03,P046,43.62,43.5,-0.12,False,
CNT004805,2026-06-03,P047,57.46,57.46,0.0,False,
CNT004806,2026-06-03,P048,29.8,29.8,0.0,False,
CNT004807,2026-06-03,P049,34.2,34.09,-0.11,False,
CNT004808,2026-06-03,P050,4.0,4.0,0.0,False,
CNT004809,2026-06-03,P051,4.0,4.0,0.0,False,
CNT004810,2026-06-03,P052,6.69,6.69,0.0,False,
CNT004811,2026-06-03,P053,3.3,3.53,0.23,False,
CNT004812,2026-06-03,P054,9.3,9.3,0.0,False,
CNT004813,2026-06-03,P055,4.55,4.55,0.0,False,
CNT004814,2026-06-03,P056,7.13,7.13,0.0,False,
CNT004815,2026-06-03,K001,5.17,5.25,0.08,False,
CNT004816,2026-06-03,K002,4.94,4.94,0.0,False,
CNT004817,2026-06-03,K003,6.4,6.4,0.0,False,
CNT004818,2026-06-03,K004,5.58,5.58,0.0,False,
CNT004819,2026-06-03,K005,4.28,4.28,0.0,False,
CNT004820,2026-06-07,P001,77.4,77.4,0.0,False,
CNT004821,2026-06-07,P002,35.6,35.44,-0.16,False,
CNT004822,2026-06-07,P003,49.2,49.2,0.0,False,
CNT004823,2026-06-07,P004,24.6,24.6,0.0,False,
CNT004824,2026-06-07,P005,45.6,45.6,0.0,False,
CNT004825,2026-06-07,P006,38.0,38.0,0.0,False,
CNT004826,2026-06-07,P007,41.4,41.4,0.0,False,
CNT004827,2026-06-07,P008,23.2,23.2,0.0,False,
CNT004828,2026-06-07,P009,4.0,4.0,0.0,False,
CNT004829,2026-06-07,P010,12.06,12.06,0.0,False,
CNT004830,2026-06-07,P011,4.41,4.41,0.0,False,
CNT004831,2026-06-07,P012,8.38,8.38,0.0,False,
CNT004832,2026-06-07,P013,14.75,14.75,0.0,False,
CNT004833,2026-06-07,P014,14.42,14.42,0.0,False,
CNT004834,2026-06-07,P015,9.23,9.23,0.0,False,
CNT004835,2026-06-07,P016,4.0,4.0,0.0,False,
CNT004836,2026-06-07,P017,10.18,10.18,0.0,False,
CNT004837,2026-06-07,P018,8.98,8.98,0.0,False,
CNT004838,2026-06-07,P019,10.39,10.39,0.0,False,
CNT004839,2026-06-07,P020,3.9,3.9,0.0,False,
CNT004840,2026-06-07,P021,3.05,3.05,0.0,False,
CNT004841,2026-06-07,P022,12.4,12.4,0.0,False,
CNT004842,2026-06-07,P023,8.98,8.98,0.0,False,
CNT004843,2026-06-07,P024,9.32,9.32,0.0,False,
CNT004844,2026-06-07,P025,16.13,16.13,0.0,False,
CNT004845,2026-06-07,P026,12.4,12.4,0.0,False,
CNT004846,2026-06-07,P027,10.95,10.95,0.0,False,
CNT004847,2026-06-07,P028,5.89,5.89,0.0,False,
CNT004848,2026-06-07,P029,10.21,10.21,0.0,False,
CNT004849,2026-06-07,P030,9.32,9.32,0.0,False,
CNT004850,2026-06-07,P031,5.52,5.52,0.0,False,
CNT004851,2026-06-07,P032,8.29,8.29,0.0,False,
CNT004852,2026-06-07,P033,13.46,13.46,0.0,False,
CNT004853,2026-06-07,P034,6.42,6.42,0.0,False,
CNT004854,2026-06-07,P035,11.67,11.67,0.0,False,
CNT004855,2026-06-07,P036,9.86,9.86,0.0,False,
CNT004856,2026-06-07,P037,10.09,10.09,0.0,False,
CNT004857,2026-06-07,P038,5.7,5.7,0.0,False,
CNT004858,2026-06-07,P039,6.5,6.5,0.0,False,
CNT004859,2026-06-07,P040,11.4,11.4,0.0,False,
CNT004860,2026-06-07,P041,18.02,18.02,0.0,False,
CNT004861,2026-06-07,P042,7.24,7.04,-0.2,False,
CNT004862,2026-06-07,P043,19.9,19.9,0.0,False,
CNT004863,2026-06-07,P044,20.0,20.0,0.0,False,
CNT004864,2026-06-07,P045,22.2,22.2,0.0,False,
CNT004865,2026-06-07,P046,8.72,8.72,0.0,False,
CNT004866,2026-06-07,P047,0.0,0.28,0.28,False,
CNT004867,2026-06-07,P048,10.8,10.8,0.0,False,
CNT004868,2026-06-07,P049,15.2,15.2,0.0,False,
CNT004869,2026-06-07,P050,4.0,4.0,0.0,False,
CNT004870,2026-06-07,P051,4.0,4.0,0.0,False,
CNT004871,2026-06-07,P052,6.91,6.91,0.0,False,
CNT004872,2026-06-07,P053,2.38,2.38,0.0,False,
CNT004873,2026-06-07,P054,6.65,6.65,0.0,False,
CNT004874,2026-06-07,P055,3.45,3.45,0.0,False,
CNT004875,2026-06-07,P056,6.4,6.4,0.0,False,
CNT004876,2026-06-07,K001,3.81,3.81,0.0,False,
CNT004877,2026-06-07,K002,3.42,3.72,0.3,False,
CNT004878,2026-06-07,K003,4.69,4.69,0.0,False,
CNT004879,2026-06-07,K004,4.03,3.89,-0.14,False,
CNT004880,2026-06-07,K005,3.67,3.67,0.0,False,
CNT004881,2026-06-10,P001,73.4,73.4,0.0,False,
CNT004882,2026-06-10,P002,59.6,59.6,0.0,False,
CNT004883,2026-06-10,P003,30.2,30.2,0.0,False,
CNT004884,2026-06-10,P004,38.6,38.6,0.0,False,
CNT004885,2026-06-10,P005,71.6,71.6,0.0,False,
CNT004886,2026-06-10,P006,52.0,52.0,0.0,False,
CNT004887,2026-06-10,P007,46.4,46.4,0.0,False,
CNT004888,2026-06-10,P008,39.2,39.2,0.0,False,
CNT004889,2026-06-10,P009,15.22,15.42,0.2,False,
CNT004890,2026-06-10,P010,11.46,11.75,0.29,False,
CNT004891,2026-06-10,P011,14.87,14.87,0.0,False,
CNT004892,2026-06-10,P012,7.95,7.95,0.0,False,
CNT004893,2026-06-10,P013,10.74,10.74,0.0,False,
CNT004894,2026-06-10,P014,9.51,9.51,0.0,False,
CNT004895,2026-06-10,P015,8.81,8.81,0.0,False,
CNT004896,2026-06-10,P016,15.14,15.14,0.0,False,
CNT004897,2026-06-10,P017,9.66,9.66,0.0,False,
CNT004898,2026-06-10,P018,8.55,8.55,0.0,False,
CNT004899,2026-06-10,P019,8.16,8.16,0.0,False,
CNT004900,2026-06-10,P020,14.62,14.62,0.0,False,
CNT004901,2026-06-10,P021,14.2,14.2,0.0,False,
CNT004902,2026-06-10,P022,11.72,11.72,0.0,False,
CNT004903,2026-06-10,P023,8.63,8.63,0.0,False,
CNT004904,2026-06-10,P024,8.89,8.89,0.0,False,
CNT004905,2026-06-10,P025,21.37,21.37,0.0,False,
CNT004906,2026-06-10,P026,11.63,11.63,0.0,False,
CNT004907,2026-06-10,P027,10.18,10.04,-0.14,False,
CNT004908,2026-06-10,P028,5.63,5.63,0.0,False,
CNT004909,2026-06-10,P029,8.79,8.79,0.0,False,
CNT004910,2026-06-10,P030,8.89,8.89,0.0,False,
CNT004911,2026-06-10,P031,14.87,14.87,0.0,False,
CNT004912,2026-06-10,P032,7.86,7.86,0.0,False,
CNT004913,2026-06-10,P033,20.06,20.06,0.0,False,
CNT004914,2026-06-10,P034,4.96,4.96,0.0,False,
CNT004915,2026-06-10,P035,10.14,10.14,0.0,False,
CNT004916,2026-06-10,P036,8.41,8.28,-0.13,False,
CNT004917,2026-06-10,P037,8.97,8.97,0.0,False,
CNT004918,2026-06-10,P038,24.09,24.09,0.0,False,
CNT004919,2026-06-10,P039,23.43,23.43,0.0,False,
CNT004920,2026-06-10,P040,8.2,8.2,0.0,False,
CNT004921,2026-06-10,P041,21.3,21.3,0.0,False,
CNT004922,2026-06-10,P042,5.64,5.64,0.0,False,
CNT004923,2026-06-10,P043,58.1,57.98,-0.12,False,
CNT004924,2026-06-10,P044,41.0,41.0,0.0,False,
CNT004925,2026-06-10,P045,46.2,46.2,0.0,False,
CNT004926,2026-06-10,P046,56.42,56.42,0.0,False,
CNT004927,2026-06-10,P047,50.56,50.56,0.0,False,
CNT004928,2026-06-10,P048,43.8,43.8,0.0,False,
CNT004929,2026-06-10,P049,32.2,32.2,0.0,False,
CNT004930,2026-06-10,P050,4.0,4.0,0.0,False,
CNT004931,2026-06-10,P051,4.0,4.0,0.0,False,
CNT004932,2026-06-10,P052,10.51,10.51,0.0,False,
CNT004933,2026-06-10,P053,7.92,7.92,0.0,False,
CNT004934,2026-06-10,P054,5.43,5.43,0.0,False,
CNT004935,2026-06-10,P055,2.92,2.92,0.0,False,
CNT004936,2026-06-10,P056,6.1,6.1,0.0,False,
CNT004937,2026-06-10,K001,4.67,4.67,0.0,False,
CNT004938,2026-06-10,K002,4.43,4.43,0.0,False,
CNT004939,2026-06-10,K003,6.27,6.27,0.0,False,
CNT004940,2026-06-10,K004,5.37,5.37,0.0,False,
CNT004941,2026-06-10,K005,4.69,4.69,0.0,False,
CNT004942,2026-06-14,P001,60.4,60.4,0.0,False,
CNT004943,2026-06-14,P002,32.6,32.6,0.0,False,
CNT004944,2026-06-14,P003,33.2,33.2,0.0,False,
CNT004945,2026-06-14,P004,40.6,40.6,0.0,False,
CNT004946,2026-06-14,P005,42.6,42.6,0.0,False,
CNT004947,2026-06-14,P006,24.0,24.0,0.0,False,
CNT004948,2026-06-14,P007,40.4,40.45,0.05,False,
CNT004949,2026-06-14,P008,24.2,24.2,0.0,False,
CNT004950,2026-06-14,P009,0.0,0.2,0.2,False,
CNT004951,2026-06-14,P010,10.09,10.09,0.0,False,
CNT004952,2026-06-14,P011,11.4,11.4,0.0,False,
CNT004953,2026-06-14,P012,7.09,7.09,0.0,False,
CNT004954,2026-06-14,P013,14.12,14.12,0.0,False,
CNT004955,2026-06-14,P014,12.74,12.74,0.0,False,
CNT004956,2026-06-14,P015,7.78,7.78,0.0,False,
CNT004957,2026-06-14,P016,12.25,12.03,-0.22,False,
CNT004958,2026-06-14,P017,8.72,8.95,0.23,False,
CNT004959,2026-06-14,P018,7.52,7.52,0.0,False,
CNT004960,2026-06-14,P019,3.62,3.86,0.24,False,
CNT004961,2026-06-14,P020,11.53,11.53,0.0,False,
CNT004962,2026-06-14,P021,11.62,11.62,0.0,False,
CNT004963,2026-06-14,P022,10.52,10.52,0.0,False,
CNT004964,2026-06-14,P023,7.86,7.86,0.0,False,
CNT004965,2026-06-14,P024,7.86,7.86,0.0,False,
CNT004966,2026-06-14,P025,9.16,9.16,0.0,False,
CNT004967,2026-06-14,P026,9.18,9.18,0.0,False,
CNT004968,2026-06-14,P027,8.8,9.05,0.25,False,
CNT004969,2026-06-14,P028,5.29,5.29,0.0,False,
CNT004970,2026-06-14,P029,6.39,6.39,0.0,False,
CNT004971,2026-06-14,P030,7.86,7.86,0.0,False,
CNT004972,2026-06-14,P031,6.43,6.43,0.0,False,
CNT004973,2026-06-14,P032,6.92,6.92,0.0,False,
CNT004974,2026-06-14,P033,8.83,8.83,0.0,False,
CNT004975,2026-06-14,P034,13.49,13.49,0.0,False,
CNT004976,2026-06-14,P035,6.54,6.54,0.0,False,
CNT004977,2026-06-14,P036,5.66,5.66,0.0,False,
CNT004978,2026-06-14,P037,6.36,5.36,-1.0,False,
CNT004979,2026-06-14,P038,11.89,11.89,0.0,False,
CNT004980,2026-06-14,P039,11.47,11.47,0.0,False,
CNT004981,2026-06-14,P040,15.0,15.0,0.0,False,
CNT004982,2026-06-14,P041,15.62,15.62,0.0,False,
CNT004983,2026-06-14,P042,14.24,14.24,0.0,False,
CNT004984,2026-06-14,P043,204.9,204.9,0.0,False,
CNT004985,2026-06-14,P044,16.0,15.0,-1.0,False,
CNT004986,2026-06-14,P045,27.2,27.2,0.0,False,
CNT004987,2026-06-14,P046,30.32,30.32,0.0,False,
CNT004988,2026-06-14,P047,30.36,30.36,0.0,False,
CNT004989,2026-06-14,P048,27.8,27.8,0.0,False,
CNT004990,2026-06-14,P049,14.2,14.2,0.0,False,
CNT004991,2026-06-14,P050,4.0,4.0,0.0,False,
CNT004992,2026-06-14,P051,4.0,4.0,0.0,False,
CNT004993,2026-06-14,P052,5.5,5.5,0.0,False,
CNT004994,2026-06-14,P053,7.12,7.12,0.0,False,
CNT004995,2026-06-14,P054,3.23,3.23,0.0,False,
CNT004996,2026-06-14,P055,7.99,7.99,0.0,False,
CNT004997,2026-06-14,P056,5.51,5.51,0.0,False,
CNT004998,2026-06-14,K001,3.71,3.71,0.0,False,
CNT004999,2026-06-14,K002,3.2,3.2,0.0,False,
CNT005000,2026-06-14,K003,0.06,0.06,0.0,False,
CNT005001,2026-06-14,K004,4.3,4.3,0.0,False,
CNT005002,2026-06-14,K005,4.02,4.02,0.0,False,
CNT005003,2026-06-17,P001,66.4,66.4,0.0,False,
CNT005004,2026-06-17,P002,47.6,47.6,0.0,False,
CNT005005,2026-06-17,P003,54.2,54.2,0.0,False,
CNT005006,2026-06-17,P004,27.6,27.6,0.0,False,
CNT005007,2026-06-17,P005,59.6,59.6,0.0,False,
CNT005008,2026-06-17,P006,30.0,30.0,0.0,False,
CNT005009,2026-06-17,P007,43.4,43.4,0.0,False,
CNT005010,2026-06-17,P008,38.2,38.2,0.0,False,
CNT005011,2026-06-17,P009,11.23,11.23,0.0,False,
CNT005012,2026-06-17,P010,9.23,9.23,0.0,False,
CNT005013,2026-06-17,P011,9.39,9.39,0.0,False,
CNT005014,2026-06-17,P012,6.32,6.32,0.0,False,
CNT005015,2026-06-17,P013,8.36,8.36,0.0,False,
CNT005016,2026-06-17,P014,7.92,7.92,0.0,False,
CNT005017,2026-06-17,P015,7.18,7.18,0.0,False,
CNT005018,2026-06-17,P016,11.31,11.31,0.0,False,
CNT005019,2026-06-17,P017,8.12,8.12,0.0,False,
CNT005020,2026-06-17,P018,6.92,6.92,0.0,False,
CNT005021,2026-06-17,P019,13.39,13.39,0.0,False,
CNT005022,2026-06-17,P020,9.82,9.82,0.0,False,
CNT005023,2026-06-17,P021,10.77,10.77,0.0,False,
CNT005024,2026-06-17,P022,9.58,9.58,0.0,False,
CNT005025,2026-06-17,P023,7.18,6.18,-1.0,False,
CNT005026,2026-06-17,P024,7.18,7.18,0.0,False,
CNT005027,2026-06-17,P025,13.09,13.09,0.0,False,
CNT005028,2026-06-17,P026,8.23,8.23,0.0,False,
CNT005029,2026-06-17,P027,8.03,8.03,0.0,False,
CNT005030,2026-06-17,P028,4.95,4.95,0.0,False,
CNT005031,2026-06-17,P029,4.79,4.79,0.0,False,
CNT005032,2026-06-17,P030,7.35,7.35,0.0,False,
CNT005033,2026-06-17,P031,14.27,14.27,0.0,False,
CNT005034,2026-06-17,P032,6.49,6.49,0.0,False,
CNT005035,2026-06-17,P033,13.89,13.89,0.0,False,
CNT005036,2026-06-17,P034,11.47,11.47,0.0,False,
CNT005037,2026-06-17,P035,4.55,5.55,1.0,False,
CNT005038,2026-06-17,P036,4.03,4.03,0.0,False,
CNT005039,2026-06-17,P037,4.86,4.86,0.0,False,
CNT005040,2026-06-17,P038,17.54,17.38,-0.16,False,
CNT005041,2026-06-17,P039,13.71,13.71,0.0,False,
CNT005042,2026-06-17,P040,11.8,11.8,0.0,False,
CNT005043,2026-06-17,P041,16.82,16.82,0.0,False,
CNT005044,2026-06-17,P042,12.04,12.04,0.0,False,
CNT005045,2026-06-17,P043,155.8,155.63,-0.17,False,
CNT005046,2026-06-17,P044,33.0,33.0,0.0,False,
CNT005047,2026-06-17,P045,25.2,25.13,-0.07,False,
CNT005048,2026-06-17,P046,44.22,44.22,0.0,False,
CNT005049,2026-06-17,P047,25.12,25.12,0.0,False,
CNT005050,2026-06-17,P048,23.8,23.8,0.0,False,
CNT005051,2026-06-17,P049,29.2,29.2,0.0,False,
CNT005052,2026-06-17,P050,4.0,4.0,0.0,False,
CNT005053,2026-06-17,P051,4.0,4.24,0.24,False,
CNT005054,2026-06-17,P052,8.48,8.48,0.0,False,
CNT005055,2026-06-17,P053,6.6,6.6,0.0,False,
CNT005056,2026-06-17,P054,7.83,7.83,0.0,False,
CNT005057,2026-06-17,P055,7.39,7.39,0.0,False,
CNT005058,2026-06-17,P056,5.16,5.16,0.0,False,
CNT005059,2026-06-17,K001,5.01,5.01,0.0,False,
CNT005060,2026-06-17,K002,4.06,4.06,0.0,False,
CNT005061,2026-06-17,K003,6.18,6.18,0.0,False,
CNT005062,2026-06-17,K004,5.31,5.31,0.0,False,
CNT005063,2026-06-17,K005,4.77,4.77,0.0,False,
