date,product_id,product_name,category,true_closing_stock,stockout
2025-09-01,P001,Carlsberg,beer,165.4,False
2025-09-01,P002,Heineken,beer,132.6,False
2025-09-01,P003,Corona,beer,121.2,False
2025-09-01,P004,Guinness,beer,59.6,False
2025-09-01,P005,Goldstar,beer,130.6,False
2025-09-01,P006,Maccabee,beer,74.0,False
2025-09-01,P007,Stella Artois,beer,88.4,False
2025-09-01,P008,Erdinger,beer,44.2,False
2025-09-01,P009,Bombay Sapphire,gin,5.109,False
2025-09-01,P010,Tanqueray,gin,3.914,False
2025-09-01,P011,Hendrick's,gin,9.514,False
2025-09-01,P012,Beefeater,gin,3.914,False
2025-09-01,P013,Gordon's,gin,24.637,False
2025-09-01,P014,Absolut,vodka,21.023,False
2025-09-01,P015,Finlandia,vodka,3.914,False
2025-09-01,P016,Grey Goose,vodka,5.109,False
2025-09-01,P017,Belvedere,vodka,3.914,False
2025-09-01,P018,Stolichnaya,vodka,3.914,False
2025-09-01,P019,Jameson,whiskey,10.046,False
2025-09-01,P020,Jack Daniel's,whiskey,8.726,False
2025-09-01,P021,Johnnie Walker Black,whiskey,5.28,False
2025-09-01,P022,Chivas Regal,whiskey,3.914,False
2025-09-01,P023,Maker's Mark,whiskey,3.914,False
2025-09-01,P024,Glenfiddich 12,whiskey,3.914,False
2025-09-01,P025,Bacardi Carta Blanca,rum,33.222,False
2025-09-01,P026,Havana Club 3,rum,3.829,False
2025-09-01,P027,Captain Morgan,rum,3.829,False
2025-09-01,P028,Diplomatico Reserva,rum,3.914,False
2025-09-01,P029,Jose Cuervo,tequila,7.09,False
2025-09-01,P030,Olmeca Blanco,tequila,3.829,False
2025-09-01,P031,Patron Silver,tequila,18.917,False
2025-09-01,P032,Don Julio Blanco,tequila,3.914,False
2025-09-01,P033,Aperol,aperitif,32.657,False
2025-09-01,P034,Campari,aperitif,9.343,False
2025-09-01,P035,Cointreau,liqueur,9.189,False
2025-09-01,P036,Kahlua,liqueur,7.606,False
2025-09-01,P037,Martini Rosso,vermouth,6.96,False
2025-09-01,P038,House Red Wine,wine,31.622,False
2025-09-01,P039,House White Wine,wine,36.6,False
2025-09-01,P040,Rose Wine,wine,15.0,False
2025-09-01,P041,Prosecco,wine,52.336,False
2025-09-01,P042,Chardonnay,wine,9.04,False
2025-09-01,P043,Coca-Cola,soft_drink,219.64,False
2025-09-01,P044,Coca-Cola Zero,soft_drink,134.6,False
2025-09-01,P045,Sprite,soft_drink,119.2,False
2025-09-01,P046,Tonic Water,soft_drink,137.72,False
2025-09-01,P047,Soda Water,soft_drink,129.12,False
2025-09-01,P048,Red Bull,soft_drink,102.8,False
2025-09-01,P049,Ginger Beer,soft_drink,45.2,False
2025-09-01,P050,Orange Juice,juice,4.0,False
2025-09-01,P051,Cranberry Juice,juice,4.0,False
2025-09-01,P052,Lime Juice,juice,13.383,False
2025-09-01,P053,Lemon Juice,juice,3.95,False
2025-09-01,P054,Sugar Syrup,cocktail_ingredient,6.007,False
2025-09-01,P055,Fresh Mint,cocktail_ingredient,3.91,False
2025-09-01,P056,Coffee Beans,cocktail_ingredient,3.928,False
2025-09-01,K001,Carlsberg 50L,draught_beer,5.349,False
2025-09-01,K002,Tuborg 50L,draught_beer,3.991,False
2025-09-01,K003,Carlsberg 30L,draught_beer,7.69,False
2025-09-01,K004,Malka 30L,draught_beer,6.224,False
2025-09-01,K005,Weihenstephan 30L,draught_beer,4.35,False
2025-09-02,P001,Carlsberg,beer,163.4,False
2025-09-02,P002,Heineken,beer,125.6,False
2025-09-02,P003,Corona,beer,114.2,False
2025-09-02,P004,Guinness,beer,56.6,False
2025-09-02,P005,Goldstar,beer,127.6,False
2025-09-02,P006,Maccabee,beer,72.0,False
2025-09-02,P007,Stella Artois,beer,85.4,False
2025-09-02,P008,Erdinger,beer,43.2,False
2025-09-02,P009,Bombay Sapphire,gin,4.937,False
2025-09-02,P010,Tanqueray,gin,3.743,False
2025-09-02,P011,Hendrick's,gin,9.043,False
2025-09-02,P012,Beefeater,gin,3.829,False
2025-09-02,P013,Gordon's,gin,23.278,False
2025-09-02,P014,Absolut,vodka,19.994,False
2025-09-02,P015,Finlandia,vodka,3.743,False
2025-09-02,P016,Grey Goose,vodka,4.851,False
2025-09-02,P017,Belvedere,vodka,3.829,False
2025-09-02,P018,Stolichnaya,vodka,3.829,False
2025-09-02,P019,Jameson,whiskey,9.703,False
2025-09-02,P020,Jack Daniel's,whiskey,8.211,False
2025-09-02,P021,Johnnie Walker Black,whiskey,5.023,False
2025-09-02,P022,Chivas Regal,whiskey,3.657,False
2025-09-02,P023,Maker's Mark,whiskey,3.829,False
2025-09-02,P024,Glenfiddich 12,whiskey,3.829,False
2025-09-02,P025,Bacardi Carta Blanca,rum,32.02,False
2025-09-02,P026,Havana Club 3,rum,3.657,False
2025-09-02,P027,Captain Morgan,rum,3.743,False
2025-09-02,P028,Diplomatico Reserva,rum,3.914,False
2025-09-02,P029,Jose Cuervo,tequila,6.672,False
2025-09-02,P030,Olmeca Blanco,tequila,3.829,False
2025-09-02,P031,Patron Silver,tequila,17.674,False
2025-09-02,P032,Don Julio Blanco,tequila,3.743,False
2025-09-02,P033,Aperol,aperitif,31.2,False
2025-09-02,P034,Campari,aperitif,8.871,False
2025-09-02,P035,Cointreau,liqueur,8.589,False
2025-09-02,P036,Kahlua,liqueur,7.263,False
2025-09-02,P037,Martini Rosso,vermouth,6.489,False
2025-09-02,P038,House Red Wine,wine,30.158,False
2025-09-02,P039,House White Wine,wine,34.648,False
2025-09-02,P040,Rose Wine,wine,14.0,False
2025-09-02,P041,Prosecco,wine,49.936,False
2025-09-02,P042,Chardonnay,wine,8.84,False
2025-09-02,P043,Coca-Cola,soft_drink,207.24,False
2025-09-02,P044,Coca-Cola Zero,soft_drink,127.6,False
2025-09-02,P045,Sprite,soft_drink,112.2,False
2025-09-02,P046,Tonic Water,soft_drink,131.12,False
2025-09-02,P047,Soda Water,soft_drink,123.14,False
2025-09-02,P048,Red Bull,soft_drink,96.8,False
2025-09-02,P049,Ginger Beer,soft_drink,43.2,False
2025-09-02,P050,Orange Juice,juice,4.0,False
2025-09-02,P051,Cranberry Juice,juice,4.0,False
2025-09-02,P052,Lime Juice,juice,12.708,False
2025-09-02,P053,Lemon Juice,juice,3.85,False
2025-09-02,P054,Sugar Syrup,cocktail_ingredient,5.782,False
2025-09-02,P055,Fresh Mint,cocktail_ingredient,3.829,False
2025-09-02,P056,Coffee Beans,cocktail_ingredient,3.847,False
2025-09-02,K001,Carlsberg 50L,draught_beer,4.858,False
2025-09-02,K002,Tuborg 50L,draught_beer,3.862,False
2025-09-02,K003,Carlsberg 30L,draught_beer,6.979,False
2025-09-02,K004,Malka 30L,draught_beer,5.808,False
2025-09-02,K005,Weihenstephan 30L,draught_beer,4.136,False
2025-09-03,P001,Carlsberg,beer,154.4,False
2025-09-03,P002,Heineken,beer,115.6,False
2025-09-03,P003,Corona,beer,108.2,False
2025-09-03,P004,Guinness,beer,52.6,False
2025-09-03,P005,Goldstar,beer,121.6,False
2025-09-03,P006,Maccabee,beer,67.0,False
2025-09-03,P007,Stella Artois,beer,80.4,False
2025-09-03,P008,Erdinger,beer,41.2,False
2025-09-03,P009,Bombay Sapphire,gin,4.594,False
2025-09-03,P010,Tanqueray,gin,3.571,False
2025-09-03,P011,Hendrick's,gin,8.657,False
2025-09-03,P012,Beefeater,gin,3.657,False
2025-09-03,P013,Gordon's,gin,21.535,False
2025-09-03,P014,Absolut,vodka,18.78,False
2025-09-03,P015,Finlandia,vodka,3.571,False
2025-09-03,P016,Grey Goose,vodka,4.594,False
2025-09-03,P017,Belvedere,vodka,3.743,False
2025-09-03,P018,Stolichnaya,vodka,3.657,False
2025-09-03,P019,Jameson,whiskey,9.446,False
2025-09-03,P020,Jack Daniel's,whiskey,7.611,False
2025-09-03,P021,Johnnie Walker Black,whiskey,4.766,False
2025-09-03,P022,Chivas Regal,whiskey,3.4,False
2025-09-03,P023,Maker's Mark,whiskey,3.657,False
2025-09-03,P024,Glenfiddich 12,whiskey,3.743,False
2025-09-03,P025,Bacardi Carta Blanca,rum,30.137,False
2025-09-03,P026,Havana Club 3,rum,3.486,False
2025-09-03,P027,Captain Morgan,rum,3.486,False
2025-09-03,P028,Diplomatico Reserva,rum,3.829,False
2025-09-03,P029,Jose Cuervo,tequila,6.201,False
2025-09-03,P030,Olmeca Blanco,tequila,3.743,False
2025-09-03,P031,Patron Silver,tequila,16.631,False
2025-09-03,P032,Don Julio Blanco,tequila,3.571,False
2025-09-03,P033,Aperol,aperitif,29.4,False
2025-09-03,P034,Campari,aperitif,8.486,False
2025-09-03,P035,Cointreau,liqueur,8.06,False
2025-09-03,P036,Kahlua,liqueur,6.806,False
2025-09-03,P037,Martini Rosso,vermouth,6.36,False
2025-09-03,P038,House Red Wine,wine,28.45,False
2025-09-03,P039,House White Wine,wine,32.452,False
2025-09-03,P040,Rose Wine,wine,13.2,False
2025-09-03,P041,Prosecco,wine,47.176,False
2025-09-03,P042,Chardonnay,wine,8.04,False
2025-09-03,P043,Coca-Cola,soft_drink,193.64,False
2025-09-03,P044,Coca-Cola Zero,soft_drink,119.6,False
2025-09-03,P045,Sprite,soft_drink,104.2,False
2025-09-03,P046,Tonic Water,soft_drink,122.82,False
2025-09-03,P047,Soda Water,soft_drink,115.26,False
2025-09-03,P048,Red Bull,soft_drink,90.8,False
2025-09-03,P049,Ginger Beer,soft_drink,40.2,False
2025-09-03,P050,Orange Juice,juice,4.0,False
2025-09-03,P051,Cranberry Juice,juice,4.0,False
2025-09-03,P052,Lime Juice,juice,12.003,False
2025-09-03,P053,Lemon Juice,juice,3.7,False
2025-09-03,P054,Sugar Syrup,cocktail_ingredient,5.457,False
2025-09-03,P055,Fresh Mint,cocktail_ingredient,3.694,False
2025-09-03,P056,Coffee Beans,cocktail_ingredient,3.757,False
2025-09-03,K001,Carlsberg 50L,draught_beer,5.343,False
2025-09-03,K002,Tuborg 50L,draught_beer,3.508,False
2025-09-03,K003,Carlsberg 30L,draught_beer,6.106,False
2025-09-03,K004,Malka 30L,draught_beer,5.258,False
2025-09-03,K005,Weihenstephan 30L,draught_beer,4.76,False
2025-09-04,P001,Carlsberg,beer,146.4,False
2025-09-04,P002,Heineken,beer,106.6,False
2025-09-04,P003,Corona,beer,101.2,False
2025-09-04,P004,Guinness,beer,47.6,False
2025-09-04,P005,Goldstar,beer,113.6,False
2025-09-04,P006,Maccabee,beer,63.0,False
2025-09-04,P007,Stella Artois,beer,75.4,False
2025-09-04,P008,Erdinger,beer,37.2,False
2025-09-04,P009,Bombay Sapphire,gin,4.251,False
2025-09-04,P010,Tanqueray,gin,3.4,False
2025-09-04,P011,Hendrick's,gin,7.971,False
2025-09-04,P012,Beefeater,gin,3.486,False
2025-09-04,P013,Gordon's,gin,20.158,False
2025-09-04,P014,Absolut,vodka,17.537,False
2025-09-04,P015,Finlandia,vodka,3.314,False
2025-09-04,P016,Grey Goose,vodka,4.252,False
2025-09-04,P017,Belvedere,vodka,3.571,False
2025-09-04,P018,Stolichnaya,vodka,3.4,False
2025-09-04,P019,Jameson,whiskey,8.76,False
2025-09-04,P020,Jack Daniel's,whiskey,7.011,False
2025-09-04,P021,Johnnie Walker Black,whiskey,4.423,False
2025-09-04,P022,Chivas Regal,whiskey,3.229,False
2025-09-04,P023,Maker's Mark,whiskey,3.486,False
2025-09-04,P024,Glenfiddich 12,whiskey,3.657,False
2025-09-04,P025,Bacardi Carta Blanca,rum,27.906,False
2025-09-04,P026,Havana Club 3,rum,3.229,False
2025-09-04,P027,Captain Morgan,rum,3.229,False
2025-09-04,P028,Diplomatico Reserva,rum,3.743,False
2025-09-04,P029,Jose Cuervo,tequila,5.731,False
2025-09-04,P030,Olmeca Blanco,tequila,3.571,False
2025-09-04,P031,Patron Silver,tequila,15.231,False
2025-09-04,P032,Don Julio Blanco,tequila,3.4,False
2025-09-04,P033,Aperol,aperitif,27.6,False
2025-09-04,P034,Campari,aperitif,7.8,False
2025-09-04,P035,Cointreau,liqueur,7.389,False
2025-09-04,P036,Kahlua,liqueur,6.291,False
2025-09-04,P037,Martini Rosso,vermouth,5.846,False
2025-09-04,P038,House Red Wine,wine,26.498,False
2025-09-04,P039,House White Wine,wine,30.012,False
2025-09-04,P040,Rose Wine,wine,12.4,False
2025-09-04,P041,Prosecco,wine,44.096,False
2025-09-04,P042,Chardonnay,wine,7.64,False
2025-09-04,P043,Coca-Cola,soft_drink,179.04,False
2025-09-04,P044,Coca-Cola Zero,soft_drink,115.6,False
2025-09-04,P045,Sprite,soft_drink,95.2,False
2025-09-04,P046,Tonic Water,soft_drink,115.42,False
2025-09-04,P047,Soda Water,soft_drink,107.84,False
2025-09-04,P048,Red Bull,soft_drink,85.8,False
2025-09-04,P049,Ginger Beer,soft_drink,36.2,False
2025-09-04,P050,Orange Juice,juice,4.0,False
2025-09-04,P051,Cranberry Juice,juice,4.0,False
2025-09-04,P052,Lime Juice,juice,11.048,False
2025-09-04,P053,Lemon Juice,juice,3.55,False
2025-09-04,P054,Sugar Syrup,cocktail_ingredient,5.052,False
2025-09-04,P055,Fresh Mint,cocktail_ingredient,3.523,False
2025-09-04,P056,Coffee Beans,cocktail_ingredient,3.649,False
2025-09-04,K001,Carlsberg 50L,draught_beer,5.005,False
2025-09-04,K002,Tuborg 50L,draught_beer,3.041,False
2025-09-04,K003,Carlsberg 30L,draught_beer,5.409,False
2025-09-04,K004,Malka 30L,draught_beer,4.546,False
2025-09-04,K005,Weihenstephan 30L,draught_beer,4.371,False
2025-09-05,P001,Carlsberg,beer,136.4,False
2025-09-05,P002,Heineken,beer,94.6,False
2025-09-05,P003,Corona,beer,91.2,False
2025-09-05,P004,Guinness,beer,41.6,False
2025-09-05,P005,Goldstar,beer,102.6,False
2025-09-05,P006,Maccabee,beer,56.0,False
2025-09-05,P007,Stella Artois,beer,69.4,False
2025-09-05,P008,Erdinger,beer,34.2,False
2025-09-05,P009,Bombay Sapphire,gin,3.651,False
2025-09-05,P010,Tanqueray,gin,15.057,False
2025-09-05,P011,Hendrick's,gin,7.329,False
2025-09-05,P012,Beefeater,gin,3.229,False
2025-09-05,P013,Gordon's,gin,17.875,False
2025-09-05,P014,Absolut,vodka,15.551,False
2025-09-05,P015,Finlandia,vodka,3.057,False
2025-09-05,P016,Grey Goose,vodka,3.823,False
2025-09-05,P017,Belvedere,vodka,3.314,False
2025-09-05,P018,Stolichnaya,vodka,3.143,False
2025-09-05,P019,Jameson,whiskey,8.074,False
2025-09-05,P020,Jack Daniel's,whiskey,6.069,False
2025-09-05,P021,Johnnie Walker Black,whiskey,3.909,False
2025-09-05,P022,Chivas Regal,whiskey,14.886,False
2025-09-05,P023,Maker's Mark,whiskey,3.229,False
2025-09-05,P024,Glenfiddich 12,whiskey,3.4,False
2025-09-05,P025,Bacardi Carta Blanca,rum,25.222,False
2025-09-05,P026,Havana Club 3,rum,14.886,False
2025-09-05,P027,Captain Morgan,rum,14.8,False
2025-09-05,P028,Diplomatico Reserva,rum,3.571,False
2025-09-05,P029,Jose Cuervo,tequila,5.155,False
2025-09-05,P030,Olmeca Blanco,tequila,3.4,False
2025-09-05,P031,Patron Silver,tequila,13.603,False
2025-09-05,P032,Don Julio Blanco,tequila,3.229,False
2025-09-05,P033,Aperol,aperitif,24.257,False
2025-09-05,P034,Campari,aperitif,7.243,False
2025-09-05,P035,Cointreau,liqueur,6.66,False
2025-09-05,P036,Kahlua,liqueur,5.663,False
2025-09-05,P037,Martini Rosso,vermouth,5.46,False
2025-09-05,P038,House Red Wine,wine,24.546,False
2025-09-05,P039,House White Wine,wine,26.596,False
2025-09-05,P040,Rose Wine,wine,10.8,False
2025-09-05,P041,Prosecco,wine,38.576,False
2025-09-05,P042,Chardonnay,wine,7.04,False
2025-09-05,P043,Coca-Cola,soft_drink,154.44,False
2025-09-05,P044,Coca-Cola Zero,soft_drink,104.6,False
2025-09-05,P045,Sprite,soft_drink,84.2,False
2025-09-05,P046,Tonic Water,soft_drink,100.62,False
2025-09-05,P047,Soda Water,soft_drink,97.92,False
2025-09-05,P048,Red Bull,soft_drink,77.8,False
2025-09-05,P049,Ginger Beer,soft_drink,32.2,False
2025-09-05,P050,Orange Juice,juice,4.0,False
2025-09-05,P051,Cranberry Juice,juice,4.0,False
2025-09-05,P052,Lime Juice,juice,9.933,False
2025-09-05,P053,Lemon Juice,juice,3.4,False
2025-09-05,P054,Sugar Syrup,cocktail_ingredient,4.547,False
2025-09-05,P055,Fresh Mint,cocktail_ingredient,3.316,False
2025-09-05,P056,Coffee Beans,cocktail_ingredient,3.505,False
2025-09-05,K001,Carlsberg 50L,draught_beer,4.304,False
2025-09-05,K002,Tuborg 50L,draught_beer,3.59,False
2025-09-05,K003,Carlsberg 30L,draught_beer,4.456,False
2025-09-05,K004,Malka 30L,draught_beer,3.714,False
2025-09-05,K005,Weihenstephan 30L,draught_beer,3.793,False
2025-09-06,P001,Carlsberg,beer,123.4,False
2025-09-06,P002,Heineken,beer,80.6,False
2025-09-06,P003,Corona,beer,79.2,False
2025-09-06,P004,Guinness,beer,36.6,False
2025-09-06,P005,Goldstar,beer,85.6,False
2025-09-06,P006,Maccabee,beer,47.0,False
2025-09-06,P007,Stella Artois,beer,58.4,False
2025-09-06,P008,Erdinger,beer,30.2,False
2025-09-06,P009,Bombay Sapphire,gin,3.223,False
2025-09-06,P010,Tanqueray,gin,14.629,False
2025-09-06,P011,Hendrick's,gin,6.386,False
2025-09-06,P012,Beefeater,gin,2.886,False
2025-09-06,P013,Gordon's,gin,15.548,False
2025-09-06,P014,Absolut,vodka,13.344,False
2025-09-06,P015,Finlandia,vodka,2.714,False
2025-09-06,P016,Grey Goose,vodka,3.394,False
2025-09-06,P017,Belvedere,vodka,3.057,False
2025-09-06,P018,Stolichnaya,vodka,2.886,False
2025-09-06,P019,Jameson,whiskey,7.217,False
2025-09-06,P020,Jack Daniel's,whiskey,5.211,False
2025-09-06,P021,Johnnie Walker Black,whiskey,3.309,False
2025-09-06,P022,Chivas Regal,whiskey,14.457,False
2025-09-06,P023,Maker's Mark,whiskey,2.972,False
2025-09-06,P024,Glenfiddich 12,whiskey,3.143,False
2025-09-06,P025,Bacardi Carta Blanca,rum,21.693,False
2025-09-06,P026,Havana Club 3,rum,14.543,False
2025-09-06,P027,Captain Morgan,rum,14.371,False
2025-09-06,P028,Diplomatico Reserva,rum,3.4,False
2025-09-06,P029,Jose Cuervo,tequila,4.345,False
2025-09-06,P030,Olmeca Blanco,tequila,3.143,False
2025-09-06,P031,Patron Silver,tequila,11.746,False
2025-09-06,P032,Don Julio Blanco,tequila,2.972,False
2025-09-06,P033,Aperol,aperitif,21.257,False
2025-09-06,P034,Campari,aperitif,6.3,False
2025-09-06,P035,Cointreau,liqueur,5.767,False
2025-09-06,P036,Kahlua,liqueur,4.977,False
2025-09-06,P037,Martini Rosso,vermouth,4.774,False
2025-09-06,P038,House Red Wine,wine,21.13,False
2025-09-06,P039,House White Wine,wine,21.96,False
2025-09-06,P040,Rose Wine,wine,9.0,False
2025-09-06,P041,Prosecco,wine,33.496,False
2025-09-06,P042,Chardonnay,wine,6.24,False
2025-09-06,P043,Coca-Cola,soft_drink,133.34,False
2025-09-06,P044,Coca-Cola Zero,soft_drink,90.6,False
2025-09-06,P045,Sprite,soft_drink,75.2,False
2025-09-06,P046,Tonic Water,soft_drink,86.12,False
2025-09-06,P047,Soda Water,soft_drink,86.58,False
2025-09-06,P048,Red Bull,soft_drink,65.8,False
2025-09-06,P049,Ginger Beer,soft_drink,27.2,False
2025-09-06,P050,Orange Juice,juice,4.0,False
2025-09-06,P051,Cranberry Juice,juice,4.0,False
2025-09-06,P052,Lime Juice,juice,8.583,False
2025-09-06,P053,Lemon Juice,juice,3.125,False
2025-09-06,P054,Sugar Syrup,cocktail_ingredient,3.917,False
2025-09-06,P055,Fresh Mint,cocktail_ingredient,3.046,False
2025-09-06,P056,Coffee Beans,cocktail_ingredient,3.343,False
2025-09-06,K001,Carlsberg 50L,draught_beer,4.668,False
2025-09-06,K002,Tuborg 50L,draught_beer,4.042,False
2025-09-06,K003,Carlsberg 30L,draught_beer,5.396,False
2025-09-06,K004,Malka 30L,draught_beer,4.761,False
2025-09-06,K005,Weihenstephan 30L,draught_beer,4.082,False
2025-09-07,P001,Carlsberg,beer,117.4,False
2025-09-07,P002,Heineken,beer,74.6,False
2025-09-07,P003,Corona,beer,75.2,False
2025-09-07,P004,Guinness,beer,32.6,False
2025-09-07,P005,Goldstar,beer,81.6,False
2025-09-07,P006,Maccabee,beer,43.0,False
2025-09-07,P007,Stella Artois,beer,54.4,False
2025-09-07,P008,Erdinger,beer,28.2,False
2025-09-07,P009,Bombay Sapphire,gin,3.051,False
2025-09-07,P010,Tanqueray,gin,14.543,False
2025-09-07,P011,Hendrick's,gin,6.043,False
2025-09-07,P012,Beefeater,gin,2.714,False
2025-09-07,P013,Gordon's,gin,14.834,False
2025-09-07,P014,Absolut,vodka,12.701,False
2025-09-07,P015,Finlandia,vodka,2.629,False
2025-09-07,P016,Grey Goose,vodka,3.223,False
2025-09-07,P017,Belvedere,vodka,2.972,False
2025-09-07,P018,Stolichnaya,vodka,2.8,False
2025-09-07,P019,Jameson,whiskey,6.874,False
2025-09-07,P020,Jack Daniel's,whiskey,4.869,False
2025-09-07,P021,Johnnie Walker Black,whiskey,3.223,False
2025-09-07,P022,Chivas Regal,whiskey,14.286,False
2025-09-07,P023,Maker's Mark,whiskey,2.8,False
2025-09-07,P024,Glenfiddich 12,whiskey,2.972,False
2025-09-07,P025,Bacardi Carta Blanca,rum,20.177,False
2025-09-07,P026,Havana Club 3,rum,14.371,False
2025-09-07,P027,Captain Morgan,rum,14.286,False
2025-09-07,P028,Diplomatico Reserva,rum,3.314,False
2025-09-07,P029,Jose Cuervo,tequila,3.979,False
2025-09-07,P030,Olmeca Blanco,tequila,3.057,False
2025-09-07,P031,Patron Silver,tequila,11.217,False
2025-09-07,P032,Don Julio Blanco,tequila,2.8,False
2025-09-07,P033,Aperol,aperitif,19.971,False
2025-09-07,P034,Campari,aperitif,5.957,False
2025-09-07,P035,Cointreau,liqueur,5.496,False
2025-09-07,P036,Kahlua,liqueur,4.72,False
2025-09-07,P037,Martini Rosso,vermouth,4.517,False
2025-09-07,P038,House Red Wine,wine,19.666,False
2025-09-07,P039,House White Wine,wine,20.008,False
2025-09-07,P040,Rose Wine,wine,8.2,False
2025-09-07,P041,Prosecco,wine,31.616,False
2025-09-07,P042,Chardonnay,wine,5.84,False
2025-09-07,P043,Coca-Cola,soft_drink,124.14,False
2025-09-07,P044,Coca-Cola Zero,soft_drink,87.6,False
2025-09-07,P045,Sprite,soft_drink,68.2,False
2025-09-07,P046,Tonic Water,soft_drink,77.92,False
2025-09-07,P047,Soda Water,soft_drink,81.3,False
2025-09-07,P048,Red Bull,soft_drink,61.8,False
2025-09-07,P049,Ginger Beer,soft_drink,24.2,False
2025-09-07,P050,Orange Juice,juice,4.0,False
2025-09-07,P051,Cranberry Juice,juice,4.0,False
2025-09-07,P052,Lime Juice,juice,8.133,False
2025-09-07,P053,Lemon Juice,juice,3.075,False
2025-09-07,P054,Sugar Syrup,cocktail_ingredient,3.677,False
2025-09-07,P055,Fresh Mint,cocktail_ingredient,2.938,False
2025-09-07,P056,Coffee Beans,cocktail_ingredient,3.289,False
2025-09-07,K001,Carlsberg 50L,draught_beer,4.467,False
2025-09-07,K002,Tuborg 50L,draught_beer,3.793,False
2025-09-07,K003,Carlsberg 30L,draught_beer,4.966,False
2025-09-07,K004,Malka 30L,draught_beer,4.252,False
2025-09-07,K005,Weihenstephan 30L,draught_beer,3.8,False
2025-09-08,P001,Carlsberg,beer,108.4,False
2025-09-08,P002,Heineken,beer,67.6,False
2025-09-08,P003,Corona,beer,68.2,False
2025-09-08,P004,Guinness,beer,27.6,False
2025-09-08,P005,Goldstar,beer,76.6,False
2025-09-08,P006,Maccabee,beer,39.0,False
2025-09-08,P007,Stella Artois,beer,50.4,False
2025-09-08,P008,Erdinger,beer,26.2,False
2025-09-08,P009,Bombay Sapphire,gin,2.88,False
2025-09-08,P010,Tanqueray,gin,14.457,False
2025-09-08,P011,Hendrick's,gin,5.486,False
2025-09-08,P012,Beefeater,gin,2.629,False
2025-09-08,P013,Gordon's,gin,13.509,False
2025-09-08,P014,Absolut,vodka,11.773,False
2025-09-08,P015,Finlandia,vodka,2.543,False
2025-09-08,P016,Grey Goose,vodka,2.88,False
2025-09-08,P017,Belvedere,vodka,2.886,False
2025-09-08,P018,Stolichnaya,vodka,2.629,False
2025-09-08,P019,Jameson,whiskey,6.36,False
2025-09-08,P020,Jack Daniel's,whiskey,4.354,False
2025-09-08,P021,Johnnie Walker Black,whiskey,3.051,False
2025-09-08,P022,Chivas Regal,whiskey,14.029,False
2025-09-08,P023,Maker's Mark,whiskey,2.715,False
2025-09-08,P024,Glenfiddich 12,whiskey,2.886,False
2025-09-08,P025,Bacardi Carta Blanca,rum,18.155,False
2025-09-08,P026,Havana Club 3,rum,14.114,False
2025-09-08,P027,Captain Morgan,rum,14.2,False
2025-09-08,P028,Diplomatico Reserva,rum,3.229,False
2025-09-08,P029,Jose Cuervo,tequila,3.822,False
2025-09-08,P030,Olmeca Blanco,tequila,2.972,False
2025-09-08,P031,Patron Silver,tequila,10.031,False
2025-09-08,P032,Don Julio Blanco,tequila,2.629,False
2025-09-08,P033,Aperol,aperitif,18.514,False
2025-09-08,P034,Campari,aperitif,5.486,False
2025-09-08,P035,Cointreau,liqueur,4.996,False
2025-09-08,P036,Kahlua,liqueur,4.32,False
2025-09-08,P037,Martini Rosso,vermouth,4.131,False
2025-09-08,P038,House Red Wine,wine,18.446,False
2025-09-08,P039,House White Wine,wine,17.324,False
2025-09-08,P040,Rose Wine,wine,7.0,False
2025-09-08,P041,Prosecco,wine,29.216,False
2025-09-08,P042,Chardonnay,wine,5.24,False
2025-09-08,P043,Coca-Cola,soft_drink,116.94,False
2025-09-08,P044,Coca-Cola Zero,soft_drink,80.6,False
2025-09-08,P045,Sprite,soft_drink,61.2,False
2025-09-08,P046,Tonic Water,soft_drink,69.62,False
2025-09-08,P047,Soda Water,soft_drink,73.12,False
2025-09-08,P048,Red Bull,soft_drink,58.8,False
2025-09-08,P049,Ginger Beer,soft_drink,21.2,False
2025-09-08,P050,Orange Juice,juice,4.0,False
2025-09-08,P051,Cranberry Juice,juice,4.0,False
2025-09-08,P052,Lime Juice,juice,7.268,False
2025-09-08,P053,Lemon Juice,juice,3.025,False
2025-09-08,P054,Sugar Syrup,cocktail_ingredient,9.312,False
2025-09-08,P055,Fresh Mint,cocktail_ingredient,8.767,False
2025-09-08,P056,Coffee Beans,cocktail_ingredient,3.217,False
2025-09-08,K001,Carlsberg 50L,draught_beer,4.153,False
2025-09-08,K002,Tuborg 50L,draught_beer,3.543,False
2025-09-08,K003,Carlsberg 30L,draught_beer,4.241,False
2025-09-08,K004,Malka 30L,draught_beer,3.956,False
2025-09-08,K005,Weihenstephan 30L,draught_beer,3.478,False
2025-09-09,P001,Carlsberg,beer,95.4,False
2025-09-09,P002,Heineken,beer,62.6,False
2025-09-09,P003,Corona,beer,63.2,False
2025-09-09,P004,Guinness,beer,24.6,False
2025-09-09,P005,Goldstar,beer,70.6,False
2025-09-09,P006,Maccabee,beer,35.0,False
2025-09-09,P007,Stella Artois,beer,47.4,False
2025-09-09,P008,Erdinger,beer,24.2,False
2025-09-09,P009,Bombay Sapphire,gin,14.709,False
2025-09-09,P010,Tanqueray,gin,14.286,False
2025-09-09,P011,Hendrick's,gin,16.886,False
2025-09-09,P012,Beefeater,gin,14.457,False
2025-09-09,P013,Gordon's,gin,12.542,False
2025-09-09,P014,Absolut,vodka,10.523,False
2025-09-09,P015,Finlandia,vodka,14.457,False
2025-09-09,P016,Grey Goose,vodka,14.623,False
2025-09-09,P017,Belvedere,vodka,14.8,False
2025-09-09,P018,Stolichnaya,vodka,14.543,False
2025-09-09,P019,Jameson,whiskey,17.931,False
2025-09-09,P020,Jack Daniel's,whiskey,4.011,False
2025-09-09,P021,Johnnie Walker Black,whiskey,14.709,False
2025-09-09,P022,Chivas Regal,whiskey,13.772,False
2025-09-09,P023,Maker's Mark,whiskey,14.543,False
2025-09-09,P024,Glenfiddich 12,whiskey,14.714,False
2025-09-09,P025,Bacardi Carta Blanca,rum,16.578,False
2025-09-09,P026,Havana Club 3,rum,13.943,False
2025-09-09,P027,Captain Morgan,rum,13.943,False
2025-09-09,P028,Diplomatico Reserva,rum,3.143,False
2025-09-09,P029,Jose Cuervo,tequila,15.482,False
2025-09-09,P030,Olmeca Blanco,tequila,14.886,False
2025-09-09,P031,Patron Silver,tequila,9.288,False
2025-09-09,P032,Don Julio Blanco,tequila,14.457,False
2025-09-09,P033,Aperol,aperitif,16.629,False
2025-09-09,P034,Campari,aperitif,16.971,False
2025-09-09,P035,Cointreau,liqueur,4.574,False
2025-09-09,P036,Kahlua,liqueur,3.834,False
2025-09-09,P037,Martini Rosso,vermouth,3.703,False
2025-09-09,P038,House Red Wine,wine,16.738,False
2025-09-09,P039,House White Wine,wine,27.86,False
2025-09-09,P040,Rose Wine,wine,6.0,False
2025-09-09,P041,Prosecco,wine,26.336,False
2025-09-09,P042,Chardonnay,wine,16.84,False
2025-09-09,P043,Coca-Cola,soft_drink,105.44,False
2025-09-09,P044,Coca-Cola Zero,soft_drink,73.6,False
2025-09-09,P045,Sprite,soft_drink,53.2,False
2025-09-09,P046,Tonic Water,soft_drink,65.82,False
2025-09-09,P047,Soda Water,soft_drink,66.42,False
2025-09-09,P048,Red Bull,soft_drink,53.8,False
2025-09-09,P049,Ginger Beer,soft_drink,19.2,False
2025-09-09,P050,Orange Juice,juice,4.0,False
2025-09-09,P051,Cranberry Juice,juice,4.0,False
2025-09-09,P052,Lime Juice,juice,6.703,False
2025-09-09,P053,Lemon Juice,juice,2.9,False
2025-09-09,P054,Sugar Syrup,cocktail_ingredient,9.007,False
2025-09-09,P055,Fresh Mint,cocktail_ingredient,8.65,False
2025-09-09,P056,Coffee Beans,cocktail_ingredient,3.118,False
2025-09-09,K001,Carlsberg 50L,draught_beer,3.75,False
2025-09-09,K002,Tuborg 50L,draught_beer,3.197,False
2025-09-09,K003,Carlsberg 30L,draught_beer,3.557,False
2025-09-09,K004,Malka 30L,draught_beer,3.487,False
2025-09-09,K005,Weihenstephan 30L,draught_beer,3.21,False
2025-09-10,P001,Carlsberg,beer,82.4,False
2025-09-10,P002,Heineken,beer,54.6,False
2025-09-10,P003,Corona,beer,51.2,False
2025-09-10,P004,Guinness,beer,20.6,False
2025-09-10,P005,Goldstar,beer,60.6,False
2025-09-10,P006,Maccabee,beer,31.0,False
2025-09-10,P007,Stella Artois,beer,43.4,False
2025-09-10,P008,Erdinger,beer,21.2,False
2025-09-10,P009,Bombay Sapphire,gin,14.451,False
2025-09-10,P010,Tanqueray,gin,14.029,False
2025-09-10,P011,Hendrick's,gin,16.157,False
2025-09-10,P012,Beefeater,gin,14.286,False
2025-09-10,P013,Gordon's,gin,11.305,False
2025-09-10,P014,Absolut,vodka,9.38,False
2025-09-10,P015,Finlandia,vodka,14.286,False
2025-09-10,P016,Grey Goose,vodka,14.366,False
2025-09-10,P017,Belvedere,vodka,14.714,False
2025-09-10,P018,Stolichnaya,vodka,14.457,False
2025-09-10,P019,Jameson,whiskey,17.074,False
2025-09-10,P020,Jack Daniel's,whiskey,3.411,False
2025-09-10,P021,Johnnie Walker Black,whiskey,14.366,False
2025-09-10,P022,Chivas Regal,whiskey,13.6,False
2025-09-10,P023,Maker's Mark,whiskey,14.372,False
2025-09-10,P024,Glenfiddich 12,whiskey,14.543,False
2025-09-10,P025,Bacardi Carta Blanca,rum,14.486,False
2025-09-10,P026,Havana Club 3,rum,13.772,False
2025-09-10,P027,Captain Morgan,rum,13.857,False
2025-09-10,P028,Diplomatico Reserva,rum,3.057,False
2025-09-10,P029,Jose Cuervo,tequila,15.064,False
2025-09-10,P030,Olmeca Blanco,tequila,14.714,False
2025-09-10,P031,Patron Silver,tequila,7.817,False
2025-09-10,P032,Don Julio Blanco,tequila,14.286,False
2025-09-10,P033,Aperol,aperitif,14.486,False
2025-09-10,P034,Campari,aperitif,16.243,False
2025-09-10,P035,Cointreau,liqueur,3.917,False
2025-09-10,P036,Kahlua,liqueur,3.349,False
2025-09-10,P037,Martini Rosso,vermouth,3.146,False
2025-09-10,P038,House Red Wine,wine,15.03,False
2025-09-10,P039,House White Wine,wine,25.664,False
2025-09-10,P040,Rose Wine,wine,5.2,False
2025-09-10,P041,Prosecco,wine,23.216,False
2025-09-10,P042,Chardonnay,wine,16.24,False
2025-09-10,P043,Coca-Cola,soft_drink,94.04,False
2025-09-10,P044,Coca-Cola Zero,soft_drink,63.6,False
2025-09-10,P045,Sprite,soft_drink,45.2,False
2025-09-10,P046,Tonic Water,soft_drink,56.72,False
2025-09-10,P047,Soda Water,soft_drink,58.0,False
2025-09-10,P048,Red Bull,soft_drink,46.8,False
2025-09-10,P049,Ginger Beer,soft_drink,17.2,False
2025-09-10,P050,Orange Juice,juice,4.0,False
2025-09-10,P051,Cranberry Juice,juice,4.0,False
2025-09-10,P052,Lime Juice,juice,5.743,False
2025-09-10,P053,Lemon Juice,juice,2.8,False
2025-09-10,P054,Sugar Syrup,cocktail_ingredient,8.627,False
2025-09-10,P055,Fresh Mint,cocktail_ingredient,8.488,False
2025-09-10,P056,Coffee Beans,cocktail_ingredient,3.019,False
2025-09-10,K001,Carlsberg 50L,draught_beer,5.436,False
2025-09-10,K002,Tuborg 50L,draught_beer,4.762,False
2025-09-10,K003,Carlsberg 30L,draught_beer,5.966,False
2025-09-10,K004,Malka 30L,draught_beer,6.017,False
2025-09-10,K005,Weihenstephan 30L,draught_beer,4.848,False
2025-09-11,P001,Carlsberg,beer,69.4,False
2025-09-11,P002,Heineken,beer,42.6,False
2025-09-11,P003,Corona,beer,39.2,False
2025-09-11,P004,Guinness,beer,15.6,False
2025-09-11,P005,Goldstar,beer,53.6,False
2025-09-11,P006,Maccabee,beer,25.0,False
2025-09-11,P007,Stella Artois,beer,35.4,False
2025-09-11,P008,Erdinger,beer,18.2,False
2025-09-11,P009,Bombay Sapphire,gin,14.023,False
2025-09-11,P010,Tanqueray,gin,13.772,False
2025-09-11,P011,Hendrick's,gin,15.471,False
2025-09-11,P012,Beefeater,gin,14.029,False
2025-09-11,P013,Gordon's,gin,9.274,False
2025-09-11,P014,Absolut,vodka,7.601,False
2025-09-11,P015,Finlandia,vodka,14.114,False
2025-09-11,P016,Grey Goose,vodka,13.937,False
2025-09-11,P017,Belvedere,vodka,14.457,False
2025-09-11,P018,Stolichnaya,vodka,14.2,False
2025-09-11,P019,Jameson,whiskey,16.131,False
2025-09-11,P020,Jack Daniel's,whiskey,14.726,False
2025-09-11,P021,Johnnie Walker Black,whiskey,13.937,False
2025-09-11,P022,Chivas Regal,whiskey,13.257,False
2025-09-11,P023,Maker's Mark,whiskey,14.2,False
2025-09-11,P024,Glenfiddich 12,whiskey,14.286,False
2025-09-11,P025,Bacardi Carta Blanca,rum,11.776,False
2025-09-11,P026,Havana Club 3,rum,13.514,False
2025-09-11,P027,Captain Morgan,rum,13.6,False
2025-09-11,P028,Diplomatico Reserva,rum,2.972,False
2025-09-11,P029,Jose Cuervo,tequila,14.672,False
2025-09-11,P030,Olmeca Blanco,tequila,14.457,False
2025-09-11,P031,Patron Silver,tequila,6.56,False
2025-09-11,P032,Don Julio Blanco,tequila,14.029,False
2025-09-11,P033,Aperol,aperitif,12.171,False
2025-09-11,P034,Campari,aperitif,15.472,False
2025-09-11,P035,Cointreau,liqueur,3.281,False
2025-09-11,P036,Kahlua,liqueur,2.663,False
2025-09-11,P037,Martini Rosso,vermouth,2.631,False
2025-09-11,P038,House Red Wine,wine,12.102,False
2025-09-11,P039,House White Wine,wine,22.736,False
2025-09-11,P040,Rose Wine,wine,15.8,False
2025-09-11,P041,Prosecco,wine,19.536,False
2025-09-11,P042,Chardonnay,wine,15.24,False
2025-09-11,P043,Coca-Cola,soft_drink,78.34,False
2025-09-11,P044,Coca-Cola Zero,soft_drink,54.6,False
2025-09-11,P045,Sprite,soft_drink,60.2,False
2025-09-11,P046,Tonic Water,soft_drink,69.52,False
2025-09-11,P047,Soda Water,soft_drink,47.8,False
2025-09-11,P048,Red Bull,soft_drink,40.8,False
2025-09-11,P049,Ginger Beer,soft_drink,37.2,False
2025-09-11,P050,Orange Juice,juice,4.0,False
2025-09-11,P051,Cranberry Juice,juice,4.0,False
2025-09-11,P052,Lime Juice,juice,10.748,False
2025-09-11,P053,Lemon Juice,juice,8.625,False
2025-09-11,P054,Sugar Syrup,cocktail_ingredient,8.132,False
2025-09-11,P055,Fresh Mint,cocktail_ingredient,8.281,False
2025-09-11,P056,Coffee Beans,cocktail_ingredient,2.884,False
2025-09-11,K001,Carlsberg 50L,draught_beer,4.832,False
2025-09-11,K002,Tuborg 50L,draught_beer,4.303,False
2025-09-11,K003,Carlsberg 30L,draught_beer,5.175,False
2025-09-11,K004,Malka 30L,draught_beer,5.279,False
2025-09-11,K005,Weihenstephan 30L,draught_beer,4.311,False
2025-09-12,P001,Carlsberg,beer,52.4,False
2025-09-12,P002,Heineken,beer,33.6,False
2025-09-12,P003,Corona,beer,29.2,False
2025-09-12,P004,Guinness,beer,34.6,False
2025-09-12,P005,Goldstar,beer,42.6,False
2025-09-12,P006,Maccabee,beer,19.0,False
2025-09-12,P007,Stella Artois,beer,24.4,False
2025-09-12,P008,Erdinger,beer,14.2,False
2025-09-12,P009,Bombay Sapphire,gin,13.68,False
2025-09-12,P010,Tanqueray,gin,13.429,False
2025-09-12,P011,Hendrick's,gin,14.486,False
2025-09-12,P012,Beefeater,gin,13.772,False
2025-09-12,P013,Gordon's,gin,19.026,False
2025-09-12,P014,Absolut,vodka,17.573,False
2025-09-12,P015,Finlandia,vodka,13.943,False
2025-09-12,P016,Grey Goose,vodka,13.423,False
2025-09-12,P017,Belvedere,vodka,14.2,False
2025-09-12,P018,Stolichnaya,vodka,13.943,False
2025-09-12,P019,Jameson,whiskey,15.188,False
2025-09-12,P020,Jack Daniel's,whiskey,13.954,False
2025-09-12,P021,Johnnie Walker Black,whiskey,13.423,False
2025-09-12,P022,Chivas Regal,whiskey,13.0,False
2025-09-12,P023,Maker's Mark,whiskey,13.943,False
2025-09-12,P024,Glenfiddich 12,whiskey,14.029,False
2025-09-12,P025,Bacardi Carta Blanca,rum,20.953,False
2025-09-12,P026,Havana Club 3,rum,13.172,False
2025-09-12,P027,Captain Morgan,rum,13.257,False
2025-09-12,P028,Diplomatico Reserva,rum,2.886,False
2025-09-12,P029,Jose Cuervo,tequila,13.94,False
2025-09-12,P030,Olmeca Blanco,tequila,14.2,False
2025-09-12,P031,Patron Silver,tequila,16.846,False
2025-09-12,P032,Don Julio Blanco,tequila,13.772,False
2025-09-12,P033,Aperol,aperitif,21.428,False
2025-09-12,P034,Campari,aperitif,14.572,False
2025-09-12,P035,Cointreau,liqueur,14.424,False
2025-09-12,P036,Kahlua,liqueur,13.863,False
2025-09-12,P037,Martini Rosso,vermouth,13.989,False
2025-09-12,P038,House Red Wine,wine,21.174,False
2025-09-12,P039,House White Wine,wine,19.564,False
2025-09-12,P040,Rose Wine,wine,14.8,False
2025-09-12,P041,Prosecco,wine,15.376,False
2025-09-12,P042,Chardonnay,wine,14.44,False
2025-09-12,P043,Coca-Cola,soft_drink,59.54,False
2025-09-12,P044,Coca-Cola Zero,soft_drink,41.6,False
2025-09-12,P045,Sprite,soft_drink,51.2,False
2025-09-12,P046,Tonic Water,soft_drink,56.02,False
2025-09-12,P047,Soda Water,soft_drink,36.24,False
2025-09-12,P048,Red Bull,soft_drink,29.8,False
2025-09-12,P049,Ginger Beer,soft_drink,32.2,False
2025-09-12,P050,Orange Juice,juice,4.0,False
2025-09-12,P051,Cranberry Juice,juice,4.0,False
2025-09-12,P052,Lime Juice,juice,9.608,False
2025-09-12,P053,Lemon Juice,juice,8.425,False
2025-09-12,P054,Sugar Syrup,cocktail_ingredient,7.582,False
2025-09-12,P055,Fresh Mint,cocktail_ingredient,8.065,False
2025-09-12,P056,Coffee Beans,cocktail_ingredient,2.713,False
2025-09-12,K001,Carlsberg 50L,draught_beer,4.172,False
2025-09-12,K002,Tuborg 50L,draught_beer,3.876,False
2025-09-12,K003,Carlsberg 30L,draught_beer,4.222,False
2025-09-12,K004,Malka 30L,draught_beer,4.554,False
2025-09-12,K005,Weihenstephan 30L,draught_beer,3.653,False
2025-09-13,P001,Carlsberg,beer,63.4,False
2025-09-13,P002,Heineken,beer,44.6,False
2025-09-13,P003,Corona,beer,44.2,False
2025-09-13,P004,Guinness,beer,30.6,False
2025-09-13,P005,Goldstar,beer,52.6,False
2025-09-13,P006,Maccabee,beer,14.0,False
2025-09-13,P007,Stella Artois,beer,41.4,False
2025-09-13,P008,Erdinger,beer,34.2,False
2025-09-13,P009,Bombay Sapphire,gin,13.337,False
2025-09-13,P010,Tanqueray,gin,13.086,False
2025-09-13,P011,Hendrick's,gin,13.757,False
2025-09-13,P012,Beefeater,gin,13.515,False
2025-09-13,P013,Gordon's,gin,16.987,False
2025-09-13,P014,Absolut,vodka,16.001,False
2025-09-13,P015,Finlandia,vodka,13.686,False
2025-09-13,P016,Grey Goose,vodka,12.909,False
2025-09-13,P017,Belvedere,vodka,14.029,False
2025-09-13,P018,Stolichnaya,vodka,13.686,False
2025-09-13,P019,Jameson,whiskey,14.331,False
2025-09-13,P020,Jack Daniel's,whiskey,13.183,False
2025-09-13,P021,Johnnie Walker Black,whiskey,12.994,False
2025-09-13,P022,Chivas Regal,whiskey,12.657,False
2025-09-13,P023,Maker's Mark,whiskey,13.772,False
2025-09-13,P024,Glenfiddich 12,whiskey,13.772,False
2025-09-13,P025,Bacardi Carta Blanca,rum,18.042,False
2025-09-13,P026,Havana Club 3,rum,12.915,False
2025-09-13,P027,Captain Morgan,rum,12.914,False
2025-09-13,P028,Diplomatico Reserva,rum,2.8,False
2025-09-13,P029,Jose Cuervo,tequila,13.417,False
2025-09-13,P030,Olmeca Blanco,tequila,14.029,False
2025-09-13,P031,Patron Silver,tequila,15.003,False
2025-09-13,P032,Don Julio Blanco,tequila,13.6,False
2025-09-13,P033,Aperol,aperitif,19.114,False
2025-09-13,P034,Campari,aperitif,13.929,False
2025-09-13,P035,Cointreau,liqueur,13.567,False
2025-09-13,P036,Kahlua,liqueur,13.206,False
2025-09-13,P037,Martini Rosso,vermouth,13.517,False
2025-09-13,P038,House Red Wine,wine,18.734,False
2025-09-13,P039,House White Wine,wine,16.88,False
2025-09-13,P040,Rose Wine,wine,13.4,False
2025-09-13,P041,Prosecco,wine,23.496,False
2025-09-13,P042,Chardonnay,wine,13.84,False
2025-09-13,P043,Coca-Cola,soft_drink,40.74,False
2025-09-13,P044,Coca-Cola Zero,soft_drink,31.6,False
2025-09-13,P045,Sprite,soft_drink,40.2,False
2025-09-13,P046,Tonic Water,soft_drink,45.52,False
2025-09-13,P047,Soda Water,soft_drink,26.8,False
2025-09-13,P048,Red Bull,soft_drink,19.8,False
2025-09-13,P049,Ginger Beer,soft_drink,29.2,False
2025-09-13,P050,Orange Juice,juice,4.0,False
2025-09-13,P051,Cranberry Juice,juice,4.0,False
2025-09-13,P052,Lime Juice,juice,8.353,False
2025-09-13,P053,Lemon Juice,juice,8.225,False
2025-09-13,P054,Sugar Syrup,cocktail_ingredient,7.067,False
2025-09-13,P055,Fresh Mint,cocktail_ingredient,7.84,False
2025-09-13,P056,Coffee Beans,cocktail_ingredient,2.587,False
2025-09-13,K001,Carlsberg 50L,draught_beer,4.761,False
2025-09-13,K002,Tuborg 50L,draught_beer,4.321,False
2025-09-13,K003,Carlsberg 30L,draught_beer,6.229,False
2025-09-13,K004,Malka 30L,draught_beer,4.977,False
2025-09-13,K005,Weihenstephan 30L,draught_beer,4.009,False
2025-09-14,P001,Carlsberg,beer,57.4,False
2025-09-14,P002,Heineken,beer,34.6,False
2025-09-14,P003,Corona,beer,37.2,False
2025-09-14,P004,Guinness,beer,25.6,False
2025-09-14,P005,Goldstar,beer,47.6,False
2025-09-14,P006,Maccabee,beer,10.0,False
2025-09-14,P007,Stella Artois,beer,37.4,False
2025-09-14,P008,Erdinger,beer,31.2,False
2025-09-14,P009,Bombay Sapphire,gin,12.994,False
2025-09-14,P010,Tanqueray,gin,12.829,False
2025-09-14,P011,Hendrick's,gin,13.2,False
2025-09-14,P012,Beefeater,gin,13.343,False
2025-09-14,P013,Gordon's,gin,16.08,False
2025-09-14,P014,Absolut,vodka,15.044,False
2025-09-14,P015,Finlandia,vodka,13.515,False
2025-09-14,P016,Grey Goose,vodka,12.652,False
2025-09-14,P017,Belvedere,vodka,13.857,False
2025-09-14,P018,Stolichnaya,vodka,13.515,False
2025-09-14,P019,Jameson,whiskey,13.56,False
2025-09-14,P020,Jack Daniel's,whiskey,12.497,False
2025-09-14,P021,Johnnie Walker Black,whiskey,12.651,False
2025-09-14,P022,Chivas Regal,whiskey,12.486,False
2025-09-14,P023,Maker's Mark,whiskey,13.686,False
2025-09-14,P024,Glenfiddich 12,whiskey,13.686,False
2025-09-14,P025,Bacardi Carta Blanca,rum,16.09,False
2025-09-14,P026,Havana Club 3,rum,12.657,False
2025-09-14,P027,Captain Morgan,rum,12.743,False
2025-09-14,P028,Diplomatico Reserva,rum,2.715,False
2025-09-14,P029,Jose Cuervo,tequila,13.051,False
2025-09-14,P030,Olmeca Blanco,tequila,13.943,False
2025-09-14,P031,Patron Silver,tequila,13.96,False
2025-09-14,P032,Don Julio Blanco,tequila,13.429,False
2025-09-14,P033,Aperol,aperitif,17.314,False
2025-09-14,P034,Campari,aperitif,13.371,False
2025-09-14,P035,Cointreau,liqueur,13.039,False
2025-09-14,P036,Kahlua,liqueur,12.834,False
2025-09-14,P037,Martini Rosso,vermouth,13.046,False
2025-09-14,P038,House Red Wine,wine,16.538,False
2025-09-14,P039,House White Wine,wine,13.708,False
2025-09-14,P040,Rose Wine,wine,12.8,False
2025-09-14,P041,Prosecco,wine,20.536,False
2025-09-14,P042,Chardonnay,wine,13.24,False
2025-09-14,P043,Coca-Cola,soft_drink,28.14,False
2025-09-14,P044,Coca-Cola Zero,soft_drink,24.6,False
2025-09-14,P045,Sprite,soft_drink,34.2,False
2025-09-14,P046,Tonic Water,soft_drink,37.02,False
2025-09-14,P047,Soda Water,soft_drink,18.68,False
2025-09-14,P048,Red Bull,soft_drink,12.8,False
2025-09-14,P049,Ginger Beer,soft_drink,26.2,False
2025-09-14,P050,Orange Juice,juice,4.0,False
2025-09-14,P051,Cranberry Juice,juice,4.0,False
2025-09-14,P052,Lime Juice,juice,7.598,False
2025-09-14,P053,Lemon Juice,juice,8.075,False
2025-09-14,P054,Sugar Syrup,cocktail_ingredient,6.742,False
2025-09-14,P055,Fresh Mint,cocktail_ingredient,7.687,False
2025-09-14,P056,Coffee Beans,cocktail_ingredient,2.524,False
2025-09-14,K001,Carlsberg 50L,draught_beer,4.367,False
2025-09-14,K002,Tuborg 50L,draught_beer,3.902,False
2025-09-14,K003,Carlsberg 30L,draught_beer,5.437,False
2025-09-14,K004,Malka 30L,draught_beer,4.521,False
2025-09-14,K005,Weihenstephan 30L,draught_beer,3.405,False
2025-09-15,P001,Carlsberg,beer,51.4,False
2025-09-15,P002,Heineken,beer,30.6,False
2025-09-15,P003,Corona,beer,32.2,False
2025-09-15,P004,Guinness,beer,23.6,False
2025-09-15,P005,Goldstar,beer,39.6,False
2025-09-15,P006,Maccabee,beer,7.0,False
2025-09-15,P007,Stella Artois,beer,34.4,False
2025-09-15,P008,Erdinger,beer,30.2,False
2025-09-15,P009,Bombay Sapphire,gin,12.823,False
2025-09-15,P010,Tanqueray,gin,12.743,False
2025-09-15,P011,Hendrick's,gin,12.729,False
2025-09-15,P012,Beefeater,gin,13.258,False
2025-09-15,P013,Gordon's,gin,14.886,False
2025-09-15,P014,Absolut,vodka,14.323,False
2025-09-15,P015,Finlandia,vodka,13.343,False
2025-09-15,P016,Grey Goose,vodka,12.394,False
2025-09-15,P017,Belvedere,vodka,13.772,False
2025-09-15,P018,Stolichnaya,vodka,13.429,False
2025-09-15,P019,Jameson,whiskey,13.303,False
2025-09-15,P020,Jack Daniel's,whiskey,11.811,False
2025-09-15,P021,Johnnie Walker Black,whiskey,12.394,False
2025-09-15,P022,Chivas Regal,whiskey,12.4,False
2025-09-15,P023,Maker's Mark,whiskey,13.6,False
2025-09-15,P024,Glenfiddich 12,whiskey,13.6,False
2025-09-15,P025,Bacardi Carta Blanca,rum,14.391,False
2025-09-15,P026,Havana Club 3,rum,12.486,False
2025-09-15,P027,Captain Morgan,rum,12.572,False
2025-09-15,P028,Diplomatico Reserva,rum,2.629,False
2025-09-15,P029,Jose Cuervo,tequila,12.763,False
2025-09-15,P030,Olmeca Blanco,tequila,13.857,False
2025-09-15,P031,Patron Silver,tequila,13.374,False
2025-09-15,P032,Don Julio Blanco,tequila,13.343,False
2025-09-15,P033,Aperol,aperitif,15.771,False
2025-09-15,P034,Campari,aperitif,12.814,False
2025-09-15,P035,Cointreau,liqueur,12.689,False
2025-09-15,P036,Kahlua,liqueur,12.463,False
2025-09-15,P037,Martini Rosso,vermouth,12.66,False
2025-09-15,P038,House Red Wine,wine,15.318,False
2025-09-15,P039,House White Wine,wine,12.0,False
2025-09-15,P040,Rose Wine,wine,12.4,False
2025-09-15,P041,Prosecco,wine,18.336,False
2025-09-15,P042,Chardonnay,wine,13.04,False
2025-09-15,P043,Coca-Cola,soft_drink,97.84,False
2025-09-15,P044,Coca-Cola Zero,soft_drink,67.6,False
2025-09-15,P045,Sprite,soft_drink,54.2,False
2025-09-15,P046,Tonic Water,soft_drink,54.62,False
2025-09-15,P047,Soda Water,soft_drink,63.98,False
2025-09-15,P048,Red Bull,soft_drink,58.8,False
2025-09-15,P049,Ginger Beer,soft_drink,24.2,False
2025-09-15,P050,Orange Juice,juice,4.0,False
2025-09-15,P051,Cranberry Juice,juice,4.0,False
2025-09-15,P052,Lime Juice,juice,7.013,False
2025-09-15,P053,Lemon Juice,juice,8.0,False
2025-09-15,P054,Sugar Syrup,cocktail_ingredient,6.447,False
2025-09-15,P055,Fresh Mint,cocktail_ingredient,7.552,False
2025-09-15,P056,Coffee Beans,cocktail_ingredient,2.461,False
2025-09-15,K001,Carlsberg 50L,draught_beer,4.109,False
2025-09-15,K002,Tuborg 50L,draught_beer,3.693,False
2025-09-15,K003,Carlsberg 30L,draught_beer,5.008,False
2025-09-15,K004,Malka 30L,draught_beer,4.212,False
2025-09-15,K005,Weihenstephan 30L,draught_beer,3.137,False
2025-09-16,P001,Carlsberg,beer,44.4,False
2025-09-16,P002,Heineken,beer,27.6,False
2025-09-16,P003,Corona,beer,24.2,False
2025-09-16,P004,Guinness,beer,20.6,False
2025-09-16,P005,Goldstar,beer,33.6,False
2025-09-16,P006,Maccabee,beer,28.0,False
2025-09-16,P007,Stella Artois,beer,30.4,False
2025-09-16,P008,Erdinger,beer,28.2,False
2025-09-16,P009,Bombay Sapphire,gin,12.737,False
2025-09-16,P010,Tanqueray,gin,12.486,False
2025-09-16,P011,Hendrick's,gin,12.3,False
2025-09-16,P012,Beefeater,gin,13.086,False
2025-09-16,P013,Gordon's,gin,13.536,False
2025-09-16,P014,Absolut,vodka,13.301,False
2025-09-16,P015,Finlandia,vodka,13.258,False
2025-09-16,P016,Grey Goose,vodka,12.137,False
2025-09-16,P017,Belvedere,vodka,13.6,False
2025-09-16,P018,Stolichnaya,vodka,13.258,False
2025-09-16,P019,Jameson,whiskey,12.789,False
2025-09-16,P020,Jack Daniel's,whiskey,11.469,False
2025-09-16,P021,Johnnie Walker Black,whiskey,12.223,False
2025-09-16,P022,Chivas Regal,whiskey,12.315,False
2025-09-16,P023,Maker's Mark,whiskey,13.515,False
2025-09-16,P024,Glenfiddich 12,whiskey,13.429,False
2025-09-16,P025,Bacardi Carta Blanca,rum,25.005,False
2025-09-16,P026,Havana Club 3,rum,12.315,False
2025-09-16,P027,Captain Morgan,rum,12.4,False
2025-09-16,P028,Diplomatico Reserva,rum,2.543,False
2025-09-16,P029,Jose Cuervo,tequila,12.319,False
2025-09-16,P030,Olmeca Blanco,tequila,13.686,False
2025-09-16,P031,Patron Silver,tequila,12.274,False
2025-09-16,P032,Don Julio Blanco,tequila,13.172,False
2025-09-16,P033,Aperol,aperitif,14.228,False
2025-09-16,P034,Campari,aperitif,12.3,False
2025-09-16,P035,Cointreau,liqueur,12.124,False
2025-09-16,P036,Kahlua,liqueur,12.092,False
2025-09-16,P037,Martini Rosso,vermouth,12.403,False
2025-09-16,P038,House Red Wine,wine,25.366,False
2025-09-16,P039,House White Wine,wine,22.292,False
2025-09-16,P040,Rose Wine,wine,12.2,False
2025-09-16,P041,Prosecco,wine,27.416,False
2025-09-16,P042,Chardonnay,wine,12.44,False
2025-09-16,P043,Coca-Cola,soft_drink,86.34,False
2025-09-16,P044,Coca-Cola Zero,soft_drink,61.6,False
2025-09-16,P045,Sprite,soft_drink,48.2,False
2025-09-16,P046,Tonic Water,soft_drink,46.22,False
2025-09-16,P047,Soda Water,soft_drink,58.58,False
2025-09-16,P048,Red Bull,soft_drink,55.8,False
2025-09-16,P049,Ginger Beer,soft_drink,23.2,False
2025-09-16,P050,Orange Juice,juice,4.0,False
2025-09-16,P051,Cranberry Juice,juice,4.0,False
2025-09-16,P052,Lime Juice,juice,6.323,False
2025-09-16,P053,Lemon Juice,juice,7.875,False
2025-09-16,P054,Sugar Syrup,cocktail_ingredient,6.167,False
2025-09-16,P055,Fresh Mint,cocktail_ingredient,7.444,False
2025-09-16,P056,Coffee Beans,cocktail_ingredient,2.371,False
2025-09-16,K001,Carlsberg 50L,draught_beer,3.827,False
2025-09-16,K002,Tuborg 50L,draught_beer,3.282,False
2025-09-16,K003,Carlsberg 30L,draught_beer,4.659,False
2025-09-16,K004,Malka 30L,draught_beer,3.595,False
2025-09-16,K005,Weihenstephan 30L,draught_beer,2.909,False
2025-09-17,P001,Carlsberg,beer,82.4,False
2025-09-17,P002,Heineken,beer,66.6,False
2025-09-17,P003,Corona,beer,19.2,False
2025-09-17,P004,Guinness,beer,40.6,False
2025-09-17,P005,Goldstar,beer,49.6,False
2025-09-17,P006,Maccabee,beer,50.0,False
2025-09-17,P007,Stella Artois,beer,50.4,False
2025-09-17,P008,Erdinger,beer,26.2,False
2025-09-17,P009,Bombay Sapphire,gin,12.394,False
2025-09-17,P010,Tanqueray,gin,12.4,False
2025-09-17,P011,Hendrick's,gin,11.786,False
2025-09-17,P012,Beefeater,gin,12.915,False
2025-09-17,P013,Gordon's,gin,12.281,False
2025-09-17,P014,Absolut,vodka,12.201,False
2025-09-17,P015,Finlandia,vodka,13.172,False
2025-09-17,P016,Grey Goose,vodka,11.88,False
2025-09-17,P017,Belvedere,vodka,13.429,False
2025-09-17,P018,Stolichnaya,vodka,13.172,False
2025-09-17,P019,Jameson,whiskey,12.446,False
2025-09-17,P020,Jack Daniel's,whiskey,10.954,False
2025-09-17,P021,Johnnie Walker Black,whiskey,12.051,False
2025-09-17,P022,Chivas Regal,whiskey,12.057,False
2025-09-17,P023,Maker's Mark,whiskey,13.343,False
2025-09-17,P024,Glenfiddich 12,whiskey,13.258,False
2025-09-17,P025,Bacardi Carta Blanca,rum,23.262,False
2025-09-17,P026,Havana Club 3,rum,12.057,False
2025-09-17,P027,Captain Morgan,rum,12.229,False
2025-09-17,P028,Diplomatico Reserva,rum,2.457,False
2025-09-17,P029,Jose Cuervo,tequila,11.953,False
2025-09-17,P030,Olmeca Blanco,tequila,13.515,False
2025-09-17,P031,Patron Silver,tequila,11.174,False
2025-09-17,P032,Don Julio Blanco,tequila,13.001,False
2025-09-17,P033,Aperol,aperitif,12.685,False
2025-09-17,P034,Campari,aperitif,11.957,False
2025-09-17,P035,Cointreau,liqueur,11.624,False
2025-09-17,P036,Kahlua,liqueur,11.692,False
2025-09-17,P037,Martini Rosso,vermouth,12.06,False
2025-09-17,P038,House Red Wine,wine,24.146,False
2025-09-17,P039,House White Wine,wine,20.584,False
2025-09-17,P040,Rose Wine,wine,11.4,False
2025-09-17,P041,Prosecco,wine,25.216,False
2025-09-17,P042,Chardonnay,wine,12.04,False
2025-09-17,P043,Coca-Cola,soft_drink,70.14,False
2025-09-17,P044,Coca-Cola Zero,soft_drink,56.6,False
2025-09-17,P045,Sprite,soft_drink,45.2,False
2025-09-17,P046,Tonic Water,soft_drink,41.52,False
2025-09-17,P047,Soda Water,soft_drink,51.64,False
2025-09-17,P048,Red Bull,soft_drink,50.8,False
2025-09-17,P049,Ginger Beer,soft_drink,20.2,False
2025-09-17,P050,Orange Juice,juice,4.0,False
2025-09-17,P051,Cranberry Juice,juice,4.0,False
2025-09-17,P052,Lime Juice,juice,5.508,False
2025-09-17,P053,Lemon Juice,juice,7.825,False
2025-09-17,P054,Sugar Syrup,cocktail_ingredient,5.802,False
2025-09-17,P055,Fresh Mint,cocktail_ingredient,7.291,False
2025-09-17,P056,Coffee Beans,cocktail_ingredient,8.272,False
2025-09-17,K001,Carlsberg 50L,draught_beer,5.513,False
2025-09-17,K002,Tuborg 50L,draught_beer,4.887,False
2025-09-17,K003,Carlsberg 30L,draught_beer,4.202,False
2025-09-17,K004,Malka 30L,draught_beer,5.112,False
2025-09-17,K005,Weihenstephan 30L,draught_beer,4.466,False
2025-09-18,P001,Carlsberg,beer,70.4,False
2025-09-18,P002,Heineken,beer,55.6,False
2025-09-18,P003,Corona,beer,57.2,False
2025-09-18,P004,Guinness,beer,35.6,False
2025-09-18,P005,Goldstar,beer,41.6,False
2025-09-18,P006,Maccabee,beer,44.0,False
2025-09-18,P007,Stella Artois,beer,44.4,False
2025-09-18,P008,Erdinger,beer,22.2,False
2025-09-18,P009,Bombay Sapphire,gin,11.966,False
2025-09-18,P010,Tanqueray,gin,12.057,False
2025-09-18,P011,Hendrick's,gin,11.143,False
2025-09-18,P012,Beefeater,gin,12.658,False
2025-09-18,P013,Gordon's,gin,10.373,False
2025-09-18,P014,Absolut,vodka,10.551,False
2025-09-18,P015,Finlandia,vodka,13.0,False
2025-09-18,P016,Grey Goose,vodka,11.366,False
2025-09-18,P017,Belvedere,vodka,13.172,False
2025-09-18,P018,Stolichnaya,vodka,13.001,False
2025-09-18,P019,Jameson,whiskey,11.76,False
2025-09-18,P020,Jack Daniel's,whiskey,10.097,False
2025-09-18,P021,Johnnie Walker Black,whiskey,11.623,False
2025-09-18,P022,Chivas Regal,whiskey,11.8,False
2025-09-18,P023,Maker's Mark,whiskey,13.172,False
2025-09-18,P024,Glenfiddich 12,whiskey,13.086,False
2025-09-18,P025,Bacardi Carta Blanca,rum,20.413,False
2025-09-18,P026,Havana Club 3,rum,11.715,False
2025-09-18,P027,Captain Morgan,rum,11.886,False
2025-09-18,P028,Diplomatico Reserva,rum,2.372,False
2025-09-18,P029,Jose Cuervo,tequila,11.404,False
2025-09-18,P030,Olmeca Blanco,tequila,13.343,False
2025-09-18,P031,Patron Silver,tequila,9.617,False
2025-09-18,P032,Don Julio Blanco,tequila,12.829,False
2025-09-18,P033,Aperol,aperitif,10.028,False
2025-09-18,P034,Campari,aperitif,11.229,False
2025-09-18,P035,Cointreau,liqueur,10.86,False
2025-09-18,P036,Kahlua,liqueur,11.092,False
2025-09-18,P037,Martini Rosso,vermouth,11.589,False
2025-09-18,P038,House Red Wine,wine,20.73,False
2025-09-18,P039,House White Wine,wine,17.168,False
2025-09-18,P040,Rose Wine,wine,10.2,False
2025-09-18,P041,Prosecco,wine,21.056,False
2025-09-18,P042,Chardonnay,wine,11.44,False
2025-09-18,P043,Coca-Cola,soft_drink,78.24,False
2025-09-18,P044,Coca-Cola Zero,soft_drink,46.6,False
2025-09-18,P045,Sprite,soft_drink,59.2,False
2025-09-18,P046,Tonic Water,soft_drink,54.92,False
2025-09-18,P047,Soda Water,soft_drink,66.08,False
2025-09-18,P048,Red Bull,soft_drink,41.8,False
2025-09-18,P049,Ginger Beer,soft_drink,40.2,False
2025-09-18,P050,Orange Juice,juice,4.0,False
2025-09-18,P051,Cranberry Juice,juice,4.0,False
2025-09-18,P052,Lime Juice,juice,10.398,False
2025-09-18,P053,Lemon Juice,juice,7.6,False
2025-09-18,P054,Sugar Syrup,cocktail_ingredient,5.292,False
2025-09-18,P055,Fresh Mint,cocktail_ingredient,7.075,False
2025-09-18,P056,Coffee Beans,cocktail_ingredient,8.137,False
2025-09-18,K001,Carlsberg 50L,draught_beer,5.07,False
2025-09-18,K002,Tuborg 50L,draught_beer,4.541,False
2025-09-18,K003,Carlsberg 30L,draught_beer,3.33,False
2025-09-18,K004,Malka 30L,draught_beer,4.414,False
2025-09-18,K005,Weihenstephan 30L,draught_beer,4.09,False
2025-09-19,P001,Carlsberg,beer,48.4,False
2025-09-19,P002,Heineken,beer,38.6,False
2025-09-19,P003,Corona,beer,42.2,False
2025-09-19,P004,Guinness,beer,29.6,False
2025-09-19,P005,Goldstar,beer,27.6,False
2025-09-19,P006,Maccabee,beer,37.0,False
2025-09-19,P007,Stella Artois,beer,35.4,False
2025-09-19,P008,Erdinger,beer,16.2,False
2025-09-19,P009,Bombay Sapphire,gin,11.451,False
2025-09-19,P010,Tanqueray,gin,11.543,False
2025-09-19,P011,Hendrick's,gin,10.157,False
2025-09-19,P012,Beefeater,gin,12.4,False
2025-09-19,P013,Gordon's,gin,19.567,False
2025-09-19,P014,Absolut,vodka,7.837,False
2025-09-19,P015,Finlandia,vodka,12.658,False
2025-09-19,P016,Grey Goose,vodka,10.68,False
2025-09-19,P017,Belvedere,vodka,12.915,False
2025-09-19,P018,Stolichnaya,vodka,12.743,False
2025-09-19,P019,Jameson,whiskey,10.56,False
2025-09-19,P020,Jack Daniel's,whiskey,8.983,False
2025-09-19,P021,Johnnie Walker Black,whiskey,11.023,False
2025-09-19,P022,Chivas Regal,whiskey,11.372,False
2025-09-19,P023,Maker's Mark,whiskey,12.915,False
2025-09-19,P024,Glenfiddich 12,whiskey,12.829,False
2025-09-19,P025,Bacardi Carta Blanca,rum,16.404,False
2025-09-19,P026,Havana Club 3,rum,11.286,False
2025-09-19,P027,Captain Morgan,rum,11.372,False
2025-09-19,P028,Diplomatico Reserva,rum,14.2,False
2025-09-19,P029,Jose Cuervo,tequila,10.567,False
2025-09-19,P030,Olmeca Blanco,tequila,13.0,False
2025-09-19,P031,Patron Silver,tequila,7.388,False
2025-09-19,P032,Don Julio Blanco,tequila,12.486,False
2025-09-19,P033,Aperol,aperitif,18.171,False
2025-09-19,P034,Campari,aperitif,10.157,False
2025-09-19,P035,Cointreau,liqueur,9.746,False
2025-09-19,P036,Kahlua,liqueur,10.12,False
2025-09-19,P037,Martini Rosso,vermouth,10.946,False
2025-09-19,P038,House Red Wine,wine,17.314,False
2025-09-19,P039,House White Wine,wine,24.776,False
2025-09-19,P040,Rose Wine,wine,8.6,False
2025-09-19,P041,Prosecco,wine,26.656,False
2025-09-19,P042,Chardonnay,wine,10.64,False
2025-09-19,P043,Coca-Cola,soft_drink,50.04,False
2025-09-19,P044,Coca-Cola Zero,soft_drink,31.6,False
2025-09-19,P045,Sprite,soft_drink,43.2,False
2025-09-19,P046,Tonic Water,soft_drink,40.22,False
2025-09-19,P047,Soda Water,soft_drink,51.6,False
2025-09-19,P048,Red Bull,soft_drink,29.8,False
2025-09-19,P049,Ginger Beer,soft_drink,34.2,False
2025-09-19,P050,Orange Juice,juice,4.0,False
2025-09-19,P051,Cranberry Juice,juice,4.0,False
2025-09-19,P052,Lime Juice,juice,8.828,False
2025-09-19,P053,Lemon Juice,juice,7.3,False
2025-09-19,P054,Sugar Syrup,cocktail_ingredient,4.532,False
2025-09-19,P055,Fresh Mint,cocktail_ingredient,6.769,False
2025-09-19,P056,Coffee Beans,cocktail_ingredient,7.912,False
2025-09-19,K001,Carlsberg 50L,draught_beer,4.241,False
2025-09-19,K002,Tuborg 50L,draught_beer,4.01,False
2025-09-19,K003,Carlsberg 30L,draught_beer,2.042,False
2025-09-19,K004,Malka 30L,draught_beer,3.434,False
2025-09-19,K005,Weihenstephan 30L,draught_beer,3.312,False
2025-09-20,P001,Carlsberg,beer,50.4,False
2025-09-20,P002,Heineken,beer,44.6,False
2025-09-20,P003,Corona,beer,50.2,False
2025-09-20,P004,Guinness,beer,21.6,False
2025-09-20,P005,Goldstar,beer,56.6,False
2025-09-20,P006,Maccabee,beer,26.0,False
2025-09-20,P007,Stella Artois,beer,47.4,False
2025-09-20,P008,Erdinger,beer,33.2,False
2025-09-20,P009,Bombay Sapphire,gin,10.766,False
2025-09-20,P010,Tanqueray,gin,11.029,False
2025-09-20,P011,Hendrick's,gin,8.829,False
2025-09-20,P012,Beefeater,gin,12.058,False
2025-09-20,P013,Gordon's,gin,15.985,False
2025-09-20,P014,Absolut,vodka,4.958,False
2025-09-20,P015,Finlandia,vodka,12.229,False
2025-09-20,P016,Grey Goose,vodka,9.995,False
2025-09-20,P017,Belvedere,vodka,12.658,False
2025-09-20,P018,Stolichnaya,vodka,12.4,False
2025-09-20,P019,Jameson,whiskey,9.36,False
2025-09-20,P020,Jack Daniel's,whiskey,7.954,False
2025-09-20,P021,Johnnie Walker Black,whiskey,10.337,False
2025-09-20,P022,Chivas Regal,whiskey,10.857,False
2025-09-20,P023,Maker's Mark,whiskey,12.486,False
2025-09-20,P024,Glenfiddich 12,whiskey,12.486,False
2025-09-20,P025,Bacardi Carta Blanca,rum,12.004,False
2025-09-20,P026,Havana Club 3,rum,10.772,False
2025-09-20,P027,Captain Morgan,rum,10.772,False
2025-09-20,P028,Diplomatico Reserva,rum,14.029,False
2025-09-20,P029,Jose Cuervo,tequila,9.6,False
2025-09-20,P030,Olmeca Blanco,tequila,12.658,False
2025-09-20,P031,Patron Silver,tequila,5.231,False
2025-09-20,P032,Don Julio Blanco,tequila,12.143,False
2025-09-20,P033,Aperol,aperitif,13.714,False
2025-09-20,P034,Campari,aperitif,8.829,False
2025-09-20,P035,Cointreau,liqueur,8.639,False
2025-09-20,P036,Kahlua,liqueur,9.034,False
2025-09-20,P037,Martini Rosso,vermouth,9.96,False
2025-09-20,P038,House Red Wine,wine,12.434,False
2025-09-20,P039,House White Wine,wine,20.14,False
2025-09-20,P040,Rose Wine,wine,6.2,False
2025-09-20,P041,Prosecco,wine,19.416,False
2025-09-20,P042,Chardonnay,wine,9.64,False
2025-09-20,P043,Coca-Cola,soft_drink,22.74,False
2025-09-20,P044,Coca-Cola Zero,soft_drink,12.6,False
2025-09-20,P045,Sprite,soft_drink,24.2,False
2025-09-20,P046,Tonic Water,soft_drink,21.02,False
2025-09-20,P047,Soda Water,soft_drink,35.34,False
2025-09-20,P048,Red Bull,soft_drink,13.8,False
2025-09-20,P049,Ginger Beer,soft_drink,27.2,False
2025-09-20,P050,Orange Juice,juice,4.0,False
2025-09-20,P051,Cranberry Juice,juice,4.0,False
2025-09-20,P052,Lime Juice,juice,7.213,False
2025-09-20,P053,Lemon Juice,juice,6.975,False
2025-09-20,P054,Sugar Syrup,cocktail_ingredient,3.717,False
2025-09-20,P055,Fresh Mint,cocktail_ingredient,6.436,False
2025-09-20,P056,Coffee Beans,cocktail_ingredient,7.678,False
2025-09-20,K001,Carlsberg 50L,draught_beer,4.251,False
2025-09-20,K002,Tuborg 50L,draught_beer,4.325,False
2025-09-20,K003,Carlsberg 30L,draught_beer,7.311,False
2025-09-20,K004,Malka 30L,draught_beer,5.186,False
2025-09-20,K005,Weihenstephan 30L,draught_beer,4.52,False
2025-09-21,P001,Carlsberg,beer,44.4,False
2025-09-21,P002,Heineken,beer,37.6,False
2025-09-21,P003,Corona,beer,44.2,False
2025-09-21,P004,Guinness,beer,17.6,False
2025-09-21,P005,Goldstar,beer,47.6,False
2025-09-21,P006,Maccabee,beer,23.0,False
2025-09-21,P007,Stella Artois,beer,43.4,False
2025-09-21,P008,Erdinger,beer,32.2,False
2025-09-21,P009,Bombay Sapphire,gin,10.594,False
2025-09-21,P010,Tanqueray,gin,10.772,False
2025-09-21,P011,Hendrick's,gin,8.314,False
2025-09-21,P012,Beefeater,gin,11.886,False
2025-09-21,P013,Gordon's,gin,14.87,False
2025-09-21,P014,Absolut,vodka,4.044,False
2025-09-21,P015,Finlandia,vodka,12.143,False
2025-09-21,P016,Grey Goose,vodka,9.737,False
2025-09-21,P017,Belvedere,vodka,12.486,False
2025-09-21,P018,Stolichnaya,vodka,12.229,False
2025-09-21,P019,Jameson,whiskey,8.931,False
2025-09-21,P020,Jack Daniel's,whiskey,7.44,False
2025-09-21,P021,Johnnie Walker Black,whiskey,10.08,False
2025-09-21,P022,Chivas Regal,whiskey,10.686,False
2025-09-21,P023,Maker's Mark,whiskey,12.315,False
2025-09-21,P024,Glenfiddich 12,whiskey,12.315,False
2025-09-21,P025,Bacardi Carta Blanca,rum,10.452,False
2025-09-21,P026,Havana Club 3,rum,10.6,False
2025-09-21,P027,Captain Morgan,rum,10.514,False
2025-09-21,P028,Diplomatico Reserva,rum,13.943,False
2025-09-21,P029,Jose Cuervo,tequila,9.286,False
2025-09-21,P030,Olmeca Blanco,tequila,12.486,False
2025-09-21,P031,Patron Silver,tequila,4.346,False
2025-09-21,P032,Don Julio Blanco,tequila,12.058,False
2025-09-21,P033,Aperol,aperitif,12.257,False
2025-09-21,P034,Campari,aperitif,8.314,False
2025-09-21,P035,Cointreau,liqueur,8.182,False
2025-09-21,P036,Kahlua,liqueur,8.749,False
2025-09-21,P037,Martini Rosso,vermouth,9.703,False
2025-09-21,P038,House Red Wine,wine,10.726,False
2025-09-21,P039,House White Wine,wine,18.92,False
2025-09-21,P040,Rose Wine,wine,5.6,False
2025-09-21,P041,Prosecco,wine,17.216,False
2025-09-21,P042,Chardonnay,wine,9.24,False
2025-09-21,P043,Coca-Cola,soft_drink,13.34,False
2025-09-21,P044,Coca-Cola Zero,soft_drink,6.6,False
2025-09-21,P045,Sprite,soft_drink,19.2,False
2025-09-21,P046,Tonic Water,soft_drink,13.62,False
2025-09-21,P047,Soda Water,soft_drink,27.88,False
2025-09-21,P048,Red Bull,soft_drink,10.8,False
2025-09-21,P049,Ginger Beer,soft_drink,25.2,False
2025-09-21,P050,Orange Juice,juice,4.0,False
2025-09-21,P051,Cranberry Juice,juice,4.0,False
2025-09-21,P052,Lime Juice,juice,6.588,False
2025-09-21,P053,Lemon Juice,juice,6.875,False
2025-09-21,P054,Sugar Syrup,cocktail_ingredient,3.452,False
2025-09-21,P055,Fresh Mint,cocktail_ingredient,6.319,False
2025-09-21,P056,Coffee Beans,cocktail_ingredient,7.615,False
2025-09-21,K001,Carlsberg 50L,draught_beer,3.639,False
2025-09-21,K002,Tuborg 50L,draught_beer,3.947,False
2025-09-21,K003,Carlsberg 30L,draught_beer,6.921,False
2025-09-21,K004,Malka 30L,draught_beer,4.958,False
2025-09-21,K005,Weihenstephan 30L,draught_beer,4.278,False
2025-09-22,P001,Carlsberg,beer,36.4,False
2025-09-22,P002,Heineken,beer,30.6,False
2025-09-22,P003,Corona,beer,39.2,False
2025-09-22,P004,Guinness,beer,14.6,False
2025-09-22,P005,Goldstar,beer,39.6,False
2025-09-22,P006,Maccabee,beer,19.0,False
2025-09-22,P007,Stella Artois,beer,39.4,False
2025-09-22,P008,Erdinger,beer,30.2,False
2025-09-22,P009,Bombay Sapphire,gin,10.337,False
2025-09-22,P010,Tanqueray,gin,10.514,False
2025-09-22,P011,Hendrick's,gin,7.886,False
2025-09-22,P012,Beefeater,gin,11.8,False
2025-09-22,P013,Gordon's,gin,13.885,False
2025-09-22,P014,Absolut,vodka,3.509,False
2025-09-22,P015,Finlandia,vodka,11.972,False
2025-09-22,P016,Grey Goose,vodka,9.566,False
2025-09-22,P017,Belvedere,vodka,12.315,False
2025-09-22,P018,Stolichnaya,vodka,12.143,False
2025-09-22,P019,Jameson,whiskey,8.331,False
2025-09-22,P020,Jack Daniel's,whiskey,7.183,False
2025-09-22,P021,Johnnie Walker Black,whiskey,9.823,False
2025-09-22,P022,Chivas Regal,whiskey,10.515,False
2025-09-22,P023,Maker's Mark,whiskey,12.143,False
2025-09-22,P024,Glenfiddich 12,whiskey,12.229,False
2025-09-22,P025,Bacardi Carta Blanca,rum,9.677,False
2025-09-22,P026,Havana Club 3,rum,10.515,False
2025-09-22,P027,Captain Morgan,rum,10.343,False
2025-09-22,P028,Diplomatico Reserva,rum,13.857,False
2025-09-22,P029,Jose Cuervo,tequila,8.842,False
2025-09-22,P030,Olmeca Blanco,tequila,12.4,False
2025-09-22,P031,Patron Silver,tequila,3.746,False
2025-09-22,P032,Don Julio Blanco,tequila,11.972,False
2025-09-22,P033,Aperol,aperitif,10.8,False
2025-09-22,P034,Campari,aperitif,7.886,False
2025-09-22,P035,Cointreau,liqueur,7.903,False
2025-09-22,P036,Kahlua,liqueur,8.492,False
2025-09-22,P037,Martini Rosso,vermouth,9.446,False
2025-09-22,P038,House Red Wine,wine,9.75,False
2025-09-22,P039,House White Wine,wine,17.944,False
2025-09-22,P040,Rose Wine,wine,5.2,False
2025-09-22,P041,Prosecco,wine,15.136,False
2025-09-22,P042,Chardonnay,wine,9.04,False
2025-09-22,P043,Coca-Cola,soft_drink,1.84,False
2025-09-22,P044,Coca-Cola Zero,soft_drink,74.6,False
2025-09-22,P045,Sprite,soft_drink,61.2,False
2025-09-22,P046,Tonic Water,soft_drink,58.12,False
2025-09-22,P047,Soda Water,soft_drink,70.44,False
2025-09-22,P048,Red Bull,soft_drink,55.8,False
2025-09-22,P049,Ginger Beer,soft_drink,23.2,False
2025-09-22,P050,Orange Juice,juice,4.0,False
2025-09-22,P051,Cranberry Juice,juice,4.0,False
2025-09-22,P052,Lime Juice,juice,12.283,False
2025-09-22,P053,Lemon Juice,juice,6.75,False
2025-09-22,P054,Sugar Syrup,cocktail_ingredient,9.317,False
2025-09-22,P055,Fresh Mint,cocktail_ingredient,6.274,False
2025-09-22,P056,Coffee Beans,cocktail_ingredient,7.561,False
2025-09-22,K001,Carlsberg 50L,draught_beer,3.429,False
2025-09-22,K002,Tuborg 50L,draught_beer,3.762,False
2025-09-22,K003,Carlsberg 30L,draught_beer,6.653,False
2025-09-22,K004,Malka 30L,draught_beer,4.434,False
2025-09-22,K005,Weihenstephan 30L,draught_beer,4.023,False
2025-09-23,P001,Carlsberg,beer,28.4,False
2025-09-23,P002,Heineken,beer,24.6,False
2025-09-23,P003,Corona,beer,36.2,False
2025-09-23,P004,Guinness,beer,12.6,False
2025-09-23,P005,Goldstar,beer,36.6,False
2025-09-23,P006,Maccabee,beer,16.0,False
2025-09-23,P007,Stella Artois,beer,34.4,False
2025-09-23,P008,Erdinger,beer,28.2,False
2025-09-23,P009,Bombay Sapphire,gin,10.166,False
2025-09-23,P010,Tanqueray,gin,10.514,False
2025-09-23,P011,Hendrick's,gin,7.628,False
2025-09-23,P012,Beefeater,gin,11.715,False
2025-09-23,P013,Gordon's,gin,12.839,False
2025-09-23,P014,Absolut,vodka,14.508,False
2025-09-23,P015,Finlandia,vodka,11.8,False
2025-09-23,P016,Grey Goose,vodka,9.395,False
2025-09-23,P017,Belvedere,vodka,12.229,False
2025-09-23,P018,Stolichnaya,vodka,12.058,False
2025-09-23,P019,Jameson,whiskey,7.989,False
2025-09-23,P020,Jack Daniel's,whiskey,6.668,False
2025-09-23,P021,Johnnie Walker Black,whiskey,9.566,False
2025-09-23,P022,Chivas Regal,whiskey,10.343,False
2025-09-23,P023,Maker's Mark,whiskey,11.972,False
2025-09-23,P024,Glenfiddich 12,whiskey,12.143,False
2025-09-23,P025,Bacardi Carta Blanca,rum,20.823,False
2025-09-23,P026,Havana Club 3,rum,10.343,False
2025-09-23,P027,Captain Morgan,rum,10.172,False
2025-09-23,P028,Diplomatico Reserva,rum,13.772,False
2025-09-23,P029,Jose Cuervo,tequila,8.528,False
2025-09-23,P030,Olmeca Blanco,tequila,12.315,False
2025-09-23,P031,Patron Silver,tequila,14.931,False
2025-09-23,P032,Don Julio Blanco,tequila,11.8,False
2025-09-23,P033,Aperol,aperitif,21.086,False
2025-09-23,P034,Campari,aperitif,7.543,False
2025-09-23,P035,Cointreau,liqueur,7.474,False
2025-09-23,P036,Kahlua,liqueur,8.12,False
2025-09-23,P037,Martini Rosso,vermouth,9.189,False
2025-09-23,P038,House Red Wine,wine,20.774,False
2025-09-23,P039,House White Wine,wine,16.48,False
2025-09-23,P040,Rose Wine,wine,16.6,False
2025-09-23,P041,Prosecco,wine,24.576,False
2025-09-23,P042,Chardonnay,wine,8.64,False
2025-09-23,P043,Coca-Cola,soft_drink,0.0,True
2025-09-23,P044,Coca-Cola Zero,soft_drink,68.6,False
2025-09-23,P045,Sprite,soft_drink,57.2,False
2025-09-23,P046,Tonic Water,soft_drink,51.32,False
2025-09-23,P047,Soda Water,soft_drink,65.76,False
2025-09-23,P048,Red Bull,soft_drink,49.8,False
2025-09-23,P049,Ginger Beer,soft_drink,21.2,False
2025-09-23,P050,Orange Juice,juice,4.0,False
2025-09-23,P051,Cranberry Juice,juice,4.0,False
2025-09-23,P052,Lime Juice,juice,11.888,False
2025-09-23,P053,Lemon Juice,juice,6.65,False
2025-09-23,P054,Sugar Syrup,cocktail_ingredient,9.142,False
2025-09-23,P055,Fresh Mint,cocktail_ingredient,6.229,False
2025-09-23,P056,Coffee Beans,cocktail_ingredient,7.471,False
2025-09-23,K001,Carlsberg 50L,draught_beer,2.986,False
2025-09-23,K002,Tuborg 50L,draught_beer,3.472,False
2025-09-23,K003,Carlsberg 30L,draught_beer,6.036,False
2025-09-23,K004,Malka 30L,draught_beer,4.005,False
2025-09-23,K005,Weihenstephan 30L,draught_beer,3.808,False
2025-09-24,P001,Carlsberg,beer,67.4,False
2025-09-24,P002,Heineken,beer,65.6,False
2025-09-24,P003,Corona,beer,53.2,False
2025-09-24,P004,Guinness,beer,33.6,False
2025-09-24,P005,Goldstar,beer,52.6,False
2025-09-24,P006,Maccabee,beer,12.0,False
2025-09-24,P007,Stella Artois,beer,51.4,False
2025-09-24,P008,Erdinger,beer,25.2,False
2025-09-24,P009,Bombay Sapphire,gin,9.909,False
2025-09-24,P010,Tanqueray,gin,10.257,False
2025-09-24,P011,Hendrick's,gin,7.157,False
2025-09-24,P012,Beefeater,gin,11.543,False
2025-09-24,P013,Gordon's,gin,11.201,False
2025-09-24,P014,Absolut,vodka,13.008,False
2025-09-24,P015,Finlandia,vodka,11.629,False
2025-09-24,P016,Grey Goose,vodka,9.137,False
2025-09-24,P017,Belvedere,vodka,12.058,False
2025-09-24,P018,Stolichnaya,vodka,11.801,False
2025-09-24,P019,Jameson,whiskey,7.388,False
2025-09-24,P020,Jack Daniel's,whiskey,5.983,False
2025-09-24,P021,Johnnie Walker Black,whiskey,9.223,False
2025-09-24,P022,Chivas Regal,whiskey,10.0,False
2025-09-24,P023,Maker's Mark,whiskey,11.886,False
2025-09-24,P024,Glenfiddich 12,whiskey,11.972,False
2025-09-24,P025,Bacardi Carta Blanca,rum,19.219,False
2025-09-24,P026,Havana Club 3,rum,10.172,False
2025-09-24,P027,Captain Morgan,rum,9.915,False
2025-09-24,P028,Diplomatico Reserva,rum,13.686,False
2025-09-24,P029,Jose Cuervo,tequila,7.953,False
2025-09-24,P030,Olmeca Blanco,tequila,12.143,False
2025-09-24,P031,Patron Silver,tequila,13.817,False
2025-09-24,P032,Don Julio Blanco,tequila,11.629,False
2025-09-24,P033,Aperol,aperitif,18.943,False
2025-09-24,P034,Campari,aperitif,7.071,False
2025-09-24,P035,Cointreau,liqueur,6.917,False
2025-09-24,P036,Kahlua,liqueur,7.606,False
2025-09-24,P037,Martini Rosso,vermouth,8.889,False
2025-09-24,P038,House Red Wine,wine,18.578,False
2025-09-24,P039,House White Wine,wine,15.016,False
2025-09-24,P040,Rose Wine,wine,15.6,False
2025-09-24,P041,Prosecco,wine,21.136,False
2025-09-24,P042,Chardonnay,wine,8.24,False
2025-09-24,P043,Coca-Cola,soft_drink,0.0,True
2025-09-24,P044,Coca-Cola Zero,soft_drink,62.6,False
2025-09-24,P045,Sprite,soft_drink,49.2,False
2025-09-24,P046,Tonic Water,soft_drink,44.02,False
2025-09-24,P047,Soda Water,soft_drink,58.88,False
2025-09-24,P048,Red Bull,soft_drink,43.8,False
2025-09-24,P049,Ginger Beer,soft_drink,18.2,False
2025-09-24,P050,Orange Juice,juice,4.0,False
2025-09-24,P051,Cranberry Juice,juice,4.0,False
2025-09-24,P052,Lime Juice,juice,11.203,False
2025-09-24,P053,Lemon Juice,juice,6.5,False
2025-09-24,P054,Sugar Syrup,cocktail_ingredient,8.827,False
2025-09-24,P055,Fresh Mint,cocktail_ingredient,6.112,False
2025-09-24,P056,Coffee Beans,cocktail_ingredient,7.363,False
2025-09-24,K001,Carlsberg 50L,draught_beer,4.527,False
2025-09-24,K002,Tuborg 50L,draught_beer,4.085,False
2025-09-24,K003,Carlsberg 30L,draught_beer,6.15,False
2025-09-24,K004,Malka 30L,draught_beer,5.415,False
2025-09-24,K005,Weihenstephan 30L,draught_beer,3.446,False
2025-09-25,P001,Carlsberg,beer,52.4,False
2025-09-25,P002,Heineken,beer,49.6,False
2025-09-25,P003,Corona,beer,40.2,False
2025-09-25,P004,Guinness,beer,28.6,False
2025-09-25,P005,Goldstar,beer,42.6,False
2025-09-25,P006,Maccabee,beer,29.0,False
2025-09-25,P007,Stella Artois,beer,42.4,False
2025-09-25,P008,Erdinger,beer,20.2,False
2025-09-25,P009,Bombay Sapphire,gin,9.566,False
2025-09-25,P010,Tanqueray,gin,9.829,False
2025-09-25,P011,Hendrick's,gin,6.257,False
2025-09-25,P012,Beefeater,gin,11.372,False
2025-09-25,P013,Gordon's,gin,8.813,False
2025-09-25,P014,Absolut,vodka,10.78,False
2025-09-25,P015,Finlandia,vodka,11.372,False
2025-09-25,P016,Grey Goose,vodka,8.537,False
2025-09-25,P017,Belvedere,vodka,11.801,False
2025-09-25,P018,Stolichnaya,vodka,11.543,False
2025-09-25,P019,Jameson,whiskey,6.36,False
2025-09-25,P020,Jack Daniel's,whiskey,5.383,False
2025-09-25,P021,Johnnie Walker Black,whiskey,8.709,False
2025-09-25,P022,Chivas Regal,whiskey,9.657,False
2025-09-25,P023,Maker's Mark,whiskey,11.715,False
2025-09-25,P024,Glenfiddich 12,whiskey,11.715,False
2025-09-25,P025,Bacardi Carta Blanca,rum,16.204,False
2025-09-25,P026,Havana Club 3,rum,9.743,False
2025-09-25,P027,Captain Morgan,rum,9.486,False
2025-09-25,P028,Diplomatico Reserva,rum,13.515,False
2025-09-25,P029,Jose Cuervo,tequila,7.326,False
2025-09-25,P030,Olmeca Blanco,tequila,11.972,False
2025-09-25,P031,Patron Silver,tequila,11.903,False
2025-09-25,P032,Don Julio Blanco,tequila,11.372,False
2025-09-25,P033,Aperol,aperitif,15.943,False
2025-09-25,P034,Campari,aperitif,6.086,False
2025-09-25,P035,Cointreau,liqueur,6.032,False
2025-09-25,P036,Kahlua,liqueur,6.749,False
2025-09-25,P037,Martini Rosso,vermouth,8.246,False
2025-09-25,P038,House Red Wine,wine,15.65,False
2025-09-25,P039,House White Wine,wine,12.088,False
2025-09-25,P040,Rose Wine,wine,14.2,False
2025-09-25,P041,Prosecco,wine,16.416,False
2025-09-25,P042,Chardonnay,wine,7.44,False
2025-09-25,P043,Coca-Cola,soft_drink,174.2,False
2025-09-25,P044,Coca-Cola Zero,soft_drink,52.6,False
2025-09-25,P045,Sprite,soft_drink,60.2,False
2025-09-25,P046,Tonic Water,soft_drink,52.32,False
2025-09-25,P047,Soda Water,soft_drink,47.02,False
2025-09-25,P048,Red Bull,soft_drink,55.8,False
2025-09-25,P049,Ginger Beer,soft_drink,37.2,False
2025-09-25,P050,Orange Juice,juice,4.0,False
2025-09-25,P051,Cranberry Juice,juice,4.0,False
2025-09-25,P052,Lime Juice,juice,9.918,False
2025-09-25,P053,Lemon Juice,juice,6.3,False
2025-09-25,P054,Sugar Syrup,cocktail_ingredient,8.272,False
2025-09-25,P055,Fresh Mint,cocktail_ingredient,5.887,False
2025-09-25,P056,Coffee Beans,cocktail_ingredient,7.201,False
2025-09-25,K001,Carlsberg 50L,draught_beer,3.658,False
2025-09-25,K002,Tuborg 50L,draught_beer,3.538,False
2025-09-25,K003,Carlsberg 30L,draught_beer,5.211,False
2025-09-25,K004,Malka 30L,draught_beer,4.489,False
2025-09-25,K005,Weihenstephan 30L,draught_beer,3.95,False
2025-09-26,P001,Carlsberg,beer,36.4,False
2025-09-26,P002,Heineken,beer,36.6,False
2025-09-26,P003,Corona,beer,27.2,False
2025-09-26,P004,Guinness,beer,25.6,False
2025-09-26,P005,Goldstar,beer,29.6,False
2025-09-26,P006,Maccabee,beer,23.0,False
2025-09-26,P007,Stella Artois,beer,33.4,False
2025-09-26,P008,Erdinger,beer,17.2,False
2025-09-26,P009,Bombay Sapphire,gin,9.137,False
2025-09-26,P010,Tanqueray,gin,9.486,False
2025-09-26,P011,Hendrick's,gin,5.529,False
2025-09-26,P012,Beefeater,gin,11.201,False
2025-09-26,P013,Gordon's,gin,18.547,False
2025-09-26,P014,Absolut,vodka,8.994,False
2025-09-26,P015,Finlandia,vodka,11.2,False
2025-09-26,P016,Grey Goose,vodka,8.023,False
2025-09-26,P017,Belvedere,vodka,11.544,False
2025-09-26,P018,Stolichnaya,vodka,11.372,False
2025-09-26,P019,Jameson,whiskey,17.417,False
2025-09-26,P020,Jack Daniel's,whiskey,16.526,False
2025-09-26,P021,Johnnie Walker Black,whiskey,8.28,False
2025-09-26,P022,Chivas Regal,whiskey,9.229,False
2025-09-26,P023,Maker's Mark,whiskey,11.543,False
2025-09-26,P024,Glenfiddich 12,whiskey,11.458,False
2025-09-26,P025,Bacardi Carta Blanca,rum,13.625,False
2025-09-26,P026,Havana Club 3,rum,9.315,False
2025-09-26,P027,Captain Morgan,rum,9.143,False
2025-09-26,P028,Diplomatico Reserva,rum,13.429,False
2025-09-26,P029,Jose Cuervo,tequila,6.751,False
2025-09-26,P030,Olmeca Blanco,tequila,11.629,False
2025-09-26,P031,Patron Silver,tequila,10.417,False
2025-09-26,P032,Don Julio Blanco,tequila,11.115,False
2025-09-26,P033,Aperol,aperitif,13.457,False
2025-09-26,P034,Campari,aperitif,5.186,False
2025-09-26,P035,Cointreau,liqueur,5.36,False
2025-09-26,P036,Kahlua,liqueur,6.092,False
2025-09-26,P037,Martini Rosso,vermouth,7.603,False
2025-09-26,P038,House Red Wine,wine,24.234,False
2025-09-26,P039,House White Wine,wine,20.672,False
2025-09-26,P040,Rose Wine,wine,13.0,False
2025-09-26,P041,Prosecco,wine,24.096,False
2025-09-26,P042,Chardonnay,wine,6.64,False
2025-09-26,P043,Coca-Cola,soft_drink,154.6,False
2025-09-26,P044,Coca-Cola Zero,soft_drink,40.6,False
2025-09-26,P045,Sprite,soft_drink,47.2,False
2025-09-26,P046,Tonic Water,soft_drink,40.22,False
2025-09-26,P047,Soda Water,soft_drink,34.7,False
2025-09-26,P048,Red Bull,soft_drink,45.8,False
2025-09-26,P049,Ginger Beer,soft_drink,33.2,False
2025-09-26,P050,Orange Juice,juice,4.0,False
2025-09-26,P051,Cranberry Juice,juice,4.0,False
2025-09-26,P052,Lime Juice,juice,8.863,False
2025-09-26,P053,Lemon Juice,juice,6.15,False
2025-09-26,P054,Sugar Syrup,cocktail_ingredient,7.757,False
2025-09-26,P055,Fresh Mint,cocktail_ingredient,5.68,False
2025-09-26,P056,Coffee Beans,cocktail_ingredient,7.048,False
2025-09-26,K001,Carlsberg 50L,draught_beer,2.917,False
2025-09-26,K002,Tuborg 50L,draught_beer,3.031,False
2025-09-26,K003,Carlsberg 30L,draught_beer,4.191,False
2025-09-26,K004,Malka 30L,draught_beer,3.697,False
2025-09-26,K005,Weihenstephan 30L,draught_beer,3.279,False
2025-09-27,P001,Carlsberg,beer,63.4,False
2025-09-27,P002,Heineken,beer,48.6,False
2025-09-27,P003,Corona,beer,62.2,False
2025-09-27,P004,Guinness,beer,42.6,False
2025-09-27,P005,Goldstar,beer,66.6,False
2025-09-27,P006,Maccabee,beer,40.0,False
2025-09-27,P007,Stella Artois,beer,23.4,False
2025-09-27,P008,Erdinger,beer,35.2,False
2025-09-27,P009,Bombay Sapphire,gin,8.623,False
2025-09-27,P010,Tanqueray,gin,9.057,False
2025-09-27,P011,Hendrick's,gin,4.457,False
2025-09-27,P012,Beefeater,gin,10.858,False
2025-09-27,P013,Gordon's,gin,16.012,False
2025-09-27,P014,Absolut,vodka,6.887,False
2025-09-27,P015,Finlandia,vodka,10.858,False
2025-09-27,P016,Grey Goose,vodka,7.509,False
2025-09-27,P017,Belvedere,vodka,11.287,False
2025-09-27,P018,Stolichnaya,vodka,11.115,False
2025-09-27,P019,Jameson,whiskey,16.474,False
2025-09-27,P020,Jack Daniel's,whiskey,15.583,False
2025-09-27,P021,Johnnie Walker Black,whiskey,7.766,False
2025-09-27,P022,Chivas Regal,whiskey,8.8,False
2025-09-27,P023,Maker's Mark,whiskey,11.201,False
2025-09-27,P024,Glenfiddich 12,whiskey,11.201,False
2025-09-27,P025,Bacardi Carta Blanca,rum,10.235,False
2025-09-27,P026,Havana Club 3,rum,8.886,False
2025-09-27,P027,Captain Morgan,rum,8.8,False
2025-09-27,P028,Diplomatico Reserva,rum,13.258,False
2025-09-27,P029,Jose Cuervo,tequila,5.993,False
2025-09-27,P030,Olmeca Blanco,tequila,11.372,False
2025-09-27,P031,Patron Silver,tequila,7.988,False
2025-09-27,P032,Don Julio Blanco,tequila,10.858,False
2025-09-27,P033,Aperol,aperitif,10.2,False
2025-09-27,P034,Campari,aperitif,4.286,False
2025-09-27,P035,Cointreau,liqueur,4.196,False
2025-09-27,P036,Kahlua,liqueur,5.349,False
2025-09-27,P037,Martini Rosso,vermouth,6.874,False
2025-09-27,P038,House Red Wine,wine,20.33,False
2025-09-27,P039,House White Wine,wine,16.768,False
2025-09-27,P040,Rose Wine,wine,11.6,False
2025-09-27,P041,Prosecco,wine,19.056,False
2025-09-27,P042,Chardonnay,wine,5.64,False
2025-09-27,P043,Coca-Cola,soft_drink,131.7,False
2025-09-27,P044,Coca-Cola Zero,soft_drink,27.6,False
2025-09-27,P045,Sprite,soft_drink,35.2,False
2025-09-27,P046,Tonic Water,soft_drink,22.82,False
2025-09-27,P047,Soda Water,soft_drink,21.3,False
2025-09-27,P048,Red Bull,soft_drink,36.8,False
2025-09-27,P049,Ginger Beer,soft_drink,28.2,False
2025-09-27,P050,Orange Juice,juice,4.0,False
2025-09-27,P051,Cranberry Juice,juice,4.0,False
2025-09-27,P052,Lime Juice,juice,7.298,False
2025-09-27,P053,Lemon Juice,juice,5.925,False
2025-09-27,P054,Sugar Syrup,cocktail_ingredient,7.152,False
2025-09-27,P055,Fresh Mint,cocktail_ingredient,5.419,False
2025-09-27,P056,Coffee Beans,cocktail_ingredient,6.895,False
2025-09-27,K001,Carlsberg 50L,draught_beer,5.136,False
2025-09-27,K002,Tuborg 50L,draught_beer,4.314,False
2025-09-27,K003,Carlsberg 30L,draught_beer,6.412,False
2025-09-27,K004,Malka 30L,draught_beer,4.784,False
2025-09-27,K005,Weihenstephan 30L,draught_beer,4.594,False
2025-09-28,P001,Carlsberg,beer,56.4,False
2025-09-28,P002,Heineken,beer,42.6,False
2025-09-28,P003,Corona,beer,58.2,False
2025-09-28,P004,Guinness,beer,41.6,False
2025-09-28,P005,Goldstar,beer,58.6,False
2025-09-28,P006,Maccabee,beer,36.0,False
2025-09-28,P007,Stella Artois,beer,43.4,False
2025-09-28,P008,Erdinger,beer,34.2,False
2025-09-28,P009,Bombay Sapphire,gin,8.366,False
2025-09-28,P010,Tanqueray,gin,8.8,False
2025-09-28,P011,Hendrick's,gin,4.029,False
2025-09-28,P012,Beefeater,gin,10.772,False
2025-09-28,P013,Gordon's,gin,14.791,False
2025-09-28,P014,Absolut,vodka,5.773,False
2025-09-28,P015,Finlandia,vodka,10.772,False
2025-09-28,P016,Grey Goose,vodka,7.338,False
2025-09-28,P017,Belvedere,vodka,11.201,False
2025-09-28,P018,Stolichnaya,vodka,10.944,False
2025-09-28,P019,Jameson,whiskey,15.96,False
2025-09-28,P020,Jack Daniel's,whiskey,15.24,False
2025-09-28,P021,Johnnie Walker Black,whiskey,7.423,False
2025-09-28,P022,Chivas Regal,whiskey,8.629,False
2025-09-28,P023,Maker's Mark,whiskey,11.115,False
2025-09-28,P024,Glenfiddich 12,whiskey,11.115,False
2025-09-28,P025,Bacardi Carta Blanca,rum,8.963,False
2025-09-28,P026,Havana Club 3,rum,8.715,False
2025-09-28,P027,Captain Morgan,rum,8.629,False
2025-09-28,P028,Diplomatico Reserva,rum,13.258,False
2025-09-28,P029,Jose Cuervo,tequila,5.679,False
2025-09-28,P030,Olmeca Blanco,tequila,11.286,False
2025-09-28,P031,Patron Silver,tequila,7.245,False
2025-09-28,P032,Don Julio Blanco,tequila,10.772,False
2025-09-28,P033,Aperol,aperitif,8.486,False
2025-09-28,P034,Campari,aperitif,3.857,False
2025-09-28,P035,Cointreau,liqueur,3.796,False
2025-09-28,P036,Kahlua,liqueur,5.006,False
2025-09-28,P037,Martini Rosso,vermouth,6.617,False
2025-09-28,P038,House Red Wine,wine,19.11,False
2025-09-28,P039,House White Wine,wine,14.572,False
2025-09-28,P040,Rose Wine,wine,11.2,False
2025-09-28,P041,Prosecco,wine,16.096,False
2025-09-28,P042,Chardonnay,wine,5.04,False
2025-09-28,P043,Coca-Cola,soft_drink,121.3,False
2025-09-28,P044,Coca-Cola Zero,soft_drink,25.6,False
2025-09-28,P045,Sprite,soft_drink,31.2,False
2025-09-28,P046,Tonic Water,soft_drink,16.42,False
2025-09-28,P047,Soda Water,soft_drink,13.9,False
2025-09-28,P048,Red Bull,soft_drink,29.8,False
2025-09-28,P049,Ginger Beer,soft_drink,25.2,False
2025-09-28,P050,Orange Juice,juice,4.0,False
2025-09-28,P051,Cranberry Juice,juice,4.0,False
2025-09-28,P052,Lime Juice,juice,6.783,False
2025-09-28,P053,Lemon Juice,juice,5.825,False
2025-09-28,P054,Sugar Syrup,cocktail_ingredient,6.927,False
2025-09-28,P055,Fresh Mint,cocktail_ingredient,5.32,False
2025-09-28,P056,Coffee Beans,cocktail_ingredient,6.841,False
2025-09-28,K001,Carlsberg 50L,draught_beer,4.758,False
2025-09-28,K002,Tuborg 50L,draught_beer,4.153,False
2025-09-28,K003,Carlsberg 30L,draught_beer,5.607,False
2025-09-28,K004,Malka 30L,draught_beer,4.194,False
2025-09-28,K005,Weihenstephan 30L,draught_beer,4.312,False
2025-09-29,P001,Carlsberg,beer,51.4,False
2025-09-29,P002,Heineken,beer,41.6,False
2025-09-29,P003,Corona,beer,55.2,False
2025-09-29,P004,Guinness,beer,38.6,False
2025-09-29,P005,Goldstar,beer,54.6,False
2025-09-29,P006,Maccabee,beer,33.0,False
2025-09-29,P007,Stella Artois,beer,38.4,False
2025-09-29,P008,Erdinger,beer,33.2,False
2025-09-29,P009,Bombay Sapphire,gin,8.109,False
2025-09-29,P010,Tanqueray,gin,8.629,False
2025-09-29,P011,Hendrick's,gin,3.686,False
2025-09-29,P012,Beefeater,gin,10.686,False
2025-09-29,P013,Gordon's,gin,13.938,False
2025-09-29,P014,Absolut,vodka,4.516,False
2025-09-29,P015,Finlandia,vodka,10.772,False
2025-09-29,P016,Grey Goose,vodka,7.252,False
2025-09-29,P017,Belvedere,vodka,11.115,False
2025-09-29,P018,Stolichnaya,vodka,10.858,False
2025-09-29,P019,Jameson,whiskey,15.617,False
2025-09-29,P020,Jack Daniel's,whiskey,14.726,False
2025-09-29,P021,Johnnie Walker Black,whiskey,7.251,False
2025-09-29,P022,Chivas Regal,whiskey,8.457,False
2025-09-29,P023,Maker's Mark,whiskey,11.029,False
2025-09-29,P024,Glenfiddich 12,whiskey,11.115,False
2025-09-29,P025,Bacardi Carta Blanca,rum,7.952,False
2025-09-29,P026,Havana Club 3,rum,8.715,False
2025-09-29,P027,Captain Morgan,rum,8.457,False
2025-09-29,P028,Diplomatico Reserva,rum,13.172,False
2025-09-29,P029,Jose Cuervo,tequila,5.47,False
2025-09-29,P030,Olmeca Blanco,tequila,11.2,False
2025-09-29,P031,Patron Silver,tequila,6.717,False
2025-09-29,P032,Don Julio Blanco,tequila,10.686,False
2025-09-29,P033,Aperol,aperitif,6.943,False
2025-09-29,P034,Campari,aperitif,3.6,False
2025-09-29,P035,Cointreau,liqueur,3.482,False
2025-09-29,P036,Kahlua,liqueur,4.549,False
2025-09-29,P037,Martini Rosso,vermouth,6.446,False
2025-09-29,P038,House Red Wine,wine,17.646,False
2025-09-29,P039,House White Wine,wine,14.084,False
2025-09-29,P040,Rose Wine,wine,10.6,False
2025-09-29,P041,Prosecco,wine,13.976,False
2025-09-29,P042,Chardonnay,wine,4.64,False
2025-09-29,P043,Coca-Cola,soft_drink,109.9,False
2025-09-29,P044,Coca-Cola Zero,soft_drink,69.6,False
2025-09-29,P045,Sprite,soft_drink,48.2,False
2025-09-29,P046,Tonic Water,soft_drink,59.92,False
2025-09-29,P047,Soda Water,soft_drink,9.98,False
2025-09-29,P048,Red Bull,soft_drink,50.8,False
2025-09-29,P049,Ginger Beer,soft_drink,24.2,False
2025-09-29,P050,Orange Juice,juice,4.0,False
2025-09-29,P051,Cranberry Juice,juice,4.0,False
2025-09-29,P052,Lime Juice,juice,12.433,False
2025-09-29,P053,Lemon Juice,juice,5.725,False
2025-09-29,P054,Sugar Syrup,cocktail_ingredient,6.677,False
2025-09-29,P055,Fresh Mint,cocktail_ingredient,5.248,False
2025-09-29,P056,Coffee Beans,cocktail_ingredient,6.724,False
2025-09-29,K001,Carlsberg 50L,draught_beer,4.484,False
2025-09-29,K002,Tuborg 50L,draught_beer,3.976,False
2025-09-29,K003,Carlsberg 30L,draught_beer,5.272,False
2025-09-29,K004,Malka 30L,draught_beer,3.764,False
2025-09-29,K005,Weihenstephan 30L,draught_beer,4.151,False
2025-09-30,P001,Carlsberg,beer,47.4,False
2025-09-30,P002,Heineken,beer,38.6,False
2025-09-30,P003,Corona,beer,49.2,False
2025-09-30,P004,Guinness,beer,36.6,False
2025-09-30,P005,Goldstar,beer,50.6,False
2025-09-30,P006,Maccabee,beer,31.0,False
2025-09-30,P007,Stella Artois,beer,32.4,False
2025-09-30,P008,Erdinger,beer,31.2,False
2025-09-30,P009,Bombay Sapphire,gin,8.023,False
2025-09-30,P010,Tanqueray,gin,8.543,False
2025-09-30,P011,Hendrick's,gin,15.343,False
2025-09-30,P012,Beefeater,gin,10.515,False
2025-09-30,P013,Gordon's,gin,12.822,False
2025-09-30,P014,Absolut,vodka,15.487,False
2025-09-30,P015,Finlandia,vodka,10.686,False
2025-09-30,P016,Grey Goose,vodka,6.995,False
2025-09-30,P017,Belvedere,vodka,11.029,False
2025-09-30,P018,Stolichnaya,vodka,10.687,False
2025-09-30,P019,Jameson,whiskey,15.36,False
2025-09-30,P020,Jack Daniel's,whiskey,14.383,False
2025-09-30,P021,Johnnie Walker Black,whiskey,6.994,False
2025-09-30,P022,Chivas Regal,whiskey,8.372,False
2025-09-30,P023,Maker's Mark,whiskey,10.944,False
2025-09-30,P024,Glenfiddich 12,whiskey,11.029,False
2025-09-30,P025,Bacardi Carta Blanca,rum,6.418,False
2025-09-30,P026,Havana Club 3,rum,8.629,False
2025-09-30,P027,Captain Morgan,rum,8.286,False
2025-09-30,P028,Diplomatico Reserva,rum,13.086,False
2025-09-30,P029,Jose Cuervo,tequila,5.261,False
2025-09-30,P030,Olmeca Blanco,tequila,11.115,False
2025-09-30,P031,Patron Silver,tequila,18.117,False
2025-09-30,P032,Don Julio Blanco,tequila,10.686,False
2025-09-30,P033,Aperol,aperitif,17.657,False
2025-09-30,P034,Campari,aperitif,15.257,False
2025-09-30,P035,Cointreau,liqueur,15.139,False
2025-09-30,P036,Kahlua,liqueur,4.292,False
2025-09-30,P037,Martini Rosso,vermouth,6.189,False
2025-09-30,P038,House Red Wine,wine,16.426,False
2025-09-30,P039,House White Wine,wine,24.864,False
2025-09-30,P040,Rose Wine,wine,10.2,False
2025-09-30,P041,Prosecco,wine,23.696,False
2025-09-30,P042,Chardonnay,wine,16.24,False
2025-09-30,P043,Coca-Cola,soft_drink,102.5,False
2025-09-30,P044,Coca-Cola Zero,soft_drink,62.6,False
2025-09-30,P045,Sprite,soft_drink,41.2,False
2025-09-30,P046,Tonic Water,soft_drink,53.52,False
2025-09-30,P047,Soda Water,soft_drink,5.46,False
2025-09-30,P048,Red Bull,soft_drink,45.8,False
2025-09-30,P049,Ginger Beer,soft_drink,23.2,False
2025-09-30,P050,Orange Juice,juice,4.0,False
2025-09-30,P051,Cranberry Juice,juice,4.0,False
2025-09-30,P052,Lime Juice,juice,11.903,False
2025-09-30,P053,Lemon Juice,juice,5.625,False
2025-09-30,P054,Sugar Syrup,cocktail_ingredient,6.377,False
2025-09-30,P055,Fresh Mint,cocktail_ingredient,5.122,False
2025-09-30,P056,Coffee Beans,cocktail_ingredient,6.643,False
2025-09-30,K001,Carlsberg 50L,draught_beer,4.081,False
2025-09-30,K002,Tuborg 50L,draught_beer,3.799,False
2025-09-30,K003,Carlsberg 30L,draught_beer,5.097,False
2025-09-30,K004,Malka 30L,draught_beer,3.389,False
2025-09-30,K005,Weihenstephan 30L,draught_beer,4.098,False
2025-10-01,P001,Carlsberg,beer,67.4,False
2025-10-01,P002,Heineken,beer,53.6,False
2025-10-01,P003,Corona,beer,43.2,False
2025-10-01,P004,Guinness,beer,34.6,False
2025-10-01,P005,Goldstar,beer,44.6,False
2025-10-01,P006,Maccabee,beer,54.0,False
2025-10-01,P007,Stella Artois,beer,29.4,False
2025-10-01,P008,Erdinger,beer,28.2,False
2025-10-01,P009,Bombay Sapphire,gin,7.766,False
2025-10-01,P010,Tanqueray,gin,8.457,False
2025-10-01,P011,Hendrick's,gin,14.957,False
2025-10-01,P012,Beefeater,gin,10.429,False
2025-10-01,P013,Gordon's,gin,11.898,False
2025-10-01,P014,Absolut,vodka,15.144,False
2025-10-01,P015,Finlandia,vodka,10.601,False
2025-10-01,P016,Grey Goose,vodka,6.909,False
2025-10-01,P017,Belvedere,vodka,10.858,False
2025-10-01,P018,Stolichnaya,vodka,10.601,False
2025-10-01,P019,Jameson,whiskey,15.274,False
2025-10-01,P020,Jack Daniel's,whiskey,13.868,False
2025-10-01,P021,Johnnie Walker Black,whiskey,6.823,False
2025-10-01,P022,Chivas Regal,whiskey,8.286,False
2025-10-01,P023,Maker's Mark,whiskey,10.772,False
2025-10-01,P024,Glenfiddich 12,whiskey,10.944,False
2025-10-01,P025,Bacardi Carta Blanca,rum,5.582,False
2025-10-01,P026,Havana Club 3,rum,8.543,False
2025-10-01,P027,Captain Morgan,rum,8.115,False
2025-10-01,P028,Diplomatico Reserva,rum,13.001,False
2025-10-01,P029,Jose Cuervo,tequila,4.947,False
2025-10-01,P030,Olmeca Blanco,tequila,11.029,False
2025-10-01,P031,Patron Silver,tequila,17.388,False
2025-10-01,P032,Don Julio Blanco,tequila,10.601,False
2025-10-01,P033,Aperol,aperitif,16.543,False
2025-10-01,P034,Campari,aperitif,14.871,False
2025-10-01,P035,Cointreau,liqueur,14.71,False
2025-10-01,P036,Kahlua,liqueur,4.12,False
2025-10-01,P037,Martini Rosso,vermouth,5.889,False
2025-10-01,P038,House Red Wine,wine,15.45,False
2025-10-01,P039,House White Wine,wine,23.644,False
2025-10-01,P040,Rose Wine,wine,9.6,False
2025-10-01,P041,Prosecco,wine,21.776,False
2025-10-01,P042,Chardonnay,wine,16.04,False
2025-10-01,P043,Coca-Cola,soft_drink,94.1,False
2025-10-01,P044,Coca-Cola Zero,soft_drink,60.6,False
2025-10-01,P045,Sprite,soft_drink,36.2,False
2025-10-01,P046,Tonic Water,soft_drink,44.42,False
2025-10-01,P047,Soda Water,soft_drink,49.08,False
2025-10-01,P048,Red Bull,soft_drink,42.8,False
2025-10-01,P049,Ginger Beer,soft_drink,22.2,False
2025-10-01,P050,Orange Juice,juice,4.0,False
2025-10-01,P051,Cranberry Juice,juice,4.0,False
2025-10-01,P052,Lime Juice,juice,11.483,False
2025-10-01,P053,Lemon Juice,juice,5.525,False
2025-10-01,P054,Sugar Syrup,cocktail_ingredient,6.287,False
2025-10-01,P055,Fresh Mint,cocktail_ingredient,5.068,False
2025-10-01,P056,Coffee Beans,cocktail_ingredient,6.643,False
2025-10-01,K001,Carlsberg 50L,draught_beer,4.662,False
2025-10-01,K002,Tuborg 50L,draught_beer,4.622,False
2025-10-01,K003,Carlsberg 30L,draught_beer,6.574,False
2025-10-01,K004,Malka 30L,draught_beer,5.986,False
2025-10-01,K005,Weihenstephan 30L,draught_beer,4.776,False
2025-10-02,P001,Carlsberg,beer,54.4,False
2025-10-02,P002,Heineken,beer,45.6,False
2025-10-02,P003,Corona,beer,33.2,False
2025-10-02,P004,Guinness,beer,30.6,False
2025-10-02,P005,Goldstar,beer,33.6,False
2025-10-02,P006,Maccabee,beer,49.0,False
2025-10-02,P007,Stella Artois,beer,23.4,False
2025-10-02,P008,Erdinger,beer,25.2,False
2025-10-02,P009,Bombay Sapphire,gin,7.337,False
2025-10-02,P010,Tanqueray,gin,8.2,False
2025-10-02,P011,Hendrick's,gin,14.1,False
2025-10-02,P012,Beefeater,gin,10.258,False
2025-10-02,P013,Gordon's,gin,10.434,False
2025-10-02,P014,Absolut,vodka,13.701,False
2025-10-02,P015,Finlandia,vodka,10.429,False
2025-10-02,P016,Grey Goose,vodka,6.48,False
2025-10-02,P017,Belvedere,vodka,10.687,False
2025-10-02,P018,Stolichnaya,vodka,10.429,False
2025-10-02,P019,Jameson,whiskey,14.331,False
2025-10-02,P020,Jack Daniel's,whiskey,13.183,False
2025-10-02,P021,Johnnie Walker Black,whiskey,6.394,False
2025-10-02,P022,Chivas Regal,whiskey,8.029,False
2025-10-02,P023,Maker's Mark,whiskey,10.515,False
2025-10-02,P024,Glenfiddich 12,whiskey,10.772,False
2025-10-02,P025,Bacardi Carta Blanca,rum,3.281,False
2025-10-02,P026,Havana Club 3,rum,8.2,False
2025-10-02,P027,Captain Morgan,rum,7.857,False
2025-10-02,P028,Diplomatico Reserva,rum,12.915,False
2025-10-02,P029,Jose Cuervo,tequila,4.476,False
2025-10-02,P030,Olmeca Blanco,tequila,10.858,False
2025-10-02,P031,Patron Silver,tequila,15.931,False
2025-10-02,P032,Don Julio Blanco,tequila,10.429,False
2025-10-02,P033,Aperol,aperitif,14.829,False
2025-10-02,P034,Campari,aperitif,14.1,False
2025-10-02,P035,Cointreau,liqueur,13.982,False
2025-10-02,P036,Kahlua,liqueur,3.463,False
2025-10-02,P037,Martini Rosso,vermouth,5.289,False
2025-10-02,P038,House Red Wine,wine,13.01,False
2025-10-02,P039,House White Wine,wine,20.96,False
2025-10-02,P040,Rose Wine,wine,8.6,False
2025-10-02,P041,Prosecco,wine,19.136,False
2025-10-02,P042,Chardonnay,wine,15.24,False
2025-10-02,P043,Coca-Cola,soft_drink,76.5,False
2025-10-02,P044,Coca-Cola Zero,soft_drink,49.6,False
2025-10-02,P045,Sprite,soft_drink,47.2,False
2025-10-02,P046,Tonic Water,soft_drink,59.72,False
2025-10-02,P047,Soda Water,soft_drink,65.54,False
2025-10-02,P048,Red Bull,soft_drink,57.8,False
2025-10-02,P049,Ginger Beer,soft_drink,18.2,False
2025-10-02,P050,Orange Juice,juice,4.0,False
2025-10-02,P051,Cranberry Juice,juice,4.0,False
2025-10-02,P052,Lime Juice,juice,10.418,False
2025-10-02,P053,Lemon Juice,juice,5.375,False
2025-10-02,P054,Sugar Syrup,cocktail_ingredient,5.832,False
2025-10-02,P055,Fresh Mint,cocktail_ingredient,4.879,False
2025-10-02,P056,Coffee Beans,cocktail_ingredient,6.517,False
2025-10-02,K001,Carlsberg 50L,draught_beer,4.356,False
2025-10-02,K002,Tuborg 50L,draught_beer,4.219,False
2025-10-02,K003,Carlsberg 30L,draught_beer,5.809,False
2025-10-02,K004,Malka 30L,draught_beer,5.328,False
2025-10-02,K005,Weihenstephan 30L,draught_beer,4.44,False
2025-10-03,P001,Carlsberg,beer,39.4,False
2025-10-03,P002,Heineken,beer,28.6,False
2025-10-03,P003,Corona,beer,18.2,False
2025-10-03,P004,Guinness,beer,22.6,False
2025-10-03,P005,Goldstar,beer,40.6,False
2025-10-03,P006,Maccabee,beer,38.0,False
2025-10-03,P007,Stella Artois,beer,37.4,False
2025-10-03,P008,Erdinger,beer,19.2,False
2025-10-03,P009,Bombay Sapphire,gin,6.737,False
2025-10-03,P010,Tanqueray,gin,7.772,False
2025-10-03,P011,Hendrick's,gin,13.071,False
2025-10-03,P012,Beefeater,gin,10.001,False
2025-10-03,P013,Gordon's,gin,19.402,False
2025-10-03,P014,Absolut,vodka,11.173,False
2025-10-03,P015,Finlandia,vodka,10.172,False
2025-10-03,P016,Grey Goose,vodka,5.966,False
2025-10-03,P017,Belvedere,vodka,10.43,False
2025-10-03,P018,Stolichnaya,vodka,10.086,False
2025-10-03,P019,Jameson,whiskey,13.046,False
2025-10-03,P020,Jack Daniel's,whiskey,12.411,False
2025-10-03,P021,Johnnie Walker Black,whiskey,5.88,False
2025-10-03,P022,Chivas Regal,whiskey,7.6,False
2025-10-03,P023,Maker's Mark,whiskey,10.258,False
2025-10-03,P024,Glenfiddich 12,whiskey,10.515,False
2025-10-03,P025,Bacardi Carta Blanca,rum,11.325,False
2025-10-03,P026,Havana Club 3,rum,7.686,False
2025-10-03,P027,Captain Morgan,rum,7.429,False
2025-10-03,P028,Diplomatico Reserva,rum,12.743,False
2025-10-03,P029,Jose Cuervo,tequila,15.692,False
2025-10-03,P030,Olmeca Blanco,tequila,10.515,False
2025-10-03,P031,Patron Silver,tequila,13.731,False
2025-10-03,P032,Don Julio Blanco,tequila,10.086,False
2025-10-03,P033,Aperol,aperitif,11.829,False
2025-10-03,P034,Campari,aperitif,13.071,False
2025-10-03,P035,Cointreau,liqueur,12.853,False
2025-10-03,P036,Kahlua,liqueur,14.52,False
2025-10-03,P037,Martini Rosso,vermouth,4.603,False
2025-10-03,P038,House Red Wine,wine,21.838,False
2025-10-03,P039,House White Wine,wine,16.568,False
2025-10-03,P040,Rose Wine,wine,18.8,False
2025-10-03,P041,Prosecco,wine,26.256,False
2025-10-03,P042,Chardonnay,wine,14.04,False
2025-10-03,P043,Coca-Cola,soft_drink,55.5,False
2025-10-03,P044,Coca-Cola Zero,soft_drink,35.6,False
2025-10-03,P045,Sprite,soft_drink,34.2,False
2025-10-03,P046,Tonic Water,soft_drink,46.42,False
2025-10-03,P047,Soda Water,soft_drink,52.72,False
2025-10-03,P048,Red Bull,soft_drink,44.8,False
2025-10-03,P049,Ginger Beer,soft_drink,12.2,False
2025-10-03,P050,Orange Juice,juice,4.0,False
2025-10-03,P051,Cranberry Juice,juice,4.0,False
2025-10-03,P052,Lime Juice,juice,8.788,False
2025-10-03,P053,Lemon Juice,juice,5.125,False
2025-10-03,P054,Sugar Syrup,cocktail_ingredient,5.082,False
2025-10-03,P055,Fresh Mint,cocktail_ingredient,4.573,False
2025-10-03,P056,Coffee Beans,cocktail_ingredient,6.301,False
2025-10-03,K001,Carlsberg 50L,draught_beer,3.535,False
2025-10-03,K002,Tuborg 50L,draught_beer,3.704,False
2025-10-03,K003,Carlsberg 30L,draught_beer,4.467,False
2025-10-03,K004,Malka 30L,draught_beer,4.188,False
2025-10-03,K005,Weihenstephan 30L,draught_beer,3.675,False
2025-10-04,P001,Carlsberg,beer,70.4,False
2025-10-04,P002,Heineken,beer,61.6,False
2025-10-04,P003,Corona,beer,76.2,False
2025-10-04,P004,Guinness,beer,42.6,False
2025-10-04,P005,Goldstar,beer,53.6,False
2025-10-04,P006,Maccabee,beer,32.0,False
2025-10-04,P007,Stella Artois,beer,53.4,False
2025-10-04,P008,Erdinger,beer,40.2,False
2025-10-04,P009,Bombay Sapphire,gin,6.223,False
2025-10-04,P010,Tanqueray,gin,7.429,False
2025-10-04,P011,Hendrick's,gin,12.3,False
2025-10-04,P012,Beefeater,gin,9.744,False
2025-10-04,P013,Gordon's,gin,16.918,False
2025-10-04,P014,Absolut,vodka,9.208,False
2025-10-04,P015,Finlandia,vodka,9.915,False
2025-10-04,P016,Grey Goose,vodka,5.452,False
2025-10-04,P017,Belvedere,vodka,10.258,False
2025-10-04,P018,Stolichnaya,vodka,9.915,False
2025-10-04,P019,Jameson,whiskey,12.103,False
2025-10-04,P020,Jack Daniel's,whiskey,11.64,False
2025-10-04,P021,Johnnie Walker Black,whiskey,5.451,False
2025-10-04,P022,Chivas Regal,whiskey,7.086,False
2025-10-04,P023,Maker's Mark,whiskey,10.086,False
2025-10-04,P024,Glenfiddich 12,whiskey,10.344,False
2025-10-04,P025,Bacardi Carta Blanca,rum,8.196,False
2025-10-04,P026,Havana Club 3,rum,7.257,False
2025-10-04,P027,Captain Morgan,rum,7.0,False
2025-10-04,P028,Diplomatico Reserva,rum,12.658,False
2025-10-04,P029,Jose Cuervo,tequila,15.039,False
2025-10-04,P030,Olmeca Blanco,tequila,10.258,False
2025-10-04,P031,Patron Silver,tequila,12.031,False
2025-10-04,P032,Don Julio Blanco,tequila,9.829,False
2025-10-04,P033,Aperol,aperitif,9.086,False
2025-10-04,P034,Campari,aperitif,12.3,False
2025-10-04,P035,Cointreau,liqueur,12.031,False
2025-10-04,P036,Kahlua,liqueur,13.806,False
2025-10-04,P037,Martini Rosso,vermouth,4.003,False
2025-10-04,P038,House Red Wine,wine,18.91,False
2025-10-04,P039,House White Wine,wine,13.396,False
2025-10-04,P040,Rose Wine,wine,17.6,False
2025-10-04,P041,Prosecco,wine,21.696,False
2025-10-04,P042,Chardonnay,wine,13.24,False
2025-10-04,P043,Coca-Cola,soft_drink,34.6,False
2025-10-04,P044,Coca-Cola Zero,soft_drink,20.6,False
2025-10-04,P045,Sprite,soft_drink,23.2,False
2025-10-04,P046,Tonic Water,soft_drink,34.92,False
2025-10-04,P047,Soda Water,soft_drink,42.92,False
2025-10-04,P048,Red Bull,soft_drink,35.8,False
2025-10-04,P049,Ginger Beer,soft_drink,8.2,False
2025-10-04,P050,Orange Juice,juice,4.0,False
2025-10-04,P051,Cranberry Juice,juice,4.0,False
2025-10-04,P052,Lime Juice,juice,7.568,False
2025-10-04,P053,Lemon Juice,juice,4.9,False
2025-10-04,P054,Sugar Syrup,cocktail_ingredient,4.502,False
2025-10-04,P055,Fresh Mint,cocktail_ingredient,4.339,False
2025-10-04,P056,Coffee Beans,cocktail_ingredient,6.13,False
2025-10-04,K001,Carlsberg 50L,draught_beer,4.698,False
2025-10-04,K002,Tuborg 50L,draught_beer,4.221,False
2025-10-04,K003,Carlsberg 30L,draught_beer,5.434,False
2025-10-04,K004,Malka 30L,draught_beer,5.382,False
2025-10-04,K005,Weihenstephan 30L,draught_beer,4.058,False
2025-10-05,P001,Carlsberg,beer,63.4,False
2025-10-05,P002,Heineken,beer,56.6,False
2025-10-05,P003,Corona,beer,74.2,False
2025-10-05,P004,Guinness,beer,41.6,False
2025-10-05,P005,Goldstar,beer,49.6,False
2025-10-05,P006,Maccabee,beer,29.0,False
2025-10-05,P007,Stella Artois,beer,50.4,False
2025-10-05,P008,Erdinger,beer,39.2,False
2025-10-05,P009,Bombay Sapphire,gin,5.966,False
2025-10-05,P010,Tanqueray,gin,7.343,False
2025-10-05,P011,Hendrick's,gin,11.957,False
2025-10-05,P012,Beefeater,gin,9.658,False
2025-10-05,P013,Gordon's,gin,15.916,False
2025-10-05,P014,Absolut,vodka,8.544,False
2025-10-05,P015,Finlandia,vodka,9.743,False
2025-10-05,P016,Grey Goose,vodka,5.195,False
2025-10-05,P017,Belvedere,vodka,10.172,False
2025-10-05,P018,Stolichnaya,vodka,9.829,False
2025-10-05,P019,Jameson,whiskey,11.931,False
2025-10-05,P020,Jack Daniel's,whiskey,11.211,False
2025-10-05,P021,Johnnie Walker Black,whiskey,5.194,False
2025-10-05,P022,Chivas Regal,whiskey,6.915,False
2025-10-05,P023,Maker's Mark,whiskey,9.915,False
2025-10-05,P024,Glenfiddich 12,whiskey,10.258,False
2025-10-05,P025,Bacardi Carta Blanca,rum,19.839,False
2025-10-05,P026,Havana Club 3,rum,7.172,False
2025-10-05,P027,Captain Morgan,rum,6.829,False
2025-10-05,P028,Diplomatico Reserva,rum,12.572,False
2025-10-05,P029,Jose Cuervo,tequila,14.855,False
2025-10-05,P030,Olmeca Blanco,tequila,10.172,False
2025-10-05,P031,Patron Silver,tequila,11.146,False
2025-10-05,P032,Don Julio Blanco,tequila,9.744,False
2025-10-05,P033,Aperol,aperitif,8.143,False
2025-10-05,P034,Campari,aperitif,11.786,False
2025-10-05,P035,Cointreau,liqueur,11.681,False
2025-10-05,P036,Kahlua,liqueur,13.549,False
2025-10-05,P037,Martini Rosso,vermouth,3.66,False
2025-10-05,P038,House Red Wine,wine,17.69,False
2025-10-05,P039,House White Wine,wine,11.444,False
2025-10-05,P040,Rose Wine,wine,17.2,False
2025-10-05,P041,Prosecco,wine,19.896,False
2025-10-05,P042,Chardonnay,wine,13.24,False
2025-10-05,P043,Coca-Cola,soft_drink,28.3,False
2025-10-05,P044,Coca-Cola Zero,soft_drink,17.6,False
2025-10-05,P045,Sprite,soft_drink,15.2,False
2025-10-05,P046,Tonic Water,soft_drink,29.82,False
2025-10-05,P047,Soda Water,soft_drink,39.08,False
2025-10-05,P048,Red Bull,soft_drink,30.8,False
2025-10-05,P049,Ginger Beer,soft_drink,7.2,False
2025-10-05,P050,Orange Juice,juice,4.0,False
2025-10-05,P051,Cranberry Juice,juice,4.0,False
2025-10-05,P052,Lime Juice,juice,7.218,False
2025-10-05,P053,Lemon Juice,juice,4.825,False
2025-10-05,P054,Sugar Syrup,cocktail_ingredient,4.412,False
2025-10-05,P055,Fresh Mint,cocktail_ingredient,4.321,False
2025-10-05,P056,Coffee Beans,cocktail_ingredient,6.076,False
2025-10-05,K001,Carlsberg 50L,draught_beer,4.416,False
2025-10-05,K002,Tuborg 50L,draught_beer,3.995,False
2025-10-05,K003,Carlsberg 30L,draught_beer,4.722,False
2025-10-05,K004,Malka 30L,draught_beer,4.993,False
2025-10-05,K005,Weihenstephan 30L,draught_beer,3.789,False
2025-10-06,P001,Carlsberg,beer,54.4,False
2025-10-06,P002,Heineken,beer,52.6,False
2025-10-06,P003,Corona,beer,68.2,False
2025-10-06,P004,Guinness,beer,37.6,False
2025-10-06,P005,Goldstar,beer,43.6,False
2025-10-06,P006,Maccabee,beer,24.0,False
2025-10-06,P007,Stella Artois,beer,49.4,False
2025-10-06,P008,Erdinger,beer,38.2,False
2025-10-06,P009,Bombay Sapphire,gin,5.709,False
2025-10-06,P010,Tanqueray,gin,7.257,False
2025-10-06,P011,Hendrick's,gin,11.528,False
2025-10-06,P012,Beefeater,gin,9.572,False
2025-10-06,P013,Gordon's,gin,15.28,False
2025-10-06,P014,Absolut,vodka,7.851,False
2025-10-06,P015,Finlandia,vodka,9.658,False
2025-10-06,P016,Grey Goose,vodka,5.023,False
2025-10-06,P017,Belvedere,vodka,10.087,False
2025-10-06,P018,Stolichnaya,vodka,9.744,False
2025-10-06,P019,Jameson,whiskey,11.674,False
2025-10-06,P020,Jack Daniel's,whiskey,10.868,False
2025-10-06,P021,Johnnie Walker Black,whiskey,5.109,False
2025-10-06,P022,Chivas Regal,whiskey,6.743,False
2025-10-06,P023,Maker's Mark,whiskey,9.829,False
2025-10-06,P024,Glenfiddich 12,whiskey,10.172,False
2025-10-06,P025,Bacardi Carta Blanca,rum,18.785,False
2025-10-06,P026,Havana Club 3,rum,7.0,False
2025-10-06,P027,Captain Morgan,rum,6.657,False
2025-10-06,P028,Diplomatico Reserva,rum,12.572,False
2025-10-06,P029,Jose Cuervo,tequila,14.672,False
2025-10-06,P030,Olmeca Blanco,tequila,10.086,False
2025-10-06,P031,Patron Silver,tequila,10.245,False
2025-10-06,P032,Don Julio Blanco,tequila,9.658,False
2025-10-06,P033,Aperol,aperitif,6.428,False
2025-10-06,P034,Campari,aperitif,11.357,False
2025-10-06,P035,Cointreau,liqueur,11.274,False
2025-10-06,P036,Kahlua,liqueur,13.406,False
2025-10-06,P037,Martini Rosso,vermouth,3.403,False
2025-10-06,P038,House Red Wine,wine,16.47,False
2025-10-06,P039,House White Wine,wine,9.98,False
2025-10-06,P040,Rose Wine,wine,16.8,False
2025-10-06,P041,Prosecco,wine,17.336,False
2025-10-06,P042,Chardonnay,wine,13.04,False
2025-10-06,P043,Coca-Cola,soft_drink,95.0,False
2025-10-06,P044,Coca-Cola Zero,soft_drink,60.6,False
2025-10-06,P045,Sprite,soft_drink,58.2,False
2025-10-06,P046,Tonic Water,soft_drink,73.62,False
2025-10-06,P047,Soda Water,soft_drink,57.8,False
2025-10-06,P048,Red Bull,soft_drink,51.8,False
2025-10-06,P049,Ginger Beer,soft_drink,30.2,False
2025-10-06,P050,Orange Juice,juice,4.0,False
2025-10-06,P051,Cranberry Juice,juice,4.0,False
2025-10-06,P052,Lime Juice,juice,12.698,False
2025-10-06,P053,Lemon Juice,juice,4.75,False
2025-10-06,P054,Sugar Syrup,cocktail_ingredient,4.212,False
2025-10-06,P055,Fresh Mint,cocktail_ingredient,4.231,False
2025-10-06,P056,Coffee Beans,cocktail_ingredient,6.031,False
2025-10-06,K001,Carlsberg 50L,draught_beer,4.078,False
2025-10-06,K002,Tuborg 50L,draught_beer,3.874,False
2025-10-06,K003,Carlsberg 30L,draught_beer,3.957,False
2025-10-06,K004,Malka 30L,draught_beer,4.43,False
2025-10-06,K005,Weihenstephan 30L,draught_beer,3.602,False
2025-10-07,P001,Carlsberg,beer,48.4,False
2025-10-07,P002,Heineken,beer,49.6,False
2025-10-07,P003,Corona,beer,62.2,False
2025-10-07,P004,Guinness,beer,33.6,False
2025-10-07,P005,Goldstar,beer,40.6,False
2025-10-07,P006,Maccabee,beer,20.0,False
2025-10-07,P007,Stella Artois,beer,44.4,False
2025-10-07,P008,Erdinger,beer,37.2,False
2025-10-07,P009,Bombay Sapphire,gin,5.537,False
2025-10-07,P010,Tanqueray,gin,7.086,False
2025-10-07,P011,Hendrick's,gin,11.1,False
2025-10-07,P012,Beefeater,gin,9.486,False
2025-10-07,P013,Gordon's,gin,14.496,False
2025-10-07,P014,Absolut,vodka,19.223,False
2025-10-07,P015,Finlandia,vodka,9.486,False
2025-10-07,P016,Grey Goose,vodka,4.852,False
2025-10-07,P017,Belvedere,vodka,10.087,False
2025-10-07,P018,Stolichnaya,vodka,9.658,False
2025-10-07,P019,Jameson,whiskey,11.16,False
2025-10-07,P020,Jack Daniel's,whiskey,10.44,False
2025-10-07,P021,Johnnie Walker Black,whiskey,4.937,False
2025-10-07,P022,Chivas Regal,whiskey,6.657,False
2025-10-07,P023,Maker's Mark,whiskey,9.744,False
2025-10-07,P024,Glenfiddich 12,whiskey,10.087,False
2025-10-07,P025,Bacardi Carta Blanca,rum,17.251,False
2025-10-07,P026,Havana Club 3,rum,6.829,False
2025-10-07,P027,Captain Morgan,rum,6.486,False
2025-10-07,P028,Diplomatico Reserva,rum,12.572,False
2025-10-07,P029,Jose Cuervo,tequila,14.359,False
2025-10-07,P030,Olmeca Blanco,tequila,10.001,False
2025-10-07,P031,Patron Silver,tequila,9.431,False
2025-10-07,P032,Don Julio Blanco,tequila,9.572,False
2025-10-07,P033,Aperol,aperitif,18.0,False
2025-10-07,P034,Campari,aperitif,10.928,False
2025-10-07,P035,Cointreau,liqueur,10.931,False
2025-10-07,P036,Kahlua,liqueur,13.178,False
2025-10-07,P037,Martini Rosso,vermouth,15.06,False
2025-10-07,P038,House Red Wine,wine,15.006,False
2025-10-07,P039,House White Wine,wine,20.76,False
2025-10-07,P040,Rose Wine,wine,16.2,False
2025-10-07,P041,Prosecco,wine,28.256,False
2025-10-07,P042,Chardonnay,wine,12.84,False
2025-10-07,P043,Coca-Cola,soft_drink,93.6,False
2025-10-07,P044,Coca-Cola Zero,soft_drink,57.6,False
2025-10-07,P045,Sprite,soft_drink,53.2,False
2025-10-07,P046,Tonic Water,soft_drink,67.72,False
2025-10-07,P047,Soda Water,soft_drink,53.88,False
2025-10-07,P048,Red Bull,soft_drink,51.8,False
2025-10-07,P049,Ginger Beer,soft_drink,29.2,False
2025-10-07,P050,Orange Juice,juice,4.0,False
2025-10-07,P051,Cranberry Juice,juice,4.0,False
2025-10-07,P052,Lime Juice,juice,12.078,False
2025-10-07,P053,Lemon Juice,juice,4.65,False
2025-10-07,P054,Sugar Syrup,cocktail_ingredient,3.952,False
2025-10-07,P055,Fresh Mint,cocktail_ingredient,4.105,False
2025-10-07,P056,Coffee Beans,cocktail_ingredient,5.986,False
2025-10-07,K001,Carlsberg 50L,draught_beer,3.981,False
2025-10-07,K002,Tuborg 50L,draught_beer,3.609,False
2025-10-07,K003,Carlsberg 30L,draught_beer,3.3,False
2025-10-07,K004,Malka 30L,draught_beer,4.027,False
2025-10-07,K005,Weihenstephan 30L,draught_beer,3.373,False
2025-10-08,P001,Carlsberg,beer,64.4,False
2025-10-08,P002,Heineken,beer,69.6,False
2025-10-08,P003,Corona,beer,55.2,False
2025-10-08,P004,Guinness,beer,30.6,False
2025-10-08,P005,Goldstar,beer,58.6,False
2025-10-08,P006,Maccabee,beer,42.0,False
2025-10-08,P007,Stella Artois,beer,41.4,False
2025-10-08,P008,Erdinger,beer,36.2,False
2025-10-08,P009,Bombay Sapphire,gin,5.194,False
2025-10-08,P010,Tanqueray,gin,6.915,False
2025-10-08,P011,Hendrick's,gin,10.843,False
2025-10-08,P012,Beefeater,gin,9.401,False
2025-10-08,P013,Gordon's,gin,13.703,False
2025-10-08,P014,Absolut,vodka,18.515,False
2025-10-08,P015,Finlandia,vodka,9.401,False
2025-10-08,P016,Grey Goose,vodka,4.595,False
2025-10-08,P017,Belvedere,vodka,10.001,False
2025-10-08,P018,Stolichnaya,vodka,9.487,False
2025-10-08,P019,Jameson,whiskey,10.817,False
2025-10-08,P020,Jack Daniel's,whiskey,10.268,False
2025-10-08,P021,Johnnie Walker Black,whiskey,4.594,False
2025-10-08,P022,Chivas Regal,whiskey,6.486,False
2025-10-08,P023,Maker's Mark,whiskey,9.658,False
2025-10-08,P024,Glenfiddich 12,whiskey,10.087,False
2025-10-08,P025,Bacardi Carta Blanca,rum,16.057,False
2025-10-08,P026,Havana Club 3,rum,6.743,False
2025-10-08,P027,Captain Morgan,rum,6.315,False
2025-10-08,P028,Diplomatico Reserva,rum,12.572,False
2025-10-08,P029,Jose Cuervo,tequila,14.019,False
2025-10-08,P030,Olmeca Blanco,tequila,9.915,False
2025-10-08,P031,Patron Silver,tequila,8.546,False
2025-10-08,P032,Don Julio Blanco,tequila,9.486,False
2025-10-08,P033,Aperol,aperitif,16.886,False
2025-10-08,P034,Campari,aperitif,10.671,False
2025-10-08,P035,Cointreau,liqueur,10.539,False
2025-10-08,P036,Kahlua,liqueur,12.835,False
2025-10-08,P037,Martini Rosso,vermouth,14.803,False
2025-10-08,P038,House Red Wine,wine,13.298,False
2025-10-08,P039,House White Wine,wine,19.784,False
2025-10-08,P040,Rose Wine,wine,15.8,False
2025-10-08,P041,Prosecco,wine,26.736,False
2025-10-08,P042,Chardonnay,wine,12.64,False
2025-10-08,P043,Coca-Cola,soft_drink,84.1,False
2025-10-08,P044,Coca-Cola Zero,soft_drink,50.6,False
2025-10-08,P045,Sprite,soft_drink,49.2,False
2025-10-08,P046,Tonic Water,soft_drink,62.52,False
2025-10-08,P047,Soda Water,soft_drink,50.9,False
2025-10-08,P048,Red Bull,soft_drink,45.8,False
2025-10-08,P049,Ginger Beer,soft_drink,27.2,False
2025-10-08,P050,Orange Juice,juice,4.0,False
2025-10-08,P051,Cranberry Juice,juice,4.0,False
2025-10-08,P052,Lime Juice,juice,11.503,False
2025-10-08,P053,Lemon Juice,juice,4.525,False
2025-10-08,P054,Sugar Syrup,cocktail_ingredient,3.697,False
2025-10-08,P055,Fresh Mint,cocktail_ingredient,4.006,False
2025-10-08,P056,Coffee Beans,cocktail_ingredient,5.905,False
2025-10-08,K001,Carlsberg 50L,draught_beer,4.796,False
2025-10-08,K002,Tuborg 50L,draught_beer,3.44,False
2025-10-08,K003,Carlsberg 30L,draught_beer,7.018,False
2025-10-08,K004,Malka 30L,draught_beer,5.879,False
2025-10-08,K005,Weihenstephan 30L,draught_beer,3.119,False
2025-10-09,P001,Carlsberg,beer,48.4,False
2025-10-09,P002,Heineken,beer,55.6,False
2025-10-09,P003,Corona,beer,41.2,False
2025-10-09,P004,Guinness,beer,24.6,False
2025-10-09,P005,Goldstar,beer,43.6,False
2025-10-09,P006,Maccabee,beer,33.0,False
2025-10-09,P007,Stella Artois,beer,33.4,False
2025-10-09,P008,Erdinger,beer,30.2,False
2025-10-09,P009,Bombay Sapphire,gin,4.509,False
2025-10-09,P010,Tanqueray,gin,6.572,False
2025-10-09,P011,Hendrick's,gin,9.686,False
2025-10-09,P012,Beefeater,gin,9.058,False
2025-10-09,P013,Gordon's,gin,11.045,False
2025-10-09,P014,Absolut,vodka,16.037,False
2025-10-09,P015,Finlandia,vodka,9.144,False
2025-10-09,P016,Grey Goose,vodka,4.08,False
2025-10-09,P017,Belvedere,vodka,9.744,False
2025-10-09,P018,Stolichnaya,vodka,9.144,False
2025-10-09,P019,Jameson,whiskey,9.874,False
2025-10-09,P020,Jack Daniel's,whiskey,9.24,False
2025-10-09,P021,Johnnie Walker Black,whiskey,3.994,False
2025-10-09,P022,Chivas Regal,whiskey,6.143,False
2025-10-09,P023,Maker's Mark,whiskey,9.401,False
2025-10-09,P024,Glenfiddich 12,whiskey,9.744,False
2025-10-09,P025,Bacardi Carta Blanca,rum,12.562,False
2025-10-09,P026,Havana Club 3,rum,6.315,False
2025-10-09,P027,Captain Morgan,rum,5.972,False
2025-10-09,P028,Diplomatico Reserva,rum,12.486,False
2025-10-09,P029,Jose Cuervo,tequila,13.261,False
2025-10-09,P030,Olmeca Blanco,tequila,9.658,False
2025-10-09,P031,Patron Silver,tequila,6.403,False
2025-10-09,P032,Don Julio Blanco,tequila,9.144,False
2025-10-09,P033,Aperol,aperitif,13.543,False
2025-10-09,P034,Campari,aperitif,9.6,False
2025-10-09,P035,Cointreau,liqueur,9.574,False
2025-10-09,P036,Kahlua,liqueur,11.949,False
2025-10-09,P037,Martini Rosso,vermouth,13.989,False
2025-10-09,P038,House Red Wine,wine,9.882,False
2025-10-09,P039,House White Wine,wine,16.124,False
2025-10-09,P040,Rose Wine,wine,14.2,False
2025-10-09,P041,Prosecco,wine,21.136,False
2025-10-09,P042,Chardonnay,wine,11.64,False
2025-10-09,P043,Coca-Cola,soft_drink,84.2,False
2025-10-09,P044,Coca-Cola Zero,soft_drink,36.6,False
2025-10-09,P045,Sprite,soft_drink,61.2,False
2025-10-09,P046,Tonic Water,soft_drink,48.42,False
2025-10-09,P047,Soda Water,soft_drink,62.32,False
2025-10-09,P048,Red Bull,soft_drink,32.8,False
2025-10-09,P049,Ginger Beer,soft_drink,21.2,False
2025-10-09,P050,Orange Juice,juice,4.0,False
2025-10-09,P051,Cranberry Juice,juice,4.0,False
2025-10-09,P052,Lime Juice,juice,10.058,False
2025-10-09,P053,Lemon Juice,juice,4.3,False
2025-10-09,P054,Sugar Syrup,cocktail_ingredient,9.042,False
2025-10-09,P055,Fresh Mint,cocktail_ingredient,3.745,False
2025-10-09,P056,Coffee Beans,cocktail_ingredient,5.707,False
2025-10-09,K001,Carlsberg 50L,draught_beer,3.797,False
2025-10-09,K002,Tuborg 50L,draught_beer,2.82,False
2025-10-09,K003,Carlsberg 30L,draught_beer,5.73,False
2025-10-09,K004,Malka 30L,draught_beer,5.101,False
2025-10-09,K005,Weihenstephan 30L,draught_beer,2.501,False
2025-10-10,P001,Carlsberg,beer,34.4,False
2025-10-10,P002,Heineken,beer,48.6,False
2025-10-10,P003,Corona,beer,30.2,False
2025-10-10,P004,Guinness,beer,20.6,False
2025-10-10,P005,Goldstar,beer,29.6,False
2025-10-10,P006,Maccabee,beer,28.0,False
2025-10-10,P007,Stella Artois,beer,27.4,False
2025-10-10,P008,Erdinger,beer,26.2,False
2025-10-10,P009,Bombay Sapphire,gin,4.08,False
2025-10-10,P010,Tanqueray,gin,6.315,False
2025-10-10,P011,Hendrick's,gin,8.871,False
2025-10-10,P012,Beefeater,gin,8.886,False
2025-10-10,P013,Gordon's,gin,9.119,False
2025-10-10,P014,Absolut,vodka,14.601,False
2025-10-10,P015,Finlandia,vodka,8.972,False
2025-10-10,P016,Grey Goose,vodka,3.652,False
2025-10-10,P017,Belvedere,vodka,9.487,False
2025-10-10,P018,Stolichnaya,vodka,8.887,False
2025-10-10,P019,Jameson,whiskey,9.017,False
2025-10-10,P020,Jack Daniel's,whiskey,8.897,False
2025-10-10,P021,Johnnie Walker Black,whiskey,3.566,False
2025-10-10,P022,Chivas Regal,whiskey,5.886,False
2025-10-10,P023,Maker's Mark,whiskey,9.229,False
2025-10-10,P024,Glenfiddich 12,whiskey,9.487,False
2025-10-10,P025,Bacardi Carta Blanca,rum,22.288,False
2025-10-10,P026,Havana Club 3,rum,6.058,False
2025-10-10,P027,Captain Morgan,rum,5.715,False
2025-10-10,P028,Diplomatico Reserva,rum,12.401,False
2025-10-10,P029,Jose Cuervo,tequila,12.764,False
2025-10-10,P030,Olmeca Blanco,tequila,9.486,False
2025-10-10,P031,Patron Silver,tequila,16.86,False
2025-10-10,P032,Don Julio Blanco,tequila,8.972,False
2025-10-10,P033,Aperol,aperitif,23.143,False
2025-10-10,P034,Campari,aperitif,8.7,False
2025-10-10,P035,Cointreau,liqueur,8.824,False
2025-10-10,P036,Kahlua,liqueur,11.435,False
2025-10-10,P037,Martini Rosso,vermouth,13.346,False
2025-10-10,P038,House Red Wine,wine,19.442,False
2025-10-10,P039,House White Wine,wine,25.928,False
2025-10-10,P040,Rose Wine,wine,13.0,False
2025-10-10,P041,Prosecco,wine,29.136,False
2025-10-10,P042,Chardonnay,wine,10.84,False
2025-10-10,P043,Coca-Cola,soft_drink,62.5,False
2025-10-10,P044,Coca-Cola Zero,soft_drink,25.6,False
2025-10-10,P045,Sprite,soft_drink,53.2,False
2025-10-10,P046,Tonic Water,soft_drink,37.22,False
2025-10-10,P047,Soda Water,soft_drink,54.66,False
2025-10-10,P048,Red Bull,soft_drink,24.8,False
2025-10-10,P049,Ginger Beer,soft_drink,17.2,False
2025-10-10,P050,Orange Juice,juice,4.0,False
2025-10-10,P051,Cranberry Juice,juice,4.0,False
2025-10-10,P052,Lime Juice,juice,9.068,False
2025-10-10,P053,Lemon Juice,juice,4.125,False
2025-10-10,P054,Sugar Syrup,cocktail_ingredient,8.652,False
2025-10-10,P055,Fresh Mint,cocktail_ingredient,3.583,False
2025-10-10,P056,Coffee Beans,cocktail_ingredient,5.599,False
2025-10-10,K001,Carlsberg 50L,draught_beer,3.113,False
2025-10-10,K002,Tuborg 50L,draught_beer,2.498,False
2025-10-10,K003,Carlsberg 30L,draught_beer,4.817,False
2025-10-10,K004,Malka 30L,draught_beer,4.618,False
2025-10-10,K005,Weihenstephan 30L,draught_beer,4.045,False
2025-10-11,P001,Carlsberg,beer,72.4,False
2025-10-11,P002,Heineken,beer,62.6,False
2025-10-11,P003,Corona,beer,46.2,False
2025-10-11,P004,Guinness,beer,15.6,False
2025-10-11,P005,Goldstar,beer,67.6,False
2025-10-11,P006,Maccabee,beer,46.0,False
2025-10-11,P007,Stella Artois,beer,43.4,False
2025-10-11,P008,Erdinger,beer,23.2,False
2025-10-11,P009,Bombay Sapphire,gin,3.651,False
2025-10-11,P010,Tanqueray,gin,5.972,False
2025-10-11,P011,Hendrick's,gin,8.014,False
2025-10-11,P012,Beefeater,gin,8.715,False
2025-10-11,P013,Gordon's,gin,7.088,False
2025-10-11,P014,Absolut,vodka,12.88,False
2025-10-11,P015,Finlandia,vodka,8.801,False
2025-10-11,P016,Grey Goose,vodka,3.395,False
2025-10-11,P017,Belvedere,vodka,9.401,False
2025-10-11,P018,Stolichnaya,vodka,8.715,False
2025-10-11,P019,Jameson,whiskey,8.245,False
2025-10-11,P020,Jack Daniel's,whiskey,8.04,False
2025-10-11,P021,Johnnie Walker Black,whiskey,3.137,False
2025-10-11,P022,Chivas Regal,whiskey,5.629,False
2025-10-11,P023,Maker's Mark,whiskey,8.972,False
2025-10-11,P024,Glenfiddich 12,whiskey,9.315,False
2025-10-11,P025,Bacardi Carta Blanca,rum,19.961,False
2025-10-11,P026,Havana Club 3,rum,5.715,False
2025-10-11,P027,Captain Morgan,rum,5.458,False
2025-10-11,P028,Diplomatico Reserva,rum,12.315,False
2025-10-11,P029,Jose Cuervo,tequila,12.267,False
2025-10-11,P030,Olmeca Blanco,tequila,9.315,False
2025-10-11,P031,Patron Silver,tequila,15.66,False
2025-10-11,P032,Don Julio Blanco,tequila,8.801,False
2025-10-11,P033,Aperol,aperitif,20.485,False
2025-10-11,P034,Campari,aperitif,7.843,False
2025-10-11,P035,Cointreau,liqueur,8.246,False
2025-10-11,P036,Kahlua,liqueur,10.692,False
2025-10-11,P037,Martini Rosso,vermouth,12.746,False
2025-10-11,P038,House Red Wine,wine,18.222,False
2025-10-11,P039,House White Wine,wine,22.756,False
2025-10-11,P040,Rose Wine,wine,11.6,False
2025-10-11,P041,Prosecco,wine,24.896,False
2025-10-11,P042,Chardonnay,wine,10.04,False
2025-10-11,P043,Coca-Cola,soft_drink,45.8,False
2025-10-11,P044,Coca-Cola Zero,soft_drink,42.6,False
2025-10-11,P045,Sprite,soft_drink,44.2,False
2025-10-11,P046,Tonic Water,soft_drink,26.02,False
2025-10-11,P047,Soda Water,soft_drink,46.52,False
2025-10-11,P048,Red Bull,soft_drink,15.8,False
2025-10-11,P049,Ginger Beer,soft_drink,13.2,False
2025-10-11,P050,Orange Juice,juice,4.0,False
2025-10-11,P051,Cranberry Juice,juice,4.0,False
2025-10-11,P052,Lime Juice,juice,8.183,False
2025-10-11,P053,Lemon Juice,juice,3.95,False
2025-10-11,P054,Sugar Syrup,cocktail_ingredient,8.167,False
2025-10-11,P055,Fresh Mint,cocktail_ingredient,3.394,False
2025-10-11,P056,Coffee Beans,cocktail_ingredient,5.446,False
2025-10-11,K001,Carlsberg 50L,draught_beer,4.678,False
2025-10-11,K002,Tuborg 50L,draught_beer,4.902,False
2025-10-11,K003,Carlsberg 30L,draught_beer,3.824,False
2025-10-11,K004,Malka 30L,draught_beer,5.014,False
2025-10-11,K005,Weihenstephan 30L,draught_beer,4.562,False
2025-10-12,P001,Carlsberg,beer,64.4,False
2025-10-12,P002,Heineken,beer,55.6,False
2025-10-12,P003,Corona,beer,41.2,False
2025-10-12,P004,Guinness,beer,12.6,False
2025-10-12,P005,Goldstar,beer,62.6,False
2025-10-12,P006,Maccabee,beer,42.0,False
2025-10-12,P007,Stella Artois,beer,36.4,False
2025-10-12,P008,Erdinger,beer,20.2,False
2025-10-12,P009,Bombay Sapphire,gin,3.48,False
2025-10-12,P010,Tanqueray,gin,5.715,False
2025-10-12,P011,Hendrick's,gin,7.671,False
2025-10-12,P012,Beefeater,gin,8.544,False
2025-10-12,P013,Gordon's,gin,17.747,False
2025-10-12,P014,Absolut,vodka,12.008,False
2025-10-12,P015,Finlandia,vodka,8.801,False
2025-10-12,P016,Grey Goose,vodka,3.138,False
2025-10-12,P017,Belvedere,vodka,9.315,False
2025-10-12,P018,Stolichnaya,vodka,8.544,False
2025-10-12,P019,Jameson,whiskey,7.731,False
2025-10-12,P020,Jack Daniel's,whiskey,7.611,False
2025-10-12,P021,Johnnie Walker Black,whiskey,14.88,False
2025-10-12,P022,Chivas Regal,whiskey,5.543,False
2025-10-12,P023,Maker's Mark,whiskey,8.801,False
2025-10-12,P024,Glenfiddich 12,whiskey,9.144,False
2025-10-12,P025,Bacardi Carta Blanca,rum,18.567,False
2025-10-12,P026,Havana Club 3,rum,5.457,False
2025-10-12,P027,Captain Morgan,rum,5.286,False
2025-10-12,P028,Diplomatico Reserva,rum,12.229,False
2025-10-12,P029,Jose Cuervo,tequila,11.901,False
2025-10-12,P030,Olmeca Blanco,tequila,9.229,False
2025-10-12,P031,Patron Silver,tequila,14.56,False
2025-10-12,P032,Don Julio Blanco,tequila,8.715,False
2025-10-12,P033,Aperol,aperitif,19.628,False
2025-10-12,P034,Campari,aperitif,7.414,False
2025-10-12,P035,Cointreau,liqueur,7.66,False
2025-10-12,P036,Kahlua,liqueur,10.32,False
2025-10-12,P037,Martini Rosso,vermouth,12.489,False
2025-10-12,P038,House Red Wine,wine,17.002,False
2025-10-12,P039,House White Wine,wine,20.56,False
2025-10-12,P040,Rose Wine,wine,11.2,False
2025-10-12,P041,Prosecco,wine,23.536,False
2025-10-12,P042,Chardonnay,wine,9.84,False
2025-10-12,P043,Coca-Cola,soft_drink,37.2,False
2025-10-12,P044,Coca-Cola Zero,soft_drink,33.6,False
2025-10-12,P045,Sprite,soft_drink,39.2,False
2025-10-12,P046,Tonic Water,soft_drink,19.02,False
2025-10-12,P047,Soda Water,soft_drink,40.48,False
2025-10-12,P048,Red Bull,soft_drink,9.8,False
2025-10-12,P049,Ginger Beer,soft_drink,11.2,False
2025-10-12,P050,Orange Juice,juice,4.0,False
2025-10-12,P051,Cranberry Juice,juice,4.0,False
2025-10-12,P052,Lime Juice,juice,7.468,False
2025-10-12,P053,Lemon Juice,juice,3.8,False
2025-10-12,P054,Sugar Syrup,cocktail_ingredient,7.902,False
2025-10-12,P055,Fresh Mint,cocktail_ingredient,3.277,False
2025-10-12,P056,Coffee Beans,cocktail_ingredient,5.383,False
2025-10-12,K001,Carlsberg 50L,draught_beer,4.074,False
2025-10-12,K002,Tuborg 50L,draught_beer,4.612,False
2025-10-12,K003,Carlsberg 30L,draught_beer,3.341,False
2025-10-12,K004,Malka 30L,draught_beer,4.518,False
2025-10-12,K005,Weihenstephan 30L,draught_beer,4.159,False
2025-10-13,P001,Carlsberg,beer,59.4,False
2025-10-13,P002,Heineken,beer,48.6,False
2025-10-13,P003,Corona,beer,37.2,False
2025-10-13,P004,Guinness,beer,10.6,False
2025-10-13,P005,Goldstar,beer,54.6,False
2025-10-13,P006,Maccabee,beer,40.0,False
2025-10-13,P007,Stella Artois,beer,31.4,False
2025-10-13,P008,Erdinger,beer,17.2,False
2025-10-13,P009,Bombay Sapphire,gin,3.223,False
2025-10-13,P010,Tanqueray,gin,5.543,False
2025-10-13,P011,Hendrick's,gin,7.2,False
2025-10-13,P012,Beefeater,gin,8.372,False
2025-10-13,P013,Gordon's,gin,16.657,False
2025-10-13,P014,Absolut,vodka,10.73,False
2025-10-13,P015,Finlandia,vodka,8.801,False
2025-10-13,P016,Grey Goose,vodka,2.966,False
2025-10-13,P017,Belvedere,vodka,9.23,False
2025-10-13,P018,Stolichnaya,vodka,8.458,False
2025-10-13,P019,Jameson,whiskey,7.045,False
2025-10-13,P020,Jack Daniel's,whiskey,7.183,False
2025-10-13,P021,Johnnie Walker Black,whiskey,14.709,False
2025-10-13,P022,Chivas Regal,whiskey,5.458,False
2025-10-13,P023,Maker's Mark,whiskey,8.63,False
2025-10-13,P024,Glenfiddich 12,whiskey,9.058,False
2025-10-13,P025,Bacardi Carta Blanca,rum,17.443,False
2025-10-13,P026,Havana Club 3,rum,5.2,False
2025-10-13,P027,Captain Morgan,rum,5.115,False
2025-10-13,P028,Diplomatico Reserva,rum,12.143,False
2025-10-13,P029,Jose Cuervo,tequila,11.457,False
2025-10-13,P030,Olmeca Blanco,tequila,9.058,False
2025-10-13,P031,Patron Silver,tequila,14.031,False
2025-10-13,P032,Don Julio Blanco,tequila,8.629,False
2025-10-13,P033,Aperol,aperitif,18.085,False
2025-10-13,P034,Campari,aperitif,6.943,False
2025-10-13,P035,Cointreau,liqueur,7.324,False
2025-10-13,P036,Kahlua,liqueur,9.863,False
2025-10-13,P037,Martini Rosso,vermouth,12.103,False
2025-10-13,P038,House Red Wine,wine,15.538,False
2025-10-13,P039,House White Wine,wine,19.584,False
2025-10-13,P040,Rose Wine,wine,10.6,False
2025-10-13,P041,Prosecco,wine,20.816,False
2025-10-13,P042,Chardonnay,wine,9.44,False
2025-10-13,P043,Coca-Cola,soft_drink,96.7,False
2025-10-13,P044,Coca-Cola Zero,soft_drink,52.6,False
2025-10-13,P045,Sprite,soft_drink,58.2,False
2025-10-13,P046,Tonic Water,soft_drink,60.52,False
2025-10-13,P047,Soda Water,soft_drink,59.44,False
2025-10-13,P048,Red Bull,soft_drink,54.8,False
2025-10-13,P049,Ginger Beer,soft_drink,32.2,False
2025-10-13,P050,Orange Juice,juice,4.0,False
2025-10-13,P051,Cranberry Juice,juice,4.0,False
2025-10-13,P052,Lime Juice,juice,7.093,False
2025-10-13,P053,Lemon Juice,juice,3.675,False
2025-10-13,P054,Sugar Syrup,cocktail_ingredient,7.667,False
2025-10-13,P055,Fresh Mint,cocktail_ingredient,3.196,False
2025-10-13,P056,Coffee Beans,cocktail_ingredient,5.293,False
2025-10-13,K001,Carlsberg 50L,draught_beer,3.809,False
2025-10-13,K002,Tuborg 50L,draught_beer,4.475,False
2025-10-13,K003,Carlsberg 30L,draught_beer,4.911,False
2025-10-13,K004,Malka 30L,draught_beer,3.981,False
2025-10-13,K005,Weihenstephan 30L,draught_beer,3.797,False
2025-10-14,P001,Carlsberg,beer,53.4,False
2025-10-14,P002,Heineken,beer,38.6,False
2025-10-14,P003,Corona,beer,32.2,False
2025-10-14,P004,Guinness,beer,31.6,False
2025-10-14,P005,Goldstar,beer,50.6,False
2025-10-14,P006,Maccabee,beer,37.0,False
2025-10-14,P007,Stella Artois,beer,26.4,False
2025-10-14,P008,Erdinger,beer,16.2,False
2025-10-14,P009,Bombay Sapphire,gin,15.052,False
2025-10-14,P010,Tanqueray,gin,5.457,False
2025-10-14,P011,Hendrick's,gin,6.557,False
2025-10-14,P012,Beefeater,gin,8.372,False
2025-10-14,P013,Gordon's,gin,15.672,False
2025-10-14,P014,Absolut,vodka,9.866,False
2025-10-14,P015,Finlandia,vodka,8.715,False
2025-10-14,P016,Grey Goose,vodka,14.795,False
2025-10-14,P017,Belvedere,vodka,9.144,False
2025-10-14,P018,Stolichnaya,vodka,8.372,False
2025-10-14,P019,Jameson,whiskey,18.788,False
2025-10-14,P020,Jack Daniel's,whiskey,6.926,False
2025-10-14,P021,Johnnie Walker Black,whiskey,14.537,False
2025-10-14,P022,Chivas Regal,whiskey,5.372,False
2025-10-14,P023,Maker's Mark,whiskey,8.63,False
2025-10-14,P024,Glenfiddich 12,whiskey,8.972,False
2025-10-14,P025,Bacardi Carta Blanca,rum,16.197,False
2025-10-14,P026,Havana Club 3,rum,5.029,False
2025-10-14,P027,Captain Morgan,rum,5.029,False
2025-10-14,P028,Diplomatico Reserva,rum,12.058,False
2025-10-14,P029,Jose Cuervo,tequila,11.274,False
2025-10-14,P030,Olmeca Blanco,tequila,8.972,False
2025-10-14,P031,Patron Silver,tequila,13.574,False
2025-10-14,P032,Don Julio Blanco,tequila,8.544,False
2025-10-14,P033,Aperol,aperitif,17.143,False
2025-10-14,P034,Campari,aperitif,6.471,False
2025-10-14,P035,Cointreau,liqueur,7.06,False
2025-10-14,P036,Kahlua,liqueur,9.549,False
2025-10-14,P037,Martini Rosso,vermouth,11.632,False
2025-10-14,P038,House Red Wine,wine,26.562,False
2025-10-14,P039,House White Wine,wine,18.608,False
2025-10-14,P040,Rose Wine,wine,10.4,False
2025-10-14,P041,Prosecco,wine,31.536,False
2025-10-14,P042,Chardonnay,wine,9.24,False
2025-10-14,P043,Coca-Cola,soft_drink,90.4,False
2025-10-14,P044,Coca-Cola Zero,soft_drink,47.6,False
2025-10-14,P045,Sprite,soft_drink,51.2,False
2025-10-14,P046,Tonic Water,soft_drink,58.12,False
2025-10-14,P047,Soda Water,soft_drink,54.58,False
2025-10-14,P048,Red Bull,soft_drink,49.8,False
2025-10-14,P049,Ginger Beer,soft_drink,31.2,False
2025-10-14,P050,Orange Juice,juice,4.0,False
2025-10-14,P051,Cranberry Juice,juice,4.0,False
2025-10-14,P052,Lime Juice,juice,6.698,False
2025-10-14,P053,Lemon Juice,juice,3.6,False
2025-10-14,P054,Sugar Syrup,cocktail_ingredient,7.422,False
2025-10-14,P055,Fresh Mint,cocktail_ingredient,3.097,False
2025-10-14,P056,Coffee Beans,cocktail_ingredient,5.221,False
2025-10-14,K001,Carlsberg 50L,draught_beer,3.43,False
2025-10-14,K002,Tuborg 50L,draught_beer,4.306,False
2025-10-14,K003,Carlsberg 30L,draught_beer,4.576,False
2025-10-14,K004,Malka 30L,draught_beer,3.766,False
2025-10-14,K005,Weihenstephan 30L,draught_beer,3.569,False
2025-10-15,P001,Carlsberg,beer,60.4,False
2025-10-15,P002,Heineken,beer,52.6,False
2025-10-15,P003,Corona,beer,46.2,False
2025-10-15,P004,Guinness,beer,27.6,False
2025-10-15,P005,Goldstar,beer,67.6,False
2025-10-15,P006,Maccabee,beer,30.0,False
2025-10-15,P007,Stella Artois,beer,45.4,False
2025-10-15,P008,Erdinger,beer,37.2,False
2025-10-15,P009,Bombay Sapphire,gin,14.537,False
2025-10-15,P010,Tanqueray,gin,5.115,False
2025-10-15,P011,Hendrick's,gin,5.957,False
2025-10-15,P012,Beefeater,gin,8.115,False
2025-10-15,P013,Gordon's,gin,14.034,False
2025-10-15,P014,Absolut,vodka,8.223,False
2025-10-15,P015,Finlandia,vodka,8.458,False
2025-10-15,P016,Grey Goose,vodka,14.366,False
2025-10-15,P017,Belvedere,vodka,8.973,False
2025-10-15,P018,Stolichnaya,vodka,8.201,False
2025-10-15,P019,Jameson,whiskey,18.445,False
2025-10-15,P020,Jack Daniel's,whiskey,6.154,False
2025-10-15,P021,Johnnie Walker Black,whiskey,14.109,False
2025-10-15,P022,Chivas Regal,whiskey,5.115,False
2025-10-15,P023,Maker's Mark,whiskey,8.458,False
2025-10-15,P024,Glenfiddich 12,whiskey,8.715,False
2025-10-15,P025,Bacardi Carta Blanca,rum,13.687,False
2025-10-15,P026,Havana Club 3,rum,4.686,False
2025-10-15,P027,Captain Morgan,rum,4.772,False
2025-10-15,P028,Diplomatico Reserva,rum,11.972,False
2025-10-15,P029,Jose Cuervo,tequila,10.699,False
2025-10-15,P030,Olmeca Blanco,tequila,8.801,False
2025-10-15,P031,Patron Silver,tequila,12.303,False
2025-10-15,P032,Don Julio Blanco,tequila,8.372,False
2025-10-15,P033,Aperol,aperitif,15.0,False
2025-10-15,P034,Campari,aperitif,5.786,False
2025-10-15,P035,Cointreau,liqueur,6.474,False
2025-10-15,P036,Kahlua,liqueur,9.006,False
2025-10-15,P037,Martini Rosso,vermouth,11.203,False
2025-10-15,P038,House Red Wine,wine,24.366,False
2025-10-15,P039,House White Wine,wine,15.68,False
2025-10-15,P040,Rose Wine,wine,9.2,False
2025-10-15,P041,Prosecco,wine,28.016,False
2025-10-15,P042,Chardonnay,wine,8.44,False
2025-10-15,P043,Coca-Cola,soft_drink,74.8,False
2025-10-15,P044,Coca-Cola Zero,soft_drink,37.6,False
2025-10-15,P045,Sprite,soft_drink,42.2,False
2025-10-15,P046,Tonic Water,soft_drink,47.82,False
2025-10-15,P047,Soda Water,soft_drink,46.8,False
2025-10-15,P048,Red Bull,soft_drink,43.8,False
2025-10-15,P049,Ginger Beer,soft_drink,28.2,False
2025-10-15,P050,Orange Juice,juice,4.0,False
2025-10-15,P051,Cranberry Juice,juice,4.0,False
2025-10-15,P052,Lime Juice,juice,5.783,False
2025-10-15,P053,Lemon Juice,juice,3.45,False
2025-10-15,P054,Sugar Syrup,cocktail_ingredient,6.977,False
2025-10-15,P055,Fresh Mint,cocktail_ingredient,2.908,False
2025-10-15,P056,Coffee Beans,cocktail_ingredient,5.104,False
2025-10-15,K001,Carlsberg 50L,draught_beer,4.955,False
2025-10-15,K002,Tuborg 50L,draught_beer,3.871,False
2025-10-15,K003,Carlsberg 30L,draught_beer,5.771,False
2025-10-15,K004,Malka 30L,draught_beer,5.162,False
2025-10-15,K005,Weihenstephan 30L,draught_beer,4.099,False
2025-10-16,P001,Carlsberg,beer,49.4,False
2025-10-16,P002,Heineken,beer,43.6,False
2025-10-16,P003,Corona,beer,39.2,False
2025-10-16,P004,Guinness,beer,24.6,False
2025-10-16,P005,Goldstar,beer,59.6,False
2025-10-16,P006,Maccabee,beer,25.0,False
2025-10-16,P007,Stella Artois,beer,38.4,False
2025-10-16,P008,Erdinger,beer,34.2,False
2025-10-16,P009,Bombay Sapphire,gin,14.109,False
2025-10-16,P010,Tanqueray,gin,4.857,False
2025-10-16,P011,Hendrick's,gin,5.4,False
2025-10-16,P012,Beefeater,gin,7.944,False
2025-10-16,P013,Gordon's,gin,12.222,False
2025-10-16,P014,Absolut,vodka,6.865,False
2025-10-16,P015,Finlandia,vodka,8.287,False
2025-10-16,P016,Grey Goose,vodka,14.109,False
2025-10-16,P017,Belvedere,vodka,8.801,False
2025-10-16,P018,Stolichnaya,vodka,8.03,False
2025-10-16,P019,Jameson,whiskey,17.76,False
2025-10-16,P020,Jack Daniel's,whiskey,5.726,False
2025-10-16,P021,Johnnie Walker Black,whiskey,13.851,False
2025-10-16,P022,Chivas Regal,whiskey,4.858,False
2025-10-16,P023,Maker's Mark,whiskey,8.287,False
2025-10-16,P024,Glenfiddich 12,whiskey,8.544,False
2025-10-16,P025,Bacardi Carta Blanca,rum,11.892,False
2025-10-16,P026,Havana Club 3,rum,4.429,False
2025-10-16,P027,Captain Morgan,rum,4.515,False
2025-10-16,P028,Diplomatico Reserva,rum,11.886,False
2025-10-16,P029,Jose Cuervo,tequila,10.438,False
2025-10-16,P030,Olmeca Blanco,tequila,8.629,False
2025-10-16,P031,Patron Silver,tequila,11.274,False
2025-10-16,P032,Don Julio Blanco,tequila,8.201,False
2025-10-16,P033,Aperol,aperitif,12.943,False
2025-10-16,P034,Campari,aperitif,5.314,False
2025-10-16,P035,Cointreau,liqueur,5.917,False
2025-10-16,P036,Kahlua,liqueur,8.435,False
2025-10-16,P037,Martini Rosso,vermouth,10.817,False
2025-10-16,P038,House Red Wine,wine,22.902,False
2025-10-16,P039,House White Wine,wine,13.24,False
2025-10-16,P040,Rose Wine,wine,8.0,False
2025-10-16,P041,Prosecco,wine,24.936,False
2025-10-16,P042,Chardonnay,wine,7.84,False
2025-10-16,P043,Coca-Cola,soft_drink,85.2,False
2025-10-16,P044,Coca-Cola Zero,soft_drink,54.6,False
2025-10-16,P045,Sprite,soft_drink,59.2,False
2025-10-16,P046,Tonic Water,soft_drink,60.92,False
2025-10-16,P047,Soda Water,soft_drink,62.98,False
2025-10-16,P048,Red Bull,soft_drink,60.8,False
2025-10-16,P049,Ginger Beer,soft_drink,25.2,False
2025-10-16,P050,Orange Juice,juice,4.0,False
2025-10-16,P051,Cranberry Juice,juice,4.0,False
2025-10-16,P052,Lime Juice,juice,11.073,False
2025-10-16,P053,Lemon Juice,juice,3.3,False
2025-10-16,P054,Sugar Syrup,cocktail_ingredient,6.627,False
2025-10-16,P055,Fresh Mint,cocktail_ingredient,8.782,False
2025-10-16,P056,Coffee Beans,cocktail_ingredient,4.978,False
2025-10-16,K001,Carlsberg 50L,draught_beer,4.585,False
2025-10-16,K002,Tuborg 50L,draught_beer,3.589,False
2025-10-16,K003,Carlsberg 30L,draught_beer,4.831,False
2025-10-16,K004,Malka 30L,draught_beer,4.719,False
2025-10-16,K005,Weihenstephan 30L,draught_beer,3.723,False
2025-10-17,P001,Carlsberg,beer,32.4,False
2025-10-17,P002,Heineken,beer,28.6,False
2025-10-17,P003,Corona,beer,25.2,False
2025-10-17,P004,Guinness,beer,20.6,False
2025-10-17,P005,Goldstar,beer,49.6,False
2025-10-17,P006,Maccabee,beer,16.0,False
2025-10-17,P007,Stella Artois,beer,31.4,False
2025-10-17,P008,Erdinger,beer,30.2,False
2025-10-17,P009,Bombay Sapphire,gin,13.68,False
2025-10-17,P010,Tanqueray,gin,4.515,False
2025-10-17,P011,Hendrick's,gin,16.628,False
2025-10-17,P012,Beefeater,gin,7.687,False
2025-10-17,P013,Gordon's,gin,10.104,False
2025-10-17,P014,Absolut,vodka,17.116,False
2025-10-17,P015,Finlandia,vodka,8.03,False
2025-10-17,P016,Grey Goose,vodka,13.595,False
2025-10-17,P017,Belvedere,vodka,8.63,False
2025-10-17,P018,Stolichnaya,vodka,7.858,False
2025-10-17,P019,Jameson,whiskey,16.988,False
2025-10-17,P020,Jack Daniel's,whiskey,5.04,False
2025-10-17,P021,Johnnie Walker Black,whiskey,13.509,False
2025-10-17,P022,Chivas Regal,whiskey,4.515,False
2025-10-17,P023,Maker's Mark,whiskey,8.115,False
2025-10-17,P024,Glenfiddich 12,whiskey,8.287,False
2025-10-17,P025,Bacardi Carta Blanca,rum,21.618,False
2025-10-17,P026,Havana Club 3,rum,4.172,False
2025-10-17,P027,Captain Morgan,rum,4.086,False
2025-10-17,P028,Diplomatico Reserva,rum,11.801,False
2025-10-17,P029,Jose Cuervo,tequila,9.941,False
2025-10-17,P030,Olmeca Blanco,tequila,8.372,False
2025-10-17,P031,Patron Silver,tequila,9.645,False
2025-10-17,P032,Don Julio Blanco,tequila,7.944,False
2025-10-17,P033,Aperol,aperitif,21.857,False
2025-10-17,P034,Campari,aperitif,4.543,False
2025-10-17,P035,Cointreau,liqueur,5.167,False
2025-10-17,P036,Kahlua,liqueur,7.72,False
2025-10-17,P037,Martini Rosso,vermouth,10.303,False
2025-10-17,P038,House Red Wine,wine,20.462,False
2025-10-17,P039,House White Wine,wine,22.8,False
2025-10-17,P040,Rose Wine,wine,18.6,False
2025-10-17,P041,Prosecco,wine,20.296,False
2025-10-17,P042,Chardonnay,wine,7.04,False
2025-10-17,P043,Coca-Cola,soft_drink,69.5,False
2025-10-17,P044,Coca-Cola Zero,soft_drink,41.6,False
2025-10-17,P045,Sprite,soft_drink,47.2,False
2025-10-17,P046,Tonic Water,soft_drink,46.42,False
2025-10-17,P047,Soda Water,soft_drink,51.9,False
2025-10-17,P048,Red Bull,soft_drink,52.8,False
2025-10-17,P049,Ginger Beer,soft_drink,21.2,False
2025-10-17,P050,Orange Juice,juice,4.0,False
2025-10-17,P051,Cranberry Juice,juice,4.0,False
2025-10-17,P052,Lime Juice,juice,10.083,False
2025-10-17,P053,Lemon Juice,juice,3.125,False
2025-10-17,P054,Sugar Syrup,cocktail_ingredient,6.197,False
2025-10-17,P055,Fresh Mint,cocktail_ingredient,8.62,False
2025-10-17,P056,Coffee Beans,cocktail_ingredient,4.834,False
2025-10-17,K001,Carlsberg 50L,draught_beer,3.908,False
2025-10-17,K002,Tuborg 50L,draught_beer,3.106,False
2025-10-17,K003,Carlsberg 30L,draught_beer,3.919,False
2025-10-17,K004,Malka 30L,draught_beer,4.115,False
2025-10-17,K005,Weihenstephan 30L,draught_beer,3.2,False
2025-10-18,P001,Carlsberg,beer,65.4,False
2025-10-18,P002,Heineken,beer,64.6,False
2025-10-18,P003,Corona,beer,63.2,False
2025-10-18,P004,Guinness,beer,38.6,False
2025-10-18,P005,Goldstar,beer,62.6,False
2025-10-18,P006,Maccabee,beer,33.0,False
2025-10-18,P007,Stella Artois,beer,47.4,False
2025-10-18,P008,Erdinger,beer,25.2,False
2025-10-18,P009,Bombay Sapphire,gin,13.252,False
2025-10-18,P010,Tanqueray,gin,4.172,False
2025-10-18,P011,Hendrick's,gin,15.729,False
2025-10-18,P012,Beefeater,gin,7.43,False
2025-10-18,P013,Gordon's,gin,7.786,False
2025-10-18,P014,Absolut,vodka,15.116,False
2025-10-18,P015,Finlandia,vodka,7.772,False
2025-10-18,P016,Grey Goose,vodka,12.995,False
2025-10-18,P017,Belvedere,vodka,8.458,False
2025-10-18,P018,Stolichnaya,vodka,7.515,False
2025-10-18,P019,Jameson,whiskey,16.131,False
2025-10-18,P020,Jack Daniel's,whiskey,4.183,False
2025-10-18,P021,Johnnie Walker Black,whiskey,12.909,False
2025-10-18,P022,Chivas Regal,whiskey,4.086,False
2025-10-18,P023,Maker's Mark,whiskey,7.858,False
2025-10-18,P024,Glenfiddich 12,whiskey,8.03,False
2025-10-18,P025,Bacardi Carta Blanca,rum,18.446,False
2025-10-18,P026,Havana Club 3,rum,3.829,False
2025-10-18,P027,Captain Morgan,rum,3.743,False
2025-10-18,P028,Diplomatico Reserva,rum,11.715,False
2025-10-18,P029,Jose Cuervo,tequila,9.104,False
2025-10-18,P030,Olmeca Blanco,tequila,8.115,False
2025-10-18,P031,Patron Silver,tequila,7.803,False
2025-10-18,P032,Don Julio Blanco,tequila,7.687,False
2025-10-18,P033,Aperol,aperitif,19.028,False
2025-10-18,P034,Campari,aperitif,3.729,False
2025-10-18,P035,Cointreau,liqueur,4.31,False
2025-10-18,P036,Kahlua,liqueur,6.977,False
2025-10-18,P037,Martini Rosso,vermouth,9.66,False
2025-10-18,P038,House Red Wine,wine,17.29,False
2025-10-18,P039,House White Wine,wine,18.408,False
2025-10-18,P040,Rose Wine,wine,17.0,False
2025-10-18,P041,Prosecco,wine,15.616,False
2025-10-18,P042,Chardonnay,wine,6.04,False
2025-10-18,P043,Coca-Cola,soft_drink,44.7,False
2025-10-18,P044,Coca-Cola Zero,soft_drink,29.6,False
2025-10-18,P045,Sprite,soft_drink,35.2,False
2025-10-18,P046,Tonic Water,soft_drink,32.32,False
2025-10-18,P047,Soda Water,soft_drink,40.8,False
2025-10-18,P048,Red Bull,soft_drink,42.8,False
2025-10-18,P049,Ginger Beer,soft_drink,17.2,False
2025-10-18,P050,Orange Juice,juice,4.0,False
2025-10-18,P051,Cranberry Juice,juice,4.0,False
2025-10-18,P052,Lime Juice,juice,8.753,False
2025-10-18,P053,Lemon Juice,juice,2.925,False
2025-10-18,P054,Sugar Syrup,cocktail_ingredient,5.607,False
2025-10-18,P055,Fresh Mint,cocktail_ingredient,8.368,False
2025-10-18,P056,Coffee Beans,cocktail_ingredient,4.681,False
2025-10-18,K001,Carlsberg 50L,draught_beer,5.24,False
2025-10-18,K002,Tuborg 50L,draught_beer,4.559,False
2025-10-18,K003,Carlsberg 30L,draught_beer,5.63,False
2025-10-18,K004,Malka 30L,draught_beer,5.176,False
2025-10-18,K005,Weihenstephan 30L,draught_beer,4.717,False
2025-10-19,P001,Carlsberg,beer,53.4,False
2025-10-19,P002,Heineken,beer,59.6,False
2025-10-19,P003,Corona,beer,59.2,False
2025-10-19,P004,Guinness,beer,36.6,False
2025-10-19,P005,Goldstar,beer,57.6,False
2025-10-19,P006,Maccabee,beer,31.0,False
2025-10-19,P007,Stella Artois,beer,43.4,False
2025-10-19,P008,Erdinger,beer,24.2,False
2025-10-19,P009,Bombay Sapphire,gin,13.08,False
2025-10-19,P010,Tanqueray,gin,3.915,False
2025-10-19,P011,Hendrick's,gin,15.386,False
2025-10-19,P012,Beefeater,gin,7.43,False
2025-10-19,P013,Gordon's,gin,6.827,False
2025-10-19,P014,Absolut,vodka,14.116,False
2025-10-19,P015,Finlandia,vodka,7.687,False
2025-10-19,P016,Grey Goose,vodka,12.738,False
2025-10-19,P017,Belvedere,vodka,8.287,False
2025-10-19,P018,Stolichnaya,vodka,7.43,False
2025-10-19,P019,Jameson,whiskey,15.617,False
2025-10-19,P020,Jack Daniel's,whiskey,3.668,False
2025-10-19,P021,Johnnie Walker Black,whiskey,12.652,False
2025-10-19,P022,Chivas Regal,whiskey,4.0,False
2025-10-19,P023,Maker's Mark,whiskey,7.773,False
2025-10-19,P024,Glenfiddich 12,whiskey,7.944,False
2025-10-19,P025,Bacardi Carta Blanca,rum,16.738,False
2025-10-19,P026,Havana Club 3,rum,3.658,False
2025-10-19,P027,Captain Morgan,rum,3.658,False
2025-10-19,P028,Diplomatico Reserva,rum,11.629,False
2025-10-19,P029,Jose Cuervo,tequila,8.79,False
2025-10-19,P030,Olmeca Blanco,tequila,8.03,False
2025-10-19,P031,Patron Silver,tequila,7.003,False
2025-10-19,P032,Don Julio Blanco,tequila,7.601,False
2025-10-19,P033,Aperol,aperitif,18.257,False
2025-10-19,P034,Campari,aperitif,3.386,False
2025-10-19,P035,Cointreau,liqueur,3.853,False
2025-10-19,P036,Kahlua,liqueur,6.52,False
2025-10-19,P037,Martini Rosso,vermouth,9.403,False
2025-10-19,P038,House Red Wine,wine,16.07,False
2025-10-19,P039,House White Wine,wine,15.724,False
2025-10-19,P040,Rose Wine,wine,16.2,False
2025-10-19,P041,Prosecco,wine,14.456,False
2025-10-19,P042,Chardonnay,wine,5.84,False
2025-10-19,P043,Coca-Cola,soft_drink,37.3,False
2025-10-19,P044,Coca-Cola Zero,soft_drink,22.6,False
2025-10-19,P045,Sprite,soft_drink,29.2,False
2025-10-19,P046,Tonic Water,soft_drink,28.82,False
2025-10-19,P047,Soda Water,soft_drink,34.4,False
2025-10-19,P048,Red Bull,soft_drink,38.8,False
2025-10-19,P049,Ginger Beer,soft_drink,15.2,False
2025-10-19,P050,Orange Juice,juice,4.0,False
2025-10-19,P051,Cranberry Juice,juice,4.0,False
2025-10-19,P052,Lime Juice,juice,8.053,False
2025-10-19,P053,Lemon Juice,juice,2.825,False
2025-10-19,P054,Sugar Syrup,cocktail_ingredient,5.267,False
2025-10-19,P055,Fresh Mint,cocktail_ingredient,8.224,False
2025-10-19,P056,Coffee Beans,cocktail_ingredient,4.591,False
2025-10-19,K001,Carlsberg 50L,draught_beer,4.717,False
2025-10-19,K002,Tuborg 50L,draught_beer,4.325,False
2025-10-19,K003,Carlsberg 30L,draught_beer,5.214,False
2025-10-19,K004,Malka 30L,draught_beer,4.867,False
2025-10-19,K005,Weihenstephan 30L,draught_beer,4.502,False
2025-10-20,P001,Carlsberg,beer,50.4,False
2025-10-20,P002,Heineken,beer,55.6,False
2025-10-20,P003,Corona,beer,53.2,False
2025-10-20,P004,Guinness,beer,33.6,False
2025-10-20,P005,Goldstar,beer,50.6,False
2025-10-20,P006,Maccabee,beer,28.0,False
2025-10-20,P007,Stella Artois,beer,38.4,False
2025-10-20,P008,Erdinger,beer,22.2,False
2025-10-20,P009,Bombay Sapphire,gin,12.737,False
2025-10-20,P010,Tanqueray,gin,3.829,False
2025-10-20,P011,Hendrick's,gin,15.0,False
2025-10-20,P012,Beefeater,gin,7.258,False
2025-10-20,P013,Gordon's,gin,6.017,False
2025-10-20,P014,Absolut,vodka,13.151,False
2025-10-20,P015,Finlandia,vodka,7.601,False
2025-10-20,P016,Grey Goose,vodka,12.566,False
2025-10-20,P017,Belvedere,vodka,8.287,False
2025-10-20,P018,Stolichnaya,vodka,7.258,False
2025-10-20,P019,Jameson,whiskey,15.36,False
2025-10-20,P020,Jack Daniel's,whiskey,3.411,False
2025-10-20,P021,Johnnie Walker Black,whiskey,12.309,False
2025-10-20,P022,Chivas Regal,whiskey,3.829,False
2025-10-20,P023,Maker's Mark,whiskey,7.687,False
2025-10-20,P024,Glenfiddich 12,whiskey,7.858,False
2025-10-20,P025,Bacardi Carta Blanca,rum,15.248,False
2025-10-20,P026,Havana Club 3,rum,3.401,False
2025-10-20,P027,Captain Morgan,rum,3.572,False
2025-10-20,P028,Diplomatico Reserva,rum,11.544,False
2025-10-20,P029,Jose Cuervo,tequila,8.451,False
2025-10-20,P030,Olmeca Blanco,tequila,7.944,False
2025-10-20,P031,Patron Silver,tequila,6.474,False
2025-10-20,P032,Don Julio Blanco,tequila,7.515,False
2025-10-20,P033,Aperol,aperitif,16.971,False
2025-10-20,P034,Campari,aperitif,15.0,False
2025-10-20,P035,Cointreau,liqueur,3.517,False
2025-10-20,P036,Kahlua,liqueur,6.263,False
2025-10-20,P037,Martini Rosso,vermouth,9.103,False
2025-10-20,P038,House Red Wine,wine,14.606,False
2025-10-20,P039,House White Wine,wine,13.772,False
2025-10-20,P040,Rose Wine,wine,15.6,False
2025-10-20,P041,Prosecco,wine,12.096,False
2025-10-20,P042,Chardonnay,wine,5.64,False
2025-10-20,P043,Coca-Cola,soft_drink,94.8,False
2025-10-20,P044,Coca-Cola Zero,soft_drink,64.6,False
2025-10-20,P045,Sprite,soft_drink,46.2,False
2025-10-20,P046,Tonic Water,soft_drink,23.92,False
2025-10-20,P047,Soda Water,soft_drink,30.18,False
2025-10-20,P048,Red Bull,soft_drink,60.8,False
2025-10-20,P049,Ginger Beer,soft_drink,37.2,False
2025-10-20,P050,Orange Juice,juice,4.0,False
2025-10-20,P051,Cranberry Juice,juice,4.0,False
2025-10-20,P052,Lime Juice,juice,7.603,False
2025-10-20,P053,Lemon Juice,juice,8.7,False
2025-10-20,P054,Sugar Syrup,cocktail_ingredient,4.997,False
2025-10-20,P055,Fresh Mint,cocktail_ingredient,8.116,False
2025-10-20,P056,Coffee Beans,cocktail_ingredient,4.51,False
2025-10-20,K001,Carlsberg 50L,draught_beer,4.419,False
2025-10-20,K002,Tuborg 50L,draught_beer,4.043,False
2025-10-20,K003,Carlsberg 30L,draught_beer,4.678,False
2025-10-20,K004,Malka 30L,draught_beer,4.679,False
2025-10-20,K005,Weihenstephan 30L,draught_beer,4.18,False
2025-10-21,P001,Carlsberg,beer,44.4,False
2025-10-21,P002,Heineken,beer,48.6,False
2025-10-21,P003,Corona,beer,48.2,False
2025-10-21,P004,Guinness,beer,30.6,False
2025-10-21,P005,Goldstar,beer,41.6,False
2025-10-21,P006,Maccabee,beer,24.0,False
2025-10-21,P007,Stella Artois,beer,35.4,False
2025-10-21,P008,Erdinger,beer,20.2,False
2025-10-21,P009,Bombay Sapphire,gin,12.48,False
2025-10-21,P010,Tanqueray,gin,3.572,False
2025-10-21,P011,Hendrick's,gin,14.657,False
2025-10-21,P012,Beefeater,gin,7.087,False
2025-10-21,P013,Gordon's,gin,16.579,False
2025-10-21,P014,Absolut,vodka,11.844,False
2025-10-21,P015,Finlandia,vodka,7.43,False
2025-10-21,P016,Grey Goose,vodka,12.223,False
2025-10-21,P017,Belvedere,vodka,8.116,False
2025-10-21,P018,Stolichnaya,vodka,7.087,False
2025-10-21,P019,Jameson,whiskey,15.103,False
2025-10-21,P020,Jack Daniel's,whiskey,14.897,False
2025-10-21,P021,Johnnie Walker Black,whiskey,11.966,False
2025-10-21,P022,Chivas Regal,whiskey,3.658,False
2025-10-21,P023,Maker's Mark,whiskey,7.43,False
2025-10-21,P024,Glenfiddich 12,whiskey,7.687,False
2025-10-21,P025,Bacardi Carta Blanca,rum,25.845,False
2025-10-21,P026,Havana Club 3,rum,15.229,False
2025-10-21,P027,Captain Morgan,rum,3.401,False
2025-10-21,P028,Diplomatico Reserva,rum,11.458,False
2025-10-21,P029,Jose Cuervo,tequila,8.006,False
2025-10-21,P030,Olmeca Blanco,tequila,7.772,False
2025-10-21,P031,Patron Silver,tequila,17.503,False
2025-10-21,P032,Don Julio Blanco,tequila,7.43,False
2025-10-21,P033,Aperol,aperitif,15.428,False
2025-10-21,P034,Campari,aperitif,14.572,False
2025-10-21,P035,Cointreau,liqueur,15.039,False
2025-10-21,P036,Kahlua,liqueur,5.749,False
2025-10-21,P037,Martini Rosso,vermouth,8.76,False
2025-10-21,P038,House Red Wine,wine,24.41,False
2025-10-21,P039,House White Wine,wine,22.356,False
2025-10-21,P040,Rose Wine,wine,14.6,False
2025-10-21,P041,Prosecco,wine,21.576,False
2025-10-21,P042,Chardonnay,wine,17.04,False
2025-10-21,P043,Coca-Cola,soft_drink,82.3,False
2025-10-21,P044,Coca-Cola Zero,soft_drink,58.6,False
2025-10-21,P045,Sprite,soft_drink,39.2,False
2025-10-21,P046,Tonic Water,soft_drink,16.22,False
2025-10-21,P047,Soda Water,soft_drink,24.9,False
2025-10-21,P048,Red Bull,soft_drink,54.8,False
2025-10-21,P049,Ginger Beer,soft_drink,36.2,False
2025-10-21,P050,Orange Juice,juice,4.0,False
2025-10-21,P051,Cranberry Juice,juice,4.0,False
2025-10-21,P052,Lime Juice,juice,7.028,False
2025-10-21,P053,Lemon Juice,juice,8.575,False
2025-10-21,P054,Sugar Syrup,cocktail_ingredient,4.712,False
2025-10-21,P055,Fresh Mint,cocktail_ingredient,8.017,False
2025-10-21,P056,Coffee Beans,cocktail_ingredient,4.402,False
2025-10-21,K001,Carlsberg 50L,draught_beer,4.081,False
2025-10-21,K002,Tuborg 50L,draught_beer,3.721,False
2025-10-21,K003,Carlsberg 30L,draught_beer,4.208,False
2025-10-21,K004,Malka 30L,draught_beer,4.049,False
2025-10-21,K005,Weihenstephan 30L,draught_beer,3.71,False
2025-10-22,P001,Carlsberg,beer,83.4,False
2025-10-22,P002,Heineken,beer,67.6,False
2025-10-22,P003,Corona,beer,43.2,False
2025-10-22,P004,Guinness,beer,27.6,False
2025-10-22,P005,Goldstar,beer,58.6,False
2025-10-22,P006,Maccabee,beer,43.0,False
2025-10-22,P007,Stella Artois,beer,54.4,False
2025-10-22,P008,Erdinger,beer,43.2,False
2025-10-22,P009,Bombay Sapphire,gin,12.223,False
2025-10-22,P010,Tanqueray,gin,3.4,False
2025-10-22,P011,Hendrick's,gin,14.1,False
2025-10-22,P012,Beefeater,gin,7.001,False
2025-10-22,P013,Gordon's,gin,15.002,False
2025-10-22,P014,Absolut,vodka,10.708,False
2025-10-22,P015,Finlandia,vodka,7.344,False
2025-10-22,P016,Grey Goose,vodka,11.966,False
2025-10-22,P017,Belvedere,vodka,8.03,False
2025-10-22,P018,Stolichnaya,vodka,6.915,False
2025-10-22,P019,Jameson,whiskey,14.417,False
2025-10-22,P020,Jack Daniel's,whiskey,14.383,False
2025-10-22,P021,Johnnie Walker Black,whiskey,11.709,False
2025-10-22,P022,Chivas Regal,whiskey,3.572,False
2025-10-22,P023,Maker's Mark,whiskey,7.344,False
2025-10-22,P024,Glenfiddich 12,whiskey,7.601,False
2025-10-22,P025,Bacardi Carta Blanca,rum,24.442,False
2025-10-22,P026,Havana Club 3,rum,14.972,False
2025-10-22,P027,Captain Morgan,rum,3.229,False
2025-10-22,P028,Diplomatico Reserva,rum,11.458,False
2025-10-22,P029,Jose Cuervo,tequila,7.562,False
2025-10-22,P030,Olmeca Blanco,tequila,7.687,False
2025-10-22,P031,Patron Silver,tequila,16.845,False
2025-10-22,P032,Don Julio Blanco,tequila,7.344,False
2025-10-22,P033,Aperol,aperitif,13.371,False
2025-10-22,P034,Campari,aperitif,14.186,False
2025-10-22,P035,Cointreau,liqueur,14.617,False
2025-10-22,P036,Kahlua,liqueur,5.235,False
2025-10-22,P037,Martini Rosso,vermouth,8.374,False
2025-10-22,P038,House Red Wine,wine,22.702,False
2025-10-22,P039,House White Wine,wine,20.16,False
2025-10-22,P040,Rose Wine,wine,13.6,False
2025-10-22,P041,Prosecco,wine,18.536,False
2025-10-22,P042,Chardonnay,wine,16.64,False
2025-10-22,P043,Coca-Cola,soft_drink,72.8,False
2025-10-22,P044,Coca-Cola Zero,soft_drink,48.6,False
2025-10-22,P045,Sprite,soft_drink,35.2,False
2025-10-22,P046,Tonic Water,soft_drink,7.32,False
2025-10-22,P047,Soda Water,soft_drink,42.26,False
2025-10-22,P048,Red Bull,soft_drink,53.8,False
2025-10-22,P049,Ginger Beer,soft_drink,34.2,False
2025-10-22,P050,Orange Juice,juice,4.0,False
2025-10-22,P051,Cranberry Juice,juice,4.0,False
2025-10-22,P052,Lime Juice,juice,6.513,False
2025-10-22,P053,Lemon Juice,juice,8.45,False
2025-10-22,P054,Sugar Syrup,cocktail_ingredient,4.427,False
2025-10-22,P055,Fresh Mint,cocktail_ingredient,7.918,False
2025-10-22,P056,Coffee Beans,cocktail_ingredient,4.294,False
2025-10-22,K001,Carlsberg 50L,draught_beer,4.758,False
2025-10-22,K002,Tuborg 50L,draught_beer,4.504,False
2025-10-22,K003,Carlsberg 30L,draught_beer,3.631,False
2025-10-22,K004,Malka 30L,draught_beer,5.633,False
2025-10-22,K005,Weihenstephan 30L,draught_beer,4.308,False
2025-10-23,P001,Carlsberg,beer,74.4,False
2025-10-23,P002,Heineken,beer,57.6,False
2025-10-23,P003,Corona,beer,59.2,False
2025-10-23,P004,Guinness,beer,23.6,False
2025-10-23,P005,Goldstar,beer,51.6,False
2025-10-23,P006,Maccabee,beer,38.0,False
2025-10-23,P007,Stella Artois,beer,47.4,False
2025-10-23,P008,Erdinger,beer,40.2,False
2025-10-23,P009,Bombay Sapphire,gin,11.966,False
2025-10-23,P010,Tanqueray,gin,3.229,False
2025-10-23,P011,Hendrick's,gin,13.457,False
2025-10-23,P012,Beefeater,gin,6.915,False
2025-10-23,P013,Gordon's,gin,13.782,False
2025-10-23,P014,Absolut,vodka,9.423,False
2025-10-23,P015,Finlandia,vodka,7.173,False
2025-10-23,P016,Grey Goose,vodka,11.795,False
2025-10-23,P017,Belvedere,vodka,7.944,False
2025-10-23,P018,Stolichnaya,vodka,6.744,False
2025-10-23,P019,Jameson,whiskey,13.646,False
2025-10-23,P020,Jack Daniel's,whiskey,13.783,False
2025-10-23,P021,Johnnie Walker Black,whiskey,11.366,False
2025-10-23,P022,Chivas Regal,whiskey,3.315,False
2025-10-23,P023,Maker's Mark,whiskey,7.173,False
2025-10-23,P024,Glenfiddich 12,whiskey,7.43,False
2025-10-23,P025,Bacardi Carta Blanca,rum,22.542,False
2025-10-23,P026,Havana Club 3,rum,14.715,False
2025-10-23,P027,Captain Morgan,rum,3.058,False
2025-10-23,P028,Diplomatico Reserva,rum,11.372,False
2025-10-23,P029,Jose Cuervo,tequila,7.144,False
2025-10-23,P030,Olmeca Blanco,tequila,7.601,False
2025-10-23,P031,Patron Silver,tequila,15.803,False
2025-10-23,P032,Don Julio Blanco,tequila,7.087,False
2025-10-23,P033,Aperol,aperitif,11.657,False
2025-10-23,P034,Campari,aperitif,13.714,False
2025-10-23,P035,Cointreau,liqueur,14.132,False
2025-10-23,P036,Kahlua,liqueur,4.72,False
2025-10-23,P037,Martini Rosso,vermouth,7.989,False
2025-10-23,P038,House Red Wine,wine,20.506,False
2025-10-23,P039,House White Wine,wine,17.476,False
2025-10-23,P040,Rose Wine,wine,12.4,False
2025-10-23,P041,Prosecco,wine,15.976,False
2025-10-23,P042,Chardonnay,wine,16.04,False
2025-10-23,P043,Coca-Cola,soft_drink,87.4,False
2025-10-23,P044,Coca-Cola Zero,soft_drink,65.6,False
2025-10-23,P045,Sprite,soft_drink,53.2,False
2025-10-23,P046,Tonic Water,soft_drink,121.92,False
2025-10-23,P047,Soda Water,soft_drink,57.14,False
2025-10-23,P048,Red Bull,soft_drink,46.8,False
2025-10-23,P049,Ginger Beer,soft_drink,31.2,False
2025-10-23,P050,Orange Juice,juice,4.0,False
2025-10-23,P051,Cranberry Juice,juice,4.0,False
2025-10-23,P052,Lime Juice,juice,11.758,False
2025-10-23,P053,Lemon Juice,juice,8.35,False
2025-10-23,P054,Sugar Syrup,cocktail_ingredient,4.052,False
2025-10-23,P055,Fresh Mint,cocktail_ingredient,7.765,False
2025-10-23,P056,Coffee Beans,cocktail_ingredient,4.186,False
2025-10-23,K001,Carlsberg 50L,draught_beer,4.203,False
2025-10-23,K002,Tuborg 50L,draught_beer,4.166,False
2025-10-23,K003,Carlsberg 30L,draught_beer,3.107,False
2025-10-23,K004,Malka 30L,draught_beer,4.975,False
2025-10-23,K005,Weihenstephan 30L,draught_beer,3.905,False
2025-10-24,P001,Carlsberg,beer,65.4,False
2025-10-24,P002,Heineken,beer,49.6,False
2025-10-24,P003,Corona,beer,50.2,False
2025-10-24,P004,Guinness,beer,18.6,False
2025-10-24,P005,Goldstar,beer,42.6,False
2025-10-24,P006,Maccabee,beer,32.0,False
2025-10-24,P007,Stella Artois,beer,40.4,False
2025-10-24,P008,Erdinger,beer,37.2,False
2025-10-24,P009,Bombay Sapphire,gin,11.794,False
2025-10-24,P010,Tanqueray,gin,14.972,False
2025-10-24,P011,Hendrick's,gin,12.814,False
2025-10-24,P012,Beefeater,gin,6.744,False
2025-10-24,P013,Gordon's,gin,12.039,False
2025-10-24,P014,Absolut,vodka,19.808,False
2025-10-24,P015,Finlandia,vodka,7.001,False
2025-10-24,P016,Grey Goose,vodka,11.452,False
2025-10-24,P017,Belvedere,vodka,7.773,False
2025-10-24,P018,Stolichnaya,vodka,6.573,False
2025-10-24,P019,Jameson,whiskey,12.96,False
2025-10-24,P020,Jack Daniel's,whiskey,13.183,False
2025-10-24,P021,Johnnie Walker Black,whiskey,11.023,False
2025-10-24,P022,Chivas Regal,whiskey,15.058,False
2025-10-24,P023,Maker's Mark,whiskey,6.916,False
2025-10-24,P024,Glenfiddich 12,whiskey,7.258,False
2025-10-24,P025,Bacardi Carta Blanca,rum,20.416,False
2025-10-24,P026,Havana Club 3,rum,14.543,False
2025-10-24,P027,Captain Morgan,rum,14.886,False
2025-10-24,P028,Diplomatico Reserva,rum,11.287,False
2025-10-24,P029,Jose Cuervo,tequila,6.568,False
2025-10-24,P030,Olmeca Blanco,tequila,7.43,False
2025-10-24,P031,Patron Silver,tequila,14.488,False
2025-10-24,P032,Don Julio Blanco,tequila,6.915,False
2025-10-24,P033,Aperol,aperitif,21.428,False
2025-10-24,P034,Campari,aperitif,13.072,False
2025-10-24,P035,Cointreau,liqueur,13.46,False
2025-10-24,P036,Kahlua,liqueur,4.149,False
2025-10-24,P037,Martini Rosso,vermouth,7.517,False
2025-10-24,P038,House Red Wine,wine,18.554,False
2025-10-24,P039,House White Wine,wine,27.036,False
2025-10-24,P040,Rose Wine,wine,11.4,False
2025-10-24,P041,Prosecco,wine,12.536,False
2025-10-24,P042,Chardonnay,wine,15.64,False
2025-10-24,P043,Coca-Cola,soft_drink,67.8,False
2025-10-24,P044,Coca-Cola Zero,soft_drink,55.6,False
2025-10-24,P045,Sprite,soft_drink,44.2,False
2025-10-24,P046,Tonic Water,soft_drink,111.62,False
2025-10-24,P047,Soda Water,soft_drink,48.54,False
2025-10-24,P048,Red Bull,soft_drink,40.8,False
2025-10-24,P049,Ginger Beer,soft_drink,27.2,False
2025-10-24,P050,Orange Juice,juice,4.0,False
2025-10-24,P051,Cranberry Juice,juice,4.0,False
2025-10-24,P052,Lime Juice,juice,10.803,False
2025-10-24,P053,Lemon Juice,juice,8.2,False
2025-10-24,P054,Sugar Syrup,cocktail_ingredient,3.627,False
2025-10-24,P055,Fresh Mint,cocktail_ingredient,7.594,False
2025-10-24,P056,Coffee Beans,cocktail_ingredient,4.06,False
2025-10-24,K001,Carlsberg 50L,draught_beer,3.671,False
2025-10-24,K002,Tuborg 50L,draught_beer,3.884,False
2025-10-24,K003,Carlsberg 30L,draught_beer,5.155,False
2025-10-24,K004,Malka 30L,draught_beer,4.586,False
2025-10-24,K005,Weihenstephan 30L,draught_beer,3.502,False
2025-10-25,P001,Carlsberg,beer,76.4,False
2025-10-25,P002,Heineken,beer,63.6,False
2025-10-25,P003,Corona,beer,64.2,False
2025-10-25,P004,Guinness,beer,35.6,False
2025-10-25,P005,Goldstar,beer,57.6,False
2025-10-25,P006,Maccabee,beer,49.0,False
2025-10-25,P007,Stella Artois,beer,33.4,False
2025-10-25,P008,Erdinger,beer,34.2,False
2025-10-25,P009,Bombay Sapphire,gin,11.366,False
2025-10-25,P010,Tanqueray,gin,14.629,False
2025-10-25,P011,Hendrick's,gin,11.914,False
2025-10-25,P012,Beefeater,gin,6.573,False
2025-10-25,P013,Gordon's,gin,9.834,False
2025-10-25,P014,Absolut,vodka,17.887,False
2025-10-25,P015,Finlandia,vodka,6.744,False
2025-10-25,P016,Grey Goose,vodka,11.024,False
2025-10-25,P017,Belvedere,vodka,7.601,False
2025-10-25,P018,Stolichnaya,vodka,6.316,False
2025-10-25,P019,Jameson,whiskey,12.274,False
2025-10-25,P020,Jack Daniel's,whiskey,12.497,False
2025-10-25,P021,Johnnie Walker Black,whiskey,10.594,False
2025-10-25,P022,Chivas Regal,whiskey,14.801,False
2025-10-25,P023,Maker's Mark,whiskey,6.659,False
2025-10-25,P024,Glenfiddich 12,whiskey,7.087,False
2025-10-25,P025,Bacardi Carta Blanca,rum,17.357,False
2025-10-25,P026,Havana Club 3,rum,14.115,False
2025-10-25,P027,Captain Morgan,rum,14.629,False
2025-10-25,P028,Diplomatico Reserva,rum,11.115,False
2025-10-25,P029,Jose Cuervo,tequila,5.967,False
2025-10-25,P030,Olmeca Blanco,tequila,7.173,False
2025-10-25,P031,Patron Silver,tequila,13.002,False
2025-10-25,P032,Don Julio Blanco,tequila,6.658,False
2025-10-25,P033,Aperol,aperitif,18.343,False
2025-10-25,P034,Campari,aperitif,12.086,False
2025-10-25,P035,Cointreau,liqueur,12.767,False
2025-10-25,P036,Kahlua,liqueur,3.349,False
2025-10-25,P037,Martini Rosso,vermouth,6.789,False
2025-10-25,P038,House Red Wine,wine,15.138,False
2025-10-25,P039,House White Wine,wine,24.352,False
2025-10-25,P040,Rose Wine,wine,10.2,False
2025-10-25,P041,Prosecco,wine,7.696,False
2025-10-25,P042,Chardonnay,wine,15.04,False
2025-10-25,P043,Coca-Cola,soft_drink,45.1,False
2025-10-25,P044,Coca-Cola Zero,soft_drink,44.6,False
2025-10-25,P045,Sprite,soft_drink,35.2,False
2025-10-25,P046,Tonic Water,soft_drink,99.82,False
2025-10-25,P047,Soda Water,soft_drink,38.38,False
2025-10-25,P048,Red Bull,soft_drink,29.8,False
2025-10-25,P049,Ginger Beer,soft_drink,24.2,False
2025-10-25,P050,Orange Juice,juice,4.0,False
2025-10-25,P051,Cranberry Juice,juice,4.0,False
2025-10-25,P052,Lime Juice,juice,9.648,False
2025-10-25,P053,Lemon Juice,juice,8.025,False
2025-10-25,P054,Sugar Syrup,cocktail_ingredient,3.032,False
2025-10-25,P055,Fresh Mint,cocktail_ingredient,7.351,False
2025-10-25,P056,Coffee Beans,cocktail_ingredient,3.889,False
2025-10-25,K001,Carlsberg 50L,draught_beer,5.003,False
2025-10-25,K002,Tuborg 50L,draught_beer,4.328,False
2025-10-25,K003,Carlsberg 30L,draught_beer,6.363,False
2025-10-25,K004,Malka 30L,draught_beer,4.942,False
2025-10-25,K005,Weihenstephan 30L,draught_beer,4.006,False
2025-10-26,P001,Carlsberg,beer,67.4,False
2025-10-26,P002,Heineken,beer,55.6,False
2025-10-26,P003,Corona,beer,57.2,False
2025-10-26,P004,Guinness,beer,34.6,False
2025-10-26,P005,Goldstar,beer,55.6,False
2025-10-26,P006,Maccabee,beer,44.0,False
2025-10-26,P007,Stella Artois,beer,30.4,False
2025-10-26,P008,Erdinger,beer,33.2,False
2025-10-26,P009,Bombay Sapphire,gin,11.194,False
2025-10-26,P010,Tanqueray,gin,14.372,False
2025-10-26,P011,Hendrick's,gin,11.4,False
2025-10-26,P012,Beefeater,gin,6.487,False
2025-10-26,P013,Gordon's,gin,8.605,False
2025-10-26,P014,Absolut,vodka,17.18,False
2025-10-26,P015,Finlandia,vodka,6.658,False
2025-10-26,P016,Grey Goose,vodka,10.681,False
2025-10-26,P017,Belvedere,vodka,7.516,False
2025-10-26,P018,Stolichnaya,vodka,6.144,False
2025-10-26,P019,Jameson,whiskey,11.76,False
2025-10-26,P020,Jack Daniel's,whiskey,11.983,False
2025-10-26,P021,Johnnie Walker Black,whiskey,10.337,False
2025-10-26,P022,Chivas Regal,whiskey,14.629,False
2025-10-26,P023,Maker's Mark,whiskey,6.573,False
2025-10-26,P024,Glenfiddich 12,whiskey,7.001,False
2025-10-26,P025,Bacardi Carta Blanca,rum,16.041,False
2025-10-26,P026,Havana Club 3,rum,13.944,False
2025-10-26,P027,Captain Morgan,rum,14.372,False
2025-10-26,P028,Diplomatico Reserva,rum,11.029,False
2025-10-26,P029,Jose Cuervo,tequila,5.627,False
2025-10-26,P030,Olmeca Blanco,tequila,7.001,False
2025-10-26,P031,Patron Silver,tequila,12.388,False
2025-10-26,P032,Don Julio Blanco,tequila,6.573,False
2025-10-26,P033,Aperol,aperitif,17.314,False
2025-10-26,P034,Campari,aperitif,11.572,False
2025-10-26,P035,Cointreau,liqueur,12.432,False
2025-10-26,P036,Kahlua,liqueur,3.092,False
2025-10-26,P037,Martini Rosso,vermouth,6.36,False
2025-10-26,P038,House Red Wine,wine,13.918,False
2025-10-26,P039,House White Wine,wine,22.644,False
2025-10-26,P040,Rose Wine,wine,9.4,False
2025-10-26,P041,Prosecco,wine,5.776,False
2025-10-26,P042,Chardonnay,wine,14.64,False
2025-10-26,P043,Coca-Cola,soft_drink,38.6,False
2025-10-26,P044,Coca-Cola Zero,soft_drink,34.6,False
2025-10-26,P045,Sprite,soft_drink,30.2,False
2025-10-26,P046,Tonic Water,soft_drink,94.12,False
2025-10-26,P047,Soda Water,soft_drink,34.52,False
2025-10-26,P048,Red Bull,soft_drink,24.8,False
2025-10-26,P049,Ginger Beer,soft_drink,22.2,False
2025-10-26,P050,Orange Juice,juice,4.0,False
2025-10-26,P051,Cranberry Juice,juice,4.0,False
2025-10-26,P052,Lime Juice,juice,9.248,False
2025-10-26,P053,Lemon Juice,juice,7.9,False
2025-10-26,P054,Sugar Syrup,cocktail_ingredient,2.822,False
2025-10-26,P055,Fresh Mint,cocktail_ingredient,7.261,False
2025-10-26,P056,Coffee Beans,cocktail_ingredient,3.835,False
2025-10-26,K001,Carlsberg 50L,draught_beer,4.697,False
2025-10-26,K002,Tuborg 50L,draught_beer,3.982,False
2025-10-26,K003,Carlsberg 30L,draught_beer,5.826,False
2025-10-26,K004,Malka 30L,draught_beer,4.62,False
2025-10-26,K005,Weihenstephan 30L,draught_beer,3.764,False
2025-10-27,P001,Carlsberg,beer,57.4,False
2025-10-27,P002,Heineken,beer,48.6,False
2025-10-27,P003,Corona,beer,52.2,False
2025-10-27,P004,Guinness,beer,30.6,False
2025-10-27,P005,Goldstar,beer,49.6,False
2025-10-27,P006,Maccabee,beer,41.0,False
2025-10-27,P007,Stella Artois,beer,27.4,False
2025-10-27,P008,Erdinger,beer,31.2,False
2025-10-27,P009,Bombay Sapphire,gin,11.023,False
2025-10-27,P010,Tanqueray,gin,14.2,False
2025-10-27,P011,Hendrick's,gin,11.014,False
2025-10-27,P012,Beefeater,gin,6.401,False
2025-10-27,P013,Gordon's,gin,7.56,False
2025-10-27,P014,Absolut,vodka,16.266,False
2025-10-27,P015,Finlandia,vodka,6.573,False
2025-10-27,P016,Grey Goose,vodka,10.509,False
2025-10-27,P017,Belvedere,vodka,7.43,False
2025-10-27,P018,Stolichnaya,vodka,5.973,False
2025-10-27,P019,Jameson,whiskey,10.989,False
2025-10-27,P020,Jack Daniel's,whiskey,11.554,False
2025-10-27,P021,Johnnie Walker Black,whiskey,9.994,False
2025-10-27,P022,Chivas Regal,whiskey,14.458,False
2025-10-27,P023,Maker's Mark,whiskey,6.487,False
2025-10-27,P024,Glenfiddich 12,whiskey,6.83,False
2025-10-27,P025,Bacardi Carta Blanca,rum,14.577,False
2025-10-27,P026,Havana Club 3,rum,13.772,False
2025-10-27,P027,Captain Morgan,rum,14.115,False
2025-10-27,P028,Diplomatico Reserva,rum,11.029,False
2025-10-27,P029,Jose Cuervo,tequila,5.314,False
2025-10-27,P030,Olmeca Blanco,tequila,6.83,False
2025-10-27,P031,Patron Silver,tequila,11.36,False
2025-10-27,P032,Don Julio Blanco,tequila,6.487,False
2025-10-27,P033,Aperol,aperitif,15.857,False
2025-10-27,P034,Campari,aperitif,11.1,False
2025-10-27,P035,Cointreau,liqueur,12.003,False
2025-10-27,P036,Kahlua,liqueur,2.72,False
2025-10-27,P037,Martini Rosso,vermouth,6.06,False
2025-10-27,P038,House Red Wine,wine,12.21,False
2025-10-27,P039,House White Wine,wine,21.424,False
2025-10-27,P040,Rose Wine,wine,8.8,False
2025-10-27,P041,Prosecco,wine,15.376,False
2025-10-27,P042,Chardonnay,wine,14.24,False
2025-10-27,P043,Coca-Cola,soft_drink,103.2,False
2025-10-27,P044,Coca-Cola Zero,soft_drink,50.6,False
2025-10-27,P045,Sprite,soft_drink,48.2,False
2025-10-27,P046,Tonic Water,soft_drink,88.32,False
2025-10-27,P047,Soda Water,soft_drink,53.18,False
2025-10-27,P048,Red Bull,soft_drink,43.8,False
2025-10-27,P049,Ginger Beer,soft_drink,21.2,False
2025-10-27,P050,Orange Juice,juice,4.0,False
2025-10-27,P051,Cranberry Juice,juice,4.0,False
2025-10-27,P052,Lime Juice,juice,8.588,False
2025-10-27,P053,Lemon Juice,juice,7.8,False
2025-10-27,P054,Sugar Syrup,cocktail_ingredient,8.542,False
2025-10-27,P055,Fresh Mint,cocktail_ingredient,7.153,False
2025-10-27,P056,Coffee Beans,cocktail_ingredient,3.745,False
2025-10-27,K001,Carlsberg 50L,draught_beer,4.327,False
2025-10-27,K002,Tuborg 50L,draught_beer,3.604,False
2025-10-27,K003,Carlsberg 30L,draught_beer,5.289,False
2025-10-27,K004,Malka 30L,draught_beer,4.378,False
2025-10-27,K005,Weihenstephan 30L,draught_beer,3.576,False
2025-10-28,P001,Carlsberg,beer,49.4,False
2025-10-28,P002,Heineken,beer,45.6,False
2025-10-28,P003,Corona,beer,47.2,False
2025-10-28,P004,Guinness,beer,28.6,False
2025-10-28,P005,Goldstar,beer,45.6,False
2025-10-28,P006,Maccabee,beer,40.0,False
2025-10-28,P007,Stella Artois,beer,25.4,False
2025-10-28,P008,Erdinger,beer,29.2,False
2025-10-28,P009,Bombay Sapphire,gin,10.68,False
2025-10-28,P010,Tanqueray,gin,14.029,False
2025-10-28,P011,Hendrick's,gin,10.543,False
2025-10-28,P012,Beefeater,gin,6.316,False
2025-10-28,P013,Gordon's,gin,19.011,False
2025-10-28,P014,Absolut,vodka,15.601,False
2025-10-28,P015,Finlandia,vodka,6.401,False
2025-10-28,P016,Grey Goose,vodka,10.252,False
2025-10-28,P017,Belvedere,vodka,7.259,False
2025-10-28,P018,Stolichnaya,vodka,5.887,False
2025-10-28,P019,Jameson,whiskey,10.817,False
2025-10-28,P020,Jack Daniel's,whiskey,11.211,False
2025-10-28,P021,Johnnie Walker Black,whiskey,9.909,False
2025-10-28,P022,Chivas Regal,whiskey,14.287,False
2025-10-28,P023,Maker's Mark,whiskey,6.401,False
2025-10-28,P024,Glenfiddich 12,whiskey,6.744,False
2025-10-28,P025,Bacardi Carta Blanca,rum,25.418,False
2025-10-28,P026,Havana Club 3,rum,13.601,False
2025-10-28,P027,Captain Morgan,rum,13.944,False
2025-10-28,P028,Diplomatico Reserva,rum,10.944,False
2025-10-28,P029,Jose Cuervo,tequila,5.026,False
2025-10-28,P030,Olmeca Blanco,tequila,6.744,False
2025-10-28,P031,Patron Silver,tequila,10.617,False
2025-10-28,P032,Don Julio Blanco,tequila,6.401,False
2025-10-28,P033,Aperol,aperitif,14.743,False
2025-10-28,P034,Campari,aperitif,10.714,False
2025-10-28,P035,Cointreau,liqueur,11.71,False
2025-10-28,P036,Kahlua,liqueur,14.549,False
2025-10-28,P037,Martini Rosso,vermouth,5.76,False
2025-10-28,P038,House Red Wine,wine,22.99,False
2025-10-28,P039,House White Wine,wine,20.692,False
2025-10-28,P040,Rose Wine,wine,8.4,False
2025-10-28,P041,Prosecco,wine,25.336,False
2025-10-28,P042,Chardonnay,wine,14.04,False
2025-10-28,P043,Coca-Cola,soft_drink,98.9,False
2025-10-28,P044,Coca-Cola Zero,soft_drink,43.6,False
2025-10-28,P045,Sprite,soft_drink,45.2,False
2025-10-28,P046,Tonic Water,soft_drink,84.42,False
2025-10-28,P047,Soda Water,soft_drink,49.26,False
2025-10-28,P048,Red Bull,soft_drink,42.8,False
2025-10-28,P049,Ginger Beer,soft_drink,19.2,False
2025-10-28,P050,Orange Juice,juice,4.0,False
2025-10-28,P051,Cranberry Juice,juice,4.0,False
2025-10-28,P052,Lime Juice,juice,8.098,False
2025-10-28,P053,Lemon Juice,juice,7.725,False
2025-10-28,P054,Sugar Syrup,cocktail_ingredient,8.362,False
2025-10-28,P055,Fresh Mint,cocktail_ingredient,7.063,False
2025-10-28,P056,Coffee Beans,cocktail_ingredient,3.718,False
2025-10-28,K001,Carlsberg 50L,draught_beer,4.037,False
2025-10-28,K002,Tuborg 50L,draught_beer,3.443,False
2025-10-28,K003,Carlsberg 30L,draught_beer,4.672,False
2025-10-28,K004,Malka 30L,draught_beer,3.962,False
2025-10-28,K005,Weihenstephan 30L,draught_beer,3.348,False
2025-10-29,P001,Carlsberg,beer,62.4,False
2025-10-29,P002,Heineken,beer,57.6,False
2025-10-29,P003,Corona,beer,59.2,False
2025-10-29,P004,Guinness,beer,23.6,False
2025-10-29,P005,Goldstar,beer,60.6,False
2025-10-29,P006,Maccabee,beer,34.0,False
2025-10-29,P007,Stella Artois,beer,40.4,False
2025-10-29,P008,Erdinger,beer,26.2,False
2025-10-29,P009,Bombay Sapphire,gin,10.423,False
2025-10-29,P010,Tanqueray,gin,13.772,False
2025-10-29,P011,Hendrick's,gin,9.686,False
2025-10-29,P012,Beefeater,gin,6.144,False
2025-10-29,P013,Gordon's,gin,17.364,False
2025-10-29,P014,Absolut,vodka,14.137,False
2025-10-29,P015,Finlandia,vodka,6.23,False
2025-10-29,P016,Grey Goose,vodka,9.909,False
2025-10-29,P017,Belvedere,vodka,7.087,False
2025-10-29,P018,Stolichnaya,vodka,5.716,False
2025-10-29,P019,Jameson,whiskey,10.046,False
2025-10-29,P020,Jack Daniel's,whiskey,10.611,False
2025-10-29,P021,Johnnie Walker Black,whiskey,9.566,False
2025-10-29,P022,Chivas Regal,whiskey,14.115,False
2025-10-29,P023,Maker's Mark,whiskey,6.23,False
2025-10-29,P024,Glenfiddich 12,whiskey,6.573,False
2025-10-29,P025,Bacardi Carta Blanca,rum,22.917,False
2025-10-29,P026,Havana Club 3,rum,13.429,False
2025-10-29,P027,Captain Morgan,rum,13.687,False
2025-10-29,P028,Diplomatico Reserva,rum,10.858,False
2025-10-29,P029,Jose Cuervo,tequila,4.529,False
2025-10-29,P030,Olmeca Blanco,tequila,6.573,False
2025-10-29,P031,Patron Silver,tequila,9.202,False
2025-10-29,P032,Don Julio Blanco,tequila,6.144,False
2025-10-29,P033,Aperol,aperitif,12.857,False
2025-10-29,P034,Campari,aperitif,10.029,False
2025-10-29,P035,Cointreau,liqueur,11.046,False
2025-10-29,P036,Kahlua,liqueur,14.063,False
2025-10-29,P037,Martini Rosso,vermouth,5.246,False
2025-10-29,P038,House Red Wine,wine,20.794,False
2025-10-29,P039,House White Wine,wine,18.252,False
2025-10-29,P040,Rose Wine,wine,7.4,False
2025-10-29,P041,Prosecco,wine,21.976,False
2025-10-29,P042,Chardonnay,wine,13.44,False
2025-10-29,P043,Coca-Cola,soft_drink,80.2,False
2025-10-29,P044,Coca-Cola Zero,soft_drink,35.6,False
2025-10-29,P045,Sprite,soft_drink,38.2,False
2025-10-29,P046,Tonic Water,soft_drink,74.82,False
2025-10-29,P047,Soda Water,soft_drink,40.42,False
2025-10-29,P048,Red Bull,soft_drink,33.8,False
2025-10-29,P049,Ginger Beer,soft_drink,15.2,False
2025-10-29,P050,Orange Juice,juice,4.0,False
2025-10-29,P051,Cranberry Juice,juice,4.0,False
2025-10-29,P052,Lime Juice,juice,7.073,False
2025-10-29,P053,Lemon Juice,juice,7.55,False
2025-10-29,P054,Sugar Syrup,cocktail_ingredient,7.907,False
2025-10-29,P055,Fresh Mint,cocktail_ingredient,6.856,False
2025-10-29,P056,Coffee Beans,cocktail_ingredient,3.619,False
2025-10-29,K001,Carlsberg 50L,draught_beer,4.497,False
2025-10-29,K002,Tuborg 50L,draught_beer,4.024,False
2025-10-29,K003,Carlsberg 30L,draught_beer,5.8,False
2025-10-29,K004,Malka 30L,draught_beer,5.559,False
2025-10-29,K005,Weihenstephan 30L,draught_beer,5.04,False
2025-10-30,P001,Carlsberg,beer,47.4,False
2025-10-30,P002,Heineken,beer,49.6,False
2025-10-30,P003,Corona,beer,50.2,False
2025-10-30,P004,Guinness,beer,17.6,False
2025-10-30,P005,Goldstar,beer,54.6,False
2025-10-30,P006,Maccabee,beer,29.0,False
2025-10-30,P007,Stella Artois,beer,33.4,False
2025-10-30,P008,Erdinger,beer,23.2,False
2025-10-30,P009,Bombay Sapphire,gin,10.08,False
2025-10-30,P010,Tanqueray,gin,13.429,False
2025-10-30,P011,Hendrick's,gin,7.928,False
2025-10-30,P012,Beefeater,gin,5.973,False
2025-10-30,P013,Gordon's,gin,15.787,False
2025-10-30,P014,Absolut,vodka,12.53,False
2025-10-30,P015,Finlandia,vodka,6.058,False
2025-10-30,P016,Grey Goose,vodka,9.481,False
2025-10-30,P017,Belvedere,vodka,6.916,False
2025-10-30,P018,Stolichnaya,vodka,5.544,False
2025-10-30,P019,Jameson,whiskey,9.274,False
2025-10-30,P020,Jack Daniel's,whiskey,9.84,False
2025-10-30,P021,Johnnie Walker Black,whiskey,9.137,False
2025-10-30,P022,Chivas Regal,whiskey,13.772,False
2025-10-30,P023,Maker's Mark,whiskey,6.059,False
2025-10-30,P024,Glenfiddich 12,whiskey,6.401,False
2025-10-30,P025,Bacardi Carta Blanca,rum,20.643,False
2025-10-30,P026,Havana Club 3,rum,13.172,False
2025-10-30,P027,Captain Morgan,rum,13.344,False
2025-10-30,P028,Diplomatico Reserva,rum,10.772,False
2025-10-30,P029,Jose Cuervo,tequila,4.032,False
2025-10-30,P030,Olmeca Blanco,tequila,6.316,False
2025-10-30,P031,Patron Silver,tequila,7.802,False
2025-10-30,P032,Don Julio Blanco,tequila,5.887,False
2025-10-30,P033,Aperol,aperitif,10.114,False
2025-10-30,P034,Campari,aperitif,9.3,False
2025-10-30,P035,Cointreau,liqueur,10.353,False
2025-10-30,P036,Kahlua,liqueur,13.378,False
2025-10-30,P037,Martini Rosso,vermouth,4.689,False
2025-10-30,P038,House Red Wine,wine,17.622,False
2025-10-30,P039,House White Wine,wine,15.324,False
2025-10-30,P040,Rose Wine,wine,6.6,False
2025-10-30,P041,Prosecco,wine,17.776,False
2025-10-30,P042,Chardonnay,wine,12.84,False
2025-10-30,P043,Coca-Cola,soft_drink,87.5,False
2025-10-30,P044,Coca-Cola Zero,soft_drink,49.6,False
2025-10-30,P045,Sprite,soft_drink,52.2,False
2025-10-30,P046,Tonic Water,soft_drink,63.82,False
2025-10-30,P047,Soda Water,soft_drink,54.46,False
2025-10-30,P048,Red Bull,soft_drink,48.8,False
2025-10-30,P049,Ginger Beer,soft_drink,37.2,False
2025-10-30,P050,Orange Juice,juice,4.0,False
2025-10-30,P051,Cranberry Juice,juice,4.0,False
2025-10-30,P052,Lime Juice,juice,12.143,False
2025-10-30,P053,Lemon Juice,juice,7.375,False
2025-10-30,P054,Sugar Syrup,cocktail_ingredient,7.487,False
2025-10-30,P055,Fresh Mint,cocktail_ingredient,6.694,False
2025-10-30,P056,Coffee Beans,cocktail_ingredient,3.484,False
2025-10-30,K001,Carlsberg 50L,draught_beer,3.66,False
2025-10-30,K002,Tuborg 50L,draught_beer,3.597,False
2025-10-30,K003,Carlsberg 30L,draught_beer,4.981,False
2025-10-30,K004,Malka 30L,draught_beer,4.754,False
2025-10-30,K005,Weihenstephan 30L,draught_beer,4.489,False
2025-10-31,P001,Carlsberg,beer,34.4,False
2025-10-31,P002,Heineken,beer,41.6,False
2025-10-31,P003,Corona,beer,43.2,False
2025-10-31,P004,Guinness,beer,13.6,False
2025-10-31,P005,Goldstar,beer,45.6,False
2025-10-31,P006,Maccabee,beer,23.0,False
2025-10-31,P007,Stella Artois,beer,25.4,False
2025-10-31,P008,Erdinger,beer,20.2,False
2025-10-31,P009,Bombay Sapphire,gin,9.737,False
2025-10-31,P010,Tanqueray,gin,13.172,False
2025-10-31,P011,Hendrick's,gin,7.157,False
2025-10-31,P012,Beefeater,gin,5.716,False
2025-10-31,P013,Gordon's,gin,14.279,False
2025-10-31,P014,Absolut,vodka,11.137,False
2025-10-31,P015,Finlandia,vodka,5.887,False
2025-10-31,P016,Grey Goose,vodka,9.052,False
2025-10-31,P017,Belvedere,vodka,6.744,False
2025-10-31,P018,Stolichnaya,vodka,5.373,False
2025-10-31,P019,Jameson,whiskey,8.503,False
2025-10-31,P020,Jack Daniel's,whiskey,9.325,False
2025-10-31,P021,Johnnie Walker Black,whiskey,8.623,False
2025-10-31,P022,Chivas Regal,whiskey,13.515,False
2025-10-31,P023,Maker's Mark,whiskey,5.887,False
2025-10-31,P024,Glenfiddich 12,whiskey,6.23,False
2025-10-31,P025,Bacardi Carta Blanca,rum,17.811,False
2025-10-31,P026,Havana Club 3,rum,12.915,False
2025-10-31,P027,Captain Morgan,rum,13.087,False
2025-10-31,P028,Diplomatico Reserva,rum,10.687,False
2025-10-31,P029,Jose Cuervo,tequila,15.693,False
2025-10-31,P030,Olmeca Blanco,tequila,6.058,False
2025-10-31,P031,Patron Silver,tequila,18.459,False
2025-10-31,P032,Don Julio Blanco,tequila,5.716,False
2025-10-31,P033,Aperol,aperitif,19.885,False
2025-10-31,P034,Campari,aperitif,8.443,False
2025-10-31,P035,Cointreau,liqueur,9.76,False
2025-10-31,P036,Kahlua,liqueur,12.863,False
2025-10-31,P037,Martini Rosso,vermouth,4.089,False
2025-10-31,P038,House Red Wine,wine,15.914,False
2025-10-31,P039,House White Wine,wine,24.884,False
2025-10-31,P040,Rose Wine,wine,29.8,False
2025-10-31,P041,Prosecco,wine,26.016,False
2025-10-31,P042,Chardonnay,wine,12.24,False
2025-10-31,P043,Coca-Cola,soft_drink,70.0,False
2025-10-31,P044,Coca-Cola Zero,soft_drink,39.6,False
2025-10-31,P045,Sprite,soft_drink,46.2,False
2025-10-31,P046,Tonic Water,soft_drink,53.52,False
2025-10-31,P047,Soda Water,soft_drink,44.08,False
2025-10-31,P048,Red Bull,soft_drink,40.8,False
2025-10-31,P049,Ginger Beer,soft_drink,34.2,False
2025-10-31,P050,Orange Juice,juice,4.0,False
2025-10-31,P051,Cranberry Juice,juice,4.0,False
2025-10-31,P052,Lime Juice,juice,11.098,False
2025-10-31,P053,Lemon Juice,juice,7.25,False
2025-10-31,P054,Sugar Syrup,cocktail_ingredient,6.992,False
2025-10-31,P055,Fresh Mint,cocktail_ingredient,6.469,False
2025-10-31,P056,Coffee Beans,cocktail_ingredient,3.376,False
2025-10-31,K001,Carlsberg 50L,draught_beer,3.193,False
2025-10-31,K002,Tuborg 50L,draught_beer,3.291,False
2025-10-31,K003,Carlsberg 30L,draught_beer,4.364,False
2025-10-31,K004,Malka 30L,draught_beer,4.15,False
2025-10-31,K005,Weihenstephan 30L,draught_beer,4.1,False
2025-11-01,P001,Carlsberg,beer,71.4,False
2025-11-01,P002,Heineken,beer,57.6,False
2025-11-01,P003,Corona,beer,60.2,False
2025-11-01,P004,Guinness,beer,33.6,False
2025-11-01,P005,Goldstar,beer,60.6,False
2025-11-01,P006,Maccabee,beer,43.0,False
2025-11-01,P007,Stella Artois,beer,43.4,False
2025-11-01,P008,Erdinger,beer,41.2,False
2025-11-01,P009,Bombay Sapphire,gin,9.394,False
2025-11-01,P010,Tanqueray,gin,13.001,False
2025-11-01,P011,Hendrick's,gin,6.428,False
2025-11-01,P012,Beefeater,gin,5.544,False
2025-11-01,P013,Gordon's,gin,12.301,False
2025-11-01,P014,Absolut,vodka,9.716,False
2025-11-01,P015,Finlandia,vodka,5.716,False
2025-11-01,P016,Grey Goose,vodka,8.623,False
2025-11-01,P017,Belvedere,vodka,6.573,False
2025-11-01,P018,Stolichnaya,vodka,5.201,False
2025-11-01,P019,Jameson,whiskey,7.903,False
2025-11-01,P020,Jack Daniel's,whiskey,8.726,False
2025-11-01,P021,Johnnie Walker Black,whiskey,8.194,False
2025-11-01,P022,Chivas Regal,whiskey,13.258,False
2025-11-01,P023,Maker's Mark,whiskey,5.716,False
2025-11-01,P024,Glenfiddich 12,whiskey,6.059,False
2025-11-01,P025,Bacardi Carta Blanca,rum,15.24,False
2025-11-01,P026,Havana Club 3,rum,12.572,False
2025-11-01,P027,Captain Morgan,rum,12.829,False
2025-11-01,P028,Diplomatico Reserva,rum,10.601,False
2025-11-01,P029,Jose Cuervo,tequila,15.039,False
2025-11-01,P030,Olmeca Blanco,tequila,5.801,False
2025-11-01,P031,Patron Silver,tequila,17.202,False
2025-11-01,P032,Don Julio Blanco,tequila,5.458,False
2025-11-01,P033,Aperol,aperitif,17.914,False
2025-11-01,P034,Campari,aperitif,7.714,False
2025-11-01,P035,Cointreau,liqueur,9.081,False
2025-11-01,P036,Kahlua,liqueur,12.206,False
2025-11-01,P037,Martini Rosso,vermouth,3.617,False
2025-11-01,P038,House Red Wine,wine,13.23,False
2025-11-01,P039,House White Wine,wine,20.492,False
2025-11-01,P040,Rose Wine,wine,28.8,False
2025-11-01,P041,Prosecco,wine,22.936,False
2025-11-01,P042,Chardonnay,wine,11.64,False
2025-11-01,P043,Coca-Cola,soft_drink,54.1,False
2025-11-01,P044,Coca-Cola Zero,soft_drink,27.6,False
2025-11-01,P045,Sprite,soft_drink,37.2,False
2025-11-01,P046,Tonic Water,soft_drink,43.32,False
2025-11-01,P047,Soda Water,soft_drink,34.3,False
2025-11-01,P048,Red Bull,soft_drink,32.8,False
2025-11-01,P049,Ginger Beer,soft_drink,30.2,False
2025-11-01,P050,Orange Juice,juice,4.0,False
2025-11-01,P051,Cranberry Juice,juice,4.0,False
2025-11-01,P052,Lime Juice,juice,10.128,False
2025-11-01,P053,Lemon Juice,juice,7.025,False
2025-11-01,P054,Sugar Syrup,cocktail_ingredient,6.522,False
2025-11-01,P055,Fresh Mint,cocktail_ingredient,6.271,False
2025-11-01,P056,Coffee Beans,cocktail_ingredient,3.25,False
2025-11-01,K001,Carlsberg 50L,draught_beer,4.758,False
2025-11-01,K002,Tuborg 50L,draught_beer,4.88,False
2025-11-01,K003,Carlsberg 30L,draught_beer,6.505,False
2025-11-01,K004,Malka 30L,draught_beer,5.251,False
2025-11-01,K005,Weihenstephan 30L,draught_beer,4.724,False
2025-11-02,P001,Carlsberg,beer,69.4,False
2025-11-02,P002,Heineken,beer,50.6,False
2025-11-02,P003,Corona,beer,56.2,False
2025-11-02,P004,Guinness,beer,30.6,False
2025-11-02,P005,Goldstar,beer,58.6,False
2025-11-02,P006,Maccabee,beer,41.0,False
2025-11-02,P007,Stella Artois,beer,39.4,False
2025-11-02,P008,Erdinger,beer,39.2,False
2025-11-02,P009,Bombay Sapphire,gin,9.223,False
2025-11-02,P010,Tanqueray,gin,12.915,False
2025-11-02,P011,Hendrick's,gin,6.214,False
2025-11-02,P012,Beefeater,gin,5.458,False
2025-11-02,P013,Gordon's,gin,10.933,False
2025-11-02,P014,Absolut,vodka,8.737,False
2025-11-02,P015,Finlandia,vodka,5.544,False
2025-11-02,P016,Grey Goose,vodka,8.366,False
2025-11-02,P017,Belvedere,vodka,6.402,False
2025-11-02,P018,Stolichnaya,vodka,5.116,False
2025-11-02,P019,Jameson,whiskey,7.217,False
2025-11-02,P020,Jack Daniel's,whiskey,8.468,False
2025-11-02,P021,Johnnie Walker Black,whiskey,8.108,False
2025-11-02,P022,Chivas Regal,whiskey,13.087,False
2025-11-02,P023,Maker's Mark,whiskey,5.63,False
2025-11-02,P024,Glenfiddich 12,whiskey,5.973,False
2025-11-02,P025,Bacardi Carta Blanca,rum,13.819,False
2025-11-02,P026,Havana Club 3,rum,12.401,False
2025-11-02,P027,Captain Morgan,rum,12.658,False
2025-11-02,P028,Diplomatico Reserva,rum,10.515,False
2025-11-02,P029,Jose Cuervo,tequila,14.961,False
2025-11-02,P030,Olmeca Blanco,tequila,5.716,False
2025-11-02,P031,Patron Silver,tequila,16.459,False
2025-11-02,P032,Don Julio Blanco,tequila,5.373,False
2025-11-02,P033,Aperol,aperitif,16.543,False
2025-11-02,P034,Campari,aperitif,7.414,False
2025-11-02,P035,Cointreau,liqueur,8.703,False
2025-11-02,P036,Kahlua,liqueur,11.921,False
2025-11-02,P037,Martini Rosso,vermouth,3.403,False
2025-11-02,P038,House Red Wine,wine,12.498,False
2025-11-02,P039,House White Wine,wine,19.516,False
2025-11-02,P040,Rose Wine,wine,28.4,False
2025-11-02,P041,Prosecco,wine,21.056,False
2025-11-02,P042,Chardonnay,wine,11.24,False
2025-11-02,P043,Coca-Cola,soft_drink,45.8,False
2025-11-02,P044,Coca-Cola Zero,soft_drink,21.6,False
2025-11-02,P045,Sprite,soft_drink,30.2,False
2025-11-02,P046,Tonic Water,soft_drink,38.32,False
2025-11-02,P047,Soda Water,soft_drink,30.9,False
2025-11-02,P048,Red Bull,soft_drink,29.8,False
2025-11-02,P049,Ginger Beer,soft_drink,30.2,False
2025-11-02,P050,Orange Juice,juice,4.0,False
2025-11-02,P051,Cranberry Juice,juice,4.0,False
2025-11-02,P052,Lime Juice,juice,9.563,False
2025-11-02,P053,Lemon Juice,juice,6.95,False
2025-11-02,P054,Sugar Syrup,cocktail_ingredient,6.257,False
2025-11-02,P055,Fresh Mint,cocktail_ingredient,6.154,False
2025-11-02,P056,Coffee Beans,cocktail_ingredient,3.187,False
2025-11-02,K001,Carlsberg 50L,draught_beer,4.315,False
2025-11-02,K002,Tuborg 50L,draught_beer,4.639,False
2025-11-02,K003,Carlsberg 30L,draught_beer,6.116,False
2025-11-02,K004,Malka 30L,draught_beer,4.916,False
2025-11-02,K005,Weihenstephan 30L,draught_beer,4.59,False
2025-11-03,P001,Carlsberg,beer,60.4,False
2025-11-03,P002,Heineken,beer,47.6,False
2025-11-03,P003,Corona,beer,56.2,False
2025-11-03,P004,Guinness,beer,29.6,False
2025-11-03,P005,Goldstar,beer,56.6,False
2025-11-03,P006,Maccabee,beer,36.0,False
2025-11-03,P007,Stella Artois,beer,35.4,False
2025-11-03,P008,Erdinger,beer,38.2,False
2025-11-03,P009,Bombay Sapphire,gin,9.052,False
2025-11-03,P010,Tanqueray,gin,12.829,False
2025-11-03,P011,Hendrick's,gin,6.0,False
2025-11-03,P012,Beefeater,gin,5.373,False
2025-11-03,P013,Gordon's,gin,10.0,False
2025-11-03,P014,Absolut,vodka,7.916,False
2025-11-03,P015,Finlandia,vodka,5.458,False
2025-11-03,P016,Grey Goose,vodka,8.195,False
2025-11-03,P017,Belvedere,vodka,6.316,False
2025-11-03,P018,Stolichnaya,vodka,5.03,False
2025-11-03,P019,Jameson,whiskey,6.617,False
2025-11-03,P020,Jack Daniel's,whiskey,8.126,False
2025-11-03,P021,Johnnie Walker Black,whiskey,7.851,False
2025-11-03,P022,Chivas Regal,whiskey,12.915,False
2025-11-03,P023,Maker's Mark,whiskey,5.63,False
2025-11-03,P024,Glenfiddich 12,whiskey,5.801,False
2025-11-03,P025,Bacardi Carta Blanca,rum,12.538,False
2025-11-03,P026,Havana Club 3,rum,12.229,False
2025-11-03,P027,Captain Morgan,rum,12.572,False
2025-11-03,P028,Diplomatico Reserva,rum,10.43,False
2025-11-03,P029,Jose Cuervo,tequila,14.725,False
2025-11-03,P030,Olmeca Blanco,tequila,5.63,False
2025-11-03,P031,Patron Silver,tequila,15.717,False
2025-11-03,P032,Don Julio Blanco,tequila,5.373,False
2025-11-03,P033,Aperol,aperitif,15.257,False
2025-11-03,P034,Campari,aperitif,7.114,False
2025-11-03,P035,Cointreau,liqueur,8.453,False
2025-11-03,P036,Kahlua,liqueur,11.606,False
2025-11-03,P037,Martini Rosso,vermouth,3.275,False
2025-11-03,P038,House Red Wine,wine,11.034,False
2025-11-03,P039,House White Wine,wine,18.54,False
2025-11-03,P040,Rose Wine,wine,27.8,False
2025-11-03,P041,Prosecco,wine,18.976,False
2025-11-03,P042,Chardonnay,wine,11.04,False
2025-11-03,P043,Coca-Cola,soft_drink,89.7,False
2025-11-03,P044,Coca-Cola Zero,soft_drink,66.6,False
2025-11-03,P045,Sprite,soft_drink,48.2,False
2025-11-03,P046,Tonic Water,soft_drink,54.92,False
2025-11-03,P047,Soda Water,soft_drink,50.62,False
2025-11-03,P048,Red Bull,soft_drink,49.8,False
2025-11-03,P049,Ginger Beer,soft_drink,28.2,False
2025-11-03,P050,Orange Juice,juice,4.0,False
2025-11-03,P051,Cranberry Juice,juice,4.0,False
2025-11-03,P052,Lime Juice,juice,9.023,False
2025-11-03,P053,Lemon Juice,juice,6.925,False
2025-11-03,P054,Sugar Syrup,cocktail_ingredient,5.997,False
2025-11-03,P055,Fresh Mint,cocktail_ingredient,6.046,False
2025-11-03,P056,Coffee Beans,cocktail_ingredient,3.115,False
2025-11-03,K001,Carlsberg 50L,draught_beer,4.211,False
2025-11-03,K002,Tuborg 50L,draught_beer,4.397,False
2025-11-03,K003,Carlsberg 30L,draught_beer,5.565,False
2025-11-03,K004,Malka 30L,draught_beer,4.688,False
2025-11-03,K005,Weihenstephan 30L,draught_beer,4.268,False
2025-11-04,P001,Carlsberg,beer,54.4,False
2025-11-04,P002,Heineken,beer,44.6,False
2025-11-04,P003,Corona,beer,53.2,False
2025-11-04,P004,Guinness,beer,27.6,False
2025-11-04,P005,Goldstar,beer,51.6,False
2025-11-04,P006,Maccabee,beer,33.0,False
2025-11-04,P007,Stella Artois,beer,34.4,False
2025-11-04,P008,Erdinger,beer,37.2,False
2025-11-04,P009,Bombay Sapphire,gin,8.88,False
2025-11-04,P010,Tanqueray,gin,12.743,False
2025-11-04,P011,Hendrick's,gin,5.743,False
2025-11-04,P012,Beefeater,gin,5.287,False
2025-11-04,P013,Gordon's,gin,21.155,False
2025-11-04,P014,Absolut,vodka,19.237,False
2025-11-04,P015,Finlandia,vodka,5.287,False
2025-11-04,P016,Grey Goose,vodka,8.024,False
2025-11-04,P017,Belvedere,vodka,6.144,False
2025-11-04,P018,Stolichnaya,vodka,4.944,False
2025-11-04,P019,Jameson,whiskey,18.617,False
2025-11-04,P020,Jack Daniel's,whiskey,7.697,False
2025-11-04,P021,Johnnie Walker Black,whiskey,7.68,False
2025-11-04,P022,Chivas Regal,whiskey,12.829,False
2025-11-04,P023,Maker's Mark,whiskey,5.544,False
2025-11-04,P024,Glenfiddich 12,whiskey,5.716,False
2025-11-04,P025,Bacardi Carta Blanca,rum,23.832,False
2025-11-04,P026,Havana Club 3,rum,12.144,False
2025-11-04,P027,Captain Morgan,rum,12.315,False
2025-11-04,P028,Diplomatico Reserva,rum,10.43,False
2025-11-04,P029,Jose Cuervo,tequila,14.385,False
2025-11-04,P030,Olmeca Blanco,tequila,5.544,False
2025-11-04,P031,Patron Silver,tequila,15.074,False
2025-11-04,P032,Don Julio Blanco,tequila,5.373,False
2025-11-04,P033,Aperol,aperitif,14.314,False
2025-11-04,P034,Campari,aperitif,6.771,False
2025-11-04,P035,Cointreau,liqueur,8.088,False
2025-11-04,P036,Kahlua,liqueur,11.406,False
2025-11-04,P037,Martini Rosso,vermouth,15.103,False
2025-11-04,P038,House Red Wine,wine,22.79,False
2025-11-04,P039,House White Wine,wine,18.54,False
2025-11-04,P040,Rose Wine,wine,27.4,False
2025-11-04,P041,Prosecco,wine,29.456,False
2025-11-04,P042,Chardonnay,wine,10.84,False
2025-11-04,P043,Coca-Cola,soft_drink,87.2,False
2025-11-04,P044,Coca-Cola Zero,soft_drink,61.6,False
2025-11-04,P045,Sprite,soft_drink,43.2,False
2025-11-04,P046,Tonic Water,soft_drink,48.82,False
2025-11-04,P047,Soda Water,soft_drink,46.6,False
2025-11-04,P048,Red Bull,soft_drink,48.8,False
2025-11-04,P049,Ginger Beer,soft_drink,27.2,False
2025-11-04,P050,Orange Juice,juice,4.0,False
2025-11-04,P051,Cranberry Juice,juice,4.0,False
2025-11-04,P052,Lime Juice,juice,8.678,False
2025-11-04,P053,Lemon Juice,juice,6.8,False
2025-11-04,P054,Sugar Syrup,cocktail_ingredient,5.912,False
2025-11-04,P055,Fresh Mint,cocktail_ingredient,6.019,False
2025-11-04,P056,Coffee Beans,cocktail_ingredient,3.079,False
2025-11-04,K001,Carlsberg 50L,draught_beer,4.034,False
2025-11-04,K002,Tuborg 50L,draught_beer,4.131,False
2025-11-04,K003,Carlsberg 30L,draught_beer,5.351,False
2025-11-04,K004,Malka 30L,draught_beer,4.54,False
2025-11-04,K005,Weihenstephan 30L,draught_beer,4.107,False
2025-11-05,P001,Carlsberg,beer,70.4,False
2025-11-05,P002,Heineken,beer,37.6,False
2025-11-05,P003,Corona,beer,48.2,False
2025-11-05,P004,Guinness,beer,23.6,False
2025-11-05,P005,Goldstar,beer,68.6,False
2025-11-05,P006,Maccabee,beer,52.0,False
2025-11-05,P007,Stella Artois,beer,53.4,False
2025-11-05,P008,Erdinger,beer,36.2,False
2025-11-05,P009,Bombay Sapphire,gin,8.537,False
2025-11-05,P010,Tanqueray,gin,12.572,False
2025-11-05,P011,Hendrick's,gin,5.314,False
2025-11-05,P012,Beefeater,gin,5.116,False
2025-11-05,P013,Gordon's,gin,19.743,False
2025-11-05,P014,Absolut,vodka,18.18,False
2025-11-05,P015,Finlandia,vodka,5.116,False
2025-11-05,P016,Grey Goose,vodka,7.681,False
2025-11-05,P017,Belvedere,vodka,5.973,False
2025-11-05,P018,Stolichnaya,vodka,4.773,False
2025-11-05,P019,Jameson,whiskey,18.017,False
2025-11-05,P020,Jack Daniel's,whiskey,7.183,False
2025-11-05,P021,Johnnie Walker Black,whiskey,7.423,False
2025-11-05,P022,Chivas Regal,whiskey,12.572,False
2025-11-05,P023,Maker's Mark,whiskey,5.373,False
2025-11-05,P024,Glenfiddich 12,whiskey,5.544,False
2025-11-05,P025,Bacardi Carta Blanca,rum,22.212,False
2025-11-05,P026,Havana Club 3,rum,11.887,False
2025-11-05,P027,Captain Morgan,rum,12.144,False
2025-11-05,P028,Diplomatico Reserva,rum,10.344,False
2025-11-05,P029,Jose Cuervo,tequila,14.072,False
2025-11-05,P030,Olmeca Blanco,tequila,5.373,False
2025-11-05,P031,Patron Silver,tequila,14.245,False
2025-11-05,P032,Don Julio Blanco,tequila,5.287,False
2025-11-05,P033,Aperol,aperitif,12.257,False
2025-11-05,P034,Campari,aperitif,6.171,False
2025-11-05,P035,Cointreau,liqueur,7.689,False
2025-11-05,P036,Kahlua,liqueur,11.006,False
2025-11-05,P037,Martini Rosso,vermouth,14.76,False
2025-11-05,P038,House Red Wine,wine,20.838,False
2025-11-05,P039,House White Wine,wine,16.1,False
2025-11-05,P040,Rose Wine,wine,26.6,False
2025-11-05,P041,Prosecco,wine,26.336,False
2025-11-05,P042,Chardonnay,wine,10.24,False
2025-11-05,P043,Coca-Cola,soft_drink,79.8,False
2025-11-05,P044,Coca-Cola Zero,soft_drink,53.6,False
2025-11-05,P045,Sprite,soft_drink,37.2,False
2025-11-05,P046,Tonic Water,soft_drink,40.12,False
2025-11-05,P047,Soda Water,soft_drink,37.54,False
2025-11-05,P048,Red Bull,soft_drink,40.8,False
2025-11-05,P049,Ginger Beer,soft_drink,25.2,False
2025-11-05,P050,Orange Juice,juice,4.0,False
2025-11-05,P051,Cranberry Juice,juice,4.0,False
2025-11-05,P052,Lime Juice,juice,8.063,False
2025-11-05,P053,Lemon Juice,juice,6.7,False
2025-11-05,P054,Sugar Syrup,cocktail_ingredient,5.607,False
2025-11-05,P055,Fresh Mint,cocktail_ingredient,5.884,False
2025-11-05,P056,Coffee Beans,cocktail_ingredient,3.007,False
2025-11-05,K001,Carlsberg 50L,draught_beer,3.752,False
2025-11-05,K002,Tuborg 50L,draught_beer,4.801,False
2025-11-05,K003,Carlsberg 30L,draught_beer,6.707,False
2025-11-05,K004,Malka 30L,draught_beer,5.07,False
2025-11-05,K005,Weihenstephan 30L,draught_beer,3.758,False
2025-11-06,P001,Carlsberg,beer,60.4,False
2025-11-06,P002,Heineken,beer,54.6,False
2025-11-06,P003,Corona,beer,40.2,False
2025-11-06,P004,Guinness,beer,20.6,False
2025-11-06,P005,Goldstar,beer,58.6,False
2025-11-06,P006,Maccabee,beer,48.0,False
2025-11-06,P007,Stella Artois,beer,48.4,False
2025-11-06,P008,Erdinger,beer,33.2,False
2025-11-06,P009,Bombay Sapphire,gin,8.194,False
2025-11-06,P010,Tanqueray,gin,12.315,False
2025-11-06,P011,Hendrick's,gin,4.8,False
2025-11-06,P012,Beefeater,gin,4.944,False
2025-11-06,P013,Gordon's,gin,18.488,False
2025-11-06,P014,Absolut,vodka,17.009,False
2025-11-06,P015,Finlandia,vodka,5.03,False
2025-11-06,P016,Grey Goose,vodka,7.509,False
2025-11-06,P017,Belvedere,vodka,5.802,False
2025-11-06,P018,Stolichnaya,vodka,4.687,False
2025-11-06,P019,Jameson,whiskey,17.417,False
2025-11-06,P020,Jack Daniel's,whiskey,6.754,False
2025-11-06,P021,Johnnie Walker Black,whiskey,7.166,False
2025-11-06,P022,Chivas Regal,whiskey,12.401,False
2025-11-06,P023,Maker's Mark,whiskey,5.202,False
2025-11-06,P024,Glenfiddich 12,whiskey,5.459,False
2025-11-06,P025,Bacardi Carta Blanca,rum,20.73,False
2025-11-06,P026,Havana Club 3,rum,11.63,False
2025-11-06,P027,Captain Morgan,rum,11.973,False
2025-11-06,P028,Diplomatico Reserva,rum,10.258,False
2025-11-06,P029,Jose Cuervo,tequila,13.758,False
2025-11-06,P030,Olmeca Blanco,tequila,5.287,False
2025-11-06,P031,Patron Silver,tequila,12.931,False
2025-11-06,P032,Don Julio Blanco,tequila,5.03,False
2025-11-06,P033,Aperol,aperitif,10.286,False
2025-11-06,P034,Campari,aperitif,5.829,False
2025-11-06,P035,Cointreau,liqueur,7.06,False
2025-11-06,P036,Kahlua,liqueur,10.635,False
2025-11-06,P037,Martini Rosso,vermouth,14.417,False
2025-11-06,P038,House Red Wine,wine,19.374,False
2025-11-06,P039,House White Wine,wine,14.392,False
2025-11-06,P040,Rose Wine,wine,25.8,False
2025-11-06,P041,Prosecco,wine,23.416,False
2025-11-06,P042,Chardonnay,wine,9.84,False
2025-11-06,P043,Coca-Cola,soft_drink,93.4,False
2025-11-06,P044,Coca-Cola Zero,soft_drink,69.6,False
2025-11-06,P045,Sprite,soft_drink,26.2,False
2025-11-06,P046,Tonic Water,soft_drink,57.32,False
2025-11-06,P047,Soda Water,soft_drink,53.96,False
2025-11-06,P048,Red Bull,soft_drink,33.8,False
2025-11-06,P049,Ginger Beer,soft_drink,22.2,False
2025-11-06,P050,Orange Juice,juice,4.0,False
2025-11-06,P051,Cranberry Juice,juice,4.0,False
2025-11-06,P052,Lime Juice,juice,7.308,False
2025-11-06,P053,Lemon Juice,juice,6.6,False
2025-11-06,P054,Sugar Syrup,cocktail_ingredient,5.342,False
2025-11-06,P055,Fresh Mint,cocktail_ingredient,5.785,False
2025-11-06,P056,Coffee Beans,cocktail_ingredient,2.917,False
2025-11-06,K001,Carlsberg 50L,draught_beer,4.293,False
2025-11-06,K002,Tuborg 50L,draught_beer,4.568,False
2025-11-06,K003,Carlsberg 30L,draught_beer,6.022,False
2025-11-06,K004,Malka 30L,draught_beer,4.641,False
2025-11-06,K005,Weihenstephan 30L,draught_beer,3.396,False
2025-11-07,P001,Carlsberg,beer,46.4,False
2025-11-07,P002,Heineken,beer,40.6,False
2025-11-07,P003,Corona,beer,30.2,False
2025-11-07,P004,Guinness,beer,16.6,False
2025-11-07,P005,Goldstar,beer,45.6,False
2025-11-07,P006,Maccabee,beer,41.0,False
2025-11-07,P007,Stella Artois,beer,40.4,False
2025-11-07,P008,Erdinger,beer,28.2,False
2025-11-07,P009,Bombay Sapphire,gin,7.766,False
2025-11-07,P010,Tanqueray,gin,11.886,False
2025-11-07,P011,Hendrick's,gin,16.028,False
2025-11-07,P012,Beefeater,gin,4.773,False
2025-11-07,P013,Gordon's,gin,16.353,False
2025-11-07,P014,Absolut,vodka,15.03,False
2025-11-07,P015,Finlandia,vodka,4.859,False
2025-11-07,P016,Grey Goose,vodka,7.252,False
2025-11-07,P017,Belvedere,vodka,5.545,False
2025-11-07,P018,Stolichnaya,vodka,4.43,False
2025-11-07,P019,Jameson,whiskey,16.56,False
2025-11-07,P020,Jack Daniel's,whiskey,6.068,False
2025-11-07,P021,Johnnie Walker Black,whiskey,6.737,False
2025-11-07,P022,Chivas Regal,whiskey,11.972,False
2025-11-07,P023,Maker's Mark,whiskey,5.03,False
2025-11-07,P024,Glenfiddich 12,whiskey,5.287,False
2025-11-07,P025,Bacardi Carta Blanca,rum,17.672,False
2025-11-07,P026,Havana Club 3,rum,11.287,False
2025-11-07,P027,Captain Morgan,rum,11.63,False
2025-11-07,P028,Diplomatico Reserva,rum,10.087,False
2025-11-07,P029,Jose Cuervo,tequila,13.157,False
2025-11-07,P030,Olmeca Blanco,tequila,5.116,False
2025-11-07,P031,Patron Silver,tequila,11.388,False
2025-11-07,P032,Don Julio Blanco,tequila,4.773,False
2025-11-07,P033,Aperol,aperitif,7.714,False
2025-11-07,P034,Campari,aperitif,4.971,False
2025-11-07,P035,Cointreau,liqueur,6.31,False
2025-11-07,P036,Kahlua,liqueur,9.978,False
2025-11-07,P037,Martini Rosso,vermouth,13.817,False
2025-11-07,P038,House Red Wine,wine,16.69,False
2025-11-07,P039,House White Wine,wine,23.464,False
2025-11-07,P040,Rose Wine,wine,24.8,False
2025-11-07,P041,Prosecco,wine,31.176,False
2025-11-07,P042,Chardonnay,wine,9.04,False
2025-11-07,P043,Coca-Cola,soft_drink,76.7,False
2025-11-07,P044,Coca-Cola Zero,soft_drink,60.6,False
2025-11-07,P045,Sprite,soft_drink,34.2,False
2025-11-07,P046,Tonic Water,soft_drink,45.12,False
2025-11-07,P047,Soda Water,soft_drink,44.1,False
2025-11-07,P048,Red Bull,soft_drink,24.8,False
2025-11-07,P049,Ginger Beer,soft_drink,19.2,False
2025-11-07,P050,Orange Juice,juice,4.0,False
2025-11-07,P051,Cranberry Juice,juice,4.0,False
2025-11-07,P052,Lime Juice,juice,6.093,False
2025-11-07,P053,Lemon Juice,juice,6.425,False
2025-11-07,P054,Sugar Syrup,cocktail_ingredient,4.767,False
2025-11-07,P055,Fresh Mint,cocktail_ingredient,5.542,False
2025-11-07,P056,Coffee Beans,cocktail_ingredient,2.764,False
2025-11-07,K001,Carlsberg 50L,draught_beer,3.705,False
2025-11-07,K002,Tuborg 50L,draught_beer,4.077,False
2025-11-07,K003,Carlsberg 30L,draught_beer,5.391,False
2025-11-07,K004,Malka 30L,draught_beer,3.903,False
2025-11-07,K005,Weihenstephan 30L,draught_beer,2.913,False
2025-11-08,P001,Carlsberg,beer,32.4,False
2025-11-08,P002,Heineken,beer,53.6,False
2025-11-08,P003,Corona,beer,44.2,False
2025-11-08,P004,Guinness,beer,58.6,False
2025-11-08,P005,Goldstar,beer,52.6,False
2025-11-08,P006,Maccabee,beer,34.0,False
2025-11-08,P007,Stella Artois,beer,30.4,False
2025-11-08,P008,Erdinger,beer,24.2,False
2025-11-08,P009,Bombay Sapphire,gin,7.252,False
2025-11-08,P010,Tanqueray,gin,11.629,False
2025-11-08,P011,Hendrick's,gin,15.171,False
2025-11-08,P012,Beefeater,gin,4.516,False
2025-11-08,P013,Gordon's,gin,14.175,False
2025-11-08,P014,Absolut,vodka,13.059,False
2025-11-08,P015,Finlandia,vodka,4.601,False
2025-11-08,P016,Grey Goose,vodka,6.738,False
2025-11-08,P017,Belvedere,vodka,5.287,False
2025-11-08,P018,Stolichnaya,vodka,4.173,False
2025-11-08,P019,Jameson,whiskey,15.703,False
2025-11-08,P020,Jack Daniel's,whiskey,5.125,False
2025-11-08,P021,Johnnie Walker Black,whiskey,6.394,False
2025-11-08,P022,Chivas Regal,whiskey,11.63,False
2025-11-08,P023,Maker's Mark,whiskey,4.859,False
2025-11-08,P024,Glenfiddich 12,whiskey,5.03,False
2025-11-08,P025,Bacardi Carta Blanca,rum,14.691,False
2025-11-08,P026,Havana Club 3,rum,11.03,False
2025-11-08,P027,Captain Morgan,rum,11.201,False
2025-11-08,P028,Diplomatico Reserva,rum,9.915,False
2025-11-08,P029,Jose Cuervo,tequila,12.529,False
2025-11-08,P030,Olmeca Blanco,tequila,4.859,False
2025-11-08,P031,Patron Silver,tequila,9.759,False
2025-11-08,P032,Don Julio Blanco,tequila,4.516,False
2025-11-08,P033,Aperol,aperitif,16.457,False
2025-11-08,P034,Campari,aperitif,4.114,False
2025-11-08,P035,Cointreau,liqueur,5.538,False
2025-11-08,P036,Kahlua,liqueur,9.206,False
2025-11-08,P037,Martini Rosso,vermouth,13.217,False
2025-11-08,P038,House Red Wine,wine,13.518,False
2025-11-08,P039,House White Wine,wine,20.292,False
2025-11-08,P040,Rose Wine,wine,23.4,False
2025-11-08,P041,Prosecco,wine,25.776,False
2025-11-08,P042,Chardonnay,wine,8.04,False
2025-11-08,P043,Coca-Cola,soft_drink,58.9,False
2025-11-08,P044,Coca-Cola Zero,soft_drink,50.6,False
2025-11-08,P045,Sprite,soft_drink,25.2,False
2025-11-08,P046,Tonic Water,soft_drink,33.22,False
2025-11-08,P047,Soda Water,soft_drink,30.76,False
2025-11-08,P048,Red Bull,soft_drink,40.8,False
2025-11-08,P049,Ginger Beer,soft_drink,15.2,False
2025-11-08,P050,Orange Juice,juice,4.0,False
2025-11-08,P051,Cranberry Juice,juice,4.0,False
2025-11-08,P052,Lime Juice,juice,4.878,False
2025-11-08,P053,Lemon Juice,juice,6.225,False
2025-11-08,P054,Sugar Syrup,cocktail_ingredient,4.182,False
2025-11-08,P055,Fresh Mint,cocktail_ingredient,5.299,False
2025-11-08,P056,Coffee Beans,cocktail_ingredient,2.602,False
2025-11-08,K001,Carlsberg 50L,draught_beer,5.029,False
2025-11-08,K002,Tuborg 50L,draught_beer,4.505,False
2025-11-08,K003,Carlsberg 30L,draught_beer,6.412,False
2025-11-08,K004,Malka 30L,draught_beer,5.258,False
2025-11-08,K005,Weihenstephan 30L,draught_beer,5.255,False
2025-11-09,P001,Carlsberg,beer,44.4,False
2025-11-09,P002,Heineken,beer,45.6,False
2025-11-09,P003,Corona,beer,37.2,False
2025-11-09,P004,Guinness,beer,55.6,False
2025-11-09,P005,Goldstar,beer,45.6,False
2025-11-09,P006,Maccabee,beer,30.0,False
2025-11-09,P007,Stella Artois,beer,24.4,False
2025-11-09,P008,Erdinger,beer,21.2,False
2025-11-09,P009,Bombay Sapphire,gin,6.909,False
2025-11-09,P010,Tanqueray,gin,11.372,False
2025-11-09,P011,Hendrick's,gin,14.657,False
2025-11-09,P012,Beefeater,gin,4.43,False
2025-11-09,P013,Gordon's,gin,12.946,False
2025-11-09,P014,Absolut,vodka,11.923,False
2025-11-09,P015,Finlandia,vodka,4.516,False
2025-11-09,P016,Grey Goose,vodka,6.481,False
2025-11-09,P017,Belvedere,vodka,5.116,False
2025-11-09,P018,Stolichnaya,vodka,4.087,False
2025-11-09,P019,Jameson,whiskey,15.103,False
2025-11-09,P020,Jack Daniel's,whiskey,4.44,False
2025-11-09,P021,Johnnie Walker Black,whiskey,6.051,False
2025-11-09,P022,Chivas Regal,whiskey,11.458,False
2025-11-09,P023,Maker's Mark,whiskey,4.687,False
2025-11-09,P024,Glenfiddich 12,whiskey,4.859,False
2025-11-09,P025,Bacardi Carta Blanca,rum,12.434,False
2025-11-09,P026,Havana Club 3,rum,10.858,False
2025-11-09,P027,Captain Morgan,rum,10.944,False
2025-11-09,P028,Diplomatico Reserva,rum,9.915,False
2025-11-09,P029,Jose Cuervo,tequila,12.189,False
2025-11-09,P030,Olmeca Blanco,tequila,4.687,False
2025-11-09,P031,Patron Silver,tequila,8.716,False
2025-11-09,P032,Don Julio Blanco,tequila,4.43,False
2025-11-09,P033,Aperol,aperitif,14.657,False
2025-11-09,P034,Campari,aperitif,3.6,False
2025-11-09,P035,Cointreau,liqueur,5.117,False
2025-11-09,P036,Kahlua,liqueur,8.692,False
2025-11-09,P037,Martini Rosso,vermouth,12.789,False
2025-11-09,P038,House Red Wine,wine,12.054,False
2025-11-09,P039,House White Wine,wine,17.852,False
2025-11-09,P040,Rose Wine,wine,23.0,False
2025-11-09,P041,Prosecco,wine,23.016,False
2025-11-09,P042,Chardonnay,wine,7.24,False
2025-11-09,P043,Coca-Cola,soft_drink,45.4,False
2025-11-09,P044,Coca-Cola Zero,soft_drink,43.6,False
2025-11-09,P045,Sprite,soft_drink,17.2,False
2025-11-09,P046,Tonic Water,soft_drink,24.52,False
2025-11-09,P047,Soda Water,soft_drink,23.04,False
2025-11-09,P048,Red Bull,soft_drink,34.8,False
2025-11-09,P049,Ginger Beer,soft_drink,12.2,False
2025-11-09,P050,Orange Juice,juice,4.0,False
2025-11-09,P051,Cranberry Juice,juice,4.0,False
2025-11-09,P052,Lime Juice,juice,3.998,False
2025-11-09,P053,Lemon Juice,juice,6.1,False
2025-11-09,P054,Sugar Syrup,cocktail_ingredient,3.732,False
2025-11-09,P055,Fresh Mint,cocktail_ingredient,5.101,False
2025-11-09,P056,Coffee Beans,cocktail_ingredient,2.494,False
2025-11-09,K001,Carlsberg 50L,draught_beer,4.489,False
2025-11-09,K002,Tuborg 50L,draught_beer,4.247,False
2025-11-09,K003,Carlsberg 30L,draught_beer,5.915,False
2025-11-09,K004,Malka 30L,draught_beer,4.748,False
2025-11-09,K005,Weihenstephan 30L,draught_beer,4.893,False
2025-11-10,P001,Carlsberg,beer,37.4,False
2025-11-10,P002,Heineken,beer,40.6,False
2025-11-10,P003,Corona,beer,31.2,False
2025-11-10,P004,Guinness,beer,54.6,False
2025-11-10,P005,Goldstar,beer,39.6,False
2025-11-10,P006,Maccabee,beer,27.0,False
2025-11-10,P007,Stella Artois,beer,21.4,False
2025-11-10,P008,Erdinger,beer,20.2,False
2025-11-10,P009,Bombay Sapphire,gin,6.737,False
2025-11-10,P010,Tanqueray,gin,11.201,False
2025-11-10,P011,Hendrick's,gin,14.4,False
2025-11-10,P012,Beefeater,gin,4.344,False
2025-11-10,P013,Gordon's,gin,12.275,False
2025-11-10,P014,Absolut,vodka,11.358,False
2025-11-10,P015,Finlandia,vodka,4.43,False
2025-11-10,P016,Grey Goose,vodka,6.395,False
2025-11-10,P017,Belvedere,vodka,5.03,False
2025-11-10,P018,Stolichnaya,vodka,4.002,False
2025-11-10,P019,Jameson,whiskey,15.017,False
2025-11-10,P020,Jack Daniel's,whiskey,4.183,False
2025-11-10,P021,Johnnie Walker Black,whiskey,5.794,False
2025-11-10,P022,Chivas Regal,whiskey,11.372,False
2025-11-10,P023,Maker's Mark,whiskey,4.602,False
2025-11-10,P024,Glenfiddich 12,whiskey,4.773,False
2025-11-10,P025,Bacardi Carta Blanca,rum,11.519,False
2025-11-10,P026,Havana Club 3,rum,10.687,False
2025-11-10,P027,Captain Morgan,rum,10.858,False
2025-11-10,P028,Diplomatico Reserva,rum,9.83,False
2025-11-10,P029,Jose Cuervo,tequila,11.954,False
2025-11-10,P030,Olmeca Blanco,tequila,4.601,False
2025-11-10,P031,Patron Silver,tequila,8.274,False
2025-11-10,P032,Don Julio Blanco,tequila,4.259,False
2025-11-10,P033,Aperol,aperitif,13.8,False
2025-11-10,P034,Campari,aperitif,3.429,False
2025-11-10,P035,Cointreau,liqueur,4.953,False
2025-11-10,P036,Kahlua,liqueur,8.463,False
2025-11-10,P037,Martini Rosso,vermouth,12.617,False
2025-11-10,P038,House Red Wine,wine,11.078,False
2025-11-10,P039,House White Wine,wine,16.632,False
2025-11-10,P040,Rose Wine,wine,22.6,False
2025-11-10,P041,Prosecco,wine,21.336,False
2025-11-10,P042,Chardonnay,wine,6.84,False
2025-11-10,P043,Coca-Cola,soft_drink,81.3,False
2025-11-10,P044,Coca-Cola Zero,soft_drink,63.6,False
2025-11-10,P045,Sprite,soft_drink,60.2,False
2025-11-10,P046,Tonic Water,soft_drink,69.02,False
2025-11-10,P047,Soda Water,soft_drink,67.42,False
2025-11-10,P048,Red Bull,soft_drink,55.8,False
2025-11-10,P049,Ginger Beer,soft_drink,35.2,False
2025-11-10,P050,Orange Juice,juice,4.0,False
2025-11-10,P051,Cranberry Juice,juice,4.0,False
2025-11-10,P052,Lime Juice,juice,3.623,False
2025-11-10,P053,Lemon Juice,juice,6.075,False
2025-11-10,P054,Sugar Syrup,cocktail_ingredient,9.547,False
2025-11-10,P055,Fresh Mint,cocktail_ingredient,5.02,False
2025-11-10,P056,Coffee Beans,cocktail_ingredient,8.449,False
2025-11-10,K001,Carlsberg 50L,draught_beer,4.263,False
2025-11-10,K002,Tuborg 50L,draught_beer,3.982,False
2025-11-10,K003,Carlsberg 30L,draught_beer,5.258,False
2025-11-10,K004,Malka 30L,draught_beer,4.426,False
2025-11-10,K005,Weihenstephan 30L,draught_beer,4.732,False
2025-11-11,P001,Carlsberg,beer,31.4,False
2025-11-11,P002,Heineken,beer,34.6,False
2025-11-11,P003,Corona,beer,27.2,False
2025-11-11,P004,Guinness,beer,52.6,False
2025-11-11,P005,Goldstar,beer,37.6,False
2025-11-11,P006,Maccabee,beer,24.0,False
2025-11-11,P007,Stella Artois,beer,17.4,False
2025-11-11,P008,Erdinger,beer,19.2,False
2025-11-11,P009,Bombay Sapphire,gin,6.566,False
2025-11-11,P010,Tanqueray,gin,11.029,False
2025-11-11,P011,Hendrick's,gin,14.057,False
2025-11-11,P012,Beefeater,gin,4.259,False
2025-11-11,P013,Gordon's,gin,11.447,False
2025-11-11,P014,Absolut,vodka,10.608,False
2025-11-11,P015,Finlandia,vodka,4.259,False
2025-11-11,P016,Grey Goose,vodka,6.224,False
2025-11-11,P017,Belvedere,vodka,4.859,False
2025-11-11,P018,Stolichnaya,vodka,3.916,False
2025-11-11,P019,Jameson,whiskey,14.76,False
2025-11-11,P020,Jack Daniel's,whiskey,15.84,False
2025-11-11,P021,Johnnie Walker Black,whiskey,5.623,False
2025-11-11,P022,Chivas Regal,whiskey,11.287,False
2025-11-11,P023,Maker's Mark,whiskey,4.43,False
2025-11-11,P024,Glenfiddich 12,whiskey,4.773,False
2025-11-11,P025,Bacardi Carta Blanca,rum,22.099,False
2025-11-11,P026,Havana Club 3,rum,10.515,False
2025-11-11,P027,Captain Morgan,rum,10.601,False
2025-11-11,P028,Diplomatico Reserva,rum,9.83,False
2025-11-11,P029,Jose Cuervo,tequila,11.666,False
2025-11-11,P030,Olmeca Blanco,tequila,4.516,False
2025-11-11,P031,Patron Silver,tequila,7.616,False
2025-11-11,P032,Don Julio Blanco,tequila,4.173,False
2025-11-11,P033,Aperol,aperitif,24.686,False
2025-11-11,P034,Campari,aperitif,15.172,False
2025-11-11,P035,Cointreau,liqueur,4.574,False
2025-11-11,P036,Kahlua,liqueur,8.206,False
2025-11-11,P037,Martini Rosso,vermouth,12.446,False
2025-11-11,P038,House Red Wine,wine,21.858,False
2025-11-11,P039,House White Wine,wine,15.168,False
2025-11-11,P040,Rose Wine,wine,22.0,False
2025-11-11,P041,Prosecco,wine,31.616,False
2025-11-11,P042,Chardonnay,wine,6.64,False
2025-11-11,P043,Coca-Cola,soft_drink,75.0,False
2025-11-11,P044,Coca-Cola Zero,soft_drink,58.6,False
2025-11-11,P045,Sprite,soft_drink,55.2,False
2025-11-11,P046,Tonic Water,soft_drink,62.52,False
2025-11-11,P047,Soda Water,soft_drink,61.2,False
2025-11-11,P048,Red Bull,soft_drink,53.8,False
2025-11-11,P049,Ginger Beer,soft_drink,34.2,False
2025-11-11,P050,Orange Juice,juice,4.0,False
2025-11-11,P051,Cranberry Juice,juice,4.0,False
2025-11-11,P052,Lime Juice,juice,9.058,False
2025-11-11,P053,Lemon Juice,juice,6.0,False
2025-11-11,P054,Sugar Syrup,cocktail_ingredient,9.292,False
2025-11-11,P055,Fresh Mint,cocktail_ingredient,4.903,False
2025-11-11,P056,Coffee Beans,cocktail_ingredient,8.395,False
2025-11-11,K001,Carlsberg 50L,draught_beer,4.094,False
2025-11-11,K002,Tuborg 50L,draught_beer,3.804,False
2025-11-11,K003,Carlsberg 30L,draught_beer,4.949,False
2025-11-11,K004,Malka 30L,draught_beer,4.051,False
2025-11-11,K005,Weihenstephan 30L,draught_beer,4.396,False
2025-11-12,P001,Carlsberg,beer,69.4,False
2025-11-12,P002,Heineken,beer,49.6,False
2025-11-12,P003,Corona,beer,69.2,False
2025-11-12,P004,Guinness,beer,48.6,False
2025-11-12,P005,Goldstar,beer,54.6,False
2025-11-12,P006,Maccabee,beer,44.0,False
2025-11-12,P007,Stella Artois,beer,34.4,False
2025-11-12,P008,Erdinger,beer,40.2,False
2025-11-12,P009,Bombay Sapphire,gin,6.137,False
2025-11-12,P010,Tanqueray,gin,10.772,False
2025-11-12,P011,Hendrick's,gin,13.414,False
2025-11-12,P012,Beefeater,gin,4.087,False
2025-11-12,P013,Gordon's,gin,10.001,False
2025-11-12,P014,Absolut,vodka,9.394,False
2025-11-12,P015,Finlandia,vodka,4.173,False
2025-11-12,P016,Grey Goose,vodka,5.966,False
2025-11-12,P017,Belvedere,vodka,4.773,False
2025-11-12,P018,Stolichnaya,vodka,3.744,False
2025-11-12,P019,Jameson,whiskey,14.16,False
2025-11-12,P020,Jack Daniel's,whiskey,15.411,False
2025-11-12,P021,Johnnie Walker Black,whiskey,5.366,False
2025-11-12,P022,Chivas Regal,whiskey,11.115,False
2025-11-12,P023,Maker's Mark,whiskey,4.259,False
2025-11-12,P024,Glenfiddich 12,whiskey,4.602,False
2025-11-12,P025,Bacardi Carta Blanca,rum,19.798,False
2025-11-12,P026,Havana Club 3,rum,10.258,False
2025-11-12,P027,Captain Morgan,rum,10.344,False
2025-11-12,P028,Diplomatico Reserva,rum,9.744,False
2025-11-12,P029,Jose Cuervo,tequila,11.3,False
2025-11-12,P030,Olmeca Blanco,tequila,4.344,False
2025-11-12,P031,Patron Silver,tequila,18.531,False
2025-11-12,P032,Don Julio Blanco,tequila,4.002,False
2025-11-12,P033,Aperol,aperitif,22.543,False
2025-11-12,P034,Campari,aperitif,14.614,False
2025-11-12,P035,Cointreau,liqueur,3.96,False
2025-11-12,P036,Kahlua,liqueur,7.749,False
2025-11-12,P037,Martini Rosso,vermouth,11.975,False
2025-11-12,P038,House Red Wine,wine,20.394,False
2025-11-12,P039,House White Wine,wine,25.216,False
2025-11-12,P040,Rose Wine,wine,21.2,False
2025-11-12,P041,Prosecco,wine,28.176,False
2025-11-12,P042,Chardonnay,wine,6.04,False
2025-11-12,P043,Coca-Cola,soft_drink,65.4,False
2025-11-12,P044,Coca-Cola Zero,soft_drink,49.6,False
2025-11-12,P045,Sprite,soft_drink,46.2,False
2025-11-12,P046,Tonic Water,soft_drink,52.52,False
2025-11-12,P047,Soda Water,soft_drink,51.36,False
2025-11-12,P048,Red Bull,soft_drink,47.8,False
2025-11-12,P049,Ginger Beer,soft_drink,32.2,False
2025-11-12,P050,Orange Juice,juice,4.0,False
2025-11-12,P051,Cranberry Juice,juice,4.0,False
2025-11-12,P052,Lime Juice,juice,8.113,False
2025-11-12,P053,Lemon Juice,juice,5.85,False
2025-11-12,P054,Sugar Syrup,cocktail_ingredient,8.877,False
2025-11-12,P055,Fresh Mint,cocktail_ingredient,4.714,False
2025-11-12,P056,Coffee Beans,cocktail_ingredient,8.305,False
2025-11-12,K001,Carlsberg 50L,draught_beer,4.676,False
2025-11-12,K002,Tuborg 50L,draught_beer,4.482,False
2025-11-12,K003,Carlsberg 30L,draught_beer,6.157,False
2025-11-12,K004,Malka 30L,draught_beer,5.621,False
2025-11-12,K005,Weihenstephan 30L,draught_beer,3.927,False
2025-11-13,P001,Carlsberg,beer,57.4,False
2025-11-13,P002,Heineken,beer,42.6,False
2025-11-13,P003,Corona,beer,59.2,False
2025-11-13,P004,Guinness,beer,45.6,False
2025-11-13,P005,Goldstar,beer,48.6,False
2025-11-13,P006,Maccabee,beer,39.0,False
2025-11-13,P007,Stella Artois,beer,28.4,False
2025-11-13,P008,Erdinger,beer,37.2,False
2025-11-13,P009,Bombay Sapphire,gin,5.794,False
2025-11-13,P010,Tanqueray,gin,10.515,False
2025-11-13,P011,Hendrick's,gin,12.9,False
2025-11-13,P012,Beefeater,gin,3.916,False
2025-11-13,P013,Gordon's,gin,8.667,False
2025-11-13,P014,Absolut,vodka,8.173,False
2025-11-13,P015,Finlandia,vodka,4.002,False
2025-11-13,P016,Grey Goose,vodka,5.624,False
2025-11-13,P017,Belvedere,vodka,4.602,False
2025-11-13,P018,Stolichnaya,vodka,3.659,False
2025-11-13,P019,Jameson,whiskey,13.475,False
2025-11-13,P020,Jack Daniel's,whiskey,14.982,False
2025-11-13,P021,Johnnie Walker Black,whiskey,5.023,False
2025-11-13,P022,Chivas Regal,whiskey,10.944,False
2025-11-13,P023,Maker's Mark,whiskey,4.088,False
2025-11-13,P024,Glenfiddich 12,whiskey,4.43,False
2025-11-13,P025,Bacardi Carta Blanca,rum,17.506,False
2025-11-13,P026,Havana Club 3,rum,10.087,False
2025-11-13,P027,Captain Morgan,rum,10.001,False
2025-11-13,P028,Diplomatico Reserva,rum,9.658,False
2025-11-13,P029,Jose Cuervo,tequila,10.856,False
2025-11-13,P030,Olmeca Blanco,tequila,4.173,False
2025-11-13,P031,Patron Silver,tequila,17.716,False
2025-11-13,P032,Don Julio Blanco,tequila,3.83,False
2025-11-13,P033,Aperol,aperitif,21.343,False
2025-11-13,P034,Campari,aperitif,13.929,False
2025-11-13,P035,Cointreau,liqueur,3.51,False
2025-11-13,P036,Kahlua,liqueur,7.235,False
2025-11-13,P037,Martini Rosso,vermouth,11.546,False
2025-11-13,P038,House Red Wine,wine,18.198,False
2025-11-13,P039,House White Wine,wine,23.508,False
2025-11-13,P040,Rose Wine,wine,20.4,False
2025-11-13,P041,Prosecco,wine,26.256,False
2025-11-13,P042,Chardonnay,wine,5.64,False
2025-11-13,P043,Coca-Cola,soft_drink,100.9,False
2025-11-13,P044,Coca-Cola Zero,soft_drink,63.6,False
2025-11-13,P045,Sprite,soft_drink,65.2,False
2025-11-13,P046,Tonic Water,soft_drink,70.82,False
2025-11-13,P047,Soda Water,soft_drink,42.3,False
2025-11-13,P048,Red Bull,soft_drink,41.8,False
2025-11-13,P049,Ginger Beer,soft_drink,29.2,False
2025-11-13,P050,Orange Juice,juice,4.0,False
2025-11-13,P051,Cranberry Juice,juice,4.0,False
2025-11-13,P052,Lime Juice,juice,7.343,False
2025-11-13,P053,Lemon Juice,juice,5.725,False
2025-11-13,P054,Sugar Syrup,cocktail_ingredient,8.457,False
2025-11-13,P055,Fresh Mint,cocktail_ingredient,4.534,False
2025-11-13,P056,Coffee Beans,cocktail_ingredient,8.197,False
2025-11-13,K001,Carlsberg 50L,draught_beer,4.176,False
2025-11-13,K002,Tuborg 50L,draught_beer,4.12,False
2025-11-13,K003,Carlsberg 30L,draught_beer,5.567,False
2025-11-13,K004,Malka 30L,draught_beer,5.084,False
2025-11-13,K005,Weihenstephan 30L,draught_beer,4.444,False
2025-11-14,P001,Carlsberg,beer,38.4,False
2025-11-14,P002,Heineken,beer,25.6,False
2025-11-14,P003,Corona,beer,46.2,False
2025-11-14,P004,Guinness,beer,37.6,False
2025-11-14,P005,Goldstar,beer,28.6,False
2025-11-14,P006,Maccabee,beer,30.0,False
2025-11-14,P007,Stella Artois,beer,20.4,False
2025-11-14,P008,Erdinger,beer,32.2,False
2025-11-14,P009,Bombay Sapphire,gin,5.28,False
2025-11-14,P010,Tanqueray,gin,10.001,False
2025-11-14,P011,Hendrick's,gin,11.871,False
2025-11-14,P012,Beefeater,gin,3.659,False
2025-11-14,P013,Gordon's,gin,6.053,False
2025-11-14,P014,Absolut,vodka,6.144,False
2025-11-14,P015,Finlandia,vodka,3.659,False
2025-11-14,P016,Grey Goose,vodka,5.024,False
2025-11-14,P017,Belvedere,vodka,4.345,False
2025-11-14,P018,Stolichnaya,vodka,3.402,False
2025-11-14,P019,Jameson,whiskey,12.446,False
2025-11-14,P020,Jack Daniel's,whiskey,13.927,False
2025-11-14,P021,Johnnie Walker Black,whiskey,4.508,False
2025-11-14,P022,Chivas Regal,whiskey,10.515,False
2025-11-14,P023,Maker's Mark,whiskey,3.83,False
2025-11-14,P024,Glenfiddich 12,whiskey,4.173,False
2025-11-14,P025,Bacardi Carta Blanca,rum,14.055,False
2025-11-14,P026,Havana Club 3,rum,9.572,False
2025-11-14,P027,Captain Morgan,rum,9.658,False
2025-11-14,P028,Diplomatico Reserva,rum,9.487,False
2025-11-14,P029,Jose Cuervo,tequila,10.124,False
2025-11-14,P030,Olmeca Blanco,tequila,3.916,False
2025-11-14,P031,Patron Silver,tequila,15.645,False
2025-11-14,P032,Don Julio Blanco,tequila,3.573,False
2025-11-14,P033,Aperol,aperitif,17.743,False
2025-11-14,P034,Campari,aperitif,12.9,False
2025-11-14,P035,Cointreau,liqueur,14.596,False
2025-11-14,P036,Kahlua,liqueur,6.435,False
2025-11-14,P037,Martini Rosso,vermouth,10.774,False
2025-11-14,P038,House Red Wine,wine,15.026,False
2025-11-14,P039,House White Wine,wine,19.36,False
2025-11-14,P040,Rose Wine,wine,18.8,False
2025-11-14,P041,Prosecco,wine,20.216,False
2025-11-14,P042,Chardonnay,wine,16.64,False
2025-11-14,P043,Coca-Cola,soft_drink,80.1,False
2025-11-14,P044,Coca-Cola Zero,soft_drink,46.6,False
2025-11-14,P045,Sprite,soft_drink,54.2,False
2025-11-14,P046,Tonic Water,soft_drink,55.42,False
2025-11-14,P047,Soda Water,soft_drink,52.48,False
2025-11-14,P048,Red Bull,soft_drink,28.8,False
2025-11-14,P049,Ginger Beer,soft_drink,25.2,False
2025-11-14,P050,Orange Juice,juice,4.0,False
2025-11-14,P051,Cranberry Juice,juice,4.0,False
2025-11-14,P052,Lime Juice,juice,5.903,False
2025-11-14,P053,Lemon Juice,juice,5.525,False
2025-11-14,P054,Sugar Syrup,cocktail_ingredient,7.847,False
2025-11-14,P055,Fresh Mint,cocktail_ingredient,4.264,False
2025-11-14,P056,Coffee Beans,cocktail_ingredient,8.053,False
2025-11-14,K001,Carlsberg 50L,draught_beer,3.283,False
2025-11-14,K002,Tuborg 50L,draught_beer,3.492,False
2025-11-14,K003,Carlsberg 30L,draught_beer,4.493,False
2025-11-14,K004,Malka 30L,draught_beer,4.118,False
2025-11-14,K005,Weihenstephan 30L,draught_beer,3.826,False
2025-11-15,P001,Carlsberg,beer,73.4,False
2025-11-15,P002,Heineken,beer,66.6,False
2025-11-15,P003,Corona,beer,60.2,False
2025-11-15,P004,Guinness,beer,33.6,False
2025-11-15,P005,Goldstar,beer,69.6,False
2025-11-15,P006,Maccabee,beer,49.0,False
2025-11-15,P007,Stella Artois,beer,38.4,False
2025-11-15,P008,Erdinger,beer,28.2,False
2025-11-15,P009,Bombay Sapphire,gin,4.937,False
2025-11-15,P010,Tanqueray,gin,9.744,False
2025-11-15,P011,Hendrick's,gin,11.228,False
2025-11-15,P012,Beefeater,gin,3.487,False
2025-11-15,P013,Gordon's,gin,4.528,False
2025-11-15,P014,Absolut,vodka,16.608,False
2025-11-15,P015,Finlandia,vodka,3.487,False
2025-11-15,P016,Grey Goose,vodka,4.766,False
2025-11-15,P017,Belvedere,vodka,4.173,False
2025-11-15,P018,Stolichnaya,vodka,3.145,False
2025-11-15,P019,Jameson,whiskey,11.332,False
2025-11-15,P020,Jack Daniel's,whiskey,13.255,False
2025-11-15,P021,Johnnie Walker Black,whiskey,4.166,False
2025-11-15,P022,Chivas Regal,whiskey,10.258,False
2025-11-15,P023,Maker's Mark,whiskey,3.573,False
2025-11-15,P024,Glenfiddich 12,whiskey,3.916,False
2025-11-15,P025,Bacardi Carta Blanca,rum,11.659,False
2025-11-15,P026,Havana Club 3,rum,9.315,False
2025-11-15,P027,Captain Morgan,rum,9.401,False
2025-11-15,P028,Diplomatico Reserva,rum,9.401,False
2025-11-15,P029,Jose Cuervo,tequila,9.47,False
2025-11-15,P030,Olmeca Blanco,tequila,3.744,False
2025-11-15,P031,Patron Silver,tequila,14.231,False
2025-11-15,P032,Don Julio Blanco,tequila,3.402,False
2025-11-15,P033,Aperol,aperitif,15.171,False
2025-11-15,P034,Campari,aperitif,12.257,False
2025-11-15,P035,Cointreau,liqueur,13.974,False
2025-11-15,P036,Kahlua,liqueur,5.892,False
2025-11-15,P037,Martini Rosso,vermouth,10.303,False
2025-11-15,P038,House Red Wine,wine,12.83,False
2025-11-15,P039,House White Wine,wine,17.164,False
2025-11-15,P040,Rose Wine,wine,17.8,False
2025-11-15,P041,Prosecco,wine,15.976,False
2025-11-15,P042,Chardonnay,wine,16.24,False
2025-11-15,P043,Coca-Cola,soft_drink,66.6,False
2025-11-15,P044,Coca-Cola Zero,soft_drink,34.6,False
2025-11-15,P045,Sprite,soft_drink,46.2,False
2025-11-15,P046,Tonic Water,soft_drink,45.42,False
2025-11-15,P047,Soda Water,soft_drink,44.46,False
2025-11-15,P048,Red Bull,soft_drink,22.8,False
2025-11-15,P049,Ginger Beer,soft_drink,21.2,False
2025-11-15,P050,Orange Juice,juice,4.0,False
2025-11-15,P051,Cranberry Juice,juice,4.0,False
2025-11-15,P052,Lime Juice,juice,4.953,False
2025-11-15,P053,Lemon Juice,juice,5.4,False
2025-11-15,P054,Sugar Syrup,cocktail_ingredient,7.417,False
2025-11-15,P055,Fresh Mint,cocktail_ingredient,4.084,False
2025-11-15,P056,Coffee Beans,cocktail_ingredient,7.936,False
2025-11-15,K001,Carlsberg 50L,draught_beer,4.703,False
2025-11-15,K002,Tuborg 50L,draught_beer,4.17,False
2025-11-15,K003,Carlsberg 30L,draught_beer,5.849,False
2025-11-15,K004,Malka 30L,draught_beer,5.514,False
2025-11-15,K005,Weihenstephan 30L,draught_beer,4.451,False
2025-11-16,P001,Carlsberg,beer,67.4,False
2025-11-16,P002,Heineken,beer,61.6,False
2025-11-16,P003,Corona,beer,57.2,False
2025-11-16,P004,Guinness,beer,29.6,False
2025-11-16,P005,Goldstar,beer,61.6,False
2025-11-16,P006,Maccabee,beer,46.0,False
2025-11-16,P007,Stella Artois,beer,32.4,False
2025-11-16,P008,Erdinger,beer,26.2,False
2025-11-16,P009,Bombay Sapphire,gin,4.68,False
2025-11-16,P010,Tanqueray,gin,9.572,False
2025-11-16,P011,Hendrick's,gin,10.757,False
2025-11-16,P012,Beefeater,gin,3.316,False
2025-11-16,P013,Gordon's,gin,3.264,False
2025-11-16,P014,Absolut,vodka,15.516,False
2025-11-16,P015,Finlandia,vodka,3.402,False
2025-11-16,P016,Grey Goose,vodka,4.509,False
2025-11-16,P017,Belvedere,vodka,4.088,False
2025-11-16,P018,Stolichnaya,vodka,3.059,False
2025-11-16,P019,Jameson,whiskey,10.646,False
2025-11-16,P020,Jack Daniel's,whiskey,12.582,False
2025-11-16,P021,Johnnie Walker Black,whiskey,3.823,False
2025-11-16,P022,Chivas Regal,whiskey,10.087,False
2025-11-16,P023,Maker's Mark,whiskey,3.488,False
2025-11-16,P024,Glenfiddich 12,whiskey,3.745,False
2025-11-16,P025,Bacardi Carta Blanca,rum,10.047,False
2025-11-16,P026,Havana Club 3,rum,9.23,False
2025-11-16,P027,Captain Morgan,rum,9.23,False
2025-11-16,P028,Diplomatico Reserva,rum,9.315,False
2025-11-16,P029,Jose Cuervo,tequila,9.287,False
2025-11-16,P030,Olmeca Blanco,tequila,3.659,False
2025-11-16,P031,Patron Silver,tequila,13.559,False
2025-11-16,P032,Don Julio Blanco,tequila,3.23,False
2025-11-16,P033,Aperol,aperitif,13.286,False
2025-11-16,P034,Campari,aperitif,11.786,False
2025-11-16,P035,Cointreau,liqueur,13.624,False
2025-11-16,P036,Kahlua,liqueur,5.378,False
2025-11-16,P037,Martini Rosso,vermouth,9.917,False
2025-11-16,P038,House Red Wine,wine,10.878,False
2025-11-16,P039,House White Wine,wine,15.944,False
2025-11-16,P040,Rose Wine,wine,16.8,False
2025-11-16,P041,Prosecco,wine,13.176,False
2025-11-16,P042,Chardonnay,wine,15.84,False
2025-11-16,P043,Coca-Cola,soft_drink,55.3,False
2025-11-16,P044,Coca-Cola Zero,soft_drink,24.6,False
2025-11-16,P045,Sprite,soft_drink,42.2,False
2025-11-16,P046,Tonic Water,soft_drink,39.42,False
2025-11-16,P047,Soda Water,soft_drink,39.58,False
2025-11-16,P048,Red Bull,soft_drink,17.8,False
2025-11-16,P049,Ginger Beer,soft_drink,20.2,False
2025-11-16,P050,Orange Juice,juice,4.0,False
2025-11-16,P051,Cranberry Juice,juice,4.0,False
2025-11-16,P052,Lime Juice,juice,4.393,False
2025-11-16,P053,Lemon Juice,juice,5.325,False
2025-11-16,P054,Sugar Syrup,cocktail_ingredient,7.087,False
2025-11-16,P055,Fresh Mint,cocktail_ingredient,3.958,False
2025-11-16,P056,Coffee Beans,cocktail_ingredient,7.828,False
2025-11-16,K001,Carlsberg 50L,draught_beer,4.47,False
2025-11-16,K002,Tuborg 50L,draught_beer,3.993,False
2025-11-16,K003,Carlsberg 30L,draught_beer,5.178,False
2025-11-16,K004,Malka 30L,draught_beer,5.152,False
2025-11-16,K005,Weihenstephan 30L,draught_beer,4.169,False
2025-11-17,P001,Carlsberg,beer,59.4,False
2025-11-17,P002,Heineken,beer,54.6,False
2025-11-17,P003,Corona,beer,54.2,False
2025-11-17,P004,Guinness,beer,27.6,False
2025-11-17,P005,Goldstar,beer,54.6,False
2025-11-17,P006,Maccabee,beer,44.0,False
2025-11-17,P007,Stella Artois,beer,28.4,False
2025-11-17,P008,Erdinger,beer,24.2,False
2025-11-17,P009,Bombay Sapphire,gin,4.337,False
2025-11-17,P010,Tanqueray,gin,9.315,False
2025-11-17,P011,Hendrick's,gin,10.286,False
2025-11-17,P012,Beefeater,gin,3.145,False
2025-11-17,P013,Gordon's,gin,14.262,False
2025-11-17,P014,Absolut,vodka,14.623,False
2025-11-17,P015,Finlandia,vodka,3.316,False
2025-11-17,P016,Grey Goose,vodka,4.424,False
2025-11-17,P017,Belvedere,vodka,4.002,False
2025-11-17,P018,Stolichnaya,vodka,2.973,False
2025-11-17,P019,Jameson,whiskey,9.96,False
2025-11-17,P020,Jack Daniel's,whiskey,12.102,False
2025-11-17,P021,Johnnie Walker Black,whiskey,3.48,False
2025-11-17,P022,Chivas Regal,whiskey,9.915,False
2025-11-17,P023,Maker's Mark,whiskey,3.402,False
2025-11-17,P024,Glenfiddich 12,whiskey,3.659,False
2025-11-17,P025,Bacardi Carta Blanca,rum,8.888,False
2025-11-17,P026,Havana Club 3,rum,9.058,False
2025-11-17,P027,Captain Morgan,rum,8.887,False
2025-11-17,P028,Diplomatico Reserva,rum,9.23,False
2025-11-17,P029,Jose Cuervo,tequila,9.0,False
2025-11-17,P030,Olmeca Blanco,tequila,3.487,False
2025-11-17,P031,Patron Silver,tequila,12.831,False
2025-11-17,P032,Don Julio Blanco,tequila,3.145,False
2025-11-17,P033,Aperol,aperitif,11.4,False
2025-11-17,P034,Campari,aperitif,11.315,False
2025-11-17,P035,Cointreau,liqueur,13.217,False
2025-11-17,P036,Kahlua,liqueur,5.092,False
2025-11-17,P037,Martini Rosso,vermouth,9.617,False
2025-11-17,P038,House Red Wine,wine,10.634,False
2025-11-17,P039,House White Wine,wine,13.504,False
2025-11-17,P040,Rose Wine,wine,16.2,False
2025-11-17,P041,Prosecco,wine,10.216,False
2025-11-17,P042,Chardonnay,wine,15.64,False
2025-11-17,P043,Coca-Cola,soft_drink,95.0,False
2025-11-17,P044,Coca-Cola Zero,soft_drink,65.6,False
2025-11-17,P045,Sprite,soft_drink,63.2,False
2025-11-17,P046,Tonic Water,soft_drink,57.32,False
2025-11-17,P047,Soda Water,soft_drink,56.3,False
2025-11-17,P048,Red Bull,soft_drink,12.8,False
2025-11-17,P049,Ginger Beer,soft_drink,41.2,False
2025-11-17,P050,Orange Juice,juice,4.0,False
2025-11-17,P051,Cranberry Juice,juice,4.0,False
2025-11-17,P052,Lime Juice,juice,9.873,False
2025-11-17,P053,Lemon Juice,juice,5.25,False
2025-11-17,P054,Sugar Syrup,cocktail_ingredient,6.867,False
2025-11-17,P055,Fresh Mint,cocktail_ingredient,3.868,False
2025-11-17,P056,Coffee Beans,cocktail_ingredient,7.765,False
2025-11-17,K001,Carlsberg 50L,draught_beer,3.898,False
2025-11-17,K002,Tuborg 50L,draught_beer,3.985,False
2025-11-17,K003,Carlsberg 30L,draught_beer,4.681,False
2025-11-17,K004,Malka 30L,draught_beer,4.642,False
2025-11-17,K005,Weihenstephan 30L,draught_beer,3.967,False
2025-11-18,P001,Carlsberg,beer,57.4,False
2025-11-18,P002,Heineken,beer,49.6,False
2025-11-18,P003,Corona,beer,51.2,False
2025-11-18,P004,Guinness,beer,25.6,False
2025-11-18,P005,Goldstar,beer,47.6,False
2025-11-18,P006,Maccabee,beer,42.0,False
2025-11-18,P007,Stella Artois,beer,28.4,False
2025-11-18,P008,Erdinger,beer,23.2,False
2025-11-18,P009,Bombay Sapphire,gin,4.166,False
2025-11-18,P010,Tanqueray,gin,9.23,False
2025-11-18,P011,Hendrick's,gin,9.9,False
2025-11-18,P012,Beefeater,gin,3.059,False
2025-11-18,P013,Gordon's,gin,13.539,False
2025-11-18,P014,Absolut,vodka,13.873,False
2025-11-18,P015,Finlandia,vodka,3.23,False
2025-11-18,P016,Grey Goose,vodka,4.167,False
2025-11-18,P017,Belvedere,vodka,3.916,False
2025-11-18,P018,Stolichnaya,vodka,14.887,False
2025-11-18,P019,Jameson,whiskey,9.789,False
2025-11-18,P020,Jack Daniel's,whiskey,11.815,False
2025-11-18,P021,Johnnie Walker Black,whiskey,15.308,False
2025-11-18,P022,Chivas Regal,whiskey,9.744,False
2025-11-18,P023,Maker's Mark,whiskey,3.402,False
2025-11-18,P024,Glenfiddich 12,whiskey,3.659,False
2025-11-18,P025,Bacardi Carta Blanca,rum,20.339,False
2025-11-18,P026,Havana Club 3,rum,8.973,False
2025-11-18,P027,Captain Morgan,rum,8.801,False
2025-11-18,P028,Diplomatico Reserva,rum,9.144,False
2025-11-18,P029,Jose Cuervo,tequila,8.817,False
2025-11-18,P030,Olmeca Blanco,tequila,3.402,False
2025-11-18,P031,Patron Silver,tequila,12.102,False
2025-11-18,P032,Don Julio Blanco,tequila,3.059,False
2025-11-18,P033,Aperol,aperitif,22.286,False
2025-11-18,P034,Campari,aperitif,10.929,False
2025-11-18,P035,Cointreau,liqueur,12.896,False
2025-11-18,P036,Kahlua,liqueur,4.921,False
2025-11-18,P037,Martini Rosso,vermouth,9.232,False
2025-11-18,P038,House Red Wine,wine,21.414,False
2025-11-18,P039,House White Wine,wine,12.772,False
2025-11-18,P040,Rose Wine,wine,16.0,False
2025-11-18,P041,Prosecco,wine,32.376,False
2025-11-18,P042,Chardonnay,wine,15.44,False
2025-11-18,P043,Coca-Cola,soft_drink,94.7,False
2025-11-18,P044,Coca-Cola Zero,soft_drink,60.6,False
2025-11-18,P045,Sprite,soft_drink,60.2,False
2025-11-18,P046,Tonic Water,soft_drink,52.82,False
2025-11-18,P047,Soda Water,soft_drink,52.22,False
2025-11-18,P048,Red Bull,soft_drink,9.8,False
2025-11-18,P049,Ginger Beer,soft_drink,40.2,False
2025-11-18,P050,Orange Juice,juice,4.0,False
2025-11-18,P051,Cranberry Juice,juice,4.0,False
2025-11-18,P052,Lime Juice,juice,9.528,False
2025-11-18,P053,Lemon Juice,juice,5.175,False
2025-11-18,P054,Sugar Syrup,cocktail_ingredient,6.762,False
2025-11-18,P055,Fresh Mint,cocktail_ingredient,3.841,False
2025-11-18,P056,Coffee Beans,cocktail_ingredient,7.711,False
2025-11-18,K001,Carlsberg 50L,draught_beer,3.656,False
2025-11-18,K002,Tuborg 50L,draught_beer,3.88,False
2025-11-18,K003,Carlsberg 30L,draught_beer,4.467,False
2025-11-18,K004,Malka 30L,draught_beer,4.468,False
2025-11-18,K005,Weihenstephan 30L,draught_beer,3.833,False
2025-11-19,P001,Carlsberg,beer,75.4,False
2025-11-19,P002,Heineken,beer,68.6,False
2025-11-19,P003,Corona,beer,72.2,False
2025-11-19,P004,Guinness,beer,47.6,False
2025-11-19,P005,Goldstar,beer,66.6,False
2025-11-19,P006,Maccabee,beer,38.0,False
2025-11-19,P007,Stella Artois,beer,23.4,False
2025-11-19,P008,Erdinger,beer,22.2,False
2025-11-19,P009,Bombay Sapphire,gin,3.994,False
2025-11-19,P010,Tanqueray,gin,9.144,False
2025-11-19,P011,Hendrick's,gin,9.471,False
2025-11-19,P012,Beefeater,gin,2.973,False
2025-11-19,P013,Gordon's,gin,12.345,False
2025-11-19,P014,Absolut,vodka,13.066,False
2025-11-19,P015,Finlandia,vodka,3.059,False
2025-11-19,P016,Grey Goose,vodka,4.167,False
2025-11-19,P017,Belvedere,vodka,3.831,False
2025-11-19,P018,Stolichnaya,vodka,14.802,False
2025-11-19,P019,Jameson,whiskey,9.532,False
2025-11-19,P020,Jack Daniel's,whiskey,11.431,False
2025-11-19,P021,Johnnie Walker Black,whiskey,15.051,False
2025-11-19,P022,Chivas Regal,whiskey,9.573,False
2025-11-19,P023,Maker's Mark,whiskey,3.316,False
2025-11-19,P024,Glenfiddich 12,whiskey,3.488,False
2025-11-19,P025,Bacardi Carta Blanca,rum,19.075,False
2025-11-19,P026,Havana Club 3,rum,8.801,False
2025-11-19,P027,Captain Morgan,rum,8.544,False
2025-11-19,P028,Diplomatico Reserva,rum,9.058,False
2025-11-19,P029,Jose Cuervo,tequila,8.634,False
2025-11-19,P030,Olmeca Blanco,tequila,3.316,False
2025-11-19,P031,Patron Silver,tequila,11.431,False
2025-11-19,P032,Don Julio Blanco,tequila,2.888,False
2025-11-19,P033,Aperol,aperitif,21.257,False
2025-11-19,P034,Campari,aperitif,10.415,False
2025-11-19,P035,Cointreau,liqueur,12.631,False
2025-11-19,P036,Kahlua,liqueur,4.635,False
2025-11-19,P037,Martini Rosso,vermouth,8.889,False
2025-11-19,P038,House Red Wine,wine,20.926,False
2025-11-19,P039,House White Wine,wine,11.308,False
2025-11-19,P040,Rose Wine,wine,15.4,False
2025-11-19,P041,Prosecco,wine,30.816,False
2025-11-19,P042,Chardonnay,wine,15.24,False
2025-11-19,P043,Coca-Cola,soft_drink,85.4,False
2025-11-19,P044,Coca-Cola Zero,soft_drink,52.6,False
2025-11-19,P045,Sprite,soft_drink,55.2,False
2025-11-19,P046,Tonic Water,soft_drink,48.42,False
2025-11-19,P047,Soda Water,soft_drink,46.54,False
2025-11-19,P048,Red Bull,soft_drink,51.8,False
2025-11-19,P049,Ginger Beer,soft_drink,39.2,False
2025-11-19,P050,Orange Juice,juice,4.0,False
2025-11-19,P051,Cranberry Juice,juice,4.0,False
2025-11-19,P052,Lime Juice,juice,9.068,False
2025-11-19,P053,Lemon Juice,juice,5.1,False
2025-11-19,P054,Sugar Syrup,cocktail_ingredient,6.542,False
2025-11-19,P055,Fresh Mint,cocktail_ingredient,3.751,False
2025-11-19,P056,Coffee Beans,cocktail_ingredient,7.648,False
2025-11-19,K001,Carlsberg 50L,draught_beer,5.213,False
2025-11-19,K002,Tuborg 50L,draught_beer,4.671,False
2025-11-19,K003,Carlsberg 30L,draught_beer,5.822,False
2025-11-19,K004,Malka 30L,draught_beer,6.213,False
2025-11-19,K005,Weihenstephan 30L,draught_beer,4.592,False
2025-11-20,P001,Carlsberg,beer,61.4,False
2025-11-20,P002,Heineken,beer,60.6,False
2025-11-20,P003,Corona,beer,64.2,False
2025-11-20,P004,Guinness,beer,43.6,False
2025-11-20,P005,Goldstar,beer,56.6,False
2025-11-20,P006,Maccabee,beer,33.0,False
2025-11-20,P007,Stella Artois,beer,41.4,False
2025-11-20,P008,Erdinger,beer,18.2,False
2025-11-20,P009,Bombay Sapphire,gin,3.737,False
2025-11-20,P010,Tanqueray,gin,8.887,False
2025-11-20,P011,Hendrick's,gin,8.871,False
2025-11-20,P012,Beefeater,gin,2.802,False
2025-11-20,P013,Gordon's,gin,11.073,False
2025-11-20,P014,Absolut,vodka,11.737,False
2025-11-20,P015,Finlandia,vodka,2.887,False
2025-11-20,P016,Grey Goose,vodka,3.738,False
2025-11-20,P017,Belvedere,vodka,3.659,False
2025-11-20,P018,Stolichnaya,vodka,14.63,False
2025-11-20,P019,Jameson,whiskey,9.018,False
2025-11-20,P020,Jack Daniel's,whiskey,10.854,False
2025-11-20,P021,Johnnie Walker Black,whiskey,14.794,False
2025-11-20,P022,Chivas Regal,whiskey,9.23,False
2025-11-20,P023,Maker's Mark,whiskey,3.145,False
2025-11-20,P024,Glenfiddich 12,whiskey,3.316,False
2025-11-20,P025,Bacardi Carta Blanca,rum,17.123,False
2025-11-20,P026,Havana Club 3,rum,8.63,False
2025-11-20,P027,Captain Morgan,rum,8.287,False
2025-11-20,P028,Diplomatico Reserva,rum,8.973,False
2025-11-20,P029,Jose Cuervo,tequila,8.163,False
2025-11-20,P030,Olmeca Blanco,tequila,3.145,False
2025-11-20,P031,Patron Silver,tequila,10.016,False
2025-11-20,P032,Don Julio Blanco,tequila,2.716,False
2025-11-20,P033,Aperol,aperitif,18.6,False
2025-11-20,P034,Campari,aperitif,9.815,False
2025-11-20,P035,Cointreau,liqueur,11.989,False
2025-11-20,P036,Kahlua,liqueur,4.206,False
2025-11-20,P037,Martini Rosso,vermouth,8.46,False
2025-11-20,P038,House Red Wine,wine,19.462,False
2025-11-20,P039,House White Wine,wine,21.112,False
2025-11-20,P040,Rose Wine,wine,14.2,False
2025-11-20,P041,Prosecco,wine,26.656,False
2025-11-20,P042,Chardonnay,wine,14.24,False
2025-11-20,P043,Coca-Cola,soft_drink,95.8,False
2025-11-20,P044,Coca-Cola Zero,soft_drink,70.6,False
2025-11-20,P045,Sprite,soft_drink,47.2,False
2025-11-20,P046,Tonic Water,soft_drink,64.02,False
2025-11-20,P047,Soda Water,soft_drink,62.82,False
2025-11-20,P048,Red Bull,soft_drink,46.8,False
2025-11-20,P049,Ginger Beer,soft_drink,36.2,False
2025-11-20,P050,Orange Juice,juice,4.0,False
2025-11-20,P051,Cranberry Juice,juice,4.0,False
2025-11-20,P052,Lime Juice,juice,8.193,False
2025-11-20,P053,Lemon Juice,juice,4.95,False
2025-11-20,P054,Sugar Syrup,cocktail_ingredient,6.197,False
2025-11-20,P055,Fresh Mint,cocktail_ingredient,3.598,False
2025-11-20,P056,Coffee Beans,cocktail_ingredient,7.567,False
2025-11-20,K001,Carlsberg 50L,draught_beer,4.682,False
2025-11-20,K002,Tuborg 50L,draught_beer,4.292,False
2025-11-20,K003,Carlsberg 30L,draught_beer,5.111,False
2025-11-20,K004,Malka 30L,draught_beer,5.501,False
2025-11-20,K005,Weihenstephan 30L,draught_beer,4.162,False
2025-11-21,P001,Carlsberg,beer,49.4,False
2025-11-21,P002,Heineken,beer,49.6,False
2025-11-21,P003,Corona,beer,56.2,False
2025-11-21,P004,Guinness,beer,38.6,False
2025-11-21,P005,Goldstar,beer,47.6,False
2025-11-21,P006,Maccabee,beer,26.0,False
2025-11-21,P007,Stella Artois,beer,33.4,False
2025-11-21,P008,Erdinger,beer,15.2,False
2025-11-21,P009,Bombay Sapphire,gin,15.394,False
2025-11-21,P010,Tanqueray,gin,8.63,False
2025-11-21,P011,Hendrick's,gin,8.143,False
2025-11-21,P012,Beefeater,gin,14.63,False
2025-11-21,P013,Gordon's,gin,21.548,False
2025-11-21,P014,Absolut,vodka,10.201,False
2025-11-21,P015,Finlandia,vodka,14.716,False
2025-11-21,P016,Grey Goose,vodka,15.309,False
2025-11-21,P017,Belvedere,vodka,3.402,False
2025-11-21,P018,Stolichnaya,vodka,14.459,False
2025-11-21,P019,Jameson,whiskey,8.332,False
2025-11-21,P020,Jack Daniel's,whiskey,10.182,False
2025-11-21,P021,Johnnie Walker Black,whiskey,14.451,False
2025-11-21,P022,Chivas Regal,whiskey,8.887,False
2025-11-21,P023,Maker's Mark,whiskey,2.973,False
2025-11-21,P024,Glenfiddich 12,whiskey,3.231,False
2025-11-21,P025,Bacardi Carta Blanca,rum,14.831,False
2025-11-21,P026,Havana Club 3,rum,8.373,False
2025-11-21,P027,Captain Morgan,rum,8.03,False
2025-11-21,P028,Diplomatico Reserva,rum,8.887,False
2025-11-21,P029,Jose Cuervo,tequila,7.719,False
2025-11-21,P030,Olmeca Blanco,tequila,2.973,False
2025-11-21,P031,Patron Silver,tequila,8.631,False
2025-11-21,P032,Don Julio Blanco,tequila,14.545,False
2025-11-21,P033,Aperol,aperitif,16.543,False
2025-11-21,P034,Campari,aperitif,9.0,False
2025-11-21,P035,Cointreau,liqueur,11.31,False
2025-11-21,P036,Kahlua,liqueur,3.578,False
2025-11-21,P037,Martini Rosso,vermouth,7.903,False
2025-11-21,P038,House Red Wine,wine,17.266,False
2025-11-21,P039,House White Wine,wine,18.916,False
2025-11-21,P040,Rose Wine,wine,13.0,False
2025-11-21,P041,Prosecco,wine,23.136,False
2025-11-21,P042,Chardonnay,wine,13.64,False
2025-11-21,P043,Coca-Cola,soft_drink,83.3,False
2025-11-21,P044,Coca-Cola Zero,soft_drink,61.6,False
2025-11-21,P045,Sprite,soft_drink,40.2,False
2025-11-21,P046,Tonic Water,soft_drink,55.02,False
2025-11-21,P047,Soda Water,soft_drink,52.16,False
2025-11-21,P048,Red Bull,soft_drink,38.8,False
2025-11-21,P049,Ginger Beer,soft_drink,33.2,False
2025-11-21,P050,Orange Juice,juice,4.0,False
2025-11-21,P051,Cranberry Juice,juice,4.0,False
2025-11-21,P052,Lime Juice,juice,7.183,False
2025-11-21,P053,Lemon Juice,juice,4.825,False
2025-11-21,P054,Sugar Syrup,cocktail_ingredient,5.767,False
2025-11-21,P055,Fresh Mint,cocktail_ingredient,3.418,False
2025-11-21,P056,Coffee Beans,cocktail_ingredient,7.45,False
2025-11-21,K001,Carlsberg 50L,draught_beer,4.175,False
2025-11-21,K002,Tuborg 50L,draught_beer,3.729,False
2025-11-21,K003,Carlsberg 30L,draught_beer,4.386,False
2025-11-21,K004,Malka 30L,draught_beer,4.938,False
2025-11-21,K005,Weihenstephan 30L,draught_beer,3.693,False
2025-11-22,P001,Carlsberg,beer,62.4,False
2025-11-22,P002,Heineken,beer,64.6,False
2025-11-22,P003,Corona,beer,50.2,False
2025-11-22,P004,Guinness,beer,32.6,False
2025-11-22,P005,Goldstar,beer,64.6,False
2025-11-22,P006,Maccabee,beer,43.0,False
2025-11-22,P007,Stella Artois,beer,51.4,False
2025-11-22,P008,Erdinger,beer,35.2,False
2025-11-22,P009,Bombay Sapphire,gin,14.966,False
2025-11-22,P010,Tanqueray,gin,8.373,False
2025-11-22,P011,Hendrick's,gin,7.5,False
2025-11-22,P012,Beefeater,gin,14.373,False
2025-11-22,P013,Gordon's,gin,19.857,False
2025-11-22,P014,Absolut,vodka,8.687,False
2025-11-22,P015,Finlandia,vodka,14.545,False
2025-11-22,P016,Grey Goose,vodka,14.966,False
2025-11-22,P017,Belvedere,vodka,3.145,False
2025-11-22,P018,Stolichnaya,vodka,14.288,False
2025-11-22,P019,Jameson,whiskey,7.817,False
2025-11-22,P020,Jack Daniel's,whiskey,9.511,False
2025-11-22,P021,Johnnie Walker Black,whiskey,14.023,False
2025-11-22,P022,Chivas Regal,whiskey,8.544,False
2025-11-22,P023,Maker's Mark,whiskey,2.716,False
2025-11-22,P024,Glenfiddich 12,whiskey,3.059,False
2025-11-22,P025,Bacardi Carta Blanca,rum,12.357,False
2025-11-22,P026,Havana Club 3,rum,8.116,False
2025-11-22,P027,Captain Morgan,rum,7.687,False
2025-11-22,P028,Diplomatico Reserva,rum,8.801,False
2025-11-22,P029,Jose Cuervo,tequila,7.196,False
2025-11-22,P030,Olmeca Blanco,tequila,2.802,False
2025-11-22,P031,Patron Silver,tequila,7.216,False
2025-11-22,P032,Don Julio Blanco,tequila,14.288,False
2025-11-22,P033,Aperol,aperitif,13.971,False
2025-11-22,P034,Campari,aperitif,8.186,False
2025-11-22,P035,Cointreau,liqueur,10.624,False
2025-11-22,P036,Kahlua,liqueur,2.949,False
2025-11-22,P037,Martini Rosso,vermouth,7.346,False
2025-11-22,P038,House Red Wine,wine,14.582,False
2025-11-22,P039,House White Wine,wine,16.964,False
2025-11-22,P040,Rose Wine,wine,11.6,False
2025-11-22,P041,Prosecco,wine,19.336,False
2025-11-22,P042,Chardonnay,wine,13.04,False
2025-11-22,P043,Coca-Cola,soft_drink,65.5,False
2025-11-22,P044,Coca-Cola Zero,soft_drink,49.6,False
2025-11-22,P045,Sprite,soft_drink,30.2,False
2025-11-22,P046,Tonic Water,soft_drink,41.72,False
2025-11-22,P047,Soda Water,soft_drink,44.26,False
2025-11-22,P048,Red Bull,soft_drink,30.8,False
2025-11-22,P049,Ginger Beer,soft_drink,30.2,False
2025-11-22,P050,Orange Juice,juice,4.0,False
2025-11-22,P051,Cranberry Juice,juice,4.0,False
2025-11-22,P052,Lime Juice,juice,6.233,False
2025-11-22,P053,Lemon Juice,juice,4.625,False
2025-11-22,P054,Sugar Syrup,cocktail_ingredient,5.307,False
2025-11-22,P055,Fresh Mint,cocktail_ingredient,3.238,False
2025-11-22,P056,Coffee Beans,cocktail_ingredient,7.306,False
2025-11-22,K001,Carlsberg 50L,draught_beer,4.853,False
2025-11-22,K002,Tuborg 50L,draught_beer,4.253,False
2025-11-22,K003,Carlsberg 30L,draught_beer,6.42,False
2025-11-22,K004,Malka 30L,draught_beer,5.226,False
2025-11-22,K005,Weihenstephan 30L,draught_beer,4.21,False
2025-11-23,P001,Carlsberg,beer,56.4,False
2025-11-23,P002,Heineken,beer,58.6,False
2025-11-23,P003,Corona,beer,45.2,False
2025-11-23,P004,Guinness,beer,29.6,False
2025-11-23,P005,Goldstar,beer,61.6,False
2025-11-23,P006,Maccabee,beer,41.0,False
2025-11-23,P007,Stella Artois,beer,48.4,False
2025-11-23,P008,Erdinger,beer,33.2,False
2025-11-23,P009,Bombay Sapphire,gin,14.623,False
2025-11-23,P010,Tanqueray,gin,8.201,False
2025-11-23,P011,Hendrick's,gin,6.814,False
2025-11-23,P012,Beefeater,gin,14.288,False
2025-11-23,P013,Gordon's,gin,18.768,False
2025-11-23,P014,Absolut,vodka,7.551,False
2025-11-23,P015,Finlandia,vodka,14.373,False
2025-11-23,P016,Grey Goose,vodka,14.709,False
2025-11-23,P017,Belvedere,vodka,3.059,False
2025-11-23,P018,Stolichnaya,vodka,14.202,False
2025-11-23,P019,Jameson,whiskey,7.475,False
2025-11-23,P020,Jack Daniel's,whiskey,9.223,False
2025-11-23,P021,Johnnie Walker Black,whiskey,13.68,False
2025-11-23,P022,Chivas Regal,whiskey,8.373,False
2025-11-23,P023,Maker's Mark,whiskey,2.631,False
2025-11-23,P024,Glenfiddich 12,whiskey,2.973,False
2025-11-23,P025,Bacardi Carta Blanca,rum,10.518,False
2025-11-23,P026,Havana Club 3,rum,7.859,False
2025-11-23,P027,Captain Morgan,rum,7.516,False
2025-11-23,P028,Diplomatico Reserva,rum,8.716,False
2025-11-23,P029,Jose Cuervo,tequila,6.961,False
2025-11-23,P030,Olmeca Blanco,tequila,2.716,False
2025-11-23,P031,Patron Silver,tequila,6.545,False
2025-11-23,P032,Don Julio Blanco,tequila,14.116,False
2025-11-23,P033,Aperol,aperitif,13.028,False
2025-11-23,P034,Campari,aperitif,7.586,False
2025-11-23,P035,Cointreau,liqueur,10.231,False
2025-11-23,P036,Kahlua,liqueur,2.606,False
2025-11-23,P037,Martini Rosso,vermouth,6.917,False
2025-11-23,P038,House Red Wine,wine,13.362,False
2025-11-23,P039,House White Wine,wine,15.988,False
2025-11-23,P040,Rose Wine,wine,10.4,False
2025-11-23,P041,Prosecco,wine,17.856,False
2025-11-23,P042,Chardonnay,wine,12.64,False
2025-11-23,P043,Coca-Cola,soft_drink,53.0,False
2025-11-23,P044,Coca-Cola Zero,soft_drink,44.6,False
2025-11-23,P045,Sprite,soft_drink,25.2,False
2025-11-23,P046,Tonic Water,soft_drink,35.22,False
2025-11-23,P047,Soda Water,soft_drink,37.8,False
2025-11-23,P048,Red Bull,soft_drink,25.8,False
2025-11-23,P049,Ginger Beer,soft_drink,28.2,False
2025-11-23,P050,Orange Juice,juice,4.0,False
2025-11-23,P051,Cranberry Juice,juice,4.0,False
2025-11-23,P052,Lime Juice,juice,5.623,False
2025-11-23,P053,Lemon Juice,juice,4.5,False
2025-11-23,P054,Sugar Syrup,cocktail_ingredient,4.977,False
2025-11-23,P055,Fresh Mint,cocktail_ingredient,3.094,False
2025-11-23,P056,Coffee Beans,cocktail_ingredient,7.225,False
2025-11-23,K001,Carlsberg 50L,draught_beer,4.691,False
2025-11-23,K002,Tuborg 50L,draught_beer,4.068,False
2025-11-23,K003,Carlsberg 30L,draught_beer,5.937,False
2025-11-23,K004,Malka 30L,draught_beer,4.622,False
2025-11-23,K005,Weihenstephan 30L,draught_beer,4.008,False
2025-11-24,P001,Carlsberg,beer,53.4,False
2025-11-24,P002,Heineken,beer,53.6,False
2025-11-24,P003,Corona,beer,42.2,False
2025-11-24,P004,Guinness,beer,26.6,False
2025-11-24,P005,Goldstar,beer,54.6,False
2025-11-24,P006,Maccabee,beer,37.0,False
2025-11-24,P007,Stella Artois,beer,45.4,False
2025-11-24,P008,Erdinger,beer,31.2,False
2025-11-24,P009,Bombay Sapphire,gin,14.451,False
2025-11-24,P010,Tanqueray,gin,8.03,False
2025-11-24,P011,Hendrick's,gin,6.214,False
2025-11-24,P012,Beefeater,gin,14.116,False
2025-11-24,P013,Gordon's,gin,17.809,False
2025-11-24,P014,Absolut,vodka,6.394,False
2025-11-24,P015,Finlandia,vodka,14.287,False
2025-11-24,P016,Grey Goose,vodka,14.624,False
2025-11-24,P017,Belvedere,vodka,2.974,False
2025-11-24,P018,Stolichnaya,vodka,14.03,False
2025-11-24,P019,Jameson,whiskey,6.875,False
2025-11-24,P020,Jack Daniel's,whiskey,8.934,False
2025-11-24,P021,Johnnie Walker Black,whiskey,13.423,False
2025-11-24,P022,Chivas Regal,whiskey,8.201,False
2025-11-24,P023,Maker's Mark,whiskey,2.545,False
2025-11-24,P024,Glenfiddich 12,whiskey,2.888,False
2025-11-24,P025,Bacardi Carta Blanca,rum,8.914,False
2025-11-24,P026,Havana Club 3,rum,7.687,False
2025-11-24,P027,Captain Morgan,rum,7.344,False
2025-11-24,P028,Diplomatico Reserva,rum,8.63,False
2025-11-24,P029,Jose Cuervo,tequila,6.804,False
2025-11-24,P030,Olmeca Blanco,tequila,2.545,False
2025-11-24,P031,Patron Silver,tequila,6.016,False
2025-11-24,P032,Don Julio Blanco,tequila,14.03,False
2025-11-24,P033,Aperol,aperitif,11.743,False
2025-11-24,P034,Campari,aperitif,7.072,False
2025-11-24,P035,Cointreau,liqueur,9.96,False
2025-11-24,P036,Kahlua,liqueur,2.263,False
2025-11-24,P037,Martini Rosso,vermouth,6.489,False
2025-11-24,P038,House Red Wine,wine,11.654,False
2025-11-24,P039,House White Wine,wine,13.548,False
2025-11-24,P040,Rose Wine,wine,9.8,False
2025-11-24,P041,Prosecco,wine,16.216,False
2025-11-24,P042,Chardonnay,wine,12.44,False
2025-11-24,P043,Coca-Cola,soft_drink,93.8,False
2025-11-24,P044,Coca-Cola Zero,soft_drink,65.6,False
2025-11-24,P045,Sprite,soft_drink,67.2,False
2025-11-24,P046,Tonic Water,soft_drink,53.82,False
2025-11-24,P047,Soda Water,soft_drink,57.52,False
2025-11-24,P048,Red Bull,soft_drink,45.8,False
2025-11-24,P049,Ginger Beer,soft_drink,26.2,False
2025-11-24,P050,Orange Juice,juice,4.0,False
2025-11-24,P051,Cranberry Juice,juice,4.0,False
2025-11-24,P052,Lime Juice,juice,11.148,False
2025-11-24,P053,Lemon Juice,juice,4.45,False
2025-11-24,P054,Sugar Syrup,cocktail_ingredient,4.692,False
2025-11-24,P055,Fresh Mint,cocktail_ingredient,2.977,False
2025-11-24,P056,Coffee Beans,cocktail_ingredient,7.144,False
2025-11-24,K001,Carlsberg 50L,draught_beer,4.482,False
2025-11-24,K002,Tuborg 50L,draught_beer,3.778,False
2025-11-24,K003,Carlsberg 30L,draught_beer,5.602,False
2025-11-24,K004,Malka 30L,draught_beer,4.3,False
2025-11-24,K005,Weihenstephan 30L,draught_beer,3.74,False
2025-11-25,P001,Carlsberg,beer,45.4,False
2025-11-25,P002,Heineken,beer,47.6,False
2025-11-25,P003,Corona,beer,37.2,False
2025-11-25,P004,Guinness,beer,24.6,False
2025-11-25,P005,Goldstar,beer,54.6,False
2025-11-25,P006,Maccabee,beer,35.0,False
2025-11-25,P007,Stella Artois,beer,42.4,False
2025-11-25,P008,Erdinger,beer,30.2,False
2025-11-25,P009,Bombay Sapphire,gin,14.28,False
2025-11-25,P010,Tanqueray,gin,7.858,False
2025-11-25,P011,Hendrick's,gin,5.871,False
2025-11-25,P012,Beefeater,gin,14.116,False
2025-11-25,P013,Gordon's,gin,16.737,False
2025-11-25,P014,Absolut,vodka,18.044,False
2025-11-25,P015,Finlandia,vodka,14.202,False
2025-11-25,P016,Grey Goose,vodka,14.538,False
2025-11-25,P017,Belvedere,vodka,14.974,False
2025-11-25,P018,Stolichnaya,vodka,13.859,False
2025-11-25,P019,Jameson,whiskey,18.446,False
2025-11-25,P020,Jack Daniel's,whiskey,8.646,False
2025-11-25,P021,Johnnie Walker Black,whiskey,13.337,False
2025-11-25,P022,Chivas Regal,whiskey,8.115,False
2025-11-25,P023,Maker's Mark,whiskey,14.459,False
2025-11-25,P024,Glenfiddich 12,whiskey,14.888,False
2025-11-25,P025,Bacardi Carta Blanca,rum,20.087,False
2025-11-25,P026,Havana Club 3,rum,7.601,False
2025-11-25,P027,Captain Morgan,rum,7.173,False
2025-11-25,P028,Diplomatico Reserva,rum,8.544,False
2025-11-25,P029,Jose Cuervo,tequila,6.516,False
2025-11-25,P030,Olmeca Blanco,tequila,14.459,False
2025-11-25,P031,Patron Silver,tequila,17.788,False
2025-11-25,P032,Don Julio Blanco,tequila,13.945,False
2025-11-25,P033,Aperol,aperitif,23.143,False
2025-11-25,P034,Campari,aperitif,6.814,False
2025-11-25,P035,Cointreau,liqueur,9.753,False
2025-11-25,P036,Kahlua,liqueur,14.12,False
2025-11-25,P037,Martini Rosso,vermouth,6.317,False
2025-11-25,P038,House Red Wine,wine,22.922,False
2025-11-25,P039,House White Wine,wine,24.328,False
2025-11-25,P040,Rose Wine,wine,9.4,False
2025-11-25,P041,Prosecco,wine,27.096,False
2025-11-25,P042,Chardonnay,wine,12.24,False
2025-11-25,P043,Coca-Cola,soft_drink,87.5,False
2025-11-25,P044,Coca-Cola Zero,soft_drink,63.6,False
2025-11-25,P045,Sprite,soft_drink,65.2,False
2025-11-25,P046,Tonic Water,soft_drink,49.12,False
2025-11-25,P047,Soda Water,soft_drink,54.56,False
2025-11-25,P048,Red Bull,soft_drink,39.8,False
2025-11-25,P049,Ginger Beer,soft_drink,24.2,False
2025-11-25,P050,Orange Juice,juice,4.0,False
2025-11-25,P051,Cranberry Juice,juice,4.0,False
2025-11-25,P052,Lime Juice,juice,10.963,False
2025-11-25,P053,Lemon Juice,juice,4.375,False
2025-11-25,P054,Sugar Syrup,cocktail_ingredient,4.597,False
2025-11-25,P055,Fresh Mint,cocktail_ingredient,2.932,False
2025-11-25,P056,Coffee Beans,cocktail_ingredient,7.126,False
2025-11-25,K001,Carlsberg 50L,draught_beer,4.402,False
2025-11-25,K002,Tuborg 50L,draught_beer,3.682,False
2025-11-25,K003,Carlsberg 30L,draught_beer,5.36,False
2025-11-25,K004,Malka 30L,draught_beer,4.045,False
2025-11-25,K005,Weihenstephan 30L,draught_beer,3.498,False
2025-11-26,P001,Carlsberg,beer,89.4,False
2025-11-26,P002,Heineken,beer,65.6,False
2025-11-26,P003,Corona,beer,32.2,False
2025-11-26,P004,Guinness,beer,47.6,False
2025-11-26,P005,Goldstar,beer,48.6,False
2025-11-26,P006,Maccabee,beer,30.0,False
2025-11-26,P007,Stella Artois,beer,38.4,False
2025-11-26,P008,Erdinger,beer,28.2,False
2025-11-26,P009,Bombay Sapphire,gin,14.023,False
2025-11-26,P010,Tanqueray,gin,7.687,False
2025-11-26,P011,Hendrick's,gin,5.314,False
2025-11-26,P012,Beefeater,gin,14.03,False
2025-11-26,P013,Gordon's,gin,15.352,False
2025-11-26,P014,Absolut,vodka,16.694,False
2025-11-26,P015,Finlandia,vodka,14.03,False
2025-11-26,P016,Grey Goose,vodka,14.281,False
2025-11-26,P017,Belvedere,vodka,14.802,False
2025-11-26,P018,Stolichnaya,vodka,13.773,False
2025-11-26,P019,Jameson,whiskey,18.017,False
2025-11-26,P020,Jack Daniel's,whiskey,8.262,False
2025-11-26,P021,Johnnie Walker Black,whiskey,13.166,False
2025-11-26,P022,Chivas Regal,whiskey,7.944,False
2025-11-26,P023,Maker's Mark,whiskey,14.373,False
2025-11-26,P024,Glenfiddich 12,whiskey,14.802,False
2025-11-26,P025,Bacardi Carta Blanca,rum,18.457,False
2025-11-26,P026,Havana Club 3,rum,7.43,False
2025-11-26,P027,Captain Morgan,rum,7.001,False
2025-11-26,P028,Diplomatico Reserva,rum,8.458,False
2025-11-26,P029,Jose Cuervo,tequila,6.124,False
2025-11-26,P030,Olmeca Blanco,tequila,14.288,False
2025-11-26,P031,Patron Silver,tequila,16.759,False
2025-11-26,P032,Don Julio Blanco,tequila,13.773,False
2025-11-26,P033,Aperol,aperitif,21.257,False
2025-11-26,P034,Campari,aperitif,6.172,False
2025-11-26,P035,Cointreau,liqueur,9.174,False
2025-11-26,P036,Kahlua,liqueur,13.777,False
2025-11-26,P037,Martini Rosso,vermouth,5.846,False
2025-11-26,P038,House Red Wine,wine,21.702,False
2025-11-26,P039,House White Wine,wine,22.62,False
2025-11-26,P040,Rose Wine,wine,8.8,False
2025-11-26,P041,Prosecco,wine,23.896,False
2025-11-26,P042,Chardonnay,wine,11.64,False
2025-11-26,P043,Coca-Cola,soft_drink,80.8,False
2025-11-26,P044,Coca-Cola Zero,soft_drink,56.6,False
2025-11-26,P045,Sprite,soft_drink,61.2,False
2025-11-26,P046,Tonic Water,soft_drink,41.42,False
2025-11-26,P047,Soda Water,soft_drink,50.8,False
2025-11-26,P048,Red Bull,soft_drink,34.8,False
2025-11-26,P049,Ginger Beer,soft_drink,21.2,False
2025-11-26,P050,Orange Juice,juice,4.0,False
2025-11-26,P051,Cranberry Juice,juice,4.0,False
2025-11-26,P052,Lime Juice,juice,10.278,False
2025-11-26,P053,Lemon Juice,juice,4.2,False
2025-11-26,P054,Sugar Syrup,cocktail_ingredient,4.312,False
2025-11-26,P055,Fresh Mint,cocktail_ingredient,2.815,False
2025-11-26,P056,Coffee Beans,cocktail_ingredient,7.045,False
2025-11-26,K001,Carlsberg 50L,draught_beer,5.007,False
2025-11-26,K002,Tuborg 50L,draught_beer,4.368,False
2025-11-26,K003,Carlsberg 30L,draught_beer,7.186,False
2025-11-26,K004,Malka 30L,draught_beer,5.495,False
2025-11-26,K005,Weihenstephan 30L,draught_beer,4.149,False
2025-11-27,P001,Carlsberg,beer,80.4,False
2025-11-27,P002,Heineken,beer,56.6,False
2025-11-27,P003,Corona,beer,24.2,False
2025-11-27,P004,Guinness,beer,42.6,False
2025-11-27,P005,Goldstar,beer,40.6,False
2025-11-27,P006,Maccabee,beer,24.0,False
2025-11-27,P007,Stella Artois,beer,31.4,False
2025-11-27,P008,Erdinger,beer,25.2,False
2025-11-27,P009,Bombay Sapphire,gin,13.766,False
2025-11-27,P010,Tanqueray,gin,7.43,False
2025-11-27,P011,Hendrick's,gin,4.585,False
2025-11-27,P012,Beefeater,gin,13.859,False
2025-11-27,P013,Gordon's,gin,13.705,False
2025-11-27,P014,Absolut,vodka,14.916,False
2025-11-27,P015,Finlandia,vodka,13.859,False
2025-11-27,P016,Grey Goose,vodka,14.024,False
2025-11-27,P017,Belvedere,vodka,14.631,False
2025-11-27,P018,Stolichnaya,vodka,13.602,False
2025-11-27,P019,Jameson,whiskey,17.246,False
2025-11-27,P020,Jack Daniel's,whiskey,7.59,False
2025-11-27,P021,Johnnie Walker Black,whiskey,12.737,False
2025-11-27,P022,Chivas Regal,whiskey,7.687,False
2025-11-27,P023,Maker's Mark,whiskey,14.116,False
2025-11-27,P024,Glenfiddich 12,whiskey,14.631,False
2025-11-27,P025,Bacardi Carta Blanca,rum,16.566,False
2025-11-27,P026,Havana Club 3,rum,7.259,False
2025-11-27,P027,Captain Morgan,rum,6.744,False
2025-11-27,P028,Diplomatico Reserva,rum,8.373,False
2025-11-27,P029,Jose Cuervo,tequila,5.627,False
2025-11-27,P030,Olmeca Blanco,tequila,14.116,False
2025-11-27,P031,Patron Silver,tequila,15.416,False
2025-11-27,P032,Don Julio Blanco,tequila,13.602,False
2025-11-27,P033,Aperol,aperitif,19.029,False
2025-11-27,P034,Campari,aperitif,5.614,False
2025-11-27,P035,Cointreau,liqueur,8.539,False
2025-11-27,P036,Kahlua,liqueur,13.263,False
2025-11-27,P037,Martini Rosso,vermouth,5.46,False
2025-11-27,P038,House Red Wine,wine,19.994,False
2025-11-27,P039,House White Wine,wine,20.18,False
2025-11-27,P040,Rose Wine,wine,7.6,False
2025-11-27,P041,Prosecco,wine,20.136,False
2025-11-27,P042,Chardonnay,wine,11.24,False
2025-11-27,P043,Coca-Cola,soft_drink,90.1,False
2025-11-27,P044,Coca-Cola Zero,soft_drink,47.6,False
2025-11-27,P045,Sprite,soft_drink,51.2,False
2025-11-27,P046,Tonic Water,soft_drink,54.82,False
2025-11-27,P047,Soda Water,soft_drink,67.5,False
2025-11-27,P048,Red Bull,soft_drink,49.8,False
2025-11-27,P049,Ginger Beer,soft_drink,18.2,False
2025-11-27,P050,Orange Juice,juice,4.0,False
2025-11-27,P051,Cranberry Juice,juice,4.0,False
2025-11-27,P052,Lime Juice,juice,9.458,False
2025-11-27,P053,Lemon Juice,juice,4.025,False
2025-11-27,P054,Sugar Syrup,cocktail_ingredient,9.922,False
2025-11-27,P055,Fresh Mint,cocktail_ingredient,8.671,False
2025-11-27,P056,Coffee Beans,cocktail_ingredient,6.91,False
2025-11-27,K001,Carlsberg 50L,draught_beer,4.452,False
2025-11-27,K002,Tuborg 50L,draught_beer,4.005,False
2025-11-27,K003,Carlsberg 30L,draught_beer,6.447,False
2025-11-27,K004,Malka 30L,draught_beer,4.918,False
2025-11-27,K005,Weihenstephan 30L,draught_beer,3.68,False
2025-11-28,P001,Carlsberg,beer,64.4,False
2025-11-28,P002,Heineken,beer,47.6,False
2025-11-28,P003,Corona,beer,41.2,False
2025-11-28,P004,Guinness,beer,38.6,False
2025-11-28,P005,Goldstar,beer,30.6,False
2025-11-28,P006,Maccabee,beer,18.0,False
2025-11-28,P007,Stella Artois,beer,27.4,False
2025-11-28,P008,Erdinger,beer,22.2,False
2025-11-28,P009,Bombay Sapphire,gin,13.509,False
2025-11-28,P010,Tanqueray,gin,7.258,False
2025-11-28,P011,Hendrick's,gin,15.771,False
2025-11-28,P012,Beefeater,gin,13.688,False
2025-11-28,P013,Gordon's,gin,12.18,False
2025-11-28,P014,Absolut,vodka,13.294,False
2025-11-28,P015,Finlandia,vodka,13.688,False
2025-11-28,P016,Grey Goose,vodka,13.681,False
2025-11-28,P017,Belvedere,vodka,14.459,False
2025-11-28,P018,Stolichnaya,vodka,13.431,False
2025-11-28,P019,Jameson,whiskey,16.56,False
2025-11-28,P020,Jack Daniel's,whiskey,6.99,False
2025-11-28,P021,Johnnie Walker Black,whiskey,12.394,False
2025-11-28,P022,Chivas Regal,whiskey,7.516,False
2025-11-28,P023,Maker's Mark,whiskey,13.945,False
2025-11-28,P024,Glenfiddich 12,whiskey,14.459,False
2025-11-28,P025,Bacardi Carta Blanca,rum,13.925,False
2025-11-28,P026,Havana Club 3,rum,7.002,False
2025-11-28,P027,Captain Morgan,rum,6.487,False
2025-11-28,P028,Diplomatico Reserva,rum,8.287,False
2025-11-28,P029,Jose Cuervo,tequila,5.078,False
2025-11-28,P030,Olmeca Blanco,tequila,13.945,False
2025-11-28,P031,Patron Silver,tequila,14.159,False
2025-11-28,P032,Don Julio Blanco,tequila,13.345,False
2025-11-28,P033,Aperol,aperitif,16.971,False
2025-11-28,P034,Campari,aperitif,16.972,False
2025-11-28,P035,Cointreau,liqueur,7.946,False
2025-11-28,P036,Kahlua,liqueur,12.549,False
2025-11-28,P037,Martini Rosso,vermouth,4.903,False
2025-11-28,P038,House Red Wine,wine,18.042,False
2025-11-28,P039,House White Wine,wine,17.496,False
2025-11-28,P040,Rose Wine,wine,18.8,False
2025-11-28,P041,Prosecco,wine,29.016,False
2025-11-28,P042,Chardonnay,wine,10.64,False
2025-11-28,P043,Coca-Cola,soft_drink,68.6,False
2025-11-28,P044,Coca-Cola Zero,soft_drink,38.6,False
2025-11-28,P045,Sprite,soft_drink,40.2,False
2025-11-28,P046,Tonic Water,soft_drink,45.82,False
2025-11-28,P047,Soda Water,soft_drink,58.36,False
2025-11-28,P048,Red Bull,soft_drink,41.8,False
2025-11-28,P049,Ginger Beer,soft_drink,14.2,False
2025-11-28,P050,Orange Juice,juice,4.0,False
2025-11-28,P051,Cranberry Juice,juice,4.0,False
2025-11-28,P052,Lime Juice,juice,8.438,False
2025-11-28,P053,Lemon Juice,juice,3.9,False
2025-11-28,P054,Sugar Syrup,cocktail_ingredient,9.402,False
2025-11-28,P055,Fresh Mint,cocktail_ingredient,8.455,False
2025-11-28,P056,Coffee Beans,cocktail_ingredient,6.766,False
2025-11-28,K001,Carlsberg 50L,draught_beer,3.856,False
2025-11-28,K002,Tuborg 50L,draught_beer,3.563,False
2025-11-28,K003,Carlsberg 30L,draught_beer,5.696,False
2025-11-28,K004,Malka 30L,draught_beer,4.274,False
2025-11-28,K005,Weihenstephan 30L,draught_beer,3.264,False
2025-11-29,P001,Carlsberg,beer,78.4,False
2025-11-29,P002,Heineken,beer,59.6,False
2025-11-29,P003,Corona,beer,59.2,False
2025-11-29,P004,Guinness,beer,34.6,False
2025-11-29,P005,Goldstar,beer,93.6,False
2025-11-29,P006,Maccabee,beer,38.0,False
2025-11-29,P007,Stella Artois,beer,44.4,False
2025-11-29,P008,Erdinger,beer,19.2,False
2025-11-29,P009,Bombay Sapphire,gin,13.08,False
2025-11-29,P010,Tanqueray,gin,7.087,False
2025-11-29,P011,Hendrick's,gin,15.214,False
2025-11-29,P012,Beefeater,gin,13.516,False
2025-11-29,P013,Gordon's,gin,10.35,False
2025-11-29,P014,Absolut,vodka,11.766,False
2025-11-29,P015,Finlandia,vodka,13.516,False
2025-11-29,P016,Grey Goose,vodka,13.338,False
2025-11-29,P017,Belvedere,vodka,14.288,False
2025-11-29,P018,Stolichnaya,vodka,13.174,False
2025-11-29,P019,Jameson,whiskey,16.046,False
2025-11-29,P020,Jack Daniel's,whiskey,6.476,False
2025-11-29,P021,Johnnie Walker Black,whiskey,12.051,False
2025-11-29,P022,Chivas Regal,whiskey,7.258,False
2025-11-29,P023,Maker's Mark,whiskey,13.774,False
2025-11-29,P024,Glenfiddich 12,whiskey,14.288,False
2025-11-29,P025,Bacardi Carta Blanca,rum,11.869,False
2025-11-29,P026,Havana Club 3,rum,6.659,False
2025-11-29,P027,Captain Morgan,rum,6.23,False
2025-11-29,P028,Diplomatico Reserva,rum,8.201,False
2025-11-29,P029,Jose Cuervo,tequila,4.608,False
2025-11-29,P030,Olmeca Blanco,tequila,13.773,False
2025-11-29,P031,Patron Silver,tequila,12.888,False
2025-11-29,P032,Don Julio Blanco,tequila,13.174,False
2025-11-29,P033,Aperol,aperitif,15.086,False
2025-11-29,P034,Campari,aperitif,16.415,False
2025-11-29,P035,Cointreau,liqueur,7.36,False
2025-11-29,P036,Kahlua,liqueur,11.977,False
2025-11-29,P037,Martini Rosso,vermouth,4.518,False
2025-11-29,P038,House Red Wine,wine,15.846,False
2025-11-29,P039,House White Wine,wine,14.568,False
2025-11-29,P040,Rose Wine,wine,17.4,False
2025-11-29,P041,Prosecco,wine,25.936,False
2025-11-29,P042,Chardonnay,wine,10.04,False
2025-11-29,P043,Coca-Cola,soft_drink,58.0,False
2025-11-29,P044,Coca-Cola Zero,soft_drink,28.6,False
2025-11-29,P045,Sprite,soft_drink,29.2,False
2025-11-29,P046,Tonic Water,soft_drink,36.22,False
2025-11-29,P047,Soda Water,soft_drink,48.18,False
2025-11-29,P048,Red Bull,soft_drink,35.8,False
2025-11-29,P049,Ginger Beer,soft_drink,11.2,False
2025-11-29,P050,Orange Juice,juice,4.0,False
2025-11-29,P051,Cranberry Juice,juice,4.0,False
2025-11-29,P052,Lime Juice,juice,7.623,False
2025-11-29,P053,Lemon Juice,juice,3.75,False
2025-11-29,P054,Sugar Syrup,cocktail_ingredient,9.007,False
2025-11-29,P055,Fresh Mint,cocktail_ingredient,8.302,False
2025-11-29,P056,Coffee Beans,cocktail_ingredient,6.64,False
2025-11-29,K001,Carlsberg 50L,draught_beer,5.3,False
2025-11-29,K002,Tuborg 50L,draught_beer,4.12,False
2025-11-29,K003,Carlsberg 30L,draught_beer,5.663,False
2025-11-29,K004,Malka 30L,draught_beer,5.522,False
2025-11-29,K005,Weihenstephan 30L,draught_beer,4.982,False
2025-11-30,P001,Carlsberg,beer,69.4,False
2025-11-30,P002,Heineken,beer,56.6,False
2025-11-30,P003,Corona,beer,56.2,False
2025-11-30,P004,Guinness,beer,33.6,False
2025-11-30,P005,Goldstar,beer,88.6,False
2025-11-30,P006,Maccabee,beer,35.0,False
2025-11-30,P007,Stella Artois,beer,40.4,False
2025-11-30,P008,Erdinger,beer,17.2,False
2025-11-30,P009,Bombay Sapphire,gin,12.994,False
2025-11-30,P010,Tanqueray,gin,6.916,False
2025-11-30,P011,Hendrick's,gin,14.743,False
2025-11-30,P012,Beefeater,gin,13.345,False
2025-11-30,P013,Gordon's,gin,9.505,False
2025-11-30,P014,Absolut,vodka,11.216,False
2025-11-30,P015,Finlandia,vodka,13.516,False
2025-11-30,P016,Grey Goose,vodka,13.167,False
2025-11-30,P017,Belvedere,vodka,14.202,False
2025-11-30,P018,Stolichnaya,vodka,13.088,False
2025-11-30,P019,Jameson,whiskey,15.446,False
2025-11-30,P020,Jack Daniel's,whiskey,6.219,False
2025-11-30,P021,Johnnie Walker Black,whiskey,11.88,False
2025-11-30,P022,Chivas Regal,whiskey,7.087,False
2025-11-30,P023,Maker's Mark,whiskey,13.688,False
2025-11-30,P024,Glenfiddich 12,whiskey,14.202,False
2025-11-30,P025,Bacardi Carta Blanca,rum,9.891,False
2025-11-30,P026,Havana Club 3,rum,6.573,False
2025-11-30,P027,Captain Morgan,rum,6.144,False
2025-11-30,P028,Diplomatico Reserva,rum,8.201,False
2025-11-30,P029,Jose Cuervo,tequila,4.32,False
2025-11-30,P030,Olmeca Blanco,tequila,13.688,False
2025-11-30,P031,Patron Silver,tequila,12.073,False
2025-11-30,P032,Don Julio Blanco,tequila,13.088,False
2025-11-30,P033,Aperol,aperitif,14.143,False
2025-11-30,P034,Campari,aperitif,15.943,False
2025-11-30,P035,Cointreau,liqueur,6.953,False
2025-11-30,P036,Kahlua,liqueur,11.692,False
2025-11-30,P037,Martini Rosso,vermouth,4.218,False
2025-11-30,P038,House Red Wine,wine,14.87,False
2025-11-30,P039,House White Wine,wine,13.348,False
2025-11-30,P040,Rose Wine,wine,16.8,False
2025-11-30,P041,Prosecco,wine,24.136,False
2025-11-30,P042,Chardonnay,wine,9.84,False
2025-11-30,P043,Coca-Cola,soft_drink,51.7,False
2025-11-30,P044,Coca-Cola Zero,soft_drink,22.6,False
2025-11-30,P045,Sprite,soft_drink,26.2,False
2025-11-30,P046,Tonic Water,soft_drink,33.02,False
2025-11-30,P047,Soda Water,soft_drink,41.54,False
2025-11-30,P048,Red Bull,soft_drink,33.8,False
2025-11-30,P049,Ginger Beer,soft_drink,9.2,False
2025-11-30,P050,Orange Juice,juice,4.0,False
2025-11-30,P051,Cranberry Juice,juice,4.0,False
2025-11-30,P052,Lime Juice,juice,6.928,False
2025-11-30,P053,Lemon Juice,juice,3.675,False
2025-11-30,P054,Sugar Syrup,cocktail_ingredient,8.682,False
2025-11-30,P055,Fresh Mint,cocktail_ingredient,8.149,False
2025-11-30,P056,Coffee Beans,cocktail_ingredient,6.577,False
2025-11-30,K001,Carlsberg 50L,draught_beer,5.139,False
2025-11-30,K002,Tuborg 50L,draught_beer,3.967,False
2025-11-30,K003,Carlsberg 30L,draught_beer,5.3,False
2025-11-30,K004,Malka 30L,draught_beer,5.308,False
2025-11-30,K005,Weihenstephan 30L,draught_beer,4.74,False
2025-12-01,P001,Carlsberg,beer,63.4,False
2025-12-01,P002,Heineken,beer,54.6,False
2025-12-01,P003,Corona,beer,52.2,False
2025-12-01,P004,Guinness,beer,33.6,False
2025-12-01,P005,Goldstar,beer,84.6,False
2025-12-01,P006,Maccabee,beer,33.0,False
2025-12-01,P007,Stella Artois,beer,37.4,False
2025-12-01,P008,Erdinger,beer,15.2,False
2025-12-01,P009,Bombay Sapphire,gin,12.909,False
2025-12-01,P010,Tanqueray,gin,6.916,False
2025-12-01,P011,Hendrick's,gin,14.528,False
2025-12-01,P012,Beefeater,gin,13.174,False
2025-12-01,P013,Gordon's,gin,9.13,False
2025-12-01,P014,Absolut,vodka,10.894,False
2025-12-01,P015,Finlandia,vodka,13.345,False
2025-12-01,P016,Grey Goose,vodka,13.167,False
2025-12-01,P017,Belvedere,vodka,14.117,False
2025-12-01,P018,Stolichnaya,vodka,13.002,False
2025-12-01,P019,Jameson,whiskey,15.36,False
2025-12-01,P020,Jack Daniel's,whiskey,5.876,False
2025-12-01,P021,Johnnie Walker Black,whiskey,11.708,False
2025-12-01,P022,Chivas Regal,whiskey,7.001,False
2025-12-01,P023,Maker's Mark,whiskey,13.602,False
2025-12-01,P024,Glenfiddich 12,whiskey,14.116,False
2025-12-01,P025,Bacardi Carta Blanca,rum,8.732,False
2025-12-01,P026,Havana Club 3,rum,6.487,False
2025-12-01,P027,Captain Morgan,rum,6.144,False
2025-12-01,P028,Diplomatico Reserva,rum,8.116,False
2025-12-01,P029,Jose Cuervo,tequila,4.033,False
2025-12-01,P030,Olmeca Blanco,tequila,13.688,False
2025-12-01,P031,Patron Silver,tequila,11.274,False
2025-12-01,P032,Don Julio Blanco,tequila,12.916,False
2025-12-01,P033,Aperol,aperitif,13.371,False
2025-12-01,P034,Campari,aperitif,15.643,False
2025-12-01,P035,Cointreau,liqueur,6.517,False
2025-12-01,P036,Kahlua,liqueur,11.52,False
2025-12-01,P037,Martini Rosso,vermouth,4.003,False
2025-12-01,P038,House Red Wine,wine,14.87,False
2025-12-01,P039,House White Wine,wine,11.152,False
2025-12-01,P040,Rose Wine,wine,16.2,False
2025-12-01,P041,Prosecco,wine,22.776,False
2025-12-01,P042,Chardonnay,wine,9.64,False
2025-12-01,P043,Coca-Cola,soft_drink,93.4,False
2025-12-01,P044,Coca-Cola Zero,soft_drink,20.6,False
2025-12-01,P045,Sprite,soft_drink,73.2,False
2025-12-01,P046,Tonic Water,soft_drink,79.72,False
2025-12-01,P047,Soda Water,soft_drink,61.86,False
2025-12-01,P048,Red Bull,soft_drink,53.8,False
2025-12-01,P049,Ginger Beer,soft_drink,33.2,False
2025-12-01,P050,Orange Juice,juice,4.0,False
2025-12-01,P051,Cranberry Juice,juice,4.0,False
2025-12-01,P052,Lime Juice,juice,12.378,False
2025-12-01,P053,Lemon Juice,juice,3.6,False
2025-12-01,P054,Sugar Syrup,cocktail_ingredient,8.532,False
2025-12-01,P055,Fresh Mint,cocktail_ingredient,8.059,False
2025-12-01,P056,Coffee Beans,cocktail_ingredient,6.577,False
2025-12-01,K001,Carlsberg 50L,draught_beer,4.962,False
2025-12-01,K002,Tuborg 50L,draught_beer,3.773,False
2025-12-01,K003,Carlsberg 30L,draught_beer,5.166,False
2025-12-01,K004,Malka 30L,draught_beer,5.173,False
2025-12-01,K005,Weihenstephan 30L,draught_beer,4.7,False
2025-12-02,P001,Carlsberg,beer,57.4,False
2025-12-02,P002,Heineken,beer,47.6,False
2025-12-02,P003,Corona,beer,46.2,False
2025-12-02,P004,Guinness,beer,31.6,False
2025-12-02,P005,Goldstar,beer,78.6,False
2025-12-02,P006,Maccabee,beer,31.0,False
2025-12-02,P007,Stella Artois,beer,32.4,False
2025-12-02,P008,Erdinger,beer,14.2,False
2025-12-02,P009,Bombay Sapphire,gin,12.566,False
2025-12-02,P010,Tanqueray,gin,6.659,False
2025-12-02,P011,Hendrick's,gin,14.185,False
2025-12-02,P012,Beefeater,gin,13.088,False
2025-12-02,P013,Gordon's,gin,20.128,False
2025-12-02,P014,Absolut,vodka,10.087,False
2025-12-02,P015,Finlandia,vodka,13.259,False
2025-12-02,P016,Grey Goose,vodka,12.909,False
2025-12-02,P017,Belvedere,vodka,14.031,False
2025-12-02,P018,Stolichnaya,vodka,12.916,False
2025-12-02,P019,Jameson,whiskey,14.932,False
2025-12-02,P020,Jack Daniel's,whiskey,5.448,False
2025-12-02,P021,Johnnie Walker Black,whiskey,11.451,False
2025-12-02,P022,Chivas Regal,whiskey,6.83,False
2025-12-02,P023,Maker's Mark,whiskey,13.517,False
2025-12-02,P024,Glenfiddich 12,whiskey,14.031,False
2025-12-02,P025,Bacardi Carta Blanca,rum,19.032,False
2025-12-02,P026,Havana Club 3,rum,6.23,False
2025-12-02,P027,Captain Morgan,rum,6.059,False
2025-12-02,P028,Diplomatico Reserva,rum,8.03,False
2025-12-02,P029,Jose Cuervo,tequila,15.745,False
2025-12-02,P030,Olmeca Blanco,tequila,13.602,False
2025-12-02,P031,Patron Silver,tequila,10.516,False
2025-12-02,P032,Don Julio Blanco,tequila,12.831,False
2025-12-02,P033,Aperol,aperitif,24.857,False
2025-12-02,P034,Campari,aperitif,15.386,False
2025-12-02,P035,Cointreau,liqueur,6.167,False
2025-12-02,P036,Kahlua,liqueur,11.235,False
2025-12-02,P037,Martini Rosso,vermouth,3.746,False
2025-12-02,P038,House Red Wine,wine,24.674,False
2025-12-02,P039,House White Wine,wine,21.932,False
2025-12-02,P040,Rose Wine,wine,16.0,False
2025-12-02,P041,Prosecco,wine,33.896,False
2025-12-02,P042,Chardonnay,wine,9.24,False
2025-12-02,P043,Coca-Cola,soft_drink,83.1,False
2025-12-02,P044,Coca-Cola Zero,soft_drink,15.6,False
2025-12-02,P045,Sprite,soft_drink,72.2,False
2025-12-02,P046,Tonic Water,soft_drink,72.62,False
2025-12-02,P047,Soda Water,soft_drink,55.82,False
2025-12-02,P048,Red Bull,soft_drink,46.8,False
2025-12-02,P049,Ginger Beer,soft_drink,31.2,False
2025-12-02,P050,Orange Juice,juice,4.0,False
2025-12-02,P051,Cranberry Juice,juice,4.0,False
2025-12-02,P052,Lime Juice,juice,11.793,False
2025-12-02,P053,Lemon Juice,juice,3.525,False
2025-12-02,P054,Sugar Syrup,cocktail_ingredient,8.237,False
2025-12-02,P055,Fresh Mint,cocktail_ingredient,7.924,False
2025-12-02,P056,Coffee Beans,cocktail_ingredient,6.514,False
2025-12-02,K001,Carlsberg 50L,draught_beer,4.6,False
2025-12-02,K002,Tuborg 50L,draught_beer,3.58,False
2025-12-02,K003,Carlsberg 30L,draught_beer,4.75,False
2025-12-02,K004,Malka 30L,draught_beer,4.892,False
2025-12-02,K005,Weihenstephan 30L,draught_beer,4.485,False
2025-12-03,P001,Carlsberg,beer,77.4,False
2025-12-03,P002,Heineken,beer,65.6,False
2025-12-03,P003,Corona,beer,67.2,False
2025-12-03,P004,Guinness,beer,29.6,False
2025-12-03,P005,Goldstar,beer,71.6,False
2025-12-03,P006,Maccabee,beer,27.0,False
2025-12-03,P007,Stella Artois,beer,28.4,False
2025-12-03,P008,Erdinger,beer,13.2,False
2025-12-03,P009,Bombay Sapphire,gin,12.394,False
2025-12-03,P010,Tanqueray,gin,6.487,False
2025-12-03,P011,Hendrick's,gin,13.842,False
2025-12-03,P012,Beefeater,gin,13.002,False
2025-12-03,P013,Gordon's,gin,19.317,False
2025-12-03,P014,Absolut,vodka,9.537,False
2025-12-03,P015,Finlandia,vodka,13.173,False
2025-12-03,P016,Grey Goose,vodka,12.824,False
2025-12-03,P017,Belvedere,vodka,13.945,False
2025-12-03,P018,Stolichnaya,vodka,12.745,False
2025-12-03,P019,Jameson,whiskey,14.675,False
2025-12-03,P020,Jack Daniel's,whiskey,5.191,False
2025-12-03,P021,Johnnie Walker Black,whiskey,11.194,False
2025-12-03,P022,Chivas Regal,whiskey,6.659,False
2025-12-03,P023,Maker's Mark,whiskey,13.431,False
2025-12-03,P024,Glenfiddich 12,whiskey,13.945,False
2025-12-03,P025,Bacardi Carta Blanca,rum,18.135,False
2025-12-03,P026,Havana Club 3,rum,6.059,False
2025-12-03,P027,Captain Morgan,rum,5.973,False
2025-12-03,P028,Diplomatico Reserva,rum,8.03,False
2025-12-03,P029,Jose Cuervo,tequila,15.457,False
2025-12-03,P030,Olmeca Blanco,tequila,13.516,False
2025-12-03,P031,Patron Silver,tequila,9.488,False
2025-12-03,P032,Don Julio Blanco,tequila,12.745,False
2025-12-03,P033,Aperol,aperitif,23.828,False
2025-12-03,P034,Campari,aperitif,15.043,False
2025-12-03,P035,Cointreau,liqueur,5.674,False
2025-12-03,P036,Kahlua,liqueur,11.035,False
2025-12-03,P037,Martini Rosso,vermouth,3.575,False
2025-12-03,P038,House Red Wine,wine,23.21,False
2025-12-03,P039,House White Wine,wine,20.468,False
2025-12-03,P040,Rose Wine,wine,15.4,False
2025-12-03,P041,Prosecco,wine,32.096,False
2025-12-03,P042,Chardonnay,wine,9.04,False
2025-12-03,P043,Coca-Cola,soft_drink,73.8,False
2025-12-03,P044,Coca-Cola Zero,soft_drink,10.6,False
2025-12-03,P045,Sprite,soft_drink,68.2,False
2025-12-03,P046,Tonic Water,soft_drink,65.82,False
2025-12-03,P047,Soda Water,soft_drink,52.38,False
2025-12-03,P048,Red Bull,soft_drink,42.8,False
2025-12-03,P049,Ginger Beer,soft_drink,28.2,False
2025-12-03,P050,Orange Juice,juice,4.0,False
2025-12-03,P051,Cranberry Juice,juice,4.0,False
2025-12-03,P052,Lime Juice,juice,11.258,False
2025-12-03,P053,Lemon Juice,juice,3.45,False
2025-12-03,P054,Sugar Syrup,cocktail_ingredient,8.092,False
2025-12-03,P055,Fresh Mint,cocktail_ingredient,7.861,False
2025-12-03,P056,Coffee Beans,cocktail_ingredient,6.478,False
2025-12-03,K001,Carlsberg 50L,draught_beer,4.221,False
2025-12-03,K002,Tuborg 50L,draught_beer,4.355,False
2025-12-03,K003,Carlsberg 30L,draught_beer,6.133,False
2025-12-03,K004,Malka 30L,draught_beer,5.382,False
2025-12-03,K005,Weihenstephan 30L,draught_beer,4.271,False
2025-12-04,P001,Carlsberg,beer,69.4,False
2025-12-04,P002,Heineken,beer,58.6,False
2025-12-04,P003,Corona,beer,57.2,False
2025-12-04,P004,Guinness,beer,24.6,False
2025-12-04,P005,Goldstar,beer,63.6,False
2025-12-04,P006,Maccabee,beer,47.0,False
2025-12-04,P007,Stella Artois,beer,45.4,False
2025-12-04,P008,Erdinger,beer,9.2,False
2025-12-04,P009,Bombay Sapphire,gin,12.137,False
2025-12-04,P010,Tanqueray,gin,6.23,False
2025-12-04,P011,Hendrick's,gin,13.157,False
2025-12-04,P012,Beefeater,gin,12.831,False
2025-12-04,P013,Gordon's,gin,17.923,False
2025-12-04,P014,Absolut,vodka,8.366,False
2025-12-04,P015,Finlandia,vodka,13.002,False
2025-12-04,P016,Grey Goose,vodka,12.481,False
2025-12-04,P017,Belvedere,vodka,13.774,False
2025-12-04,P018,Stolichnaya,vodka,12.574,False
2025-12-04,P019,Jameson,whiskey,14.075,False
2025-12-04,P020,Jack Daniel's,whiskey,4.762,False
2025-12-04,P021,Johnnie Walker Black,whiskey,11.023,False
2025-12-04,P022,Chivas Regal,whiskey,6.487,False
2025-12-04,P023,Maker's Mark,whiskey,13.259,False
2025-12-04,P024,Glenfiddich 12,whiskey,13.859,False
2025-12-04,P025,Bacardi Carta Blanca,rum,16.392,False
2025-12-04,P026,Havana Club 3,rum,5.887,False
2025-12-04,P027,Captain Morgan,rum,5.716,False
2025-12-04,P028,Diplomatico Reserva,rum,7.944,False
2025-12-04,P029,Jose Cuervo,tequila,15.039,False
2025-12-04,P030,Olmeca Blanco,tequila,13.431,False
2025-12-04,P031,Patron Silver,tequila,8.316,False
2025-12-04,P032,Don Julio Blanco,tequila,12.659,False
2025-12-04,P033,Aperol,aperitif,22.029,False
2025-12-04,P034,Campari,aperitif,14.529,False
2025-12-04,P035,Cointreau,liqueur,5.103,False
2025-12-04,P036,Kahlua,liqueur,10.663,False
2025-12-04,P037,Martini Rosso,vermouth,3.146,False
2025-12-04,P038,House Red Wine,wine,21.014,False
2025-12-04,P039,House White Wine,wine,19.004,False
2025-12-04,P040,Rose Wine,wine,14.2,False
2025-12-04,P041,Prosecco,wine,29.016,False
2025-12-04,P042,Chardonnay,wine,8.44,False
2025-12-04,P043,Coca-Cola,soft_drink,81.4,False
2025-12-04,P044,Coca-Cola Zero,soft_drink,99.6,False
2025-12-04,P045,Sprite,soft_drink,60.2,False
2025-12-04,P046,Tonic Water,soft_drink,55.82,False
2025-12-04,P047,Soda Water,soft_drink,69.56,False
2025-12-04,P048,Red Bull,soft_drink,59.8,False
2025-12-04,P049,Ginger Beer,soft_drink,25.2,False
2025-12-04,P050,Orange Juice,juice,4.0,False
2025-12-04,P051,Cranberry Juice,juice,4.0,False
2025-12-04,P052,Lime Juice,juice,10.488,False
2025-12-04,P053,Lemon Juice,juice,3.35,False
2025-12-04,P054,Sugar Syrup,cocktail_ingredient,7.782,False
2025-12-04,P055,Fresh Mint,cocktail_ingredient,7.735,False
2025-12-04,P056,Coffee Beans,cocktail_ingredient,6.388,False
2025-12-04,K001,Carlsberg 50L,draught_beer,3.754,False
2025-12-04,K002,Tuborg 50L,draught_beer,3.976,False
2025-12-04,K003,Carlsberg 30L,draught_beer,5.22,False
2025-12-04,K004,Malka 30L,draught_beer,4.952,False
2025-12-04,K005,Weihenstephan 30L,draught_beer,3.989,False
2025-12-05,P001,Carlsberg,beer,56.4,False
2025-12-05,P002,Heineken,beer,44.6,False
2025-12-05,P003,Corona,beer,46.2,False
2025-12-05,P004,Guinness,beer,19.6,False
2025-12-05,P005,Goldstar,beer,50.6,False
2025-12-05,P006,Maccabee,beer,42.0,False
2025-12-05,P007,Stella Artois,beer,36.4,False
2025-12-05,P008,Erdinger,beer,4.2,False
2025-12-05,P009,Bombay Sapphire,gin,11.623,False
2025-12-05,P010,Tanqueray,gin,5.887,False
2025-12-05,P011,Hendrick's,gin,12.3,False
2025-12-05,P012,Beefeater,gin,12.574,False
2025-12-05,P013,Gordon's,gin,15.335,False
2025-12-05,P014,Absolut,vodka,18.573,False
2025-12-05,P015,Finlandia,vodka,12.745,False
2025-12-05,P016,Grey Goose,vodka,12.052,False
2025-12-05,P017,Belvedere,vodka,13.517,False
2025-12-05,P018,Stolichnaya,vodka,12.316,False
2025-12-05,P019,Jameson,whiskey,13.132,False
2025-12-05,P020,Jack Daniel's,whiskey,15.733,False
2025-12-05,P021,Johnnie Walker Black,whiskey,10.594,False
2025-12-05,P022,Chivas Regal,whiskey,6.059,False
2025-12-05,P023,Maker's Mark,whiskey,13.002,False
2025-12-05,P024,Glenfiddich 12,whiskey,13.602,False
2025-12-05,P025,Bacardi Carta Blanca,rum,13.961,False
2025-12-05,P026,Havana Club 3,rum,5.459,False
2025-12-05,P027,Captain Morgan,rum,5.287,False
2025-12-05,P028,Diplomatico Reserva,rum,7.773,False
2025-12-05,P029,Jose Cuervo,tequila,14.386,False
2025-12-05,P030,Olmeca Blanco,tequila,13.174,False
2025-12-05,P031,Patron Silver,tequila,18.616,False
2025-12-05,P032,Don Julio Blanco,tequila,12.402,False
2025-12-05,P033,Aperol,aperitif,19.286,False
2025-12-05,P034,Campari,aperitif,13.672,False
2025-12-05,P035,Cointreau,liqueur,4.281,False
2025-12-05,P036,Kahlua,liqueur,10.035,False
2025-12-05,P037,Martini Rosso,vermouth,14.546,False
2025-12-05,P038,House Red Wine,wine,18.086,False
2025-12-05,P039,House White Wine,wine,15.588,False
2025-12-05,P040,Rose Wine,wine,12.8,False
2025-12-05,P041,Prosecco,wine,24.456,False
2025-12-05,P042,Chardonnay,wine,7.44,False
2025-12-05,P043,Coca-Cola,soft_drink,66.5,False
2025-12-05,P044,Coca-Cola Zero,soft_drink,87.6,False
2025-12-05,P045,Sprite,soft_drink,51.2,False
2025-12-05,P046,Tonic Water,soft_drink,41.32,False
2025-12-05,P047,Soda Water,soft_drink,59.72,False
2025-12-05,P048,Red Bull,soft_drink,48.8,False
2025-12-05,P049,Ginger Beer,soft_drink,20.2,False
2025-12-05,P050,Orange Juice,juice,4.0,False
2025-12-05,P051,Cranberry Juice,juice,4.0,False
2025-12-05,P052,Lime Juice,juice,9.468,False
2025-12-05,P053,Lemon Juice,juice,3.125,False
2025-12-05,P054,Sugar Syrup,cocktail_ingredient,7.382,False
2025-12-05,P055,Fresh Mint,cocktail_ingredient,7.573,False
2025-12-05,P056,Coffee Beans,cocktail_ingredient,6.271,False
2025-12-05,K001,Carlsberg 50L,draught_beer,3.965,False
2025-12-05,K002,Tuborg 50L,draught_beer,3.089,False
2025-12-05,K003,Carlsberg 30L,draught_beer,4.187,False
2025-12-05,K004,Malka 30L,draught_beer,3.959,False
2025-12-05,K005,Weihenstephan 30L,draught_beer,3.398,False
2025-12-06,P001,Carlsberg,beer,71.4,False
2025-12-06,P002,Heineken,beer,58.6,False
2025-12-06,P003,Corona,beer,62.2,False
2025-12-06,P004,Guinness,beer,40.6,False
2025-12-06,P005,Goldstar,beer,64.6,False
2025-12-06,P006,Maccabee,beer,37.0,False
2025-12-06,P007,Stella Artois,beer,52.4,False
2025-12-06,P008,Erdinger,beer,48.2,False
2025-12-06,P009,Bombay Sapphire,gin,11.109,False
2025-12-06,P010,Tanqueray,gin,5.63,False
2025-12-06,P011,Hendrick's,gin,11.614,False
2025-12-06,P012,Beefeater,gin,12.402,False
2025-12-06,P013,Gordon's,gin,13.697,False
2025-12-06,P014,Absolut,vodka,17.073,False
2025-12-06,P015,Finlandia,vodka,12.659,False
2025-12-06,P016,Grey Goose,vodka,11.624,False
2025-12-06,P017,Belvedere,vodka,13.345,False
2025-12-06,P018,Stolichnaya,vodka,12.145,False
2025-12-06,P019,Jameson,whiskey,12.36,False
2025-12-06,P020,Jack Daniel's,whiskey,15.133,False
2025-12-06,P021,Johnnie Walker Black,whiskey,10.166,False
2025-12-06,P022,Chivas Regal,whiskey,5.801,False
2025-12-06,P023,Maker's Mark,whiskey,12.831,False
2025-12-06,P024,Glenfiddich 12,whiskey,13.431,False
2025-12-06,P025,Bacardi Carta Blanca,rum,11.922,False
2025-12-06,P026,Havana Club 3,rum,5.202,False
2025-12-06,P027,Captain Morgan,rum,5.03,False
2025-12-06,P028,Diplomatico Reserva,rum,7.687,False
2025-12-06,P029,Jose Cuervo,tequila,13.915,False
2025-12-06,P030,Olmeca Blanco,tequila,13.002,False
2025-12-06,P031,Patron Silver,tequila,17.645,False
2025-12-06,P032,Don Julio Blanco,tequila,12.231,False
2025-12-06,P033,Aperol,aperitif,17.143,False
2025-12-06,P034,Campari,aperitif,12.986,False
2025-12-06,P035,Cointreau,liqueur,3.781,False
2025-12-06,P036,Kahlua,liqueur,9.435,False
2025-12-06,P037,Martini Rosso,vermouth,14.032,False
2025-12-06,P038,House Red Wine,wine,14.914,False
2025-12-06,P039,House White Wine,wine,12.416,False
2025-12-06,P040,Rose Wine,wine,12.0,False
2025-12-06,P041,Prosecco,wine,20.896,False
2025-12-06,P042,Chardonnay,wine,6.84,False
2025-12-06,P043,Coca-Cola,soft_drink,45.9,False
2025-12-06,P044,Coca-Cola Zero,soft_drink,77.6,False
2025-12-06,P045,Sprite,soft_drink,40.2,False
2025-12-06,P046,Tonic Water,soft_drink,32.02,False
2025-12-06,P047,Soda Water,soft_drink,49.18,False
2025-12-06,P048,Red Bull,soft_drink,41.8,False
2025-12-06,P049,Ginger Beer,soft_drink,17.2,False
2025-12-06,P050,Orange Juice,juice,4.0,False
2025-12-06,P051,Cranberry Juice,juice,4.0,False
2025-12-06,P052,Lime Juice,juice,8.718,False
2025-12-06,P053,Lemon Juice,juice,2.975,False
2025-12-06,P054,Sugar Syrup,cocktail_ingredient,6.992,False
2025-12-06,P055,Fresh Mint,cocktail_ingredient,7.411,False
2025-12-06,P056,Coffee Beans,cocktail_ingredient,6.163,False
2025-12-06,K001,Carlsberg 50L,draught_beer,3.337,False
2025-12-06,K002,Tuborg 50L,draught_beer,4.573,False
2025-12-06,K003,Carlsberg 30L,draught_beer,6.194,False
2025-12-06,K004,Malka 30L,draught_beer,5.476,False
2025-12-06,K005,Weihenstephan 30L,draught_beer,3.13,False
2025-12-07,P001,Carlsberg,beer,63.4,False
2025-12-07,P002,Heineken,beer,51.6,False
2025-12-07,P003,Corona,beer,55.2,False
2025-12-07,P004,Guinness,beer,38.6,False
2025-12-07,P005,Goldstar,beer,56.6,False
2025-12-07,P006,Maccabee,beer,34.0,False
2025-12-07,P007,Stella Artois,beer,49.4,False
2025-12-07,P008,Erdinger,beer,47.2,False
2025-12-07,P009,Bombay Sapphire,gin,10.852,False
2025-12-07,P010,Tanqueray,gin,5.373,False
2025-12-07,P011,Hendrick's,gin,11.314,False
2025-12-07,P012,Beefeater,gin,12.316,False
2025-12-07,P013,Gordon's,gin,12.285,False
2025-12-07,P014,Absolut,vodka,16.301,False
2025-12-07,P015,Finlandia,vodka,12.573,False
2025-12-07,P016,Grey Goose,vodka,11.452,False
2025-12-07,P017,Belvedere,vodka,13.174,False
2025-12-07,P018,Stolichnaya,vodka,12.059,False
2025-12-07,P019,Jameson,whiskey,12.103,False
2025-12-07,P020,Jack Daniel's,whiskey,14.705,False
2025-12-07,P021,Johnnie Walker Black,whiskey,9.994,False
2025-12-07,P022,Chivas Regal,whiskey,5.63,False
2025-12-07,P023,Maker's Mark,whiskey,12.745,False
2025-12-07,P024,Glenfiddich 12,whiskey,13.345,False
2025-12-07,P025,Bacardi Carta Blanca,rum,10.632,False
2025-12-07,P026,Havana Club 3,rum,4.944,False
2025-12-07,P027,Captain Morgan,rum,4.859,False
2025-12-07,P028,Diplomatico Reserva,rum,7.601,False
2025-12-07,P029,Jose Cuervo,tequila,13.601,False
2025-12-07,P030,Olmeca Blanco,tequila,12.916,False
2025-12-07,P031,Patron Silver,tequila,16.616,False
2025-12-07,P032,Don Julio Blanco,tequila,12.059,False
2025-12-07,P033,Aperol,aperitif,16.028,False
2025-12-07,P034,Campari,aperitif,12.686,False
2025-12-07,P035,Cointreau,liqueur,3.267,False
2025-12-07,P036,Kahlua,liqueur,9.178,False
2025-12-07,P037,Martini Rosso,vermouth,13.732,False
2025-12-07,P038,House Red Wine,wine,13.694,False
2025-12-07,P039,House White Wine,wine,11.196,False
2025-12-07,P040,Rose Wine,wine,11.8,False
2025-12-07,P041,Prosecco,wine,19.176,False
2025-12-07,P042,Chardonnay,wine,6.44,False
2025-12-07,P043,Coca-Cola,soft_drink,34.5,False
2025-12-07,P044,Coca-Cola Zero,soft_drink,72.6,False
2025-12-07,P045,Sprite,soft_drink,37.2,False
2025-12-07,P046,Tonic Water,soft_drink,26.32,False
2025-12-07,P047,Soda Water,soft_drink,44.32,False
2025-12-07,P048,Red Bull,soft_drink,37.8,False
2025-12-07,P049,Ginger Beer,soft_drink,15.2,False
2025-12-07,P050,Orange Juice,juice,4.0,False
2025-12-07,P051,Cranberry Juice,juice,4.0,False
2025-12-07,P052,Lime Juice,juice,8.108,False
2025-12-07,P053,Lemon Juice,juice,2.875,False
2025-12-07,P054,Sugar Syrup,cocktail_ingredient,6.782,False
2025-12-07,P055,Fresh Mint,cocktail_ingredient,7.321,False
2025-12-07,P056,Coffee Beans,cocktail_ingredient,6.109,False
2025-12-07,K001,Carlsberg 50L,draught_beer,3.047,False
2025-12-07,K002,Tuborg 50L,draught_beer,4.396,False
2025-12-07,K003,Carlsberg 30L,draught_beer,5.764,False
2025-12-07,K004,Malka 30L,draught_beer,5.167,False
2025-12-07,K005,Weihenstephan 30L,draught_beer,2.929,False
2025-12-08,P001,Carlsberg,beer,58.4,False
2025-12-08,P002,Heineken,beer,48.6,False
2025-12-08,P003,Corona,beer,53.2,False
2025-12-08,P004,Guinness,beer,36.6,False
2025-12-08,P005,Goldstar,beer,53.6,False
2025-12-08,P006,Maccabee,beer,34.0,False
2025-12-08,P007,Stella Artois,beer,47.4,False
2025-12-08,P008,Erdinger,beer,46.2,False
2025-12-08,P009,Bombay Sapphire,gin,10.68,False
2025-12-08,P010,Tanqueray,gin,5.202,False
2025-12-08,P011,Hendrick's,gin,11.057,False
2025-12-08,P012,Beefeater,gin,12.231,False
2025-12-08,P013,Gordon's,gin,11.902,False
2025-12-08,P014,Absolut,vodka,15.358,False
2025-12-08,P015,Finlandia,vodka,12.488,False
2025-12-08,P016,Grey Goose,vodka,11.367,False
2025-12-08,P017,Belvedere,vodka,13.174,False
2025-12-08,P018,Stolichnaya,vodka,11.888,False
2025-12-08,P019,Jameson,whiskey,11.932,False
2025-12-08,P020,Jack Daniel's,whiskey,14.533,False
2025-12-08,P021,Johnnie Walker Black,whiskey,9.994,False
2025-12-08,P022,Chivas Regal,whiskey,5.459,False
2025-12-08,P023,Maker's Mark,whiskey,12.659,False
2025-12-08,P024,Glenfiddich 12,whiskey,13.259,False
2025-12-08,P025,Bacardi Carta Blanca,rum,9.255,False
2025-12-08,P026,Havana Club 3,rum,4.859,False
2025-12-08,P027,Captain Morgan,rum,4.859,False
2025-12-08,P028,Diplomatico Reserva,rum,7.601,False
2025-12-08,P029,Jose Cuervo,tequila,13.287,False
2025-12-08,P030,Olmeca Blanco,tequila,12.831,False
2025-12-08,P031,Patron Silver,tequila,16.102,False
2025-12-08,P032,Don Julio Blanco,tequila,11.974,False
2025-12-08,P033,Aperol,aperitif,15.171,False
2025-12-08,P034,Campari,aperitif,12.515,False
2025-12-08,P035,Cointreau,liqueur,3.01,False
2025-12-08,P036,Kahlua,liqueur,8.921,False
2025-12-08,P037,Martini Rosso,vermouth,13.475,False
2025-12-08,P038,House Red Wine,wine,13.206,False
2025-12-08,P039,House White Wine,wine,9.976,False
2025-12-08,P040,Rose Wine,wine,11.2,False
2025-12-08,P041,Prosecco,wine,17.896,False
2025-12-08,P042,Chardonnay,wine,6.24,False
2025-12-08,P043,Coca-Cola,soft_drink,97.1,False
2025-12-08,P044,Coca-Cola Zero,soft_drink,68.6,False
2025-12-08,P045,Sprite,soft_drink,35.2,False
2025-12-08,P046,Tonic Water,soft_drink,24.72,False
2025-12-08,P047,Soda Water,soft_drink,63.46,False
2025-12-08,P048,Red Bull,soft_drink,58.8,False
2025-12-08,P049,Ginger Beer,soft_drink,37.2,False
2025-12-08,P050,Orange Juice,juice,4.0,False
2025-12-08,P051,Cranberry Juice,juice,4.0,False
2025-12-08,P052,Lime Juice,juice,7.653,False
2025-12-08,P053,Lemon Juice,juice,8.775,False
2025-12-08,P054,Sugar Syrup,cocktail_ingredient,6.557,False
2025-12-08,P055,Fresh Mint,cocktail_ingredient,7.222,False
2025-12-08,P056,Coffee Beans,cocktail_ingredient,6.055,False
2025-12-08,K001,Carlsberg 50L,draught_beer,2.781,False
2025-12-08,K002,Tuborg 50L,draught_beer,4.187,False
2025-12-08,K003,Carlsberg 30L,draught_beer,5.415,False
2025-12-08,K004,Malka 30L,draught_beer,4.818,False
2025-12-08,K005,Weihenstephan 30L,draught_beer,4.848,False
2025-12-09,P001,Carlsberg,beer,54.4,False
2025-12-09,P002,Heineken,beer,40.6,False
2025-12-09,P003,Corona,beer,49.2,False
2025-12-09,P004,Guinness,beer,33.6,False
2025-12-09,P005,Goldstar,beer,49.6,False
2025-12-09,P006,Maccabee,beer,31.0,False
2025-12-09,P007,Stella Artois,beer,46.4,False
2025-12-09,P008,Erdinger,beer,45.2,False
2025-12-09,P009,Bombay Sapphire,gin,10.509,False
2025-12-09,P010,Tanqueray,gin,5.116,False
2025-12-09,P011,Hendrick's,gin,10.714,False
2025-12-09,P012,Beefeater,gin,12.145,False
2025-12-09,P013,Gordon's,gin,11.143,False
2025-12-09,P014,Absolut,vodka,14.294,False
2025-12-09,P015,Finlandia,vodka,12.402,False
2025-12-09,P016,Grey Goose,vodka,11.195,False
2025-12-09,P017,Belvedere,vodka,13.088,False
2025-12-09,P018,Stolichnaya,vodka,11.802,False
2025-12-09,P019,Jameson,whiskey,11.589,False
2025-12-09,P020,Jack Daniel's,whiskey,14.19,False
2025-12-09,P021,Johnnie Walker Black,whiskey,9.737,False
2025-12-09,P022,Chivas Regal,whiskey,5.287,False
2025-12-09,P023,Maker's Mark,whiskey,12.574,False
2025-12-09,P024,Glenfiddich 12,whiskey,13.088,False
2025-12-09,P025,Bacardi Carta Blanca,rum,20.88,False
2025-12-09,P026,Havana Club 3,rum,4.687,False
2025-12-09,P027,Captain Morgan,rum,4.687,False
2025-12-09,P028,Diplomatico Reserva,rum,7.601,False
2025-12-09,P029,Jose Cuervo,tequila,13.104,False
2025-12-09,P030,Olmeca Blanco,tequila,12.745,False
2025-12-09,P031,Patron Silver,tequila,15.731,False
2025-12-09,P032,Don Julio Blanco,tequila,11.888,False
2025-12-09,P033,Aperol,aperitif,14.057,False
2025-12-09,P034,Campari,aperitif,12.172,False
2025-12-09,P035,Cointreau,liqueur,14.746,False
2025-12-09,P036,Kahlua,liqueur,8.463,False
2025-12-09,P037,Martini Rosso,vermouth,13.132,False
2025-12-09,P038,House Red Wine,wine,24.474,False
2025-12-09,P039,House White Wine,wine,21.732,False
2025-12-09,P040,Rose Wine,wine,10.6,False
2025-12-09,P041,Prosecco,wine,27.976,False
2025-12-09,P042,Chardonnay,wine,17.84,False
2025-12-09,P043,Coca-Cola,soft_drink,88.8,False
2025-12-09,P044,Coca-Cola Zero,soft_drink,66.6,False
2025-12-09,P045,Sprite,soft_drink,35.2,False
2025-12-09,P046,Tonic Water,soft_drink,20.82,False
2025-12-09,P047,Soda Water,soft_drink,60.68,False
2025-12-09,P048,Red Bull,soft_drink,52.8,False
2025-12-09,P049,Ginger Beer,soft_drink,35.2,False
2025-12-09,P050,Orange Juice,juice,4.0,False
2025-12-09,P051,Cranberry Juice,juice,4.0,False
2025-12-09,P052,Lime Juice,juice,7.508,False
2025-12-09,P053,Lemon Juice,juice,8.7,False
2025-12-09,P054,Sugar Syrup,cocktail_ingredient,6.442,False
2025-12-09,P055,Fresh Mint,cocktail_ingredient,7.213,False
2025-12-09,P056,Coffee Beans,cocktail_ingredient,5.965,False
2025-12-09,K001,Carlsberg 50L,draught_beer,4.548,False
2025-12-09,K002,Tuborg 50L,draught_beer,3.937,False
2025-12-09,K003,Carlsberg 30L,draught_beer,5.402,False
2025-12-09,K004,Malka 30L,draught_beer,4.738,False
2025-12-09,K005,Weihenstephan 30L,draught_beer,4.714,False
2025-12-10,P001,Carlsberg,beer,65.4,False
2025-12-10,P002,Heineken,beer,59.6,False
2025-12-10,P003,Corona,beer,66.2,False
2025-12-10,P004,Guinness,beer,31.6,False
2025-12-10,P005,Goldstar,beer,64.6,False
2025-12-10,P006,Maccabee,beer,50.0,False
2025-12-10,P007,Stella Artois,beer,41.4,False
2025-12-10,P008,Erdinger,beer,43.2,False
2025-12-10,P009,Bombay Sapphire,gin,10.252,False
2025-12-10,P010,Tanqueray,gin,4.944,False
2025-12-10,P011,Hendrick's,gin,10.243,False
2025-12-10,P012,Beefeater,gin,11.974,False
2025-12-10,P013,Gordon's,gin,9.906,False
2025-12-10,P014,Absolut,vodka,13.251,False
2025-12-10,P015,Finlandia,vodka,12.316,False
2025-12-10,P016,Grey Goose,vodka,10.938,False
2025-12-10,P017,Belvedere,vodka,13.002,False
2025-12-10,P018,Stolichnaya,vodka,11.717,False
2025-12-10,P019,Jameson,whiskey,11.16,False
2025-12-10,P020,Jack Daniel's,whiskey,13.676,False
2025-12-10,P021,Johnnie Walker Black,whiskey,9.394,False
2025-12-10,P022,Chivas Regal,whiskey,5.03,False
2025-12-10,P023,Maker's Mark,whiskey,12.488,False
2025-12-10,P024,Glenfiddich 12,whiskey,12.917,False
2025-12-10,P025,Bacardi Carta Blanca,rum,19.434,False
2025-12-10,P026,Havana Club 3,rum,4.516,False
2025-12-10,P027,Captain Morgan,rum,4.43,False
2025-12-10,P028,Diplomatico Reserva,rum,7.516,False
2025-12-10,P029,Jose Cuervo,tequila,12.739,False
2025-12-10,P030,Olmeca Blanco,tequila,12.574,False
2025-12-10,P031,Patron Silver,tequila,14.474,False
2025-12-10,P032,Don Julio Blanco,tequila,11.717,False
2025-12-10,P033,Aperol,aperitif,12.514,False
2025-12-10,P034,Campari,aperitif,11.615,False
2025-12-10,P035,Cointreau,liqueur,14.131,False
2025-12-10,P036,Kahlua,liqueur,8.006,False
2025-12-10,P037,Martini Rosso,vermouth,12.746,False
2025-12-10,P038,House Red Wine,wine,22.766,False
2025-12-10,P039,House White Wine,wine,20.024,False
2025-12-10,P040,Rose Wine,wine,9.8,False
2025-12-10,P041,Prosecco,wine,25.456,False
2025-12-10,P042,Chardonnay,wine,17.44,False
2025-12-10,P043,Coca-Cola,soft_drink,83.2,False
2025-12-10,P044,Coca-Cola Zero,soft_drink,57.6,False
2025-12-10,P045,Sprite,soft_drink,30.2,False
2025-12-10,P046,Tonic Water,soft_drink,60.82,False
2025-12-10,P047,Soda Water,soft_drink,54.52,False
2025-12-10,P048,Red Bull,soft_drink,46.8,False
2025-12-10,P049,Ginger Beer,soft_drink,32.2,False
2025-12-10,P050,Orange Juice,juice,4.0,False
2025-12-10,P051,Cranberry Juice,juice,4.0,False
2025-12-10,P052,Lime Juice,juice,6.838,False
2025-12-10,P053,Lemon Juice,juice,8.55,False
2025-12-10,P054,Sugar Syrup,cocktail_ingredient,6.192,False
2025-12-10,P055,Fresh Mint,cocktail_ingredient,7.123,False
2025-12-10,P056,Coffee Beans,cocktail_ingredient,5.875,False
2025-12-10,K001,Carlsberg 50L,draught_beer,5.194,False
2025-12-10,K002,Tuborg 50L,draught_beer,4.575,False
2025-12-10,K003,Carlsberg 30L,draught_beer,5.745,False
2025-12-10,K004,Malka 30L,draught_beer,5.161,False
2025-12-10,K005,Weihenstephan 30L,draught_beer,4.351,False
2025-12-11,P001,Carlsberg,beer,57.4,False
2025-12-11,P002,Heineken,beer,51.6,False
2025-12-11,P003,Corona,beer,58.2,False
2025-12-11,P004,Guinness,beer,28.6,False
2025-12-11,P005,Goldstar,beer,56.6,False
2025-12-11,P006,Maccabee,beer,45.0,False
2025-12-11,P007,Stella Artois,beer,37.4,False
2025-12-11,P008,Erdinger,beer,40.2,False
2025-12-11,P009,Bombay Sapphire,gin,9.995,False
2025-12-11,P010,Tanqueray,gin,4.687,False
2025-12-11,P011,Hendrick's,gin,9.514,False
2025-12-11,P012,Beefeater,gin,11.802,False
2025-12-11,P013,Gordon's,gin,8.547,False
2025-12-11,P014,Absolut,vodka,11.951,False
2025-12-11,P015,Finlandia,vodka,12.145,False
2025-12-11,P016,Grey Goose,vodka,10.681,False
2025-12-11,P017,Belvedere,vodka,12.831,False
2025-12-11,P018,Stolichnaya,vodka,11.545,False
2025-12-11,P019,Jameson,whiskey,10.646,False
2025-12-11,P020,Jack Daniel's,whiskey,13.076,False
2025-12-11,P021,Johnnie Walker Black,whiskey,9.051,False
2025-12-11,P022,Chivas Regal,whiskey,4.773,False
2025-12-11,P023,Maker's Mark,whiskey,12.317,False
2025-12-11,P024,Glenfiddich 12,whiskey,12.745,False
2025-12-11,P025,Bacardi Carta Blanca,rum,17.569,False
2025-12-11,P026,Havana Club 3,rum,4.259,False
2025-12-11,P027,Captain Morgan,rum,4.173,False
2025-12-11,P028,Diplomatico Reserva,rum,7.43,False
2025-12-11,P029,Jose Cuervo,tequila,12.373,False
2025-12-11,P030,Olmeca Blanco,tequila,12.402,False
2025-12-11,P031,Patron Silver,tequila,13.502,False
2025-12-11,P032,Don Julio Blanco,tequila,11.545,False
2025-12-11,P033,Aperol,aperitif,10.371,False
2025-12-11,P034,Campari,aperitif,10.972,False
2025-12-11,P035,Cointreau,liqueur,13.631,False
2025-12-11,P036,Kahlua,liqueur,7.549,False
2025-12-11,P037,Martini Rosso,vermouth,12.189,False
2025-12-11,P038,House Red Wine,wine,20.57,False
2025-12-11,P039,House White Wine,wine,17.34,False
2025-12-11,P040,Rose Wine,wine,8.8,False
2025-12-11,P041,Prosecco,wine,22.216,False
2025-12-11,P042,Chardonnay,wine,16.84,False
2025-12-11,P043,Coca-Cola,soft_drink,88.6,False
2025-12-11,P044,Coca-Cola Zero,soft_drink,48.6,False
2025-12-11,P045,Sprite,soft_drink,71.2,False
2025-12-11,P046,Tonic Water,soft_drink,53.12,False
2025-12-11,P047,Soda Water,soft_drink,45.28,False
2025-12-11,P048,Red Bull,soft_drink,39.8,False
2025-12-11,P049,Ginger Beer,soft_drink,28.2,False
2025-12-11,P050,Orange Juice,juice,4.0,False
2025-12-11,P051,Cranberry Juice,juice,4.0,False
2025-12-11,P052,Lime Juice,juice,12.138,False
2025-12-11,P053,Lemon Juice,juice,8.4,False
2025-12-11,P054,Sugar Syrup,cocktail_ingredient,5.852,False
2025-12-11,P055,Fresh Mint,cocktail_ingredient,6.979,False
2025-12-11,P056,Coffee Beans,cocktail_ingredient,5.785,False
2025-12-11,K001,Carlsberg 50L,draught_beer,4.856,False
2025-12-11,K002,Tuborg 50L,draught_beer,4.18,False
2025-12-11,K003,Carlsberg 30L,draught_beer,5.154,False
2025-12-11,K004,Malka 30L,draught_beer,4.49,False
2025-12-11,K005,Weihenstephan 30L,draught_beer,3.855,False
2025-12-12,P001,Carlsberg,beer,48.4,False
2025-12-12,P002,Heineken,beer,45.6,False
2025-12-12,P003,Corona,beer,49.2,False
2025-12-12,P004,Guinness,beer,24.6,False
2025-12-12,P005,Goldstar,beer,48.6,False
2025-12-12,P006,Maccabee,beer,40.0,False
2025-12-12,P007,Stella Artois,beer,31.4,False
2025-12-12,P008,Erdinger,beer,37.2,False
2025-12-12,P009,Bombay Sapphire,gin,9.566,False
2025-12-12,P010,Tanqueray,gin,4.43,False
2025-12-12,P011,Hendrick's,gin,8.914,False
2025-12-12,P012,Beefeater,gin,11.631,False
2025-12-12,P013,Gordon's,gin,18.508,False
2025-12-12,P014,Absolut,vodka,10.723,False
2025-12-12,P015,Finlandia,vodka,11.974,False
2025-12-12,P016,Grey Goose,vodka,10.338,False
2025-12-12,P017,Belvedere,vodka,12.66,False
2025-12-12,P018,Stolichnaya,vodka,11.374,False
2025-12-12,P019,Jameson,whiskey,9.96,False
2025-12-12,P020,Jack Daniel's,whiskey,12.476,False
2025-12-12,P021,Johnnie Walker Black,whiskey,8.708,False
2025-12-12,P022,Chivas Regal,whiskey,4.516,False
2025-12-12,P023,Maker's Mark,whiskey,12.231,False
2025-12-12,P024,Glenfiddich 12,whiskey,12.574,False
2025-12-12,P025,Bacardi Carta Blanca,rum,15.32,False
2025-12-12,P026,Havana Club 3,rum,4.002,False
2025-12-12,P027,Captain Morgan,rum,3.916,False
2025-12-12,P028,Diplomatico Reserva,rum,7.344,False
2025-12-12,P029,Jose Cuervo,tequila,11.85,False
2025-12-12,P030,Olmeca Blanco,tequila,12.231,False
2025-12-12,P031,Patron Silver,tequila,12.388,False
2025-12-12,P032,Don Julio Blanco,tequila,11.374,False
2025-12-12,P033,Aperol,aperitif,20.657,False
2025-12-12,P034,Campari,aperitif,10.457,False
2025-12-12,P035,Cointreau,liqueur,13.031,False
2025-12-12,P036,Kahlua,liqueur,7.149,False
2025-12-12,P037,Martini Rosso,vermouth,11.76,False
2025-12-12,P038,House Red Wine,wine,17.886,False
2025-12-12,P039,House White Wine,wine,27.388,False
2025-12-12,P040,Rose Wine,wine,20.4,False
2025-12-12,P041,Prosecco,wine,31.296,False
2025-12-12,P042,Chardonnay,wine,16.24,False
2025-12-12,P043,Coca-Cola,soft_drink,76.8,False
2025-12-12,P044,Coca-Cola Zero,soft_drink,40.6,False
2025-12-12,P045,Sprite,soft_drink,60.2,False
2025-12-12,P046,Tonic Water,soft_drink,41.62,False
2025-12-12,P047,Soda Water,soft_drink,36.8,False
2025-12-12,P048,Red Bull,soft_drink,36.8,False
2025-12-12,P049,Ginger Beer,soft_drink,24.2,False
2025-12-12,P050,Orange Juice,juice,4.0,False
2025-12-12,P051,Cranberry Juice,juice,4.0,False
2025-12-12,P052,Lime Juice,juice,11.253,False
2025-12-12,P053,Lemon Juice,juice,8.2,False
2025-12-12,P054,Sugar Syrup,cocktail_ingredient,5.457,False
2025-12-12,P055,Fresh Mint,cocktail_ingredient,6.79,False
2025-12-12,P056,Coffee Beans,cocktail_ingredient,5.713,False
2025-12-12,K001,Carlsberg 50L,draught_beer,4.413,False
2025-12-12,K002,Tuborg 50L,draught_beer,3.858,False
2025-12-12,K003,Carlsberg 30L,draught_beer,4.51,False
2025-12-12,K004,Malka 30L,draught_beer,3.779,False
2025-12-12,K005,Weihenstephan 30L,draught_beer,3.493,False
2025-12-13,P001,Carlsberg,beer,63.4,False
2025-12-13,P002,Heineken,beer,61.6,False
2025-12-13,P003,Corona,beer,67.2,False
2025-12-13,P004,Guinness,beer,46.6,False
2025-12-13,P005,Goldstar,beer,65.6,False
2025-12-13,P006,Maccabee,beer,36.0,False
2025-12-13,P007,Stella Artois,beer,26.4,False
2025-12-13,P008,Erdinger,beer,35.2,False
2025-12-13,P009,Bombay Sapphire,gin,9.223,False
2025-12-13,P010,Tanqueray,gin,4.259,False
2025-12-13,P011,Hendrick's,gin,8.443,False
2025-12-13,P012,Beefeater,gin,11.545,False
2025-12-13,P013,Gordon's,gin,16.756,False
2025-12-13,P014,Absolut,vodka,9.373,False
2025-12-13,P015,Finlandia,vodka,11.802,False
2025-12-13,P016,Grey Goose,vodka,9.995,False
2025-12-13,P017,Belvedere,vodka,12.488,False
2025-12-13,P018,Stolichnaya,vodka,11.202,False
2025-12-13,P019,Jameson,whiskey,9.275,False
2025-12-13,P020,Jack Daniel's,whiskey,11.962,False
2025-12-13,P021,Johnnie Walker Black,whiskey,8.28,False
2025-12-13,P022,Chivas Regal,whiskey,4.259,False
2025-12-13,P023,Maker's Mark,whiskey,12.06,False
2025-12-13,P024,Glenfiddich 12,whiskey,12.317,False
2025-12-13,P025,Bacardi Carta Blanca,rum,12.837,False
2025-12-13,P026,Havana Club 3,rum,3.83,False
2025-12-13,P027,Captain Morgan,rum,3.659,False
2025-12-13,P028,Diplomatico Reserva,rum,7.259,False
2025-12-13,P029,Jose Cuervo,tequila,11.457,False
2025-12-13,P030,Olmeca Blanco,tequila,12.059,False
2025-12-13,P031,Patron Silver,tequila,11.216,False
2025-12-13,P032,Don Julio Blanco,tequila,11.202,False
2025-12-13,P033,Aperol,aperitif,18.343,False
2025-12-13,P034,Campari,aperitif,9.9,False
2025-12-13,P035,Cointreau,liqueur,12.396,False
2025-12-13,P036,Kahlua,liqueur,6.635,False
2025-12-13,P037,Martini Rosso,vermouth,11.375,False
2025-12-13,P038,House Red Wine,wine,16.666,False
2025-12-13,P039,House White Wine,wine,24.948,False
2025-12-13,P040,Rose Wine,wine,19.2,False
2025-12-13,P041,Prosecco,wine,27.936,False
2025-12-13,P042,Chardonnay,wine,16.04,False
2025-12-13,P043,Coca-Cola,soft_drink,57.1,False
2025-12-13,P044,Coca-Cola Zero,soft_drink,32.6,False
2025-12-13,P045,Sprite,soft_drink,56.2,False
2025-12-13,P046,Tonic Water,soft_drink,32.02,False
2025-12-13,P047,Soda Water,soft_drink,27.54,False
2025-12-13,P048,Red Bull,soft_drink,32.8,False
2025-12-13,P049,Ginger Beer,soft_drink,21.2,False
2025-12-13,P050,Orange Juice,juice,4.0,False
2025-12-13,P051,Cranberry Juice,juice,4.0,False
2025-12-13,P052,Lime Juice,juice,10.233,False
2025-12-13,P053,Lemon Juice,juice,8.025,False
2025-12-13,P054,Sugar Syrup,cocktail_ingredient,4.977,False
2025-12-13,P055,Fresh Mint,cocktail_ingredient,6.574,False
2025-12-13,P056,Coffee Beans,cocktail_ingredient,5.605,False
2025-12-13,K001,Carlsberg 50L,draught_beer,4.801,False
2025-12-13,K002,Tuborg 50L,draught_beer,4.52,False
2025-12-13,K003,Carlsberg 30L,draught_beer,5.879,False
2025-12-13,K004,Malka 30L,draught_beer,5.148,False
2025-12-13,K005,Weihenstephan 30L,draught_beer,2.956,False
2025-12-14,P001,Carlsberg,beer,54.4,False
2025-12-14,P002,Heineken,beer,56.6,False
2025-12-14,P003,Corona,beer,66.2,False
2025-12-14,P004,Guinness,beer,44.6,False
2025-12-14,P005,Goldstar,beer,62.6,False
2025-12-14,P006,Maccabee,beer,33.0,False
2025-12-14,P007,Stella Artois,beer,22.4,False
2025-12-14,P008,Erdinger,beer,34.2,False
2025-12-14,P009,Bombay Sapphire,gin,8.966,False
2025-12-14,P010,Tanqueray,gin,4.088,False
2025-12-14,P011,Hendrick's,gin,8.014,False
2025-12-14,P012,Beefeater,gin,11.46,False
2025-12-14,P013,Gordon's,gin,16.198,False
2025-12-14,P014,Absolut,vodka,8.43,False
2025-12-14,P015,Finlandia,vodka,11.802,False
2025-12-14,P016,Grey Goose,vodka,9.995,False
2025-12-14,P017,Belvedere,vodka,12.403,False
2025-12-14,P018,Stolichnaya,vodka,11.117,False
2025-12-14,P019,Jameson,whiskey,9.103,False
2025-12-14,P020,Jack Daniel's,whiskey,11.533,False
2025-12-14,P021,Johnnie Walker Black,whiskey,8.194,False
2025-12-14,P022,Chivas Regal,whiskey,4.173,False
2025-12-14,P023,Maker's Mark,whiskey,11.974,False
2025-12-14,P024,Glenfiddich 12,whiskey,12.145,False
2025-12-14,P025,Bacardi Carta Blanca,rum,11.844,False
2025-12-14,P026,Havana Club 3,rum,3.659,False
2025-12-14,P027,Captain Morgan,rum,3.487,False
2025-12-14,P028,Diplomatico Reserva,rum,7.173,False
2025-12-14,P029,Jose Cuervo,tequila,11.248,False
2025-12-14,P030,Olmeca Blanco,tequila,12.059,False
2025-12-14,P031,Patron Silver,tequila,10.488,False
2025-12-14,P032,Don Julio Blanco,tequila,11.117,False
2025-12-14,P033,Aperol,aperitif,18.085,False
2025-12-14,P034,Campari,aperitif,9.557,False
2025-12-14,P035,Cointreau,liqueur,11.967,False
2025-12-14,P036,Kahlua,liqueur,6.292,False
2025-12-14,P037,Martini Rosso,vermouth,11.118,False
2025-12-14,P038,House Red Wine,wine,15.446,False
2025-12-14,P039,House White Wine,wine,23.728,False
2025-12-14,P040,Rose Wine,wine,19.0,False
2025-12-14,P041,Prosecco,wine,27.496,False
2025-12-14,P042,Chardonnay,wine,15.84,False
2025-12-14,P043,Coca-Cola,soft_drink,46.7,False
2025-12-14,P044,Coca-Cola Zero,soft_drink,26.6,False
2025-12-14,P045,Sprite,soft_drink,50.2,False
2025-12-14,P046,Tonic Water,soft_drink,28.82,False
2025-12-14,P047,Soda Water,soft_drink,24.34,False
2025-12-14,P048,Red Bull,soft_drink,27.8,False
2025-12-14,P049,Ginger Beer,soft_drink,20.2,False
2025-12-14,P050,Orange Juice,juice,4.0,False
2025-12-14,P051,Cranberry Juice,juice,4.0,False
2025-12-14,P052,Lime Juice,juice,9.738,False
2025-12-14,P053,Lemon Juice,juice,7.925,False
2025-12-14,P054,Sugar Syrup,cocktail_ingredient,4.752,False
2025-12-14,P055,Fresh Mint,cocktail_ingredient,6.493,False
2025-12-14,P056,Coffee Beans,cocktail_ingredient,5.524,False
2025-12-14,K001,Carlsberg 50L,draught_beer,4.583,False
2025-12-14,K002,Tuborg 50L,draught_beer,4.367,False
2025-12-14,K003,Carlsberg 30L,draught_beer,5.369,False
2025-12-14,K004,Malka 30L,draught_beer,4.799,False
2025-12-14,K005,Weihenstephan 30L,draught_beer,2.768,False
2025-12-15,P001,Carlsberg,beer,47.4,False
2025-12-15,P002,Heineken,beer,48.6,False
2025-12-15,P003,Corona,beer,63.2,False
2025-12-15,P004,Guinness,beer,44.6,False
2025-12-15,P005,Goldstar,beer,61.6,False
2025-12-15,P006,Maccabee,beer,32.0,False
2025-12-15,P007,Stella Artois,beer,43.4,False
2025-12-15,P008,Erdinger,beer,32.2,False
2025-12-15,P009,Bombay Sapphire,gin,8.88,False
2025-12-15,P010,Tanqueray,gin,4.002,False
2025-12-15,P011,Hendrick's,gin,7.885,False
2025-12-15,P012,Beefeater,gin,11.374,False
2025-12-15,P013,Gordon's,gin,15.762,False
2025-12-15,P014,Absolut,vodka,7.758,False
2025-12-15,P015,Finlandia,vodka,11.716,False
2025-12-15,P016,Grey Goose,vodka,9.738,False
2025-12-15,P017,Belvedere,vodka,12.317,False
2025-12-15,P018,Stolichnaya,vodka,11.031,False
2025-12-15,P019,Jameson,whiskey,8.76,False
2025-12-15,P020,Jack Daniel's,whiskey,11.362,False
2025-12-15,P021,Johnnie Walker Black,whiskey,7.937,False
2025-12-15,P022,Chivas Regal,whiskey,4.002,False
2025-12-15,P023,Maker's Mark,whiskey,11.974,False
2025-12-15,P024,Glenfiddich 12,whiskey,12.06,False
2025-12-15,P025,Bacardi Carta Blanca,rum,10.885,False
2025-12-15,P026,Havana Club 3,rum,3.573,False
2025-12-15,P027,Captain Morgan,rum,3.23,False
2025-12-15,P028,Diplomatico Reserva,rum,7.173,False
2025-12-15,P029,Jose Cuervo,tequila,11.091,False
2025-12-15,P030,Olmeca Blanco,tequila,11.974,False
2025-12-15,P031,Patron Silver,tequila,10.202,False
2025-12-15,P032,Don Julio Blanco,tequila,11.117,False
2025-12-15,P033,Aperol,aperitif,17.914,False
2025-12-15,P034,Campari,aperitif,9.257,False
2025-12-15,P035,Cointreau,liqueur,11.81,False
2025-12-15,P036,Kahlua,liqueur,6.063,False
2025-12-15,P037,Martini Rosso,vermouth,10.989,False
2025-12-15,P038,House Red Wine,wine,14.714,False
2025-12-15,P039,House White Wine,wine,22.752,False
2025-12-15,P040,Rose Wine,wine,18.4,False
2025-12-15,P041,Prosecco,wine,27.096,False
2025-12-15,P042,Chardonnay,wine,15.64,False
2025-12-15,P043,Coca-Cola,soft_drink,41.5,False
2025-12-15,P044,Coca-Cola Zero,soft_drink,70.6,False
2025-12-15,P045,Sprite,soft_drink,72.2,False
2025-12-15,P046,Tonic Water,soft_drink,74.22,False
2025-12-15,P047,Soda Water,soft_drink,69.38,False
2025-12-15,P048,Red Bull,soft_drink,51.8,False
2025-12-15,P049,Ginger Beer,soft_drink,44.2,False
2025-12-15,P050,Orange Juice,juice,4.0,False
2025-12-15,P051,Cranberry Juice,juice,4.0,False
2025-12-15,P052,Lime Juice,juice,9.418,False
2025-12-15,P053,Lemon Juice,juice,7.875,False
2025-12-15,P054,Sugar Syrup,cocktail_ingredient,4.582,False
2025-12-15,P055,Fresh Mint,cocktail_ingredient,6.421,False
2025-12-15,P056,Coffee Beans,cocktail_ingredient,5.479,False
2025-12-15,K001,Carlsberg 50L,draught_beer,4.398,False
2025-12-15,K002,Tuborg 50L,draught_beer,4.23,False
2025-12-15,K003,Carlsberg 30L,draught_beer,5.195,False
2025-12-15,K004,Malka 30L,draught_beer,4.624,False
2025-12-15,K005,Weihenstephan 30L,draught_beer,2.674,False
2025-12-16,P001,Carlsberg,beer,46.4,False
2025-12-16,P002,Heineken,beer,44.6,False
2025-12-16,P003,Corona,beer,59.2,False
2025-12-16,P004,Guinness,beer,43.6,False
2025-12-16,P005,Goldstar,beer,56.6,False
2025-12-16,P006,Maccabee,beer,30.0,False
2025-12-16,P007,Stella Artois,beer,41.4,False
2025-12-16,P008,Erdinger,beer,30.2,False
2025-12-16,P009,Bombay Sapphire,gin,8.795,False
2025-12-16,P010,Tanqueray,gin,4.002,False
2025-12-16,P011,Hendrick's,gin,7.414,False
2025-12-16,P012,Beefeater,gin,11.288,False
2025-12-16,P013,Gordon's,gin,15.344,False
2025-12-16,P014,Absolut,vodka,18.916,False
2025-12-16,P015,Finlandia,vodka,11.631,False
2025-12-16,P016,Grey Goose,vodka,9.567,False
2025-12-16,P017,Belvedere,vodka,12.231,False
2025-12-16,P018,Stolichnaya,vodka,10.945,False
2025-12-16,P019,Jameson,whiskey,8.503,False
2025-12-16,P020,Jack Daniel's,whiskey,11.019,False
2025-12-16,P021,Johnnie Walker Black,whiskey,7.851,False
2025-12-16,P022,Chivas Regal,whiskey,3.916,False
2025-12-16,P023,Maker's Mark,whiskey,11.888,False
2025-12-16,P024,Glenfiddich 12,whiskey,12.06,False
2025-12-16,P025,Bacardi Carta Blanca,rum,21.752,False
2025-12-16,P026,Havana Club 3,rum,3.488,False
2025-12-16,P027,Captain Morgan,rum,15.145,False
2025-12-16,P028,Diplomatico Reserva,rum,7.173,False
2025-12-16,P029,Jose Cuervo,tequila,10.935,False
2025-12-16,P030,Olmeca Blanco,tequila,11.888,False
2025-12-16,P031,Patron Silver,tequila,9.688,False
2025-12-16,P032,Don Julio Blanco,tequila,11.117,False
2025-12-16,P033,Aperol,aperitif,17.057,False
2025-12-16,P034,Campari,aperitif,8.872,False
2025-12-16,P035,Cointreau,liqueur,11.596,False
2025-12-16,P036,Kahlua,liqueur,5.749,False
2025-12-16,P037,Martini Rosso,vermouth,10.689,False
2025-12-16,P038,House Red Wine,wine,25.25,False
2025-12-16,P039,House White Wine,wine,22.264,False
2025-12-16,P040,Rose Wine,wine,17.8,False
2025-12-16,P041,Prosecco,wine,25.816,False
2025-12-16,P042,Chardonnay,wine,15.24,False
2025-12-16,P043,Coca-Cola,soft_drink,81.3,False
2025-12-16,P044,Coca-Cola Zero,soft_drink,63.6,False
2025-12-16,P045,Sprite,soft_drink,72.2,False
2025-12-16,P046,Tonic Water,soft_drink,71.32,False
2025-12-16,P047,Soda Water,soft_drink,64.64,False
2025-12-16,P048,Red Bull,soft_drink,48.8,False
2025-12-16,P049,Ginger Beer,soft_drink,43.2,False
2025-12-16,P050,Orange Juice,juice,4.0,False
2025-12-16,P051,Cranberry Juice,juice,4.0,False
2025-12-16,P052,Lime Juice,juice,8.988,False
2025-12-16,P053,Lemon Juice,juice,7.825,False
2025-12-16,P054,Sugar Syrup,cocktail_ingredient,4.352,False
2025-12-16,P055,Fresh Mint,cocktail_ingredient,6.331,False
2025-12-16,P056,Coffee Beans,cocktail_ingredient,5.407,False
2025-12-16,K001,Carlsberg 50L,draught_beer,4.334,False
2025-12-16,K002,Tuborg 50L,draught_beer,4.037,False
2025-12-16,K003,Carlsberg 30L,draught_beer,4.993,False
2025-12-16,K004,Malka 30L,draught_beer,4.195,False
2025-12-16,K005,Weihenstephan 30L,draught_beer,3.486,False
2025-12-17,P001,Carlsberg,beer,61.4,False
2025-12-17,P002,Heineken,beer,61.6,False
2025-12-17,P003,Corona,beer,53.2,False
2025-12-17,P004,Guinness,beer,42.6,False
2025-12-17,P005,Goldstar,beer,71.6,False
2025-12-17,P006,Maccabee,beer,51.0,False
2025-12-17,P007,Stella Artois,beer,39.4,False
2025-12-17,P008,Erdinger,beer,29.2,False
2025-12-17,P009,Bombay Sapphire,gin,8.537,False
2025-12-17,P010,Tanqueray,gin,4.002,False
2025-12-17,P011,Hendrick's,gin,7.071,False
2025-12-17,P012,Beefeater,gin,11.202,False
2025-12-17,P013,Gordon's,gin,14.665,False
2025-12-17,P014,Absolut,vodka,17.687,False
2025-12-17,P015,Finlandia,vodka,11.545,False
2025-12-17,P016,Grey Goose,vodka,9.31,False
2025-12-17,P017,Belvedere,vodka,12.06,False
2025-12-17,P018,Stolichnaya,vodka,10.774,False
2025-12-17,P019,Jameson,whiskey,8.16,False
2025-12-17,P020,Jack Daniel's,whiskey,10.59,False
2025-12-17,P021,Johnnie Walker Black,whiskey,7.594,False
2025-12-17,P022,Chivas Regal,whiskey,3.745,False
2025-12-17,P023,Maker's Mark,whiskey,11.803,False
2025-12-17,P024,Glenfiddich 12,whiskey,11.974,False
2025-12-17,P025,Bacardi Carta Blanca,rum,20.567,False
2025-12-17,P026,Havana Club 3,rum,3.316,False
2025-12-17,P027,Captain Morgan,rum,15.059,False
2025-12-17,P028,Diplomatico Reserva,rum,7.087,False
2025-12-17,P029,Jose Cuervo,tequila,10.726,False
2025-12-17,P030,Olmeca Blanco,tequila,11.802,False
2025-12-17,P031,Patron Silver,tequila,8.802,False
2025-12-17,P032,Don Julio Blanco,tequila,11.031,False
2025-12-17,P033,Aperol,aperitif,15.686,False
2025-12-17,P034,Campari,aperitif,8.615,False
2025-12-17,P035,Cointreau,liqueur,11.139,False
2025-12-17,P036,Kahlua,liqueur,5.349,False
2025-12-17,P037,Martini Rosso,vermouth,10.432,False
2025-12-17,P038,House Red Wine,wine,24.518,False
2025-12-17,P039,House White Wine,wine,20.556,False
2025-12-17,P040,Rose Wine,wine,17.4,False
2025-12-17,P041,Prosecco,wine,23.736,False
2025-12-17,P042,Chardonnay,wine,14.84,False
2025-12-17,P043,Coca-Cola,soft_drink,62.9,False
2025-12-17,P044,Coca-Cola Zero,soft_drink,57.6,False
2025-12-17,P045,Sprite,soft_drink,66.2,False
2025-12-17,P046,Tonic Water,soft_drink,66.42,False
2025-12-17,P047,Soda Water,soft_drink,59.6,False
2025-12-17,P048,Red Bull,soft_drink,45.8,False
2025-12-17,P049,Ginger Beer,soft_drink,40.2,False
2025-12-17,P050,Orange Juice,juice,4.0,False
2025-12-17,P051,Cranberry Juice,juice,4.0,False
2025-12-17,P052,Lime Juice,juice,8.438,False
2025-12-17,P053,Lemon Juice,juice,7.725,False
2025-12-17,P054,Sugar Syrup,cocktail_ingredient,4.092,False
2025-12-17,P055,Fresh Mint,cocktail_ingredient,6.241,False
2025-12-17,P056,Coffee Beans,cocktail_ingredient,5.308,False
2025-12-17,K001,Carlsberg 50L,draught_beer,5.221,False
2025-12-17,K002,Tuborg 50L,draught_beer,4.739,False
2025-12-17,K003,Carlsberg 30L,draught_beer,6.376,False
2025-12-17,K004,Malka 30L,draught_beer,5.953,False
2025-12-17,K005,Weihenstephan 30L,draught_beer,4.204,False
2025-12-18,P001,Carlsberg,beer,53.4,False
2025-12-18,P002,Heineken,beer,52.6,False
2025-12-18,P003,Corona,beer,46.2,False
2025-12-18,P004,Guinness,beer,39.6,False
2025-12-18,P005,Goldstar,beer,59.6,False
2025-12-18,P006,Maccabee,beer,46.0,False
2025-12-18,P007,Stella Artois,beer,33.4,False
2025-12-18,P008,Erdinger,beer,26.2,False
2025-12-18,P009,Bombay Sapphire,gin,8.28,False
2025-12-18,P010,Tanqueray,gin,3.745,False
2025-12-18,P011,Hendrick's,gin,6.685,False
2025-12-18,P012,Beefeater,gin,11.031,False
2025-12-18,P013,Gordon's,gin,13.227,False
2025-12-18,P014,Absolut,vodka,16.066,False
2025-12-18,P015,Finlandia,vodka,11.374,False
2025-12-18,P016,Grey Goose,vodka,8.881,False
2025-12-18,P017,Belvedere,vodka,11.888,False
2025-12-18,P018,Stolichnaya,vodka,10.688,False
2025-12-18,P019,Jameson,whiskey,7.475,False
2025-12-18,P020,Jack Daniel's,whiskey,9.99,False
2025-12-18,P021,Johnnie Walker Black,whiskey,7.166,False
2025-12-18,P022,Chivas Regal,whiskey,3.487,False
2025-12-18,P023,Maker's Mark,whiskey,11.631,False
2025-12-18,P024,Glenfiddich 12,whiskey,11.717,False
2025-12-18,P025,Bacardi Carta Blanca,rum,18.641,False
2025-12-18,P026,Havana Club 3,rum,3.059,False
2025-12-18,P027,Captain Morgan,rum,14.802,False
2025-12-18,P028,Diplomatico Reserva,rum,7.002,False
2025-12-18,P029,Jose Cuervo,tequila,10.49,False
2025-12-18,P030,Olmeca Blanco,tequila,11.631,False
2025-12-18,P031,Patron Silver,tequila,7.316,False
2025-12-18,P032,Don Julio Blanco,tequila,10.945,False
2025-12-18,P033,Aperol,aperitif,13.886,False
2025-12-18,P034,Campari,aperitif,8.143,False
2025-12-18,P035,Cointreau,liqueur,10.489,False
2025-12-18,P036,Kahlua,liqueur,4.806,False
2025-12-18,P037,Martini Rosso,vermouth,10.132,False
2025-12-18,P038,House Red Wine,wine,21.834,False
2025-12-18,P039,House White Wine,wine,18.604,False
2025-12-18,P040,Rose Wine,wine,16.2,False
2025-12-18,P041,Prosecco,wine,20.976,False
2025-12-18,P042,Chardonnay,wine,14.24,False
2025-12-18,P043,Coca-Cola,soft_drink,96.4,False
2025-12-18,P044,Coca-Cola Zero,soft_drink,49.6,False
2025-12-18,P045,Sprite,soft_drink,60.2,False
2025-12-18,P046,Tonic Water,soft_drink,56.72,False
2025-12-18,P047,Soda Water,soft_drink,51.48,False
2025-12-18,P048,Red Bull,soft_drink,39.8,False
2025-12-18,P049,Ginger Beer,soft_drink,36.2,False
2025-12-18,P050,Orange Juice,juice,4.0,False
2025-12-18,P051,Cranberry Juice,juice,4.0,False
2025-12-18,P052,Lime Juice,juice,7.533,False
2025-12-18,P053,Lemon Juice,juice,7.6,False
2025-12-18,P054,Sugar Syrup,cocktail_ingredient,9.707,False
2025-12-18,P055,Fresh Mint,cocktail_ingredient,6.088,False
2025-12-18,P056,Coffee Beans,cocktail_ingredient,5.191,False
2025-12-18,K001,Carlsberg 50L,draught_beer,4.778,False
2025-12-18,K002,Tuborg 50L,draught_beer,4.409,False
2025-12-18,K003,Carlsberg 30L,draught_beer,5.933,False
2025-12-18,K004,Malka 30L,draught_beer,5.43,False
2025-12-18,K005,Weihenstephan 30L,draught_beer,3.869,False
2025-12-19,P001,Carlsberg,beer,35.4,False
2025-12-19,P002,Heineken,beer,41.6,False
2025-12-19,P003,Corona,beer,38.2,False
2025-12-19,P004,Guinness,beer,33.6,False
2025-12-19,P005,Goldstar,beer,48.6,False
2025-12-19,P006,Maccabee,beer,40.0,False
2025-12-19,P007,Stella Artois,beer,27.4,False
2025-12-19,P008,Erdinger,beer,23.2,False
2025-12-19,P009,Bombay Sapphire,gin,8.023,False
2025-12-19,P010,Tanqueray,gin,3.402,False
2025-12-19,P011,Hendrick's,gin,5.957,False
2025-12-19,P012,Beefeater,gin,10.774,False
2025-12-19,P013,Gordon's,gin,11.127,False
2025-12-19,P014,Absolut,vodka,14.373,False
2025-12-19,P015,Finlandia,vodka,11.202,False
2025-12-19,P016,Grey Goose,vodka,8.452,False
2025-12-19,P017,Belvedere,vodka,11.717,False
2025-12-19,P018,Stolichnaya,vodka,10.517,False
2025-12-19,P019,Jameson,whiskey,6.789,False
2025-12-19,P020,Jack Daniel's,whiskey,9.047,False
2025-12-19,P021,Johnnie Walker Black,whiskey,6.823,False
2025-12-19,P022,Chivas Regal,whiskey,3.145,False
2025-12-19,P023,Maker's Mark,whiskey,11.46,False
2025-12-19,P024,Glenfiddich 12,whiskey,11.545,False
2025-12-19,P025,Bacardi Carta Blanca,rum,16.192,False
2025-12-19,P026,Havana Club 3,rum,14.716,False
2025-12-19,P027,Captain Morgan,rum,14.459,False
2025-12-19,P028,Diplomatico Reserva,rum,6.916,False
2025-12-19,P029,Jose Cuervo,tequila,9.889,False
2025-12-19,P030,Olmeca Blanco,tequila,11.46,False
2025-12-19,P031,Patron Silver,tequila,17.545,False
2025-12-19,P032,Don Julio Blanco,tequila,10.688,False
2025-12-19,P033,Aperol,aperitif,23.486,False
2025-12-19,P034,Campari,aperitif,7.5,False
2025-12-19,P035,Cointreau,liqueur,9.681,False
2025-12-19,P036,Kahlua,liqueur,4.206,False
2025-12-19,P037,Martini Rosso,vermouth,9.661,False
2025-12-19,P038,House Red Wine,wine,18.418,False
2025-12-19,P039,House White Wine,wine,15.676,False
2025-12-19,P040,Rose Wine,wine,14.6,False
2025-12-19,P041,Prosecco,wine,29.296,False
2025-12-19,P042,Chardonnay,wine,13.64,False
2025-12-19,P043,Coca-Cola,soft_drink,74.7,False
2025-12-19,P044,Coca-Cola Zero,soft_drink,37.6,False
2025-12-19,P045,Sprite,soft_drink,48.2,False
2025-12-19,P046,Tonic Water,soft_drink,44.92,False
2025-12-19,P047,Soda Water,soft_drink,41.64,False
2025-12-19,P048,Red Bull,soft_drink,30.8,False
2025-12-19,P049,Ginger Beer,soft_drink,32.2,False
2025-12-19,P050,Orange Juice,juice,4.0,False
2025-12-19,P051,Cranberry Juice,juice,4.0,False
2025-12-19,P052,Lime Juice,juice,6.433,False
2025-12-19,P053,Lemon Juice,juice,7.425,False
2025-12-19,P054,Sugar Syrup,cocktail_ingredient,9.287,False
2025-12-19,P055,Fresh Mint,cocktail_ingredient,5.908,False
2025-12-19,P056,Coffee Beans,cocktail_ingredient,5.083,False
2025-12-19,K001,Carlsberg 50L,draught_beer,4.126,False
2025-12-19,K002,Tuborg 50L,draught_beer,3.934,False
2025-12-19,K003,Carlsberg 30L,draught_beer,4.967,False
2025-12-19,K004,Malka 30L,draught_beer,4.316,False
2025-12-19,K005,Weihenstephan 30L,draught_beer,3.292,False
2025-12-20,P001,Carlsberg,beer,73.4,False
2025-12-20,P002,Heineken,beer,57.6,False
2025-12-20,P003,Corona,beer,56.2,False
2025-12-20,P004,Guinness,beer,28.6,False
2025-12-20,P005,Goldstar,beer,62.6,False
2025-12-20,P006,Maccabee,beer,33.0,False
2025-12-20,P007,Stella Artois,beer,46.4,False
2025-12-20,P008,Erdinger,beer,21.2,False
2025-12-20,P009,Bombay Sapphire,gin,7.595,False
2025-12-20,P010,Tanqueray,gin,3.23,False
2025-12-20,P011,Hendrick's,gin,5.185,False
2025-12-20,P012,Beefeater,gin,10.602,False
2025-12-20,P013,Gordon's,gin,9.427,False
2025-12-20,P014,Absolut,vodka,13.437,False
2025-12-20,P015,Finlandia,vodka,11.031,False
2025-12-20,P016,Grey Goose,vodka,8.11,False
2025-12-20,P017,Belvedere,vodka,11.546,False
2025-12-20,P018,Stolichnaya,vodka,10.431,False
2025-12-20,P019,Jameson,whiskey,6.103,False
2025-12-20,P020,Jack Daniel's,whiskey,8.619,False
2025-12-20,P021,Johnnie Walker Black,whiskey,6.48,False
2025-12-20,P022,Chivas Regal,whiskey,2.888,False
2025-12-20,P023,Maker's Mark,whiskey,11.288,False
2025-12-20,P024,Glenfiddich 12,whiskey,11.374,False
2025-12-20,P025,Bacardi Carta Blanca,rum,14.092,False
2025-12-20,P026,Havana Club 3,rum,14.459,False
2025-12-20,P027,Captain Morgan,rum,14.116,False
2025-12-20,P028,Diplomatico Reserva,rum,6.83,False
2025-12-20,P029,Jose Cuervo,tequila,9.34,False
2025-12-20,P030,Olmeca Blanco,tequila,11.202,False
2025-12-20,P031,Patron Silver,tequila,16.145,False
2025-12-20,P032,Don Julio Blanco,tequila,10.517,False
2025-12-20,P033,Aperol,aperitif,21.771,False
2025-12-20,P034,Campari,aperitif,6.643,False
2025-12-20,P035,Cointreau,liqueur,9.031,False
2025-12-20,P036,Kahlua,liqueur,3.835,False
2025-12-20,P037,Martini Rosso,vermouth,9.06,False
2025-12-20,P038,House Red Wine,wine,16.466,False
2025-12-20,P039,House White Wine,wine,12.26,False
2025-12-20,P040,Rose Wine,wine,13.8,False
2025-12-20,P041,Prosecco,wine,26.456,False
2025-12-20,P042,Chardonnay,wine,13.04,False
2025-12-20,P043,Coca-Cola,soft_drink,60.2,False
2025-12-20,P044,Coca-Cola Zero,soft_drink,27.6,False
2025-12-20,P045,Sprite,soft_drink,40.2,False
2025-12-20,P046,Tonic Water,soft_drink,36.32,False
2025-12-20,P047,Soda Water,soft_drink,35.34,False
2025-12-20,P048,Red Bull,soft_drink,24.8,False
2025-12-20,P049,Ginger Beer,soft_drink,29.2,False
2025-12-20,P050,Orange Juice,juice,4.0,False
2025-12-20,P051,Cranberry Juice,juice,4.0,False
2025-12-20,P052,Lime Juice,juice,5.478,False
2025-12-20,P053,Lemon Juice,juice,7.3,False
2025-12-20,P054,Sugar Syrup,cocktail_ingredient,8.932,False
2025-12-20,P055,Fresh Mint,cocktail_ingredient,5.737,False
2025-12-20,P056,Coffee Beans,cocktail_ingredient,5.02,False
2025-12-20,K001,Carlsberg 50L,draught_beer,4.538,False
2025-12-20,K002,Tuborg 50L,draught_beer,4.604,False
2025-12-20,K003,Carlsberg 30L,draught_beer,6.269,False
2025-12-20,K004,Malka 30L,draught_beer,5.726,False
2025-12-20,K005,Weihenstephan 30L,draught_beer,4.835,False
2025-12-21,P001,Carlsberg,beer,62.4,False
2025-12-21,P002,Heineken,beer,50.6,False
2025-12-21,P003,Corona,beer,54.2,False
2025-12-21,P004,Guinness,beer,26.6,False
2025-12-21,P005,Goldstar,beer,55.6,False
2025-12-21,P006,Maccabee,beer,30.0,False
2025-12-21,P007,Stella Artois,beer,40.4,False
2025-12-21,P008,Erdinger,beer,19.2,False
2025-12-21,P009,Bombay Sapphire,gin,7.423,False
2025-12-21,P010,Tanqueray,gin,3.059,False
2025-12-21,P011,Hendrick's,gin,4.8,False
2025-12-21,P012,Beefeater,gin,10.517,False
2025-12-21,P013,Gordon's,gin,8.765,False
2025-12-21,P014,Absolut,vodka,12.751,False
2025-12-21,P015,Finlandia,vodka,10.945,False
2025-12-21,P016,Grey Goose,vodka,8.024,False
2025-12-21,P017,Belvedere,vodka,11.546,False
2025-12-21,P018,Stolichnaya,vodka,10.26,False
2025-12-21,P019,Jameson,whiskey,5.76,False
2025-12-21,P020,Jack Daniel's,whiskey,8.276,False
2025-12-21,P021,Johnnie Walker Black,whiskey,6.308,False
2025-12-21,P022,Chivas Regal,whiskey,2.63,False
2025-12-21,P023,Maker's Mark,whiskey,11.203,False
2025-12-21,P024,Glenfiddich 12,whiskey,11.288,False
2025-12-21,P025,Bacardi Carta Blanca,rum,12.89,False
2025-12-21,P026,Havana Club 3,rum,14.288,False
2025-12-21,P027,Captain Morgan,rum,13.859,False
2025-12-21,P028,Diplomatico Reserva,rum,6.83,False
2025-12-21,P029,Jose Cuervo,tequila,9.026,False
2025-12-21,P030,Olmeca Blanco,tequila,11.117,False
2025-12-21,P031,Patron Silver,tequila,15.402,False
2025-12-21,P032,Don Julio Blanco,tequila,10.431,False
2025-12-21,P033,Aperol,aperitif,20.486,False
2025-12-21,P034,Campari,aperitif,6.258,False
2025-12-21,P035,Cointreau,liqueur,8.632,False
2025-12-21,P036,Kahlua,liqueur,3.663,False
2025-12-21,P037,Martini Rosso,vermouth,8.761,False
2025-12-21,P038,House Red Wine,wine,15.49,False
2025-12-21,P039,House White Wine,wine,11.04,False
2025-12-21,P040,Rose Wine,wine,13.4,False
2025-12-21,P041,Prosecco,wine,24.056,False
2025-12-21,P042,Chardonnay,wine,12.64,False
2025-12-21,P043,Coca-Cola,soft_drink,51.8,False
2025-12-21,P044,Coca-Cola Zero,soft_drink,20.6,False
2025-12-21,P045,Sprite,soft_drink,37.2,False
2025-12-21,P046,Tonic Water,soft_drink,31.12,False
2025-12-21,P047,Soda Water,soft_drink,29.36,False
2025-12-21,P048,Red Bull,soft_drink,20.8,False
2025-12-21,P049,Ginger Beer,soft_drink,27.2,False
2025-12-21,P050,Orange Juice,juice,4.0,False
2025-12-21,P051,Cranberry Juice,juice,4.0,False
2025-12-21,P052,Lime Juice,juice,5.013,False
2025-12-21,P053,Lemon Juice,juice,7.2,False
2025-12-21,P054,Sugar Syrup,cocktail_ingredient,8.767,False
2025-12-21,P055,Fresh Mint,cocktail_ingredient,5.656,False
2025-12-21,P056,Coffee Beans,cocktail_ingredient,4.993,False
2025-12-21,K001,Carlsberg 50L,draught_beer,4.176,False
2025-12-21,K002,Tuborg 50L,draught_beer,4.402,False
2025-12-21,K003,Carlsberg 30L,draught_beer,5.759,False
2025-12-21,K004,Malka 30L,draught_beer,5.283,False
2025-12-21,K005,Weihenstephan 30L,draught_beer,4.406,False
2025-12-22,P001,Carlsberg,beer,56.4,False
2025-12-22,P002,Heineken,beer,45.6,False
2025-12-22,P003,Corona,beer,52.2,False
2025-12-22,P004,Guinness,beer,23.6,False
2025-12-22,P005,Goldstar,beer,52.6,False
2025-12-22,P006,Maccabee,beer,28.0,False
2025-12-22,P007,Stella Artois,beer,37.4,False
2025-12-22,P008,Erdinger,beer,17.2,False
2025-12-22,P009,Bombay Sapphire,gin,7.338,False
2025-12-22,P010,Tanqueray,gin,2.973,False
2025-12-22,P011,Hendrick's,gin,4.328,False
2025-12-22,P012,Beefeater,gin,10.431,False
2025-12-22,P013,Gordon's,gin,7.989,False
2025-12-22,P014,Absolut,vodka,11.587,False
2025-12-22,P015,Finlandia,vodka,10.86,False
2025-12-22,P016,Grey Goose,vodka,7.681,False
2025-12-22,P017,Belvedere,vodka,11.374,False
2025-12-22,P018,Stolichnaya,vodka,10.174,False
2025-12-22,P019,Jameson,whiskey,5.16,False
2025-12-22,P020,Jack Daniel's,whiskey,8.019,False
2025-12-22,P021,Johnnie Walker Black,whiskey,6.051,False
2025-12-22,P022,Chivas Regal,whiskey,14.459,False
2025-12-22,P023,Maker's Mark,whiskey,11.117,False
2025-12-22,P024,Glenfiddich 12,whiskey,11.203,False
2025-12-22,P025,Bacardi Carta Blanca,rum,11.556,False
2025-12-22,P026,Havana Club 3,rum,14.116,False
2025-12-22,P027,Captain Morgan,rum,13.688,False
2025-12-22,P028,Diplomatico Reserva,rum,6.83,False
2025-12-22,P029,Jose Cuervo,tequila,8.791,False
2025-12-22,P030,Olmeca Blanco,tequila,11.031,False
2025-12-22,P031,Patron Silver,tequila,14.745,False
2025-12-22,P032,Don Julio Blanco,tequila,10.345,False
2025-12-22,P033,Aperol,aperitif,19.457,False
2025-12-22,P034,Campari,aperitif,5.872,False
2025-12-22,P035,Cointreau,liqueur,8.21,False
2025-12-22,P036,Kahlua,liqueur,3.349,False
2025-12-22,P037,Martini Rosso,vermouth,8.46,False
2025-12-22,P038,House Red Wine,wine,14.514,False
2025-12-22,P039,House White Wine,wine,9.576,False
2025-12-22,P040,Rose Wine,wine,12.8,False
2025-12-22,P041,Prosecco,wine,22.376,False
2025-12-22,P042,Chardonnay,wine,12.24,False
2025-12-22,P043,Coca-Cola,soft_drink,89.3,False
2025-12-22,P044,Coca-Cola Zero,soft_drink,62.6,False
2025-12-22,P045,Sprite,soft_drink,59.2,False
2025-12-22,P046,Tonic Water,soft_drink,73.62,False
2025-12-22,P047,Soda Water,soft_drink,72.74,False
2025-12-22,P048,Red Bull,soft_drink,38.8,False
2025-12-22,P049,Ginger Beer,soft_drink,25.2,False
2025-12-22,P050,Orange Juice,juice,4.0,False
2025-12-22,P051,Cranberry Juice,juice,4.0,False
2025-12-22,P052,Lime Juice,juice,10.548,False
2025-12-22,P053,Lemon Juice,juice,7.075,False
2025-12-22,P054,Sugar Syrup,cocktail_ingredient,8.552,False
2025-12-22,P055,Fresh Mint,cocktail_ingredient,5.575,False
2025-12-22,P056,Coffee Beans,cocktail_ingredient,4.921,False
2025-12-22,K001,Carlsberg 50L,draught_beer,3.813,False
2025-12-22,K002,Tuborg 50L,draught_beer,4.193,False
2025-12-22,K003,Carlsberg 30L,draught_beer,5.356,False
2025-12-22,K004,Malka 30L,draught_beer,4.961,False
2025-12-22,K005,Weihenstephan 30L,draught_beer,4.084,False
2025-12-23,P001,Carlsberg,beer,53.4,False
2025-12-23,P002,Heineken,beer,39.6,False
2025-12-23,P003,Corona,beer,49.2,False
2025-12-23,P004,Guinness,beer,20.6,False
2025-12-23,P005,Goldstar,beer,49.6,False
2025-12-23,P006,Maccabee,beer,26.0,False
2025-12-23,P007,Stella Artois,beer,33.4,False
2025-12-23,P008,Erdinger,beer,15.2,False
2025-12-23,P009,Bombay Sapphire,gin,6.995,False
2025-12-23,P010,Tanqueray,gin,14.802,False
2025-12-23,P011,Hendrick's,gin,15.857,False
2025-12-23,P012,Beefeater,gin,10.345,False
2025-12-23,P013,Gordon's,gin,19.344,False
2025-12-23,P014,Absolut,vodka,11.101,False
2025-12-23,P015,Finlandia,vodka,10.774,False
2025-12-23,P016,Grey Goose,vodka,7.595,False
2025-12-23,P017,Belvedere,vodka,11.289,False
2025-12-23,P018,Stolichnaya,vodka,10.003,False
2025-12-23,P019,Jameson,whiskey,16.646,False
2025-12-23,P020,Jack Daniel's,whiskey,7.59,False
2025-12-23,P021,Johnnie Walker Black,whiskey,5.966,False
2025-12-23,P022,Chivas Regal,whiskey,14.373,False
2025-12-23,P023,Maker's Mark,whiskey,11.031,False
2025-12-23,P024,Glenfiddich 12,whiskey,11.117,False
2025-12-23,P025,Bacardi Carta Blanca,rum,22.267,False
2025-12-23,P026,Havana Club 3,rum,14.116,False
2025-12-23,P027,Captain Morgan,rum,13.516,False
2025-12-23,P028,Diplomatico Reserva,rum,6.744,False
2025-12-23,P029,Jose Cuervo,tequila,8.373,False
2025-12-23,P030,Olmeca Blanco,tequila,11.031,False
2025-12-23,P031,Patron Silver,tequila,14.074,False
2025-12-23,P032,Don Julio Blanco,tequila,10.26,False
2025-12-23,P033,Aperol,aperitif,18.0,False
2025-12-23,P034,Campari,aperitif,5.486,False
2025-12-23,P035,Cointreau,liqueur,7.839,False
2025-12-23,P036,Kahlua,liqueur,15.063,False
2025-12-23,P037,Martini Rosso,vermouth,8.075,False
2025-12-23,P038,House Red Wine,wine,24.562,False
2025-12-23,P039,House White Wine,wine,20.6,False
2025-12-23,P040,Rose Wine,wine,12.2,False
2025-12-23,P041,Prosecco,wine,31.856,False
2025-12-23,P042,Chardonnay,wine,11.84,False
2025-12-23,P043,Coca-Cola,soft_drink,86.9,False
2025-12-23,P044,Coca-Cola Zero,soft_drink,56.6,False
2025-12-23,P045,Sprite,soft_drink,53.2,False
2025-12-23,P046,Tonic Water,soft_drink,70.12,False
2025-12-23,P047,Soda Water,soft_drink,66.58,False
2025-12-23,P048,Red Bull,soft_drink,32.8,False
2025-12-23,P049,Ginger Beer,soft_drink,23.2,False
2025-12-23,P050,Orange Juice,juice,4.0,False
2025-12-23,P051,Cranberry Juice,juice,4.0,False
2025-12-23,P052,Lime Juice,juice,10.088,False
2025-12-23,P053,Lemon Juice,juice,6.975,False
2025-12-23,P054,Sugar Syrup,cocktail_ingredient,8.362,False
2025-12-23,P055,Fresh Mint,cocktail_ingredient,5.485,False
2025-12-23,P056,Coffee Beans,cocktail_ingredient,4.885,False
2025-12-23,K001,Carlsberg 50L,draught_beer,3.467,False
2025-12-23,K002,Tuborg 50L,draught_beer,3.895,False
2025-12-23,K003,Carlsberg 30L,draught_beer,5.061,False
2025-12-23,K004,Malka 30L,draught_beer,4.491,False
2025-12-23,K005,Weihenstephan 30L,draught_beer,3.896,False
2025-12-24,P001,Carlsberg,beer,71.4,False
2025-12-24,P002,Heineken,beer,57.6,False
2025-12-24,P003,Corona,beer,68.2,False
2025-12-24,P004,Guinness,beer,42.6,False
2025-12-24,P005,Goldstar,beer,69.6,False
2025-12-24,P006,Maccabee,beer,48.0,False
2025-12-24,P007,Stella Artois,beer,53.4,False
2025-12-24,P008,Erdinger,beer,13.2,False
2025-12-24,P009,Bombay Sapphire,gin,6.823,False
2025-12-24,P010,Tanqueray,gin,14.716,False
2025-12-24,P011,Hendrick's,gin,15.471,False
2025-12-24,P012,Beefeater,gin,10.26,False
2025-12-24,P013,Gordon's,gin,18.281,False
2025-12-24,P014,Absolut,vodka,10.487,False
2025-12-24,P015,Finlandia,vodka,10.688,False
2025-12-24,P016,Grey Goose,vodka,7.424,False
2025-12-24,P017,Belvedere,vodka,11.203,False
2025-12-24,P018,Stolichnaya,vodka,9.917,False
2025-12-24,P019,Jameson,whiskey,16.389,False
2025-12-24,P020,Jack Daniel's,whiskey,7.333,False
2025-12-24,P021,Johnnie Walker Black,whiskey,5.708,False
2025-12-24,P022,Chivas Regal,whiskey,14.116,False
2025-12-24,P023,Maker's Mark,whiskey,10.945,False
2025-12-24,P024,Glenfiddich 12,whiskey,11.031,False
2025-12-24,P025,Bacardi Carta Blanca,rum,20.768,False
2025-12-24,P026,Havana Club 3,rum,13.945,False
2025-12-24,P027,Captain Morgan,rum,13.345,False
2025-12-24,P028,Diplomatico Reserva,rum,6.659,False
2025-12-24,P029,Jose Cuervo,tequila,8.111,False
2025-12-24,P030,Olmeca Blanco,tequila,10.945,False
2025-12-24,P031,Patron Silver,tequila,13.188,False
2025-12-24,P032,Don Julio Blanco,tequila,10.088,False
2025-12-24,P033,Aperol,aperitif,16.371,False
2025-12-24,P034,Campari,aperitif,5.015,False
2025-12-24,P035,Cointreau,liqueur,7.51,False
2025-12-24,P036,Kahlua,liqueur,14.778,False
2025-12-24,P037,Martini Rosso,vermouth,7.775,False
2025-12-24,P038,House Red Wine,wine,23.098,False
2025-12-24,P039,House White Wine,wine,19.136,False
2025-12-24,P040,Rose Wine,wine,11.4,False
2025-12-24,P041,Prosecco,wine,29.416,False
2025-12-24,P042,Chardonnay,wine,11.44,False
2025-12-24,P043,Coca-Cola,soft_drink,76.7,False
2025-12-24,P044,Coca-Cola Zero,soft_drink,50.6,False
2025-12-24,P045,Sprite,soft_drink,50.2,False
2025-12-24,P046,Tonic Water,soft_drink,65.72,False
2025-12-24,P047,Soda Water,soft_drink,60.0,False
2025-12-24,P048,Red Bull,soft_drink,26.8,False
2025-12-24,P049,Ginger Beer,soft_drink,21.2,False
2025-12-24,P050,Orange Juice,juice,4.0,False
2025-12-24,P051,Cranberry Juice,juice,4.0,False
2025-12-24,P052,Lime Juice,juice,9.463,False
2025-12-24,P053,Lemon Juice,juice,6.925,False
2025-12-24,P054,Sugar Syrup,cocktail_ingredient,8.097,False
2025-12-24,P055,Fresh Mint,cocktail_ingredient,5.368,False
2025-12-24,P056,Coffee Beans,cocktail_ingredient,4.822,False
2025-12-24,K001,Carlsberg 50L,draught_beer,4.976,False
2025-12-24,K002,Tuborg 50L,draught_beer,4.662,False
2025-12-24,K003,Carlsberg 30L,draught_beer,4.806,False
2025-12-24,K004,Malka 30L,draught_beer,6.29,False
2025-12-24,K005,Weihenstephan 30L,draught_beer,4.748,False
2025-12-25,P001,Carlsberg,beer,62.4,False
2025-12-25,P002,Heineken,beer,51.6,False
2025-12-25,P003,Corona,beer,62.2,False
2025-12-25,P004,Guinness,beer,39.6,False
2025-12-25,P005,Goldstar,beer,60.6,False
2025-12-25,P006,Maccabee,beer,42.0,False
2025-12-25,P007,Stella Artois,beer,46.4,False
2025-12-25,P008,Erdinger,beer,11.2,False
2025-12-25,P009,Bombay Sapphire,gin,6.395,False
2025-12-25,P010,Tanqueray,gin,14.459,False
2025-12-25,P011,Hendrick's,gin,14.914,False
2025-12-25,P012,Beefeater,gin,10.088,False
2025-12-25,P013,Gordon's,gin,16.774,False
2025-12-25,P014,Absolut,vodka,9.123,False
2025-12-25,P015,Finlandia,vodka,10.517,False
2025-12-25,P016,Grey Goose,vodka,6.995,False
2025-12-25,P017,Belvedere,vodka,10.946,False
2025-12-25,P018,Stolichnaya,vodka,9.745,False
2025-12-25,P019,Jameson,whiskey,15.703,False
2025-12-25,P020,Jack Daniel's,whiskey,6.733,False
2025-12-25,P021,Johnnie Walker Black,whiskey,5.366,False
2025-12-25,P022,Chivas Regal,whiskey,13.773,False
2025-12-25,P023,Maker's Mark,whiskey,10.774,False
2025-12-25,P024,Glenfiddich 12,whiskey,10.86,False
2025-12-25,P025,Bacardi Carta Blanca,rum,18.65,False
2025-12-25,P026,Havana Club 3,rum,13.688,False
2025-12-25,P027,Captain Morgan,rum,13.088,False
2025-12-25,P028,Diplomatico Reserva,rum,6.573,False
2025-12-25,P029,Jose Cuervo,tequila,7.771,False
2025-12-25,P030,Olmeca Blanco,tequila,10.774,False
2025-12-25,P031,Patron Silver,tequila,11.859,False
2025-12-25,P032,Don Julio Blanco,tequila,9.917,False
2025-12-25,P033,Aperol,aperitif,13.886,False
2025-12-25,P034,Campari,aperitif,4.458,False
2025-12-25,P035,Cointreau,liqueur,6.889,False
2025-12-25,P036,Kahlua,liqueur,14.321,False
2025-12-25,P037,Martini Rosso,vermouth,7.389,False
2025-12-25,P038,House Red Wine,wine,21.634,False
2025-12-25,P039,House White Wine,wine,16.452,False
2025-12-25,P040,Rose Wine,wine,10.2,False
2025-12-25,P041,Prosecco,wine,25.816,False
2025-12-25,P042,Chardonnay,wine,10.84,False
2025-12-25,P043,Coca-Cola,soft_drink,92.2,False
2025-12-25,P044,Coca-Cola Zero,soft_drink,64.6,False
2025-12-25,P045,Sprite,soft_drink,67.2,False
2025-12-25,P046,Tonic Water,soft_drink,58.42,False
2025-12-25,P047,Soda Water,soft_drink,51.34,False
2025-12-25,P048,Red Bull,soft_drink,43.8,False
2025-12-25,P049,Ginger Beer,soft_drink,17.2,False
2025-12-25,P050,Orange Juice,juice,4.0,False
2025-12-25,P051,Cranberry Juice,juice,4.0,False
2025-12-25,P052,Lime Juice,juice,8.563,False
2025-12-25,P053,Lemon Juice,juice,6.8,False
2025-12-25,P054,Sugar Syrup,cocktail_ingredient,7.727,False
2025-12-25,P055,Fresh Mint,cocktail_ingredient,5.206,False
2025-12-25,P056,Coffee Beans,cocktail_ingredient,4.732,False
2025-12-25,K001,Carlsberg 50L,draught_beer,4.267,False
2025-12-25,K002,Tuborg 50L,draught_beer,4.251,False
2025-12-25,K003,Carlsberg 30L,draught_beer,6.041,False
2025-12-25,K004,Malka 30L,draught_beer,5.619,False
2025-12-25,K005,Weihenstephan 30L,draught_beer,4.292,False
2025-12-26,P001,Carlsberg,beer,43.4,False
2025-12-26,P002,Heineken,beer,40.6,False
2025-12-26,P003,Corona,beer,51.2,False
2025-12-26,P004,Guinness,beer,33.6,False
2025-12-26,P005,Goldstar,beer,46.6,False
2025-12-26,P006,Maccabee,beer,33.0,False
2025-12-26,P007,Stella Artois,beer,35.4,False
2025-12-26,P008,Erdinger,beer,6.2,False
2025-12-26,P009,Bombay Sapphire,gin,5.795,False
2025-12-26,P010,Tanqueray,gin,14.03,False
2025-12-26,P011,Hendrick's,gin,13.928,False
2025-12-26,P012,Beefeater,gin,9.831,False
2025-12-26,P013,Gordon's,gin,14.229,False
2025-12-26,P014,Absolut,vodka,19.337,False
2025-12-26,P015,Finlandia,vodka,10.26,False
2025-12-26,P016,Grey Goose,vodka,6.395,False
2025-12-26,P017,Belvedere,vodka,10.689,False
2025-12-26,P018,Stolichnaya,vodka,9.488,False
2025-12-26,P019,Jameson,whiskey,14.589,False
2025-12-26,P020,Jack Daniel's,whiskey,5.962,False
2025-12-26,P021,Johnnie Walker Black,whiskey,4.68,False
2025-12-26,P022,Chivas Regal,whiskey,13.43,False
2025-12-26,P023,Maker's Mark,whiskey,10.517,False
2025-12-26,P024,Glenfiddich 12,whiskey,10.603,False
2025-12-26,P025,Bacardi Carta Blanca,rum,14.241,False
2025-12-26,P026,Havana Club 3,rum,13.345,False
2025-12-26,P027,Captain Morgan,rum,12.659,False
2025-12-26,P028,Diplomatico Reserva,rum,6.402,False
2025-12-26,P029,Jose Cuervo,tequila,7.092,False
2025-12-26,P030,Olmeca Blanco,tequila,10.517,False
2025-12-26,P031,Patron Silver,tequila,10.302,False
2025-12-26,P032,Don Julio Blanco,tequila,9.66,False
2025-12-26,P033,Aperol,aperitif,21.686,False
2025-12-26,P034,Campari,aperitif,15.558,False
2025-12-26,P035,Cointreau,liqueur,6.017,False
2025-12-26,P036,Kahlua,liqueur,13.664,False
2025-12-26,P037,Martini Rosso,vermouth,6.746,False
2025-12-26,P038,House Red Wine,wine,16.998,False
2025-12-26,P039,House White Wine,wine,24.792,False
2025-12-26,P040,Rose Wine,wine,8.6,False
2025-12-26,P041,Prosecco,wine,17.616,False
2025-12-26,P042,Chardonnay,wine,9.84,False
2025-12-26,P043,Coca-Cola,soft_drink,66.2,False
2025-12-26,P044,Coca-Cola Zero,soft_drink,50.6,False
2025-12-26,P045,Sprite,soft_drink,55.2,False
2025-12-26,P046,Tonic Water,soft_drink,42.72,False
2025-12-26,P047,Soda Water,soft_drink,38.08,False
2025-12-26,P048,Red Bull,soft_drink,31.8,False
2025-12-26,P049,Ginger Beer,soft_drink,13.2,False
2025-12-26,P050,Orange Juice,juice,4.0,False
2025-12-26,P051,Cranberry Juice,juice,4.0,False
2025-12-26,P052,Lime Juice,juice,7.103,False
2025-12-26,P053,Lemon Juice,juice,6.55,False
2025-12-26,P054,Sugar Syrup,cocktail_ingredient,7.017,False
2025-12-26,P055,Fresh Mint,cocktail_ingredient,4.864,False
2025-12-26,P056,Coffee Beans,cocktail_ingredient,4.606,False
2025-12-26,K001,Carlsberg 50L,draught_beer,3.406,False
2025-12-26,K002,Tuborg 50L,draught_beer,3.599,False
2025-12-26,K003,Carlsberg 30L,draught_beer,5.102,False
2025-12-26,K004,Malka 30L,draught_beer,4.612,False
2025-12-26,K005,Weihenstephan 30L,draught_beer,3.675,False
2025-12-27,P001,Carlsberg,beer,80.4,False
2025-12-27,P002,Heineken,beer,53.6,False
2025-12-27,P003,Corona,beer,66.2,False
2025-12-27,P004,Guinness,beer,29.6,False
2025-12-27,P005,Goldstar,beer,61.6,False
2025-12-27,P006,Maccabee,beer,53.0,False
2025-12-27,P007,Stella Artois,beer,52.4,False
2025-12-27,P008,Erdinger,beer,51.2,False
2025-12-27,P009,Bombay Sapphire,gin,5.452,False
2025-12-27,P010,Tanqueray,gin,13.773,False
2025-12-27,P011,Hendrick's,gin,13.114,False
2025-12-27,P012,Beefeater,gin,9.66,False
2025-12-27,P013,Gordon's,gin,12.573,False
2025-12-27,P014,Absolut,vodka,17.837,False
2025-12-27,P015,Finlandia,vodka,10.002,False
2025-12-27,P016,Grey Goose,vodka,6.052,False
2025-12-27,P017,Belvedere,vodka,10.517,False
2025-12-27,P018,Stolichnaya,vodka,9.317,False
2025-12-27,P019,Jameson,whiskey,13.646,False
2025-12-27,P020,Jack Daniel's,whiskey,5.362,False
2025-12-27,P021,Johnnie Walker Black,whiskey,4.337,False
2025-12-27,P022,Chivas Regal,whiskey,13.259,False
2025-12-27,P023,Maker's Mark,whiskey,10.346,False
2025-12-27,P024,Glenfiddich 12,whiskey,10.431,False
2025-12-27,P025,Bacardi Carta Blanca,rum,11.644,False
2025-12-27,P026,Havana Club 3,rum,13.088,False
2025-12-27,P027,Captain Morgan,rum,12.402,False
2025-12-27,P028,Diplomatico Reserva,rum,6.316,False
2025-12-27,P029,Jose Cuervo,tequila,6.516,False
2025-12-27,P030,Olmeca Blanco,tequila,10.26,False
2025-12-27,P031,Patron Silver,tequila,8.759,False
2025-12-27,P032,Don Julio Blanco,tequila,9.488,False
2025-12-27,P033,Aperol,aperitif,19.371,False
2025-12-27,P034,Campari,aperitif,14.829,False
2025-12-27,P035,Cointreau,liqueur,5.289,False
2025-12-27,P036,Kahlua,liqueur,13.063,False
2025-12-27,P037,Martini Rosso,vermouth,6.189,False
2025-12-27,P038,House Red Wine,wine,14.07,False
2025-12-27,P039,House White Wine,wine,21.864,False
2025-12-27,P040,Rose Wine,wine,7.6,False
2025-12-27,P041,Prosecco,wine,13.936,False
2025-12-27,P042,Chardonnay,wine,9.24,False
2025-12-27,P043,Coca-Cola,soft_drink,49.6,False
2025-12-27,P044,Coca-Cola Zero,soft_drink,42.6,False
2025-12-27,P045,Sprite,soft_drink,46.2,False
2025-12-27,P046,Tonic Water,soft_drink,33.72,False
2025-12-27,P047,Soda Water,soft_drink,28.0,False
2025-12-27,P048,Red Bull,soft_drink,23.8,False
2025-12-27,P049,Ginger Beer,soft_drink,10.2,False
2025-12-27,P050,Orange Juice,juice,4.0,False
2025-12-27,P051,Cranberry Juice,juice,4.0,False
2025-12-27,P052,Lime Juice,juice,6.013,False
2025-12-27,P053,Lemon Juice,juice,6.4,False
2025-12-27,P054,Sugar Syrup,cocktail_ingredient,6.537,False
2025-12-27,P055,Fresh Mint,cocktail_ingredient,4.666,False
2025-12-27,P056,Coffee Beans,cocktail_ingredient,4.471,False
2025-12-27,K001,Carlsberg 50L,draught_beer,2.802,False
2025-12-27,K002,Tuborg 50L,draught_beer,4.172,False
2025-12-27,K003,Carlsberg 30L,draught_beer,6.189,False
2025-12-27,K004,Malka 30L,draught_beer,4.914,False
2025-12-27,K005,Weihenstephan 30L,draught_beer,4.259,False
2025-12-28,P001,Carlsberg,beer,71.4,False
2025-12-28,P002,Heineken,beer,49.6,False
2025-12-28,P003,Corona,beer,59.2,False
2025-12-28,P004,Guinness,beer,26.6,False
2025-12-28,P005,Goldstar,beer,57.6,False
2025-12-28,P006,Maccabee,beer,48.0,False
2025-12-28,P007,Stella Artois,beer,48.4,False
2025-12-28,P008,Erdinger,beer,48.2,False
2025-12-28,P009,Bombay Sapphire,gin,5.109,False
2025-12-28,P010,Tanqueray,gin,13.602,False
2025-12-28,P011,Hendrick's,gin,12.685,False
2025-12-28,P012,Beefeater,gin,9.488,False
2025-12-28,P013,Gordon's,gin,11.867,False
2025-12-28,P014,Absolut,vodka,16.758,False
2025-12-28,P015,Finlandia,vodka,9.917,False
2025-12-28,P016,Grey Goose,vodka,5.795,False
2025-12-28,P017,Belvedere,vodka,10.431,False
2025-12-28,P018,Stolichnaya,vodka,9.231,False
2025-12-28,P019,Jameson,whiskey,13.046,False
2025-12-28,P020,Jack Daniel's,whiskey,5.019,False
2025-12-28,P021,Johnnie Walker Black,whiskey,3.994,False
2025-12-28,P022,Chivas Regal,whiskey,13.088,False
2025-12-28,P023,Maker's Mark,whiskey,10.174,False
2025-12-28,P024,Glenfiddich 12,whiskey,10.431,False
2025-12-28,P025,Bacardi Carta Blanca,rum,9.805,False
2025-12-28,P026,Havana Club 3,rum,13.088,False
2025-12-28,P027,Captain Morgan,rum,12.145,False
2025-12-28,P028,Diplomatico Reserva,rum,6.23,False
2025-12-28,P029,Jose Cuervo,tequila,6.177,False
2025-12-28,P030,Olmeca Blanco,tequila,10.174,False
2025-12-28,P031,Patron Silver,tequila,7.859,False
2025-12-28,P032,Don Julio Blanco,tequila,9.317,False
2025-12-28,P033,Aperol,aperitif,18.0,False
2025-12-28,P034,Campari,aperitif,14.4,False
2025-12-28,P035,Cointreau,liqueur,4.839,False
2025-12-28,P036,Kahlua,liqueur,12.664,False
2025-12-28,P037,Martini Rosso,vermouth,5.846,False
2025-12-28,P038,House Red Wine,wine,11.386,False
2025-12-28,P039,House White Wine,wine,19.668,False
2025-12-28,P040,Rose Wine,wine,7.2,False
2025-12-28,P041,Prosecco,wine,11.976,False
2025-12-28,P042,Chardonnay,wine,8.84,False
2025-12-28,P043,Coca-Cola,soft_drink,41.1,False
2025-12-28,P044,Coca-Cola Zero,soft_drink,36.6,False
2025-12-28,P045,Sprite,soft_drink,42.2,False
2025-12-28,P046,Tonic Water,soft_drink,26.82,False
2025-12-28,P047,Soda Water,soft_drink,23.3,False
2025-12-28,P048,Red Bull,soft_drink,18.8,False
2025-12-28,P049,Ginger Beer,soft_drink,8.2,False
2025-12-28,P050,Orange Juice,juice,4.0,False
2025-12-28,P051,Cranberry Juice,juice,4.0,False
2025-12-28,P052,Lime Juice,juice,5.343,False
2025-12-28,P053,Lemon Juice,juice,6.275,False
2025-12-28,P054,Sugar Syrup,cocktail_ingredient,6.187,False
2025-12-28,P055,Fresh Mint,cocktail_ingredient,4.522,False
2025-12-28,P056,Coffee Beans,cocktail_ingredient,4.372,False
2025-12-28,K001,Carlsberg 50L,draught_beer,2.568,False
2025-12-28,K002,Tuborg 50L,draught_beer,3.89,False
2025-12-28,K003,Carlsberg 30L,draught_beer,5.666,False
2025-12-28,K004,Malka 30L,draught_beer,4.257,False
2025-12-28,K005,Weihenstephan 30L,draught_beer,4.004,False
2025-12-29,P001,Carlsberg,beer,62.4,False
2025-12-29,P002,Heineken,beer,43.6,False
2025-12-29,P003,Corona,beer,59.2,False
2025-12-29,P004,Guinness,beer,25.6,False
2025-12-29,P005,Goldstar,beer,54.6,False
2025-12-29,P006,Maccabee,beer,47.0,False
2025-12-29,P007,Stella Artois,beer,47.4,False
2025-12-29,P008,Erdinger,beer,47.2,False
2025-12-29,P009,Bombay Sapphire,gin,4.938,False
2025-12-29,P010,Tanqueray,gin,13.516,False
2025-12-29,P011,Hendrick's,gin,12.471,False
2025-12-29,P012,Beefeater,gin,9.403,False
2025-12-29,P013,Gordon's,gin,11.231,False
2025-12-29,P014,Absolut,vodka,16.323,False
2025-12-29,P015,Finlandia,vodka,9.831,False
2025-12-29,P016,Grey Goose,vodka,5.624,False
2025-12-29,P017,Belvedere,vodka,10.431,False
2025-12-29,P018,Stolichnaya,vodka,9.146,False
2025-12-29,P019,Jameson,whiskey,12.789,False
2025-12-29,P020,Jack Daniel's,whiskey,4.847,False
2025-12-29,P021,Johnnie Walker Black,whiskey,3.823,False
2025-12-29,P022,Chivas Regal,whiskey,12.916,False
2025-12-29,P023,Maker's Mark,whiskey,10.174,False
2025-12-29,P024,Glenfiddich 12,whiskey,10.431,False
2025-12-29,P025,Bacardi Carta Blanca,rum,8.019,False
2025-12-29,P026,Havana Club 3,rum,12.916,False
2025-12-29,P027,Captain Morgan,rum,11.973,False
2025-12-29,P028,Diplomatico Reserva,rum,6.144,False
2025-12-29,P029,Jose Cuervo,tequila,5.889,False
2025-12-29,P030,Olmeca Blanco,tequila,10.088,False
2025-12-29,P031,Patron Silver,tequila,7.417,False
2025-12-29,P032,Don Julio Blanco,tequila,9.231,False
2025-12-29,P033,Aperol,aperitif,16.886,False
2025-12-29,P034,Campari,aperitif,14.1,False
2025-12-29,P035,Cointreau,liqueur,4.632,False
2025-12-29,P036,Kahlua,liqueur,12.521,False
2025-12-29,P037,Martini Rosso,vermouth,5.632,False
2025-12-29,P038,House Red Wine,wine,10.654,False
2025-12-29,P039,House White Wine,wine,18.692,False
2025-12-29,P040,Rose Wine,wine,7.0,False
2025-12-29,P041,Prosecco,wine,10.456,False
2025-12-29,P042,Chardonnay,wine,8.44,False
2025-12-29,P043,Coca-Cola,soft_drink,35.8,False
2025-12-29,P044,Coca-Cola Zero,soft_drink,56.6,False
2025-12-29,P045,Sprite,soft_drink,61.2,False
2025-12-29,P046,Tonic Water,soft_drink,70.62,False
2025-12-29,P047,Soda Water,soft_drink,65.72,False
2025-12-29,P048,Red Bull,soft_drink,62.8,False
2025-12-29,P049,Ginger Beer,soft_drink,30.2,False
2025-12-29,P050,Orange Juice,juice,4.0,False
2025-12-29,P051,Cranberry Juice,juice,4.0,False
2025-12-29,P052,Lime Juice,juice,10.793,False
2025-12-29,P053,Lemon Juice,juice,6.2,False
2025-12-29,P054,Sugar Syrup,cocktail_ingredient,5.927,False
2025-12-29,P055,Fresh Mint,cocktail_ingredient,4.378,False
2025-12-29,P056,Coffee Beans,cocktail_ingredient,4.354,False
2025-12-29,K001,Carlsberg 50L,draught_beer,4.383,False
2025-12-29,K002,Tuborg 50L,draught_beer,3.729,False
2025-12-29,K003,Carlsberg 30L,draught_beer,5.572,False
2025-12-29,K004,Malka 30L,draught_beer,4.015,False
2025-12-29,K005,Weihenstephan 30L,draught_beer,3.95,False
2025-12-30,P001,Carlsberg,beer,56.4,False
2025-12-30,P002,Heineken,beer,37.6,False
2025-12-30,P003,Corona,beer,56.2,False
2025-12-30,P004,Guinness,beer,23.6,False
2025-12-30,P005,Goldstar,beer,50.6,False
2025-12-30,P006,Maccabee,beer,45.0,False
2025-12-30,P007,Stella Artois,beer,45.4,False
2025-12-30,P008,Erdinger,beer,46.2,False
2025-12-30,P009,Bombay Sapphire,gin,4.68,False
2025-12-30,P010,Tanqueray,gin,13.431,False
2025-12-30,P011,Hendrick's,gin,12.128,False
2025-12-30,P012,Beefeater,gin,9.403,False
2025-12-30,P013,Gordon's,gin,22.595,False
2025-12-30,P014,Absolut,vodka,15.716,False
2025-12-30,P015,Finlandia,vodka,9.745,False
2025-12-30,P016,Grey Goose,vodka,5.452,False
2025-12-30,P017,Belvedere,vodka,10.26,False
2025-12-30,P018,Stolichnaya,vodka,9.146,False
2025-12-30,P019,Jameson,whiskey,12.446,False
2025-12-30,P020,Jack Daniel's,whiskey,16.505,False
2025-12-30,P021,Johnnie Walker Black,whiskey,15.737,False
2025-12-30,P022,Chivas Regal,whiskey,12.831,False
2025-12-30,P023,Maker's Mark,whiskey,10.088,False
2025-12-30,P024,Glenfiddich 12,whiskey,10.346,False
2025-12-30,P025,Bacardi Carta Blanca,rum,18.773,False
2025-12-30,P026,Havana Club 3,rum,12.831,False
2025-12-30,P027,Captain Morgan,rum,11.888,False
2025-12-30,P028,Diplomatico Reserva,rum,6.059,False
2025-12-30,P029,Jose Cuervo,tequila,5.706,False
2025-12-30,P030,Olmeca Blanco,tequila,10.088,False
2025-12-30,P031,Patron Silver,tequila,18.817,False
2025-12-30,P032,Don Julio Blanco,tequila,9.146,False
2025-12-30,P033,Aperol,aperitif,16.8,False
2025-12-30,P034,Campari,aperitif,13.843,False
2025-12-30,P035,Cointreau,liqueur,16.31,False
2025-12-30,P036,Kahlua,liqueur,12.292,False
2025-12-30,P037,Martini Rosso,vermouth,5.46,False
2025-12-30,P038,House Red Wine,wine,21.678,False
2025-12-30,P039,House White Wine,wine,17.716,False
2025-12-30,P040,Rose Wine,wine,18.6,False
2025-12-30,P041,Prosecco,wine,34.056,False
2025-12-30,P042,Chardonnay,wine,8.44,False
2025-12-30,P043,Coca-Cola,soft_drink,99.5,False
2025-12-30,P044,Coca-Cola Zero,soft_drink,51.6,False
2025-12-30,P045,Sprite,soft_drink,57.2,False
2025-12-30,P046,Tonic Water,soft_drink,66.42,False
2025-12-30,P047,Soda Water,soft_drink,63.4,False
2025-12-30,P048,Red Bull,soft_drink,60.8,False
2025-12-30,P049,Ginger Beer,soft_drink,28.2,False
2025-12-30,P050,Orange Juice,juice,4.0,False
2025-12-30,P051,Cranberry Juice,juice,4.0,False
2025-12-30,P052,Lime Juice,juice,10.338,False
2025-12-30,P053,Lemon Juice,juice,6.125,False
2025-12-30,P054,Sugar Syrup,cocktail_ingredient,5.712,False
2025-12-30,P055,Fresh Mint,cocktail_ingredient,4.279,False
2025-12-30,P056,Coffee Beans,cocktail_ingredient,4.309,False
2025-12-30,K001,Carlsberg 50L,draught_beer,4.23,False
2025-12-30,K002,Tuborg 50L,draught_beer,3.455,False
2025-12-30,K003,Carlsberg 30L,draught_beer,5.572,False
2025-12-30,K004,Malka 30L,draught_beer,3.841,False
2025-12-30,K005,Weihenstephan 30L,draught_beer,3.668,False
2025-12-31,P001,Carlsberg,beer,70.4,False
2025-12-31,P002,Heineken,beer,55.6,False
2025-12-31,P003,Corona,beer,49.2,False
2025-12-31,P004,Guinness,beer,41.6,False
2025-12-31,P005,Goldstar,beer,65.6,False
2025-12-31,P006,Maccabee,beer,39.0,False
2025-12-31,P007,Stella Artois,beer,39.4,False
2025-12-31,P008,Erdinger,beer,43.2,False
2025-12-31,P009,Bombay Sapphire,gin,4.338,False
2025-12-31,P010,Tanqueray,gin,13.088,False
2025-12-31,P011,Hendrick's,gin,11.571,False
2025-12-31,P012,Beefeater,gin,9.231,False
2025-12-31,P013,Gordon's,gin,21.436,False
2025-12-31,P014,Absolut,vodka,14.923,False
2025-12-31,P015,Finlandia,vodka,9.574,False
2025-12-31,P016,Grey Goose,vodka,5.195,False
2025-12-31,P017,Belvedere,vodka,10.089,False
2025-12-31,P018,Stolichnaya,vodka,9.06,False
2025-12-31,P019,Jameson,whiskey,12.189,False
2025-12-31,P020,Jack Daniel's,whiskey,16.162,False
2025-12-31,P021,Johnnie Walker Black,whiskey,15.394,False
2025-12-31,P022,Chivas Regal,whiskey,12.488,False
2025-12-31,P023,Maker's Mark,whiskey,9.917,False
2025-12-31,P024,Glenfiddich 12,whiskey,10.174,False
2025-12-31,P025,Bacardi Carta Blanca,rum,16.934,False
2025-12-31,P026,Havana Club 3,rum,12.659,False
2025-12-31,P027,Captain Morgan,rum,11.631,False
2025-12-31,P028,Diplomatico Reserva,rum,5.973,False
2025-12-31,P029,Jose Cuervo,tequila,5.157,False
2025-12-31,P030,Olmeca Blanco,tequila,9.917,False
2025-12-31,P031,Patron Silver,tequila,17.559,False
2025-12-31,P032,Don Julio Blanco,tequila,8.974,False
2025-12-31,P033,Aperol,aperitif,15.343,False
2025-12-31,P034,Campari,aperitif,13.2,False
2025-12-31,P035,Cointreau,liqueur,15.717,False
2025-12-31,P036,Kahlua,liqueur,11.863,False
2025-12-31,P037,Martini Rosso,vermouth,4.989,False
2025-12-31,P038,House Red Wine,wine,18.994,False
2025-12-31,P039,House White Wine,wine,15.032,False
2025-12-31,P040,Rose Wine,wine,17.8,False
2025-12-31,P041,Prosecco,wine,31.696,False
2025-12-31,P042,Chardonnay,wine,8.04,False
2025-12-31,P043,Coca-Cola,soft_drink,89.0,False
2025-12-31,P044,Coca-Cola Zero,soft_drink,42.6,False
2025-12-31,P045,Sprite,soft_drink,51.2,False
2025-12-31,P046,Tonic Water,soft_drink,60.32,False
2025-12-31,P047,Soda Water,soft_drink,56.7,False
2025-12-31,P048,Red Bull,soft_drink,51.8,False
2025-12-31,P049,Ginger Beer,soft_drink,25.2,False
2025-12-31,P050,Orange Juice,juice,4.0,False
2025-12-31,P051,Cranberry Juice,juice,4.0,False
2025-12-31,P052,Lime Juice,juice,9.518,False
2025-12-31,P053,Lemon Juice,juice,6.0,False
2025-12-31,P054,Sugar Syrup,cocktail_ingredient,5.382,False
2025-12-31,P055,Fresh Mint,cocktail_ingredient,4.135,False
2025-12-31,P056,Coffee Beans,cocktail_ingredient,4.228,False
2025-12-31,K001,Carlsberg 50L,draught_beer,4.787,False
2025-12-31,K002,Tuborg 50L,draught_beer,3.996,False
2025-12-31,K003,Carlsberg 30L,draught_beer,5.767,False
2025-12-31,K004,Malka 30L,draught_beer,5.371,False
2025-12-31,K005,Weihenstephan 30L,draught_beer,4.293,False
2026-01-01,P001,Carlsberg,beer,58.4,False
2026-01-01,P002,Heineken,beer,45.6,False
2026-01-01,P003,Corona,beer,41.2,False
2026-01-01,P004,Guinness,beer,37.6,False
2026-01-01,P005,Goldstar,beer,57.6,False
2026-01-01,P006,Maccabee,beer,34.0,False
2026-01-01,P007,Stella Artois,beer,33.4,False
2026-01-01,P008,Erdinger,beer,41.2,False
2026-01-01,P009,Bombay Sapphire,gin,3.995,False
2026-01-01,P010,Tanqueray,gin,12.831,False
2026-01-01,P011,Hendrick's,gin,10.8,False
2026-01-01,P012,Beefeater,gin,9.06,False
2026-01-01,P013,Gordon's,gin,19.972,False
2026-01-01,P014,Absolut,vodka,13.794,False
2026-01-01,P015,Finlandia,vodka,9.403,False
2026-01-01,P016,Grey Goose,vodka,4.852,False
2026-01-01,P017,Belvedere,vodka,9.917,False
2026-01-01,P018,Stolichnaya,vodka,8.974,False
2026-01-01,P019,Jameson,whiskey,11.503,False
2026-01-01,P020,Jack Daniel's,whiskey,15.476,False
2026-01-01,P021,Johnnie Walker Black,whiskey,15.051,False
2026-01-01,P022,Chivas Regal,whiskey,12.145,False
2026-01-01,P023,Maker's Mark,whiskey,9.746,False
2026-01-01,P024,Glenfiddich 12,whiskey,10.003,False
2026-01-01,P025,Bacardi Carta Blanca,rum,15.383,False
2026-01-01,P026,Havana Club 3,rum,12.316,False
2026-01-01,P027,Captain Morgan,rum,11.374,False
2026-01-01,P028,Diplomatico Reserva,rum,5.887,False
2026-01-01,P029,Jose Cuervo,tequila,4.582,False
2026-01-01,P030,Olmeca Blanco,tequila,9.66,False
2026-01-01,P031,Patron Silver,tequila,16.374,False
2026-01-01,P032,Don Julio Blanco,tequila,8.803,False
2026-01-01,P033,Aperol,aperitif,12.857,False
2026-01-01,P034,Campari,aperitif,12.515,False
2026-01-01,P035,Cointreau,liqueur,15.132,False
2026-01-01,P036,Kahlua,liqueur,11.406,False
2026-01-01,P037,Martini Rosso,vermouth,4.475,False
2026-01-01,P038,House Red Wine,wine,17.042,False
2026-01-01,P039,House White Wine,wine,14.056,False
2026-01-01,P040,Rose Wine,wine,16.8,False
2026-01-01,P041,Prosecco,wine,27.976,False
2026-01-01,P042,Chardonnay,wine,7.44,False
2026-01-01,P043,Coca-Cola,soft_drink,94.4,False
2026-01-01,P044,Coca-Cola Zero,soft_drink,55.6,False
2026-01-01,P045,Sprite,soft_drink,44.2,False
2026-01-01,P046,Tonic Water,soft_drink,53.62,False
2026-01-01,P047,Soda Water,soft_drink,49.94,False
2026-01-01,P048,Red Bull,soft_drink,45.8,False
2026-01-01,P049,Ginger Beer,soft_drink,23.2,False
2026-01-01,P050,Orange Juice,juice,4.0,False
2026-01-01,P051,Cranberry Juice,juice,4.0,False
2026-01-01,P052,Lime Juice,juice,8.878,False
2026-01-01,P053,Lemon Juice,juice,5.85,False
2026-01-01,P054,Sugar Syrup,cocktail_ingredient,5.132,False
2026-01-01,P055,Fresh Mint,cocktail_ingredient,4.045,False
2026-01-01,P056,Coffee Beans,cocktail_ingredient,4.138,False
2026-01-01,K001,Carlsberg 50L,draught_beer,4.441,False
2026-01-01,K002,Tuborg 50L,draught_beer,3.586,False
2026-01-01,K003,Carlsberg 30L,draught_beer,5.311,False
2026-01-01,K004,Malka 30L,draught_beer,4.888,False
2026-01-01,K005,Weihenstephan 30L,draught_beer,3.97,False
2026-01-02,P001,Carlsberg,beer,47.4,False
2026-01-02,P002,Heineken,beer,31.6,False
2026-01-02,P003,Corona,beer,33.2,False
2026-01-02,P004,Guinness,beer,32.6,False
2026-01-02,P005,Goldstar,beer,46.6,False
2026-01-02,P006,Maccabee,beer,28.0,False
2026-01-02,P007,Stella Artois,beer,26.4,False
2026-01-02,P008,Erdinger,beer,38.2,False
2026-01-02,P009,Bombay Sapphire,gin,15.566,False
2026-01-02,P010,Tanqueray,gin,12.488,False
2026-01-02,P011,Hendrick's,gin,10.286,False
2026-01-02,P012,Beefeater,gin,8.889,False
2026-01-02,P013,Gordon's,gin,17.977,False
2026-01-02,P014,Absolut,vodka,12.087,False
2026-01-02,P015,Finlandia,vodka,9.231,False
2026-01-02,P016,Grey Goose,vodka,4.424,False
2026-01-02,P017,Belvedere,vodka,9.746,False
2026-01-02,P018,Stolichnaya,vodka,8.803,False
2026-01-02,P019,Jameson,whiskey,10.56,False
2026-01-02,P020,Jack Daniel's,whiskey,14.876,False
2026-01-02,P021,Johnnie Walker Black,whiskey,14.708,False
2026-01-02,P022,Chivas Regal,whiskey,11.888,False
2026-01-02,P023,Maker's Mark,whiskey,9.574,False
2026-01-02,P024,Glenfiddich 12,whiskey,9.746,False
2026-01-02,P025,Bacardi Carta Blanca,rum,12.899,False
2026-01-02,P026,Havana Club 3,rum,11.973,False
2026-01-02,P027,Captain Morgan,rum,11.117,False
2026-01-02,P028,Diplomatico Reserva,rum,5.802,False
2026-01-02,P029,Jose Cuervo,tequila,15.928,False
2026-01-02,P030,Olmeca Blanco,tequila,9.488,False
2026-01-02,P031,Patron Silver,tequila,14.831,False
2026-01-02,P032,Don Julio Blanco,tequila,8.631,False
2026-01-02,P033,Aperol,aperitif,22.2,False
2026-01-02,P034,Campari,aperitif,12.0,False
2026-01-02,P035,Cointreau,liqueur,14.339,False
2026-01-02,P036,Kahlua,liqueur,10.863,False
2026-01-02,P037,Martini Rosso,vermouth,4.132,False
2026-01-02,P038,House Red Wine,wine,15.334,False
2026-01-02,P039,House White Wine,wine,23.372,False
2026-01-02,P040,Rose Wine,wine,15.6,False
2026-01-02,P041,Prosecco,wine,23.616,False
2026-01-02,P042,Chardonnay,wine,6.64,False
2026-01-02,P043,Coca-Cola,soft_drink,75.5,False
2026-01-02,P044,Coca-Cola Zero,soft_drink,44.6,False
2026-01-02,P045,Sprite,soft_drink,34.2,False
2026-01-02,P046,Tonic Water,soft_drink,43.72,False
2026-01-02,P047,Soda Water,soft_drink,40.74,False
2026-01-02,P048,Red Bull,soft_drink,39.8,False
2026-01-02,P049,Ginger Beer,soft_drink,20.2,False
2026-01-02,P050,Orange Juice,juice,4.0,False
2026-01-02,P051,Cranberry Juice,juice,4.0,False
2026-01-02,P052,Lime Juice,juice,7.813,False
2026-01-02,P053,Lemon Juice,juice,5.625,False
2026-01-02,P054,Sugar Syrup,cocktail_ingredient,4.687,False
2026-01-02,P055,Fresh Mint,cocktail_ingredient,3.856,False
2026-01-02,P056,Coffee Beans,cocktail_ingredient,4.021,False
2026-01-02,K001,Carlsberg 50L,draught_beer,3.95,False
2026-01-02,K002,Tuborg 50L,draught_beer,3.28,False
2026-01-02,K003,Carlsberg 30L,draught_beer,4.452,False
2026-01-02,K004,Malka 30L,draught_beer,4.311,False
2026-01-02,K005,Weihenstephan 30L,draught_beer,3.568,False
2026-01-03,P001,Carlsberg,beer,60.4,False
2026-01-03,P002,Heineken,beer,69.6,False
2026-01-03,P003,Corona,beer,51.2,False
2026-01-03,P004,Guinness,beer,27.6,False
2026-01-03,P005,Goldstar,beer,65.6,False
2026-01-03,P006,Maccabee,beer,23.0,False
2026-01-03,P007,Stella Artois,beer,46.4,False
2026-01-03,P008,Erdinger,beer,35.2,False
2026-01-03,P009,Bombay Sapphire,gin,15.137,False
2026-01-03,P010,Tanqueray,gin,12.231,False
2026-01-03,P011,Hendrick's,gin,9.685,False
2026-01-03,P012,Beefeater,gin,8.717,False
2026-01-03,P013,Gordon's,gin,16.286,False
2026-01-03,P014,Absolut,vodka,10.373,False
2026-01-03,P015,Finlandia,vodka,9.06,False
2026-01-03,P016,Grey Goose,vodka,4.081,False
2026-01-03,P017,Belvedere,vodka,9.575,False
2026-01-03,P018,Stolichnaya,vodka,8.631,False
2026-01-03,P019,Jameson,whiskey,9.875,False
2026-01-03,P020,Jack Daniel's,whiskey,14.19,False
2026-01-03,P021,Johnnie Walker Black,whiskey,14.28,False
2026-01-03,P022,Chivas Regal,whiskey,11.63,False
2026-01-03,P023,Maker's Mark,whiskey,9.403,False
2026-01-03,P024,Glenfiddich 12,whiskey,9.574,False
2026-01-03,P025,Bacardi Carta Blanca,rum,10.511,False
2026-01-03,P026,Havana Club 3,rum,11.802,False
2026-01-03,P027,Captain Morgan,rum,10.859,False
2026-01-03,P028,Diplomatico Reserva,rum,5.716,False
2026-01-03,P029,Jose Cuervo,tequila,15.405,False
2026-01-03,P030,Olmeca Blanco,tequila,9.403,False
2026-01-03,P031,Patron Silver,tequila,13.574,False
2026-01-03,P032,Don Julio Blanco,tequila,8.46,False
2026-01-03,P033,Aperol,aperitif,19.886,False
2026-01-03,P034,Campari,aperitif,11.315,False
2026-01-03,P035,Cointreau,liqueur,13.682,False
2026-01-03,P036,Kahlua,liqueur,10.263,False
2026-01-03,P037,Martini Rosso,vermouth,3.703,False
2026-01-03,P038,House Red Wine,wine,12.406,False
2026-01-03,P039,House White Wine,wine,21.42,False
2026-01-03,P040,Rose Wine,wine,14.4,False
2026-01-03,P041,Prosecco,wine,20.016,False
2026-01-03,P042,Chardonnay,wine,5.84,False
2026-01-03,P043,Coca-Cola,soft_drink,66.7,False
2026-01-03,P044,Coca-Cola Zero,soft_drink,38.6,False
2026-01-03,P045,Sprite,soft_drink,26.2,False
2026-01-03,P046,Tonic Water,soft_drink,35.42,False
2026-01-03,P047,Soda Water,soft_drink,31.96,False
2026-01-03,P048,Red Bull,soft_drink,35.8,False
2026-01-03,P049,Ginger Beer,soft_drink,17.2,False
2026-01-03,P050,Orange Juice,juice,4.0,False
2026-01-03,P051,Cranberry Juice,juice,4.0,False
2026-01-03,P052,Lime Juice,juice,6.918,False
2026-01-03,P053,Lemon Juice,juice,5.425,False
2026-01-03,P054,Sugar Syrup,cocktail_ingredient,4.252,False
2026-01-03,P055,Fresh Mint,cocktail_ingredient,3.685,False
2026-01-03,P056,Coffee Beans,cocktail_ingredient,3.886,False
2026-01-03,K001,Carlsberg 50L,draught_beer,5.41,False
2026-01-03,K002,Tuborg 50L,draught_beer,4.95,False
2026-01-03,K003,Carlsberg 30L,draught_beer,5.915,False
2026-01-03,K004,Malka 30L,draught_beer,5.626,False
2026-01-03,K005,Weihenstephan 30L,draught_beer,4.125,False
2026-01-04,P001,Carlsberg,beer,54.4,False
2026-01-04,P002,Heineken,beer,65.6,False
2026-01-04,P003,Corona,beer,49.2,False
2026-01-04,P004,Guinness,beer,23.6,False
2026-01-04,P005,Goldstar,beer,62.6,False
2026-01-04,P006,Maccabee,beer,44.0,False
2026-01-04,P007,Stella Artois,beer,45.4,False
2026-01-04,P008,Erdinger,beer,34.2,False
2026-01-04,P009,Bombay Sapphire,gin,15.052,False
2026-01-04,P010,Tanqueray,gin,12.145,False
2026-01-04,P011,Hendrick's,gin,9.557,False
2026-01-04,P012,Beefeater,gin,8.631,False
2026-01-04,P013,Gordon's,gin,15.702,False
2026-01-04,P014,Absolut,vodka,9.408,False
2026-01-04,P015,Finlandia,vodka,8.974,False
2026-01-04,P016,Grey Goose,vodka,3.909,False
2026-01-04,P017,Belvedere,vodka,9.489,False
2026-01-04,P018,Stolichnaya,vodka,8.631,False
2026-01-04,P019,Jameson,whiskey,9.446,False
2026-01-04,P020,Jack Daniel's,whiskey,13.933,False
2026-01-04,P021,Johnnie Walker Black,whiskey,14.023,False
2026-01-04,P022,Chivas Regal,whiskey,11.545,False
2026-01-04,P023,Maker's Mark,whiskey,9.317,False
2026-01-04,P024,Glenfiddich 12,whiskey,9.489,False
2026-01-04,P025,Bacardi Carta Blanca,rum,8.952,False
2026-01-04,P026,Havana Club 3,rum,11.802,False
2026-01-04,P027,Captain Morgan,rum,10.774,False
2026-01-04,P028,Diplomatico Reserva,rum,5.716,False
2026-01-04,P029,Jose Cuervo,tequila,15.066,False
2026-01-04,P030,Olmeca Blanco,tequila,9.317,False
2026-01-04,P031,Patron Silver,tequila,13.131,False
2026-01-04,P032,Don Julio Blanco,tequila,8.374,False
2026-01-04,P033,Aperol,aperitif,18.771,False
2026-01-04,P034,Campari,aperitif,11.1,False
2026-01-04,P035,Cointreau,liqueur,13.346,False
2026-01-04,P036,Kahlua,liqueur,9.921,False
2026-01-04,P037,Martini Rosso,vermouth,3.575,False
2026-01-04,P038,House Red Wine,wine,11.43,False
2026-01-04,P039,House White Wine,wine,20.932,False
2026-01-04,P040,Rose Wine,wine,14.2,False
2026-01-04,P041,Prosecco,wine,18.096,False
2026-01-04,P042,Chardonnay,wine,5.64,False
2026-01-04,P043,Coca-Cola,soft_drink,59.2,False
2026-01-04,P044,Coca-Cola Zero,soft_drink,36.6,False
2026-01-04,P045,Sprite,soft_drink,21.2,False
2026-01-04,P046,Tonic Water,soft_drink,31.22,False
2026-01-04,P047,Soda Water,soft_drink,26.62,False
2026-01-04,P048,Red Bull,soft_drink,32.8,False
2026-01-04,P049,Ginger Beer,soft_drink,15.2,False
2026-01-04,P050,Orange Juice,juice,4.0,False
2026-01-04,P051,Cranberry Juice,juice,4.0,False
2026-01-04,P052,Lime Juice,juice,6.418,False
2026-01-04,P053,Lemon Juice,juice,5.3,False
2026-01-04,P054,Sugar Syrup,cocktail_ingredient,3.952,False
2026-01-04,P055,Fresh Mint,cocktail_ingredient,3.559,False
2026-01-04,P056,Coffee Beans,cocktail_ingredient,3.805,False
2026-01-04,K001,Carlsberg 50L,draught_beer,5.024,False
2026-01-04,K002,Tuborg 50L,draught_beer,4.708,False
2026-01-04,K003,Carlsberg 30L,draught_beer,5.902,False
2026-01-04,K004,Malka 30L,draught_beer,5.385,False
2026-01-04,K005,Weihenstephan 30L,draught_beer,3.91,False
2026-01-05,P001,Carlsberg,beer,51.4,False
2026-01-05,P002,Heineken,beer,58.6,False
2026-01-05,P003,Corona,beer,43.2,False
2026-01-05,P004,Guinness,beer,21.6,False
2026-01-05,P005,Goldstar,beer,58.6,False
2026-01-05,P006,Maccabee,beer,43.0,False
2026-01-05,P007,Stella Artois,beer,41.4,False
2026-01-05,P008,Erdinger,beer,34.2,False
2026-01-05,P009,Bombay Sapphire,gin,14.966,False
2026-01-05,P010,Tanqueray,gin,12.059,False
2026-01-05,P011,Hendrick's,gin,9.386,False
2026-01-05,P012,Beefeater,gin,8.546,False
2026-01-05,P013,Gordon's,gin,14.552,False
2026-01-05,P014,Absolut,vodka,8.723,False
2026-01-05,P015,Finlandia,vodka,8.803,False
2026-01-05,P016,Grey Goose,vodka,3.738,False
2026-01-05,P017,Belvedere,vodka,9.489,False
2026-01-05,P018,Stolichnaya,vodka,8.546,False
2026-01-05,P019,Jameson,whiskey,9.103,False
2026-01-05,P020,Jack Daniel's,whiskey,13.933,False
2026-01-05,P021,Johnnie Walker Black,whiskey,14.023,False
2026-01-05,P022,Chivas Regal,whiskey,11.459,False
2026-01-05,P023,Maker's Mark,whiskey,9.232,False
2026-01-05,P024,Glenfiddich 12,whiskey,9.403,False
2026-01-05,P025,Bacardi Carta Blanca,rum,7.871,False
2026-01-05,P026,Havana Club 3,rum,11.631,False
2026-01-05,P027,Captain Morgan,rum,10.774,False
2026-01-05,P028,Diplomatico Reserva,rum,5.716,False
2026-01-05,P029,Jose Cuervo,tequila,14.856,False
2026-01-05,P030,Olmeca Blanco,tequila,9.231,False
2026-01-05,P031,Patron Silver,tequila,12.331,False
2026-01-05,P032,Don Julio Blanco,tequila,8.289,False
2026-01-05,P033,Aperol,aperitif,17.828,False
2026-01-05,P034,Campari,aperitif,10.843,False
2026-01-05,P035,Cointreau,liqueur,12.975,False
2026-01-05,P036,Kahlua,liqueur,9.663,False
2026-01-05,P037,Martini Rosso,vermouth,3.318,False
2026-01-05,P038,House Red Wine,wine,10.21,False
2026-01-05,P039,House White Wine,wine,19.224,False
2026-01-05,P040,Rose Wine,wine,13.6,False
2026-01-05,P041,Prosecco,wine,16.376,False
2026-01-05,P042,Chardonnay,wine,5.24,False
2026-01-05,P043,Coca-Cola,soft_drink,102.8,False
2026-01-05,P044,Coca-Cola Zero,soft_drink,56.6,False
2026-01-05,P045,Sprite,soft_drink,63.2,False
2026-01-05,P046,Tonic Water,soft_drink,76.42,False
2026-01-05,P047,Soda Water,soft_drink,69.76,False
2026-01-05,P048,Red Bull,soft_drink,53.8,False
2026-01-05,P049,Ginger Beer,soft_drink,38.2,False
2026-01-05,P050,Orange Juice,juice,4.0,False
2026-01-05,P051,Cranberry Juice,juice,4.0,False
2026-01-05,P052,Lime Juice,juice,11.868,False
2026-01-05,P053,Lemon Juice,juice,5.2,False
2026-01-05,P054,Sugar Syrup,cocktail_ingredient,9.742,False
2026-01-05,P055,Fresh Mint,cocktail_ingredient,3.469,False
2026-01-05,P056,Coffee Beans,cocktail_ingredient,3.751,False
2026-01-05,K001,Carlsberg 50L,draught_beer,4.782,False
2026-01-05,K002,Tuborg 50L,draught_beer,4.491,False
2026-01-05,K003,Carlsberg 30L,draught_beer,5.432,False
2026-01-05,K004,Malka 30L,draught_beer,5.09,False
2026-01-05,K005,Weihenstephan 30L,draught_beer,3.736,False
2026-01-06,P001,Carlsberg,beer,46.4,False
2026-01-06,P002,Heineken,beer,58.6,False
2026-01-06,P003,Corona,beer,38.2,False
2026-01-06,P004,Guinness,beer,19.6,False
2026-01-06,P005,Goldstar,beer,54.6,False
2026-01-06,P006,Maccabee,beer,43.0,False
2026-01-06,P007,Stella Artois,beer,38.4,False
2026-01-06,P008,Erdinger,beer,33.2,False
2026-01-06,P009,Bombay Sapphire,gin,14.966,False
2026-01-06,P010,Tanqueray,gin,11.973,False
2026-01-06,P011,Hendrick's,gin,9.085,False
2026-01-06,P012,Beefeater,gin,8.46,False
2026-01-06,P013,Gordon's,gin,13.62,False
2026-01-06,P014,Absolut,vodka,20.258,False
2026-01-06,P015,Finlandia,vodka,8.717,False
2026-01-06,P016,Grey Goose,vodka,15.738,False
2026-01-06,P017,Belvedere,vodka,9.403,False
2026-01-06,P018,Stolichnaya,vodka,8.374,False
2026-01-06,P019,Jameson,whiskey,8.932,False
2026-01-06,P020,Jack Daniel's,whiskey,13.762,False
2026-01-06,P021,Johnnie Walker Black,whiskey,13.851,False
2026-01-06,P022,Chivas Regal,whiskey,11.288,False
2026-01-06,P023,Maker's Mark,whiskey,9.232,False
2026-01-06,P024,Glenfiddich 12,whiskey,9.403,False
2026-01-06,P025,Bacardi Carta Blanca,rum,18.834,False
2026-01-06,P026,Havana Club 3,rum,11.459,False
2026-01-06,P027,Captain Morgan,rum,10.688,False
2026-01-06,P028,Diplomatico Reserva,rum,5.63,False
2026-01-06,P029,Jose Cuervo,tequila,14.673,False
2026-01-06,P030,Olmeca Blanco,tequila,9.146,False
2026-01-06,P031,Patron Silver,tequila,11.731,False
2026-01-06,P032,Don Julio Blanco,tequila,8.203,False
2026-01-06,P033,Aperol,aperitif,16.714,False
2026-01-06,P034,Campari,aperitif,10.543,False
2026-01-06,P035,Cointreau,liqueur,12.739,False
2026-01-06,P036,Kahlua,liqueur,9.463,False
2026-01-06,P037,Martini Rosso,vermouth,15.103,False
2026-01-06,P038,House Red Wine,wine,20.746,False
2026-01-06,P039,House White Wine,wine,17.76,False
2026-01-06,P040,Rose Wine,wine,13.0,False
2026-01-06,P041,Prosecco,wine,26.656,False
2026-01-06,P042,Chardonnay,wine,16.84,False
2026-01-06,P043,Coca-Cola,soft_drink,99.5,False
2026-01-06,P044,Coca-Cola Zero,soft_drink,50.6,False
2026-01-06,P045,Sprite,soft_drink,59.2,False
2026-01-06,P046,Tonic Water,soft_drink,74.92,False
2026-01-06,P047,Soda Water,soft_drink,64.78,False
2026-01-06,P048,Red Bull,soft_drink,50.8,False
2026-01-06,P049,Ginger Beer,soft_drink,37.2,False
2026-01-06,P050,Orange Juice,juice,4.0,False
2026-01-06,P051,Cranberry Juice,juice,4.0,False
2026-01-06,P052,Lime Juice,juice,11.413,False
2026-01-06,P053,Lemon Juice,juice,5.125,False
2026-01-06,P054,Sugar Syrup,cocktail_ingredient,9.537,False
2026-01-06,P055,Fresh Mint,cocktail_ingredient,3.37,False
2026-01-06,P056,Coffee Beans,cocktail_ingredient,3.715,False
2026-01-06,K001,Carlsberg 50L,draught_beer,4.484,False
2026-01-06,K002,Tuborg 50L,draught_beer,4.346,False
2026-01-06,K003,Carlsberg 30L,draught_beer,5.15,False
2026-01-06,K004,Malka 30L,draught_beer,4.526,False
2026-01-06,K005,Weihenstephan 30L,draught_beer,3.508,False
2026-01-07,P001,Carlsberg,beer,63.4,False
2026-01-07,P002,Heineken,beer,53.6,False
2026-01-07,P003,Corona,beer,59.2,False
2026-01-07,P004,Guinness,beer,40.6,False
2026-01-07,P005,Goldstar,beer,74.6,False
2026-01-07,P006,Maccabee,beer,40.0,False
2026-01-07,P007,Stella Artois,beer,57.4,False
2026-01-07,P008,Erdinger,beer,31.2,False
2026-01-07,P009,Bombay Sapphire,gin,14.88,False
2026-01-07,P010,Tanqueray,gin,11.888,False
2026-01-07,P011,Hendrick's,gin,8.7,False
2026-01-07,P012,Beefeater,gin,8.289,False
2026-01-07,P013,Gordon's,gin,12.443,False
2026-01-07,P014,Absolut,vodka,19.423,False
2026-01-07,P015,Finlandia,vodka,8.631,False
2026-01-07,P016,Grey Goose,vodka,15.567,False
2026-01-07,P017,Belvedere,vodka,9.317,False
2026-01-07,P018,Stolichnaya,vodka,8.289,False
2026-01-07,P019,Jameson,whiskey,8.589,False
2026-01-07,P020,Jack Daniel's,whiskey,13.419,False
2026-01-07,P021,Johnnie Walker Black,whiskey,13.68,False
2026-01-07,P022,Chivas Regal,whiskey,11.116,False
2026-01-07,P023,Maker's Mark,whiskey,9.146,False
2026-01-07,P024,Glenfiddich 12,whiskey,9.317,False
2026-01-07,P025,Bacardi Carta Blanca,rum,17.675,False
2026-01-07,P026,Havana Club 3,rum,11.288,False
2026-01-07,P027,Captain Morgan,rum,10.517,False
2026-01-07,P028,Diplomatico Reserva,rum,5.545,False
2026-01-07,P029,Jose Cuervo,tequila,14.386,False
2026-01-07,P030,Olmeca Blanco,tequila,9.06,False
2026-01-07,P031,Patron Silver,tequila,10.916,False
2026-01-07,P032,Don Julio Blanco,tequila,8.117,False
2026-01-07,P033,Aperol,aperitif,15.428,False
2026-01-07,P034,Campari,aperitif,10.243,False
2026-01-07,P035,Cointreau,liqueur,12.332,False
2026-01-07,P036,Kahlua,liqueur,9.12,False
2026-01-07,P037,Martini Rosso,vermouth,14.803,False
2026-01-07,P038,House Red Wine,wine,20.014,False
2026-01-07,P039,House White Wine,wine,16.784,False
2026-01-07,P040,Rose Wine,wine,12.4,False
2026-01-07,P041,Prosecco,wine,24.496,False
2026-01-07,P042,Chardonnay,wine,16.24,False
2026-01-07,P043,Coca-Cola,soft_drink,90.2,False
2026-01-07,P044,Coca-Cola Zero,soft_drink,44.6,False
2026-01-07,P045,Sprite,soft_drink,52.2,False
2026-01-07,P046,Tonic Water,soft_drink,68.22,False
2026-01-07,P047,Soda Water,soft_drink,58.8,False
2026-01-07,P048,Red Bull,soft_drink,47.8,False
2026-01-07,P049,Ginger Beer,soft_drink,35.2,False
2026-01-07,P050,Orange Juice,juice,4.0,False
2026-01-07,P051,Cranberry Juice,juice,4.0,False
2026-01-07,P052,Lime Juice,juice,10.893,False
2026-01-07,P053,Lemon Juice,juice,5.05,False
2026-01-07,P054,Sugar Syrup,cocktail_ingredient,9.297,False
2026-01-07,P055,Fresh Mint,cocktail_ingredient,3.28,False
2026-01-07,P056,Coffee Beans,cocktail_ingredient,3.634,False
2026-01-07,K001,Carlsberg 50L,draught_beer,5.203,False
2026-01-07,K002,Tuborg 50L,draught_beer,4.12,False
2026-01-07,K003,Carlsberg 30L,draught_beer,6.814,False
2026-01-07,K004,Malka 30L,draught_beer,5.244,False
2026-01-07,K005,Weihenstephan 30L,draught_beer,4.226,False
2026-01-08,P001,Carlsberg,beer,52.4,False
2026-01-08,P002,Heineken,beer,47.6,False
2026-01-08,P003,Corona,beer,50.2,False
2026-01-08,P004,Guinness,beer,35.6,False
2026-01-08,P005,Goldstar,beer,67.6,False
2026-01-08,P006,Maccabee,beer,36.0,False
2026-01-08,P007,Stella Artois,beer,53.4,False
2026-01-08,P008,Erdinger,beer,29.2,False
2026-01-08,P009,Bombay Sapphire,gin,14.452,False
2026-01-08,P010,Tanqueray,gin,11.631,False
2026-01-08,P011,Hendrick's,gin,8.228,False
2026-01-08,P012,Beefeater,gin,8.117,False
2026-01-08,P013,Gordon's,gin,11.188,False
2026-01-08,P014,Absolut,vodka,18.151,False
2026-01-08,P015,Finlandia,vodka,8.46,False
2026-01-08,P016,Grey Goose,vodka,15.31,False
2026-01-08,P017,Belvedere,vodka,9.146,False
2026-01-08,P018,Stolichnaya,vodka,8.203,False
2026-01-08,P019,Jameson,whiskey,7.817,False
2026-01-08,P020,Jack Daniel's,whiskey,12.99,False
2026-01-08,P021,Johnnie Walker Black,whiskey,13.423,False
2026-01-08,P022,Chivas Regal,whiskey,10.859,False
2026-01-08,P023,Maker's Mark,whiskey,8.974,False
2026-01-08,P024,Glenfiddich 12,whiskey,9.146,False
2026-01-08,P025,Bacardi Carta Blanca,rum,15.653,False
2026-01-08,P026,Havana Club 3,rum,11.117,False
2026-01-08,P027,Captain Morgan,rum,10.345,False
2026-01-08,P028,Diplomatico Reserva,rum,5.459,False
2026-01-08,P029,Jose Cuervo,tequila,13.915,False
2026-01-08,P030,Olmeca Blanco,tequila,8.974,False
2026-01-08,P031,Patron Silver,tequila,9.888,False
2026-01-08,P032,Don Julio Blanco,tequila,7.946,False
2026-01-08,P033,Aperol,aperitif,13.286,False
2026-01-08,P034,Campari,aperitif,9.772,False
2026-01-08,P035,Cointreau,liqueur,11.775,False
2026-01-08,P036,Kahlua,liqueur,8.72,False
2026-01-08,P037,Martini Rosso,vermouth,14.418,False
2026-01-08,P038,House Red Wine,wine,18.062,False
2026-01-08,P039,House White Wine,wine,15.564,False
2026-01-08,P040,Rose Wine,wine,11.8,False
2026-01-08,P041,Prosecco,wine,21.056,False
2026-01-08,P042,Chardonnay,wine,15.64,False
2026-01-08,P043,Coca-Cola,soft_drink,74.6,False
2026-01-08,P044,Coca-Cola Zero,soft_drink,60.6,False
2026-01-08,P045,Sprite,soft_drink,44.2,False
2026-01-08,P046,Tonic Water,soft_drink,62.52,False
2026-01-08,P047,Soda Water,soft_drink,52.2,False
2026-01-08,P048,Red Bull,soft_drink,39.8,False
2026-01-08,P049,Ginger Beer,soft_drink,33.2,False
2026-01-08,P050,Orange Juice,juice,4.0,False
2026-01-08,P051,Cranberry Juice,juice,4.0,False
2026-01-08,P052,Lime Juice,juice,10.058,False
2026-01-08,P053,Lemon Juice,juice,4.9,False
2026-01-08,P054,Sugar Syrup,cocktail_ingredient,8.932,False
2026-01-08,P055,Fresh Mint,cocktail_ingredient,3.109,False
2026-01-08,P056,Coffee Beans,cocktail_ingredient,3.562,False
2026-01-08,K001,Carlsberg 50L,draught_beer,4.832,False
2026-01-08,K002,Tuborg 50L,draught_beer,3.701,False
2026-01-08,K003,Carlsberg 30L,draught_beer,6.184,False
2026-01-08,K004,Malka 30L,draught_beer,4.734,False
2026-01-08,K005,Weihenstephan 30L,draught_beer,3.864,False
2026-01-09,P001,Carlsberg,beer,40.4,False
2026-01-09,P002,Heineken,beer,39.6,False
2026-01-09,P003,Corona,beer,39.2,False
2026-01-09,P004,Guinness,beer,31.6,False
2026-01-09,P005,Goldstar,beer,58.6,False
2026-01-09,P006,Maccabee,beer,30.0,False
2026-01-09,P007,Stella Artois,beer,48.4,False
2026-01-09,P008,Erdinger,beer,25.2,False
2026-01-09,P009,Bombay Sapphire,gin,14.109,False
2026-01-09,P010,Tanqueray,gin,11.374,False
2026-01-09,P011,Hendrick's,gin,7.585,False
2026-01-09,P012,Beefeater,gin,7.946,False
2026-01-09,P013,Gordon's,gin,21.166,False
2026-01-09,P014,Absolut,vodka,16.48,False
2026-01-09,P015,Finlandia,vodka,8.289,False
2026-01-09,P016,Grey Goose,vodka,15.053,False
2026-01-09,P017,Belvedere,vodka,8.975,False
2026-01-09,P018,Stolichnaya,vodka,8.031,False
2026-01-09,P019,Jameson,whiskey,6.96,False
2026-01-09,P020,Jack Daniel's,whiskey,12.562,False
2026-01-09,P021,Johnnie Walker Black,whiskey,13.08,False
2026-01-09,P022,Chivas Regal,whiskey,10.602,False
2026-01-09,P023,Maker's Mark,whiskey,8.717,False
2026-01-09,P024,Glenfiddich 12,whiskey,9.06,False
2026-01-09,P025,Bacardi Carta Blanca,rum,13.492,False
2026-01-09,P026,Havana Club 3,rum,10.859,False
2026-01-09,P027,Captain Morgan,rum,10.088,False
2026-01-09,P028,Diplomatico Reserva,rum,5.373,False
2026-01-09,P029,Jose Cuervo,tequila,13.549,False
2026-01-09,P030,Olmeca Blanco,tequila,8.889,False
2026-01-09,P031,Patron Silver,tequila,8.645,False
2026-01-09,P032,Don Julio Blanco,tequila,7.774,False
2026-01-09,P033,Aperol,aperitif,22.628,False
2026-01-09,P034,Campari,aperitif,9.215,False
2026-01-09,P035,Cointreau,liqueur,11.132,False
2026-01-09,P036,Kahlua,liqueur,8.206,False
2026-01-09,P037,Martini Rosso,vermouth,13.946,False
2026-01-09,P038,House Red Wine,wine,16.598,False
2026-01-09,P039,House White Wine,wine,25.124,False
2026-01-09,P040,Rose Wine,wine,11.2,False
2026-01-09,P041,Prosecco,wine,28.696,False
2026-01-09,P042,Chardonnay,wine,15.04,False
2026-01-09,P043,Coca-Cola,soft_drink,57.0,False
2026-01-09,P044,Coca-Cola Zero,soft_drink,53.6,False
2026-01-09,P045,Sprite,soft_drink,37.2,False
2026-01-09,P046,Tonic Water,soft_drink,51.62,False
2026-01-09,P047,Soda Water,soft_drink,43.48,False
2026-01-09,P048,Red Bull,soft_drink,32.8,False
2026-01-09,P049,Ginger Beer,soft_drink,30.2,False
2026-01-09,P050,Orange Juice,juice,4.0,False
2026-01-09,P051,Cranberry Juice,juice,4.0,False
2026-01-09,P052,Lime Juice,juice,9.183,False
2026-01-09,P053,Lemon Juice,juice,4.75,False
2026-01-09,P054,Sugar Syrup,cocktail_ingredient,8.527,False
2026-01-09,P055,Fresh Mint,cocktail_ingredient,2.956,False
2026-01-09,P056,Coffee Beans,cocktail_ingredient,3.427,False
2026-01-09,K001,Carlsberg 50L,draught_beer,4.341,False
2026-01-09,K002,Tuborg 50L,draught_beer,3.331,False
2026-01-09,K003,Carlsberg 30L,draught_beer,5.244,False
2026-01-09,K004,Malka 30L,draught_beer,3.996,False
2026-01-09,K005,Weihenstephan 30L,draught_beer,3.34,False
2026-01-10,P001,Carlsberg,beer,75.4,False
2026-01-10,P002,Heineken,beer,52.6,False
2026-01-10,P003,Corona,beer,53.2,False
2026-01-10,P004,Guinness,beer,27.6,False
2026-01-10,P005,Goldstar,beer,48.6,False
2026-01-10,P006,Maccabee,beer,49.0,False
2026-01-10,P007,Stella Artois,beer,42.4,False
2026-01-10,P008,Erdinger,beer,21.2,False
2026-01-10,P009,Bombay Sapphire,gin,13.595,False
2026-01-10,P010,Tanqueray,gin,11.117,False
2026-01-10,P011,Hendrick's,gin,6.857,False
2026-01-10,P012,Beefeater,gin,7.689,False
2026-01-10,P013,Gordon's,gin,19.459,False
2026-01-10,P014,Absolut,vodka,14.937,False
2026-01-10,P015,Finlandia,vodka,8.117,False
2026-01-10,P016,Grey Goose,vodka,14.624,False
2026-01-10,P017,Belvedere,vodka,8.717,False
2026-01-10,P018,Stolichnaya,vodka,7.86,False
2026-01-10,P019,Jameson,whiskey,6.275,False
2026-01-10,P020,Jack Daniel's,whiskey,11.876,False
2026-01-10,P021,Johnnie Walker Black,whiskey,12.823,False
2026-01-10,P022,Chivas Regal,whiskey,10.345,False
2026-01-10,P023,Maker's Mark,whiskey,8.546,False
2026-01-10,P024,Glenfiddich 12,whiskey,8.889,False
2026-01-10,P025,Bacardi Carta Blanca,rum,10.599,False
2026-01-10,P026,Havana Club 3,rum,10.517,False
2026-01-10,P027,Captain Morgan,rum,9.745,False
2026-01-10,P028,Diplomatico Reserva,rum,5.287,False
2026-01-10,P029,Jose Cuervo,tequila,13.026,False
2026-01-10,P030,Olmeca Blanco,tequila,8.717,False
2026-01-10,P031,Patron Silver,tequila,6.945,False
2026-01-10,P032,Don Julio Blanco,tequila,7.603,False
2026-01-10,P033,Aperol,aperitif,19.971,False
2026-01-10,P034,Campari,aperitif,8.572,False
2026-01-10,P035,Cointreau,liqueur,10.332,False
2026-01-10,P036,Kahlua,liqueur,7.692,False
2026-01-10,P037,Martini Rosso,vermouth,13.475,False
2026-01-10,P038,House Red Wine,wine,14.158,False
2026-01-10,P039,House White Wine,wine,21.952,False
2026-01-10,P040,Rose Wine,wine,10.6,False
2026-01-10,P041,Prosecco,wine,24.456,False
2026-01-10,P042,Chardonnay,wine,14.44,False
2026-01-10,P043,Coca-Cola,soft_drink,45.2,False
2026-01-10,P044,Coca-Cola Zero,soft_drink,44.6,False
2026-01-10,P045,Sprite,soft_drink,28.2,False
2026-01-10,P046,Tonic Water,soft_drink,43.62,False
2026-01-10,P047,Soda Water,soft_drink,33.74,False
2026-01-10,P048,Red Bull,soft_drink,23.8,False
2026-01-10,P049,Ginger Beer,soft_drink,27.2,False
2026-01-10,P050,Orange Juice,juice,4.0,False
2026-01-10,P051,Cranberry Juice,juice,4.0,False
2026-01-10,P052,Lime Juice,juice,7.963,False
2026-01-10,P053,Lemon Juice,juice,4.55,False
2026-01-10,P054,Sugar Syrup,cocktail_ingredient,8.017,False
2026-01-10,P055,Fresh Mint,cocktail_ingredient,2.722,False
2026-01-10,P056,Coffee Beans,cocktail_ingredient,3.319,False
2026-01-10,K001,Carlsberg 50L,draught_beer,4.971,False
2026-01-10,K002,Tuborg 50L,draught_beer,3.912,False
2026-01-10,K003,Carlsberg 30L,draught_beer,6.292,False
2026-01-10,K004,Malka 30L,draught_beer,5.54,False
2026-01-10,K005,Weihenstephan 30L,draught_beer,4.911,False
2026-01-11,P001,Carlsberg,beer,71.4,False
2026-01-11,P002,Heineken,beer,49.6,False
2026-01-11,P003,Corona,beer,48.2,False
2026-01-11,P004,Guinness,beer,25.6,False
2026-01-11,P005,Goldstar,beer,42.6,False
2026-01-11,P006,Maccabee,beer,47.0,False
2026-01-11,P007,Stella Artois,beer,38.4,False
2026-01-11,P008,Erdinger,beer,19.2,False
2026-01-11,P009,Bombay Sapphire,gin,13.337,False
2026-01-11,P010,Tanqueray,gin,10.945,False
2026-01-11,P011,Hendrick's,gin,6.471,False
2026-01-11,P012,Beefeater,gin,7.603,False
2026-01-11,P013,Gordon's,gin,18.779,False
2026-01-11,P014,Absolut,vodka,13.537,False
2026-01-11,P015,Finlandia,vodka,8.031,False
2026-01-11,P016,Grey Goose,vodka,14.453,False
2026-01-11,P017,Belvedere,vodka,8.632,False
2026-01-11,P018,Stolichnaya,vodka,7.774,False
2026-01-11,P019,Jameson,whiskey,5.76,False
2026-01-11,P020,Jack Daniel's,whiskey,11.276,False
2026-01-11,P021,Johnnie Walker Black,whiskey,12.566,False
2026-01-11,P022,Chivas Regal,whiskey,10.259,False
2026-01-11,P023,Maker's Mark,whiskey,8.46,False
2026-01-11,P024,Glenfiddich 12,whiskey,8.803,False
2026-01-11,P025,Bacardi Carta Blanca,rum,9.24,False
2026-01-11,P026,Havana Club 3,rum,10.431,False
2026-01-11,P027,Captain Morgan,rum,9.659,False
2026-01-11,P028,Diplomatico Reserva,rum,5.287,False
2026-01-11,P029,Jose Cuervo,tequila,12.817,False
2026-01-11,P030,Olmeca Blanco,tequila,8.631,False
2026-01-11,P031,Patron Silver,tequila,6.131,False
2026-01-11,P032,Don Julio Blanco,tequila,7.517,False
2026-01-11,P033,Aperol,aperitif,18.6,False
2026-01-11,P034,Campari,aperitif,8.186,False
2026-01-11,P035,Cointreau,liqueur,9.903,False
2026-01-11,P036,Kahlua,liqueur,7.292,False
2026-01-11,P037,Martini Rosso,vermouth,13.261,False
2026-01-11,P038,House Red Wine,wine,13.182,False
2026-01-11,P039,House White Wine,wine,20.244,False
2026-01-11,P040,Rose Wine,wine,10.2,False
2026-01-11,P041,Prosecco,wine,22.376,False
2026-01-11,P042,Chardonnay,wine,14.04,False
2026-01-11,P043,Coca-Cola,soft_drink,32.8,False
2026-01-11,P044,Coca-Cola Zero,soft_drink,41.6,False
2026-01-11,P045,Sprite,soft_drink,24.2,False
2026-01-11,P046,Tonic Water,soft_drink,38.72,False
2026-01-11,P047,Soda Water,soft_drink,28.46,False
2026-01-11,P048,Red Bull,soft_drink,19.8,False
2026-01-11,P049,Ginger Beer,soft_drink,25.2,False
2026-01-11,P050,Orange Juice,juice,4.0,False
2026-01-11,P051,Cranberry Juice,juice,4.0,False
2026-01-11,P052,Lime Juice,juice,7.393,False
2026-01-11,P053,Lemon Juice,juice,4.45,False
2026-01-11,P054,Sugar Syrup,cocktail_ingredient,7.727,False
2026-01-11,P055,Fresh Mint,cocktail_ingredient,2.614,False
2026-01-11,P056,Coffee Beans,cocktail_ingredient,3.22,False
2026-01-11,K001,Carlsberg 50L,draught_beer,4.632,False
2026-01-11,K002,Tuborg 50L,draught_beer,3.719,False
2026-01-11,K003,Carlsberg 30L,draught_beer,5.929,False
2026-01-11,K004,Malka 30L,draught_beer,5.352,False
2026-01-11,K005,Weihenstephan 30L,draught_beer,4.777,False
2026-01-12,P001,Carlsberg,beer,70.4,False
2026-01-12,P002,Heineken,beer,43.6,False
2026-01-12,P003,Corona,beer,41.2,False
2026-01-12,P004,Guinness,beer,23.6,False
2026-01-12,P005,Goldstar,beer,35.6,False
2026-01-12,P006,Maccabee,beer,46.0,False
2026-01-12,P007,Stella Artois,beer,35.4,False
2026-01-12,P008,Erdinger,beer,17.2,False
2026-01-12,P009,Bombay Sapphire,gin,13.252,False
2026-01-12,P010,Tanqueray,gin,10.859,False
2026-01-12,P011,Hendrick's,gin,6.0,False
2026-01-12,P012,Beefeater,gin,7.517,False
2026-01-12,P013,Gordon's,gin,17.977,False
2026-01-12,P014,Absolut,vodka,12.894,False
2026-01-12,P015,Finlandia,vodka,7.86,False
2026-01-12,P016,Grey Goose,vodka,14.281,False
2026-01-12,P017,Belvedere,vodka,8.46,False
2026-01-12,P018,Stolichnaya,vodka,7.689,False
2026-01-12,P019,Jameson,whiskey,5.332,False
2026-01-12,P020,Jack Daniel's,whiskey,10.676,False
2026-01-12,P021,Johnnie Walker Black,whiskey,12.309,False
2026-01-12,P022,Chivas Regal,whiskey,10.088,False
2026-01-12,P023,Maker's Mark,whiskey,8.374,False
2026-01-12,P024,Glenfiddich 12,whiskey,8.717,False
2026-01-12,P025,Bacardi Carta Blanca,rum,7.654,False
2026-01-12,P026,Havana Club 3,rum,10.259,False
2026-01-12,P027,Captain Morgan,rum,9.574,False
2026-01-12,P028,Diplomatico Reserva,rum,5.287,False
2026-01-12,P029,Jose Cuervo,tequila,12.556,False
2026-01-12,P030,Olmeca Blanco,tequila,8.546,False
2026-01-12,P031,Patron Silver,tequila,5.245,False
2026-01-12,P032,Don Julio Blanco,tequila,7.432,False
2026-01-12,P033,Aperol,aperitif,17.229,False
2026-01-12,P034,Campari,aperitif,7.801,False
2026-01-12,P035,Cointreau,liqueur,9.575,False
2026-01-12,P036,Kahlua,liqueur,6.949,False
2026-01-12,P037,Martini Rosso,vermouth,12.96,False
2026-01-12,P038,House Red Wine,wine,11.718,False
2026-01-12,P039,House White Wine,wine,19.024,False
2026-01-12,P040,Rose Wine,wine,9.6,False
2026-01-12,P041,Prosecco,wine,20.416,False
2026-01-12,P042,Chardonnay,wine,13.84,False
2026-01-12,P043,Coca-Cola,soft_drink,25.6,False
2026-01-12,P044,Coca-Cola Zero,soft_drink,62.6,False
2026-01-12,P045,Sprite,soft_drink,22.2,False
2026-01-12,P046,Tonic Water,soft_drink,56.22,False
2026-01-12,P047,Soda Water,soft_drink,71.0,False
2026-01-12,P048,Red Bull,soft_drink,64.8,False
2026-01-12,P049,Ginger Beer,soft_drink,23.2,False
2026-01-12,P050,Orange Juice,juice,4.0,False
2026-01-12,P051,Cranberry Juice,juice,4.0,False
2026-01-12,P052,Lime Juice,juice,6.743,False
2026-01-12,P053,Lemon Juice,juice,4.4,False
2026-01-12,P054,Sugar Syrup,cocktail_ingredient,7.427,False
2026-01-12,P055,Fresh Mint,cocktail_ingredient,8.488,False
2026-01-12,P056,Coffee Beans,cocktail_ingredient,3.139,False
2026-01-12,K001,Carlsberg 50L,draught_beer,4.463,False
2026-01-12,K002,Tuborg 50L,draught_beer,3.502,False
2026-01-12,K003,Carlsberg 30L,draught_beer,5.258,False
2026-01-12,K004,Malka 30L,draught_beer,4.936,False
2026-01-12,K005,Weihenstephan 30L,draught_beer,4.414,False
2026-01-13,P001,Carlsberg,beer,63.4,False
2026-01-13,P002,Heineken,beer,40.6,False
2026-01-13,P003,Corona,beer,40.2,False
2026-01-13,P004,Guinness,beer,22.6,False
2026-01-13,P005,Goldstar,beer,34.6,False
2026-01-13,P006,Maccabee,beer,46.0,False
2026-01-13,P007,Stella Artois,beer,33.4,False
2026-01-13,P008,Erdinger,beer,16.2,False
2026-01-13,P009,Bombay Sapphire,gin,13.08,False
2026-01-13,P010,Tanqueray,gin,10.688,False
2026-01-13,P011,Hendrick's,gin,5.871,False
2026-01-13,P012,Beefeater,gin,7.432,False
2026-01-13,P013,Gordon's,gin,17.132,False
2026-01-13,P014,Absolut,vodka,12.673,False
2026-01-13,P015,Finlandia,vodka,7.86,False
2026-01-13,P016,Grey Goose,vodka,14.195,False
2026-01-13,P017,Belvedere,vodka,8.375,False
2026-01-13,P018,Stolichnaya,vodka,7.689,False
2026-01-13,P019,Jameson,whiskey,16.903,False
2026-01-13,P020,Jack Daniel's,whiskey,10.505,False
2026-01-13,P021,Johnnie Walker Black,whiskey,12.223,False
2026-01-13,P022,Chivas Regal,whiskey,10.088,False
2026-01-13,P023,Maker's Mark,whiskey,8.374,False
2026-01-13,P024,Glenfiddich 12,whiskey,8.632,False
2026-01-13,P025,Bacardi Carta Blanca,rum,19.279,False
2026-01-13,P026,Havana Club 3,rum,10.174,False
2026-01-13,P027,Captain Morgan,rum,9.488,False
2026-01-13,P028,Diplomatico Reserva,rum,5.287,False
2026-01-13,P029,Jose Cuervo,tequila,12.53,False
2026-01-13,P030,Olmeca Blanco,tequila,8.546,False
2026-01-13,P031,Patron Silver,tequila,4.816,False
2026-01-13,P032,Don Julio Blanco,tequila,7.432,False
2026-01-13,P033,Aperol,aperitif,16.971,False
2026-01-13,P034,Campari,aperitif,7.672,False
2026-01-13,P035,Cointreau,liqueur,9.382,False
2026-01-13,P036,Kahlua,liqueur,6.806,False
2026-01-13,P037,Martini Rosso,vermouth,12.918,False
2026-01-13,P038,House Red Wine,wine,10.498,False
2026-01-13,P039,House White Wine,wine,18.536,False
2026-01-13,P040,Rose Wine,wine,9.2,False
2026-01-13,P041,Prosecco,wine,32.056,False
2026-01-13,P042,Chardonnay,wine,13.84,False
2026-01-13,P043,Coca-Cola,soft_drink,93.5,False
2026-01-13,P044,Coca-Cola Zero,soft_drink,59.6,False
2026-01-13,P045,Sprite,soft_drink,65.2,False
2026-01-13,P046,Tonic Water,soft_drink,53.12,False
2026-01-13,P047,Soda Water,soft_drink,69.34,False
2026-01-13,P048,Red Bull,soft_drink,63.8,False
2026-01-13,P049,Ginger Beer,soft_drink,22.2,False
2026-01-13,P050,Orange Juice,juice,4.0,False
2026-01-13,P051,Cranberry Juice,juice,4.0,False
2026-01-13,P052,Lime Juice,juice,6.463,False
2026-01-13,P053,Lemon Juice,juice,4.375,False
2026-01-13,P054,Sugar Syrup,cocktail_ingredient,7.347,False
2026-01-13,P055,Fresh Mint,cocktail_ingredient,8.452,False
2026-01-13,P056,Coffee Beans,cocktail_ingredient,3.121,False
2026-01-13,K001,Carlsberg 50L,draught_beer,4.367,False
2026-01-13,K002,Tuborg 50L,draught_beer,3.494,False
2026-01-13,K003,Carlsberg 30L,draught_beer,5.124,False
2026-01-13,K004,Malka 30L,draught_beer,4.681,False
2026-01-13,K005,Weihenstephan 30L,draught_beer,4.347,False
2026-01-14,P001,Carlsberg,beer,80.4,False
2026-01-14,P002,Heineken,beer,35.6,False
2026-01-14,P003,Corona,beer,59.2,False
2026-01-14,P004,Guinness,beer,44.6,False
2026-01-14,P005,Goldstar,beer,51.6,False
2026-01-14,P006,Maccabee,beer,44.0,False
2026-01-14,P007,Stella Artois,beer,31.4,False
2026-01-14,P008,Erdinger,beer,39.2,False
2026-01-14,P009,Bombay Sapphire,gin,12.823,False
2026-01-14,P010,Tanqueray,gin,10.431,False
2026-01-14,P011,Hendrick's,gin,5.443,False
2026-01-14,P012,Beefeater,gin,7.346,False
2026-01-14,P013,Gordon's,gin,16.077,False
2026-01-14,P014,Absolut,vodka,11.823,False
2026-01-14,P015,Finlandia,vodka,7.774,False
2026-01-14,P016,Grey Goose,vodka,13.852,False
2026-01-14,P017,Belvedere,vodka,8.203,False
2026-01-14,P018,Stolichnaya,vodka,7.517,False
2026-01-14,P019,Jameson,whiskey,16.217,False
2026-01-14,P020,Jack Daniel's,whiskey,10.247,False
2026-01-14,P021,Johnnie Walker Black,whiskey,11.966,False
2026-01-14,P022,Chivas Regal,whiskey,9.916,False
2026-01-14,P023,Maker's Mark,whiskey,8.289,False
2026-01-14,P024,Glenfiddich 12,whiskey,8.46,False
2026-01-14,P025,Bacardi Carta Blanca,rum,17.806,False
2026-01-14,P026,Havana Club 3,rum,10.002,False
2026-01-14,P027,Captain Morgan,rum,9.317,False
2026-01-14,P028,Diplomatico Reserva,rum,5.202,False
2026-01-14,P029,Jose Cuervo,tequila,12.294,False
2026-01-14,P030,Olmeca Blanco,tequila,8.46,False
2026-01-14,P031,Patron Silver,tequila,15.774,False
2026-01-14,P032,Don Julio Blanco,tequila,7.26,False
2026-01-14,P033,Aperol,aperitif,15.514,False
2026-01-14,P034,Campari,aperitif,7.415,False
2026-01-14,P035,Cointreau,liqueur,8.874,False
2026-01-14,P036,Kahlua,liqueur,6.349,False
2026-01-14,P037,Martini Rosso,vermouth,12.575,False
2026-01-14,P038,House Red Wine,wine,20.058,False
2026-01-14,P039,House White Wine,wine,16.584,False
2026-01-14,P040,Rose Wine,wine,8.2,False
2026-01-14,P041,Prosecco,wine,29.736,False
2026-01-14,P042,Chardonnay,wine,13.44,False
2026-01-14,P043,Coca-Cola,soft_drink,83.0,False
2026-01-14,P044,Coca-Cola Zero,soft_drink,52.6,False
2026-01-14,P045,Sprite,soft_drink,59.2,False
2026-01-14,P046,Tonic Water,soft_drink,46.02,False
2026-01-14,P047,Soda Water,soft_drink,62.82,False
2026-01-14,P048,Red Bull,soft_drink,58.8,False
2026-01-14,P049,Ginger Beer,soft_drink,20.2,False
2026-01-14,P050,Orange Juice,juice,4.0,False
2026-01-14,P051,Cranberry Juice,juice,4.0,False
2026-01-14,P052,Lime Juice,juice,5.808,False
2026-01-14,P053,Lemon Juice,juice,4.25,False
2026-01-14,P054,Sugar Syrup,cocktail_ingredient,7.052,False
2026-01-14,P055,Fresh Mint,cocktail_ingredient,8.335,False
2026-01-14,P056,Coffee Beans,cocktail_ingredient,3.031,False
2026-01-14,K001,Carlsberg 50L,draught_beer,4.916,False
2026-01-14,K002,Tuborg 50L,draught_beer,3.373,False
2026-01-14,K003,Carlsberg 30L,draught_beer,6.52,False
2026-01-14,K004,Malka 30L,draught_beer,5.292,False
2026-01-14,K005,Weihenstephan 30L,draught_beer,5.106,False
2026-01-15,P001,Carlsberg,beer,67.4,False
2026-01-15,P002,Heineken,beer,50.6,False
2026-01-15,P003,Corona,beer,51.2,False
2026-01-15,P004,Guinness,beer,41.6,False
2026-01-15,P005,Goldstar,beer,38.6,False
2026-01-15,P006,Maccabee,beer,38.0,False
2026-01-15,P007,Stella Artois,beer,25.4,False
2026-01-15,P008,Erdinger,beer,37.2,False
2026-01-15,P009,Bombay Sapphire,gin,12.48,False
2026-01-15,P010,Tanqueray,gin,10.259,False
2026-01-15,P011,Hendrick's,gin,4.671,False
2026-01-15,P012,Beefeater,gin,7.175,False
2026-01-15,P013,Gordon's,gin,14.091,False
2026-01-15,P014,Absolut,vodka,10.323,False
2026-01-15,P015,Finlandia,vodka,7.603,False
2026-01-15,P016,Grey Goose,vodka,13.424,False
2026-01-15,P017,Belvedere,vodka,7.946,False
2026-01-15,P018,Stolichnaya,vodka,7.346,False
2026-01-15,P019,Jameson,whiskey,15.703,False
2026-01-15,P020,Jack Daniel's,whiskey,9.562,False
2026-01-15,P021,Johnnie Walker Black,whiskey,11.623,False
2026-01-15,P022,Chivas Regal,whiskey,9.574,False
2026-01-15,P023,Maker's Mark,whiskey,8.117,False
2026-01-15,P024,Glenfiddich 12,whiskey,8.289,False
2026-01-15,P025,Bacardi Carta Blanca,rum,15.471,False
2026-01-15,P026,Havana Club 3,rum,9.659,False
2026-01-15,P027,Captain Morgan,rum,8.974,False
2026-01-15,P028,Diplomatico Reserva,rum,5.116,False
2026-01-15,P029,Jose Cuervo,tequila,11.824,False
2026-01-15,P030,Olmeca Blanco,tequila,8.289,False
2026-01-15,P031,Patron Silver,tequila,14.745,False
2026-01-15,P032,Don Julio Blanco,tequila,7.089,False
2026-01-15,P033,Aperol,aperitif,13.029,False
2026-01-15,P034,Campari,aperitif,6.729,False
2026-01-15,P035,Cointreau,liqueur,8.317,False
2026-01-15,P036,Kahlua,liqueur,5.835,False
2026-01-15,P037,Martini Rosso,vermouth,12.06,False
2026-01-15,P038,House Red Wine,wine,18.35,False
2026-01-15,P039,House White Wine,wine,14.144,False
2026-01-15,P040,Rose Wine,wine,7.0,False
2026-01-15,P041,Prosecco,wine,25.936,False
2026-01-15,P042,Chardonnay,wine,12.84,False
2026-01-15,P043,Coca-Cola,soft_drink,90.4,False
2026-01-15,P044,Coca-Cola Zero,soft_drink,70.6,False
2026-01-15,P045,Sprite,soft_drink,54.2,False
2026-01-15,P046,Tonic Water,soft_drink,59.52,False
2026-01-15,P047,Soda Water,soft_drink,54.04,False
2026-01-15,P048,Red Bull,soft_drink,50.8,False
2026-01-15,P049,Ginger Beer,soft_drink,18.2,False
2026-01-15,P050,Orange Juice,juice,4.0,False
2026-01-15,P051,Cranberry Juice,juice,4.0,False
2026-01-15,P052,Lime Juice,juice,4.973,False
2026-01-15,P053,Lemon Juice,juice,4.1,False
2026-01-15,P054,Sugar Syrup,cocktail_ingredient,6.647,False
2026-01-15,P055,Fresh Mint,cocktail_ingredient,8.164,False
2026-01-15,P056,Coffee Beans,cocktail_ingredient,2.923,False
2026-01-15,K001,Carlsberg 50L,draught_beer,4.344,False
2026-01-15,K002,Tuborg 50L,draught_beer,2.777,False
2026-01-15,K003,Carlsberg 30L,draught_beer,5.728,False
2026-01-15,K004,Malka 30L,draught_beer,4.795,False
2026-01-15,K005,Weihenstephan 30L,draught_beer,4.73,False
2026-01-16,P001,Carlsberg,beer,54.4,False
2026-01-16,P002,Heineken,beer,41.6,False
2026-01-16,P003,Corona,beer,40.2,False
2026-01-16,P004,Guinness,beer,35.6,False
2026-01-16,P005,Goldstar,beer,25.6,False
2026-01-16,P006,Maccabee,beer,32.0,False
2026-01-16,P007,Stella Artois,beer,18.4,False
2026-01-16,P008,Erdinger,beer,33.2,False
2026-01-16,P009,Bombay Sapphire,gin,12.137,False
2026-01-16,P010,Tanqueray,gin,9.917,False
2026-01-16,P011,Hendrick's,gin,3.857,False
2026-01-16,P012,Beefeater,gin,7.003,False
2026-01-16,P013,Gordon's,gin,12.452,False
2026-01-16,P014,Absolut,vodka,20.794,False
2026-01-16,P015,Finlandia,vodka,7.431,False
2026-01-16,P016,Grey Goose,vodka,12.995,False
2026-01-16,P017,Belvedere,vodka,7.775,False
2026-01-16,P018,Stolichnaya,vodka,7.175,False
2026-01-16,P019,Jameson,whiskey,15.103,False
2026-01-16,P020,Jack Daniel's,whiskey,8.79,False
2026-01-16,P021,Johnnie Walker Black,whiskey,11.194,False
2026-01-16,P022,Chivas Regal,whiskey,9.231,False
2026-01-16,P023,Maker's Mark,whiskey,7.946,False
2026-01-16,P024,Glenfiddich 12,whiskey,8.117,False
2026-01-16,P025,Bacardi Carta Blanca,rum,12.456,False
2026-01-16,P026,Havana Club 3,rum,9.402,False
2026-01-16,P027,Captain Morgan,rum,8.545,False
2026-01-16,P028,Diplomatico Reserva,rum,5.03,False
2026-01-16,P029,Jose Cuervo,tequila,11.353,False
2026-01-16,P030,Olmeca Blanco,tequila,8.031,False
2026-01-16,P031,Patron Silver,tequila,13.359,False
2026-01-16,P032,Don Julio Blanco,tequila,6.832,False
2026-01-16,P033,Aperol,aperitif,22.629,False
2026-01-16,P034,Campari,aperitif,6.0,False
2026-01-16,P035,Cointreau,liqueur,7.617,False
2026-01-16,P036,Kahlua,liqueur,5.263,False
2026-01-16,P037,Martini Rosso,vermouth,11.503,False
2026-01-16,P038,House Red Wine,wine,16.642,False
2026-01-16,P039,House White Wine,wine,24.436,False
2026-01-16,P040,Rose Wine,wine,5.6,False
2026-01-16,P041,Prosecco,wine,22.136,False
2026-01-16,P042,Chardonnay,wine,12.24,False
2026-01-16,P043,Coca-Cola,soft_drink,71.8,False
2026-01-16,P044,Coca-Cola Zero,soft_drink,60.6,False
2026-01-16,P045,Sprite,soft_drink,44.2,False
2026-01-16,P046,Tonic Water,soft_drink,49.22,False
2026-01-16,P047,Soda Water,soft_drink,44.18,False
2026-01-16,P048,Red Bull,soft_drink,42.8,False
2026-01-16,P049,Ginger Beer,soft_drink,38.2,False
2026-01-16,P050,Orange Juice,juice,4.0,False
2026-01-16,P051,Cranberry Juice,juice,4.0,False
2026-01-16,P052,Lime Juice,juice,9.763,False
2026-01-16,P053,Lemon Juice,juice,3.95,False
2026-01-16,P054,Sugar Syrup,cocktail_ingredient,6.087,False
2026-01-16,P055,Fresh Mint,cocktail_ingredient,7.912,False
2026-01-16,P056,Coffee Beans,cocktail_ingredient,2.797,False
2026-01-16,K001,Carlsberg 50L,draught_beer,3.748,False
2026-01-16,K002,Tuborg 50L,draught_beer,3.262,False
2026-01-16,K003,Carlsberg 30L,draught_beer,4.99,False
2026-01-16,K004,Malka 30L,draught_beer,4.178,False
2026-01-16,K005,Weihenstephan 30L,draught_beer,4.367,False
2026-01-17,P001,Carlsberg,beer,68.4,False
2026-01-17,P002,Heineken,beer,59.6,False
2026-01-17,P003,Corona,beer,56.2,False
2026-01-17,P004,Guinness,beer,32.6,False
2026-01-17,P005,Goldstar,beer,63.6,False
2026-01-17,P006,Maccabee,beer,51.0,False
2026-01-17,P007,Stella Artois,beer,60.4,False
2026-01-17,P008,Erdinger,beer,31.2,False
2026-01-17,P009,Bombay Sapphire,gin,11.88,False
2026-01-17,P010,Tanqueray,gin,9.659,False
2026-01-17,P011,Hendrick's,gin,15.214,False
2026-01-17,P012,Beefeater,gin,6.832,False
2026-01-17,P013,Gordon's,gin,10.701,False
2026-01-17,P014,Absolut,vodka,19.301,False
2026-01-17,P015,Finlandia,vodka,7.26,False
2026-01-17,P016,Grey Goose,vodka,12.652,False
2026-01-17,P017,Belvedere,vodka,7.518,False
2026-01-17,P018,Stolichnaya,vodka,7.003,False
2026-01-17,P019,Jameson,whiskey,14.075,False
2026-01-17,P020,Jack Daniel's,whiskey,8.276,False
2026-01-17,P021,Johnnie Walker Black,whiskey,10.68,False
2026-01-17,P022,Chivas Regal,whiskey,8.888,False
2026-01-17,P023,Maker's Mark,whiskey,7.775,False
2026-01-17,P024,Glenfiddich 12,whiskey,7.946,False
2026-01-17,P025,Bacardi Carta Blanca,rum,10.199,False
2026-01-17,P026,Havana Club 3,rum,9.145,False
2026-01-17,P027,Captain Morgan,rum,8.288,False
2026-01-17,P028,Diplomatico Reserva,rum,4.945,False
2026-01-17,P029,Jose Cuervo,tequila,10.961,False
2026-01-17,P030,Olmeca Blanco,tequila,7.86,False
2026-01-17,P031,Patron Silver,tequila,11.888,False
2026-01-17,P032,Don Julio Blanco,tequila,6.66,False
2026-01-17,P033,Aperol,aperitif,20.229,False
2026-01-17,P034,Campari,aperitif,5.358,False
2026-01-17,P035,Cointreau,liqueur,6.896,False
2026-01-17,P036,Kahlua,liqueur,4.72,False
2026-01-17,P037,Martini Rosso,vermouth,11.032,False
2026-01-17,P038,House Red Wine,wine,14.934,False
2026-01-17,P039,House White Wine,wine,21.508,False
2026-01-17,P040,Rose Wine,wine,4.6,False
2026-01-17,P041,Prosecco,wine,18.336,False
2026-01-17,P042,Chardonnay,wine,11.44,False
2026-01-17,P043,Coca-Cola,soft_drink,53.1,False
2026-01-17,P044,Coca-Cola Zero,soft_drink,49.6,False
2026-01-17,P045,Sprite,soft_drink,38.2,False
2026-01-17,P046,Tonic Water,soft_drink,39.62,False
2026-01-17,P047,Soda Water,soft_drink,35.4,False
2026-01-17,P048,Red Bull,soft_drink,34.8,False
2026-01-17,P049,Ginger Beer,soft_drink,35.2,False
2026-01-17,P050,Orange Juice,juice,4.0,False
2026-01-17,P051,Cranberry Juice,juice,4.0,False
2026-01-17,P052,Lime Juice,juice,8.778,False
2026-01-17,P053,Lemon Juice,juice,3.775,False
2026-01-17,P054,Sugar Syrup,cocktail_ingredient,5.672,False
2026-01-17,P055,Fresh Mint,cocktail_ingredient,7.741,False
2026-01-17,P056,Coffee Beans,cocktail_ingredient,2.68,False
2026-01-17,K001,Carlsberg 50L,draught_beer,3.217,False
2026-01-17,K002,Tuborg 50L,draught_beer,4.899,False
2026-01-17,K003,Carlsberg 30L,draught_beer,6.011,False
2026-01-17,K004,Malka 30L,draught_beer,5.628,False
2026-01-17,K005,Weihenstephan 30L,draught_beer,4.978,False
2026-01-18,P001,Carlsberg,beer,59.4,False
2026-01-18,P002,Heineken,beer,56.6,False
2026-01-18,P003,Corona,beer,54.2,False
2026-01-18,P004,Guinness,beer,30.6,False
2026-01-18,P005,Goldstar,beer,54.6,False
2026-01-18,P006,Maccabee,beer,48.0,False
2026-01-18,P007,Stella Artois,beer,57.4,False
2026-01-18,P008,Erdinger,beer,30.2,False
2026-01-18,P009,Bombay Sapphire,gin,11.623,False
2026-01-18,P010,Tanqueray,gin,9.488,False
2026-01-18,P011,Hendrick's,gin,15.0,False
2026-01-18,P012,Beefeater,gin,6.746,False
2026-01-18,P013,Gordon's,gin,9.716,False
2026-01-18,P014,Absolut,vodka,18.665,False
2026-01-18,P015,Finlandia,vodka,7.174,False
2026-01-18,P016,Grey Goose,vodka,12.567,False
2026-01-18,P017,Belvedere,vodka,7.518,False
2026-01-18,P018,Stolichnaya,vodka,7.003,False
2026-01-18,P019,Jameson,whiskey,13.817,False
2026-01-18,P020,Jack Daniel's,whiskey,8.019,False
2026-01-18,P021,Johnnie Walker Black,whiskey,10.423,False
2026-01-18,P022,Chivas Regal,whiskey,8.802,False
2026-01-18,P023,Maker's Mark,whiskey,7.689,False
2026-01-18,P024,Glenfiddich 12,whiskey,7.86,False
2026-01-18,P025,Bacardi Carta Blanca,rum,9.214,False
2026-01-18,P026,Havana Club 3,rum,8.974,False
2026-01-18,P027,Captain Morgan,rum,8.117,False
2026-01-18,P028,Diplomatico Reserva,rum,4.859,False
2026-01-18,P029,Jose Cuervo,tequila,10.674,False
2026-01-18,P030,Olmeca Blanco,tequila,7.774,False
2026-01-18,P031,Patron Silver,tequila,11.288,False
2026-01-18,P032,Don Julio Blanco,tequila,6.575,False
2026-01-18,P033,Aperol,aperitif,18.772,False
2026-01-18,P034,Campari,aperitif,5.143,False
2026-01-18,P035,Cointreau,liqueur,6.575,False
2026-01-18,P036,Kahlua,liqueur,4.52,False
2026-01-18,P037,Martini Rosso,vermouth,10.989,False
2026-01-18,P038,House Red Wine,wine,14.446,False
2026-01-18,P039,House White Wine,wine,21.02,False
2026-01-18,P040,Rose Wine,wine,4.0,False
2026-01-18,P041,Prosecco,wine,15.816,False
2026-01-18,P042,Chardonnay,wine,11.24,False
2026-01-18,P043,Coca-Cola,soft_drink,48.8,False
2026-01-18,P044,Coca-Cola Zero,soft_drink,42.6,False
2026-01-18,P045,Sprite,soft_drink,35.2,False
2026-01-18,P046,Tonic Water,soft_drink,34.22,False
2026-01-18,P047,Soda Water,soft_drink,29.48,False
2026-01-18,P048,Red Bull,soft_drink,28.8,False
2026-01-18,P049,Ginger Beer,soft_drink,34.2,False
2026-01-18,P050,Orange Juice,juice,4.0,False
2026-01-18,P051,Cranberry Juice,juice,4.0,False
2026-01-18,P052,Lime Juice,juice,8.398,False
2026-01-18,P053,Lemon Juice,juice,3.7,False
2026-01-18,P054,Sugar Syrup,cocktail_ingredient,5.512,False
2026-01-18,P055,Fresh Mint,cocktail_ingredient,7.669,False
2026-01-18,P056,Coffee Beans,cocktail_ingredient,2.644,False
2026-01-18,K001,Carlsberg 50L,draught_beer,3.007,False
2026-01-18,K002,Tuborg 50L,draught_beer,4.787,False
2026-01-18,K003,Carlsberg 30L,draught_beer,5.474,False
2026-01-18,K004,Malka 30L,draught_beer,5.319,False
2026-01-18,K005,Weihenstephan 30L,draught_beer,4.817,False
2026-01-19,P001,Carlsberg,beer,52.4,False
2026-01-19,P002,Heineken,beer,53.6,False
2026-01-19,P003,Corona,beer,50.2,False
2026-01-19,P004,Guinness,beer,28.6,False
2026-01-19,P005,Goldstar,beer,50.6,False
2026-01-19,P006,Maccabee,beer,44.0,False
2026-01-19,P007,Stella Artois,beer,54.4,False
2026-01-19,P008,Erdinger,beer,30.2,False
2026-01-19,P009,Bombay Sapphire,gin,11.366,False
2026-01-19,P010,Tanqueray,gin,9.402,False
2026-01-19,P011,Hendrick's,gin,14.785,False
2026-01-19,P012,Beefeater,gin,6.66,False
2026-01-19,P013,Gordon's,gin,9.167,False
2026-01-19,P014,Absolut,vodka,18.23,False
2026-01-19,P015,Finlandia,vodka,7.089,False
2026-01-19,P016,Grey Goose,vodka,12.395,False
2026-01-19,P017,Belvedere,vodka,7.518,False
2026-01-19,P018,Stolichnaya,vodka,6.917,False
2026-01-19,P019,Jameson,whiskey,13.56,False
2026-01-19,P020,Jack Daniel's,whiskey,7.848,False
2026-01-19,P021,Johnnie Walker Black,whiskey,10.337,False
2026-01-19,P022,Chivas Regal,whiskey,8.802,False
2026-01-19,P023,Maker's Mark,whiskey,7.603,False
2026-01-19,P024,Glenfiddich 12,whiskey,7.86,False
2026-01-19,P025,Bacardi Carta Blanca,rum,8.473,False
2026-01-19,P026,Havana Club 3,rum,8.888,False
2026-01-19,P027,Captain Morgan,rum,8.031,False
2026-01-19,P028,Diplomatico Reserva,rum,4.773,False
2026-01-19,P029,Jose Cuervo,tequila,10.491,False
2026-01-19,P030,Olmeca Blanco,tequila,7.689,False
2026-01-19,P031,Patron Silver,tequila,10.916,False
2026-01-19,P032,Don Julio Blanco,tequila,6.575,False
2026-01-19,P033,Aperol,aperitif,17.4,False
2026-01-19,P034,Campari,aperitif,4.929,False
2026-01-19,P035,Cointreau,liqueur,6.396,False
2026-01-19,P036,Kahlua,liqueur,4.378,False
2026-01-19,P037,Martini Rosso,vermouth,10.775,False
2026-01-19,P038,House Red Wine,wine,13.714,False
2026-01-19,P039,House White Wine,wine,20.044,False
2026-01-19,P040,Rose Wine,wine,15.6,False
2026-01-19,P041,Prosecco,wine,13.816,False
2026-01-19,P042,Chardonnay,wine,11.24,False
2026-01-19,P043,Coca-Cola,soft_drink,91.5,False
2026-01-19,P044,Coca-Cola Zero,soft_drink,66.6,False
2026-01-19,P045,Sprite,soft_drink,56.2,False
2026-01-19,P046,Tonic Water,soft_drink,78.32,False
2026-01-19,P047,Soda Water,soft_drink,74.1,False
2026-01-19,P048,Red Bull,soft_drink,48.8,False
2026-01-19,P049,Ginger Beer,soft_drink,33.2,False
2026-01-19,P050,Orange Juice,juice,4.0,False
2026-01-19,P051,Cranberry Juice,juice,4.0,False
2026-01-19,P052,Lime Juice,juice,8.178,False
2026-01-19,P053,Lemon Juice,juice,3.625,False
2026-01-19,P054,Sugar Syrup,cocktail_ingredient,5.432,False
2026-01-19,P055,Fresh Mint,cocktail_ingredient,7.633,False
2026-01-19,P056,Coffee Beans,cocktail_ingredient,2.626,False
2026-01-19,K001,Carlsberg 50L,draught_beer,4.838,False
2026-01-19,K002,Tuborg 50L,draught_beer,4.626,False
2026-01-19,K003,Carlsberg 30L,draught_beer,5.165,False
2026-01-19,K004,Malka 30L,draught_beer,5.319,False
2026-01-19,K005,Weihenstephan 30L,draught_beer,4.482,False
2026-01-20,P001,Carlsberg,beer,48.4,False
2026-01-20,P002,Heineken,beer,49.6,False
2026-01-20,P003,Corona,beer,46.2,False
2026-01-20,P004,Guinness,beer,27.6,False
2026-01-20,P005,Goldstar,beer,43.6,False
2026-01-20,P006,Maccabee,beer,42.0,False
2026-01-20,P007,Stella Artois,beer,51.4,False
2026-01-20,P008,Erdinger,beer,28.2,False
2026-01-20,P009,Bombay Sapphire,gin,11.366,False
2026-01-20,P010,Tanqueray,gin,9.317,False
2026-01-20,P011,Hendrick's,gin,14.614,False
2026-01-20,P012,Beefeater,gin,6.575,False
2026-01-20,P013,Gordon's,gin,20.426,False
2026-01-20,P014,Absolut,vodka,17.565,False
2026-01-20,P015,Finlandia,vodka,7.003,False
2026-01-20,P016,Grey Goose,vodka,12.224,False
2026-01-20,P017,Belvedere,vodka,7.432,False
2026-01-20,P018,Stolichnaya,vodka,6.832,False
2026-01-20,P019,Jameson,whiskey,13.475,False
2026-01-20,P020,Jack Daniel's,whiskey,7.59,False
2026-01-20,P021,Johnnie Walker Black,whiskey,10.251,False
2026-01-20,P022,Chivas Regal,whiskey,8.631,False
2026-01-20,P023,Maker's Mark,whiskey,7.518,False
2026-01-20,P024,Glenfiddich 12,whiskey,7.775,False
2026-01-20,P025,Bacardi Carta Blanca,rum,18.983,False
2026-01-20,P026,Havana Club 3,rum,8.802,False
2026-01-20,P027,Captain Morgan,rum,7.86,False
2026-01-20,P028,Diplomatico Reserva,rum,4.773,False
2026-01-20,P029,Jose Cuervo,tequila,10.098,False
2026-01-20,P030,Olmeca Blanco,tequila,7.603,False
2026-01-20,P031,Patron Silver,tequila,10.402,False
2026-01-20,P032,Don Julio Blanco,tequila,6.489,False
2026-01-20,P033,Aperol,aperitif,16.286,False
2026-01-20,P034,Campari,aperitif,16.758,False
2026-01-20,P035,Cointreau,liqueur,6.16,False
2026-01-20,P036,Kahlua,liqueur,4.035,False
2026-01-20,P037,Martini Rosso,vermouth,10.603,False
2026-01-20,P038,House Red Wine,wine,25.47,False
2026-01-20,P039,House White Wine,wine,19.068,False
2026-01-20,P040,Rose Wine,wine,15.2,False
2026-01-20,P041,Prosecco,wine,23.896,False
2026-01-20,P042,Chardonnay,wine,11.04,False
2026-01-20,P043,Coca-Cola,soft_drink,83.2,False
2026-01-20,P044,Coca-Cola Zero,soft_drink,62.6,False
2026-01-20,P045,Sprite,soft_drink,52.2,False
2026-01-20,P046,Tonic Water,soft_drink,75.12,False
2026-01-20,P047,Soda Water,soft_drink,69.64,False
2026-01-20,P048,Red Bull,soft_drink,46.8,False
2026-01-20,P049,Ginger Beer,soft_drink,32.2,False
2026-01-20,P050,Orange Juice,juice,4.0,False
2026-01-20,P051,Cranberry Juice,juice,4.0,False
2026-01-20,P052,Lime Juice,juice,7.623,False
2026-01-20,P053,Lemon Juice,juice,3.55,False
2026-01-20,P054,Sugar Syrup,cocktail_ingredient,5.117,False
2026-01-20,P055,Fresh Mint,cocktail_ingredient,7.498,False
2026-01-20,P056,Coffee Beans,cocktail_ingredient,2.545,False
2026-01-20,K001,Carlsberg 50L,draught_beer,4.734,False
2026-01-20,K002,Tuborg 50L,draught_beer,4.449,False
2026-01-20,K003,Carlsberg 30L,draught_beer,5.004,False
2026-01-20,K004,Malka 30L,draught_beer,5.104,False
2026-01-20,K005,Weihenstephan 30L,draught_beer,4.254,False
2026-01-21,P001,Carlsberg,beer,66.4,False
2026-01-21,P002,Heineken,beer,66.6,False
2026-01-21,P003,Corona,beer,63.2,False
2026-01-21,P004,Guinness,beer,49.6,False
2026-01-21,P005,Goldstar,beer,63.6,False
2026-01-21,P006,Maccabee,beer,39.0,False
2026-01-21,P007,Stella Artois,beer,48.4,False
2026-01-21,P008,Erdinger,beer,26.2,False
2026-01-21,P009,Bombay Sapphire,gin,11.28,False
2026-01-21,P010,Tanqueray,gin,9.231,False
2026-01-21,P011,Hendrick's,gin,14.357,False
2026-01-21,P012,Beefeater,gin,6.489,False
2026-01-21,P013,Gordon's,gin,19.415,False
2026-01-21,P014,Absolut,vodka,16.908,False
2026-01-21,P015,Finlandia,vodka,7.003,False
2026-01-21,P016,Grey Goose,vodka,12.053,False
2026-01-21,P017,Belvedere,vodka,7.346,False
2026-01-21,P018,Stolichnaya,vodka,6.746,False
2026-01-21,P019,Jameson,whiskey,13.217,False
2026-01-21,P020,Jack Daniel's,whiskey,7.247,False
2026-01-21,P021,Johnnie Walker Black,whiskey,10.08,False
2026-01-21,P022,Chivas Regal,whiskey,8.545,False
2026-01-21,P023,Maker's Mark,whiskey,7.432,False
2026-01-21,P024,Glenfiddich 12,whiskey,7.689,False
2026-01-21,P025,Bacardi Carta Blanca,rum,17.972,False
2026-01-21,P026,Havana Club 3,rum,8.631,False
2026-01-21,P027,Captain Morgan,rum,7.688,False
2026-01-21,P028,Diplomatico Reserva,rum,4.773,False
2026-01-21,P029,Jose Cuervo,tequila,9.785,False
2026-01-21,P030,Olmeca Blanco,tequila,7.517,False
2026-01-21,P031,Patron Silver,tequila,9.959,False
2026-01-21,P032,Don Julio Blanco,tequila,6.317,False
2026-01-21,P033,Aperol,aperitif,15.172,False
2026-01-21,P034,Campari,aperitif,16.415,False
2026-01-21,P035,Cointreau,liqueur,5.932,False
2026-01-21,P036,Kahlua,liqueur,3.749,False
2026-01-21,P037,Martini Rosso,vermouth,10.432,False
2026-01-21,P038,House Red Wine,wine,24.494,False
2026-01-21,P039,House White Wine,wine,17.604,False
2026-01-21,P040,Rose Wine,wine,14.2,False
2026-01-21,P041,Prosecco,wine,21.656,False
2026-01-21,P042,Chardonnay,wine,10.84,False
2026-01-21,P043,Coca-Cola,soft_drink,77.8,False
2026-01-21,P044,Coca-Cola Zero,soft_drink,57.6,False
2026-01-21,P045,Sprite,soft_drink,48.2,False
2026-01-21,P046,Tonic Water,soft_drink,68.72,False
2026-01-21,P047,Soda Water,soft_drink,66.96,False
2026-01-21,P048,Red Bull,soft_drink,43.8,False
2026-01-21,P049,Ginger Beer,soft_drink,30.2,False
2026-01-21,P050,Orange Juice,juice,4.0,False
2026-01-21,P051,Cranberry Juice,juice,4.0,False
2026-01-21,P052,Lime Juice,juice,7.273,False
2026-01-21,P053,Lemon Juice,juice,3.45,False
2026-01-21,P054,Sugar Syrup,cocktail_ingredient,4.927,False
2026-01-21,P055,Fresh Mint,cocktail_ingredient,7.426,False
2026-01-21,P056,Coffee Beans,cocktail_ingredient,2.482,False
2026-01-21,K001,Carlsberg 50L,draught_beer,5.613,False
2026-01-21,K002,Tuborg 50L,draught_beer,4.263,False
2026-01-21,K003,Carlsberg 30L,draught_beer,6.83,False
2026-01-21,K004,Malka 30L,draught_beer,4.957,False
2026-01-21,K005,Weihenstephan 30L,draught_beer,5.093,False
2026-01-22,P001,Carlsberg,beer,51.4,False
2026-01-22,P002,Heineken,beer,56.6,False
2026-01-22,P003,Corona,beer,53.2,False
2026-01-22,P004,Guinness,beer,45.6,False
2026-01-22,P005,Goldstar,beer,52.6,False
2026-01-22,P006,Maccabee,beer,33.0,False
2026-01-22,P007,Stella Artois,beer,40.4,False
2026-01-22,P008,Erdinger,beer,21.2,False
2026-01-22,P009,Bombay Sapphire,gin,11.023,False
2026-01-22,P010,Tanqueray,gin,8.888,False
2026-01-22,P011,Hendrick's,gin,13.628,False
2026-01-22,P012,Beefeater,gin,6.317,False
2026-01-22,P013,Gordon's,gin,17.123,False
2026-01-22,P014,Absolut,vodka,14.958,False
2026-01-22,P015,Finlandia,vodka,6.832,False
2026-01-22,P016,Grey Goose,vodka,11.538,False
2026-01-22,P017,Belvedere,vodka,7.089,False
2026-01-22,P018,Stolichnaya,vodka,6.575,False
2026-01-22,P019,Jameson,whiskey,12.275,False
2026-01-22,P020,Jack Daniel's,whiskey,6.476,False
2026-01-22,P021,Johnnie Walker Black,whiskey,9.651,False
2026-01-22,P022,Chivas Regal,whiskey,8.202,False
2026-01-22,P023,Maker's Mark,whiskey,7.26,False
2026-01-22,P024,Glenfiddich 12,whiskey,7.432,False
2026-01-22,P025,Bacardi Carta Blanca,rum,15.07,False
2026-01-22,P026,Havana Club 3,rum,8.374,False
2026-01-22,P027,Captain Morgan,rum,7.345,False
2026-01-22,P028,Diplomatico Reserva,rum,4.688,False
2026-01-22,P029,Jose Cuervo,tequila,9.183,False
2026-01-22,P030,Olmeca Blanco,tequila,7.26,False
2026-01-22,P031,Patron Silver,tequila,7.959,False
2026-01-22,P032,Don Julio Blanco,tequila,6.06,False
2026-01-22,P033,Aperol,aperitif,12.514,False
2026-01-22,P034,Campari,aperitif,15.686,False
2026-01-22,P035,Cointreau,liqueur,5.067,False
2026-01-22,P036,Kahlua,liqueur,3.063,False
2026-01-22,P037,Martini Rosso,vermouth,9.875,False
2026-01-22,P038,House Red Wine,wine,22.298,False
2026-01-22,P039,House White Wine,wine,14.432,False
2026-01-22,P040,Rose Wine,wine,13.0,False
2026-01-22,P041,Prosecco,wine,17.216,False
2026-01-22,P042,Chardonnay,wine,10.04,False
2026-01-22,P043,Coca-Cola,soft_drink,89.1,False
2026-01-22,P044,Coca-Cola Zero,soft_drink,47.6,False
2026-01-22,P045,Sprite,soft_drink,38.2,False
2026-01-22,P046,Tonic Water,soft_drink,55.62,False
2026-01-22,P047,Soda Water,soft_drink,56.46,False
2026-01-22,P048,Red Bull,soft_drink,57.8,False
2026-01-22,P049,Ginger Beer,soft_drink,27.2,False
2026-01-22,P050,Orange Juice,juice,4.0,False
2026-01-22,P051,Cranberry Juice,juice,4.0,False
2026-01-22,P052,Lime Juice,juice,12.013,False
2026-01-22,P053,Lemon Juice,juice,3.275,False
2026-01-22,P054,Sugar Syrup,cocktail_ingredient,4.387,False
2026-01-22,P055,Fresh Mint,cocktail_ingredient,7.21,False
2026-01-22,P056,Coffee Beans,cocktail_ingredient,8.32,False
2026-01-22,K001,Carlsberg 50L,draught_beer,4.945,False
2026-01-22,K002,Tuborg 50L,draught_beer,3.635,False
2026-01-22,K003,Carlsberg 30L,draught_beer,5.716,False
2026-01-22,K004,Malka 30L,draught_beer,4.138,False
2026-01-22,K005,Weihenstephan 30L,draught_beer,4.636,False
2026-01-23,P001,Carlsberg,beer,43.4,False
2026-01-23,P002,Heineken,beer,46.6,False
2026-01-23,P003,Corona,beer,44.2,False
2026-01-23,P004,Guinness,beer,39.6,False
2026-01-23,P005,Goldstar,beer,38.6,False
2026-01-23,P006,Maccabee,beer,28.0,False
2026-01-23,P007,Stella Artois,beer,32.4,False
2026-01-23,P008,Erdinger,beer,18.2,False
2026-01-23,P009,Bombay Sapphire,gin,10.595,False
2026-01-23,P010,Tanqueray,gin,8.631,False
2026-01-23,P011,Hendrick's,gin,13.028,False
2026-01-23,P012,Beefeater,gin,6.146,False
2026-01-23,P013,Gordon's,gin,15.685,False
2026-01-23,P014,Absolut,vodka,13.623,False
2026-01-23,P015,Finlandia,vodka,6.66,False
2026-01-23,P016,Grey Goose,vodka,11.281,False
2026-01-23,P017,Belvedere,vodka,6.918,False
2026-01-23,P018,Stolichnaya,vodka,6.317,False
2026-01-23,P019,Jameson,whiskey,11.503,False
2026-01-23,P020,Jack Daniel's,whiskey,5.619,False
2026-01-23,P021,Johnnie Walker Black,whiskey,9.223,False
2026-01-23,P022,Chivas Regal,whiskey,7.945,False
2026-01-23,P023,Maker's Mark,whiskey,7.003,False
2026-01-23,P024,Glenfiddich 12,whiskey,7.26,False
2026-01-23,P025,Bacardi Carta Blanca,rum,24.517,False
2026-01-23,P026,Havana Club 3,rum,8.117,False
2026-01-23,P027,Captain Morgan,rum,7.002,False
2026-01-23,P028,Diplomatico Reserva,rum,4.602,False
2026-01-23,P029,Jose Cuervo,tequila,8.739,False
2026-01-23,P030,Olmeca Blanco,tequila,7.089,False
2026-01-23,P031,Patron Silver,tequila,18.902,False
2026-01-23,P032,Don Julio Blanco,tequila,5.889,False
2026-01-23,P033,Aperol,aperitif,21.943,False
2026-01-23,P034,Campari,aperitif,15.086,False
2026-01-23,P035,Cointreau,liqueur,4.589,False
2026-01-23,P036,Kahlua,liqueur,14.578,False
2026-01-23,P037,Martini Rosso,vermouth,9.446,False
2026-01-23,P038,House Red Wine,wine,20.59,False
2026-01-23,P039,House White Wine,wine,23.504,False
2026-01-23,P040,Rose Wine,wine,12.0,False
2026-01-23,P041,Prosecco,wine,25.176,False
2026-01-23,P042,Chardonnay,wine,9.44,False
2026-01-23,P043,Coca-Cola,soft_drink,74.6,False
2026-01-23,P044,Coca-Cola Zero,soft_drink,34.6,False
2026-01-23,P045,Sprite,soft_drink,54.2,False
2026-01-23,P046,Tonic Water,soft_drink,45.92,False
2026-01-23,P047,Soda Water,soft_drink,45.08,False
2026-01-23,P048,Red Bull,soft_drink,52.8,False
2026-01-23,P049,Ginger Beer,soft_drink,23.2,False
2026-01-23,P050,Orange Juice,juice,4.0,False
2026-01-23,P051,Cranberry Juice,juice,4.0,False
2026-01-23,P052,Lime Juice,juice,11.138,False
2026-01-23,P053,Lemon Juice,juice,3.15,False
2026-01-23,P054,Sugar Syrup,cocktail_ingredient,3.932,False
2026-01-23,P055,Fresh Mint,cocktail_ingredient,7.003,False
2026-01-23,P056,Coffee Beans,cocktail_ingredient,8.221,False
2026-01-23,K001,Carlsberg 50L,draught_beer,4.365,False
2026-01-23,K002,Tuborg 50L,draught_beer,3.378,False
2026-01-23,K003,Carlsberg 30L,draught_beer,4.736,False
2026-01-23,K004,Malka 30L,draught_beer,4.722,False
2026-01-23,K005,Weihenstephan 30L,draught_beer,4.046,False
2026-01-24,P001,Carlsberg,beer,84.4,False
2026-01-24,P002,Heineken,beer,59.6,False
2026-01-24,P003,Corona,beer,58.2,False
2026-01-24,P004,Guinness,beer,35.6,False
2026-01-24,P005,Goldstar,beer,51.6,False
2026-01-24,P006,Maccabee,beer,48.0,False
2026-01-24,P007,Stella Artois,beer,50.4,False
2026-01-24,P008,Erdinger,beer,38.2,False
2026-01-24,P009,Bombay Sapphire,gin,10.252,False
2026-01-24,P010,Tanqueray,gin,8.374,False
2026-01-24,P011,Hendrick's,gin,12.428,False
2026-01-24,P012,Beefeater,gin,5.975,False
2026-01-24,P013,Gordon's,gin,14.204,False
2026-01-24,P014,Absolut,vodka,12.037,False
2026-01-24,P015,Finlandia,vodka,6.489,False
2026-01-24,P016,Grey Goose,vodka,10.852,False
2026-01-24,P017,Belvedere,vodka,6.746,False
2026-01-24,P018,Stolichnaya,vodka,6.146,False
2026-01-24,P019,Jameson,whiskey,10.732,False
2026-01-24,P020,Jack Daniel's,whiskey,5.019,False
2026-01-24,P021,Johnnie Walker Black,whiskey,8.966,False
2026-01-24,P022,Chivas Regal,whiskey,7.774,False
2026-01-24,P023,Maker's Mark,whiskey,6.832,False
2026-01-24,P024,Glenfiddich 12,whiskey,7.089,False
2026-01-24,P025,Bacardi Carta Blanca,rum,22.373,False
2026-01-24,P026,Havana Club 3,rum,7.86,False
2026-01-24,P027,Captain Morgan,rum,6.831,False
2026-01-24,P028,Diplomatico Reserva,rum,4.516,False
2026-01-24,P029,Jose Cuervo,tequila,8.164,False
2026-01-24,P030,Olmeca Blanco,tequila,6.832,False
2026-01-24,P031,Patron Silver,tequila,17.931,False
2026-01-24,P032,Don Julio Blanco,tequila,5.718,False
2026-01-24,P033,Aperol,aperitif,19.629,False
2026-01-24,P034,Campari,aperitif,14.486,False
2026-01-24,P035,Cointreau,liqueur,4.089,False
2026-01-24,P036,Kahlua,liqueur,13.977,False
2026-01-24,P037,Martini Rosso,vermouth,9.018,False
2026-01-24,P038,House Red Wine,wine,17.906,False
2026-01-24,P039,House White Wine,wine,21.064,False
2026-01-24,P040,Rose Wine,wine,10.8,False
2026-01-24,P041,Prosecco,wine,21.296,False
2026-01-24,P042,Chardonnay,wine,8.84,False
2026-01-24,P043,Coca-Cola,soft_drink,54.0,False
2026-01-24,P044,Coca-Cola Zero,soft_drink,24.6,False
2026-01-24,P045,Sprite,soft_drink,47.2,False
2026-01-24,P046,Tonic Water,soft_drink,38.52,False
2026-01-24,P047,Soda Water,soft_drink,34.48,False
2026-01-24,P048,Red Bull,soft_drink,44.8,False
2026-01-24,P049,Ginger Beer,soft_drink,21.2,False
2026-01-24,P050,Orange Juice,juice,4.0,False
2026-01-24,P051,Cranberry Juice,juice,4.0,False
2026-01-24,P052,Lime Juice,juice,10.388,False
2026-01-24,P053,Lemon Juice,juice,3.0,False
2026-01-24,P054,Sugar Syrup,cocktail_ingredient,3.512,False
2026-01-24,P055,Fresh Mint,cocktail_ingredient,6.841,False
2026-01-24,P056,Coffee Beans,cocktail_ingredient,8.086,False
2026-01-24,K001,Carlsberg 50L,draught_beer,4.866,False
2026-01-24,K002,Tuborg 50L,draught_beer,4.096,False
2026-01-24,K003,Carlsberg 30L,draught_beer,5.984,False
2026-01-24,K004,Malka 30L,draught_beer,5.131,False
2026-01-24,K005,Weihenstephan 30L,draught_beer,4.67,False
2026-01-25,P001,Carlsberg,beer,80.4,False
2026-01-25,P002,Heineken,beer,55.6,False
2026-01-25,P003,Corona,beer,52.2,False
2026-01-25,P004,Guinness,beer,31.6,False
2026-01-25,P005,Goldstar,beer,46.6,False
2026-01-25,P006,Maccabee,beer,45.0,False
2026-01-25,P007,Stella Artois,beer,45.4,False
2026-01-25,P008,Erdinger,beer,36.2,False
2026-01-25,P009,Bombay Sapphire,gin,9.995,False
2026-01-25,P010,Tanqueray,gin,8.203,False
2026-01-25,P011,Hendrick's,gin,12.085,False
2026-01-25,P012,Beefeater,gin,5.803,False
2026-01-25,P013,Gordon's,gin,13.568,False
2026-01-25,P014,Absolut,vodka,10.901,False
2026-01-25,P015,Finlandia,vodka,6.403,False
2026-01-25,P016,Grey Goose,vodka,10.595,False
2026-01-25,P017,Belvedere,vodka,6.661,False
2026-01-25,P018,Stolichnaya,vodka,6.06,False
2026-01-25,P019,Jameson,whiskey,10.217,False
2026-01-25,P020,Jack Daniel's,whiskey,4.419,False
2026-01-25,P021,Johnnie Walker Black,whiskey,8.794,False
2026-01-25,P022,Chivas Regal,whiskey,7.602,False
2026-01-25,P023,Maker's Mark,whiskey,6.66,False
2026-01-25,P024,Glenfiddich 12,whiskey,7.003,False
2026-01-25,P025,Bacardi Carta Blanca,rum,20.988,False
2026-01-25,P026,Havana Club 3,rum,7.603,False
2026-01-25,P027,Captain Morgan,rum,6.66,False
2026-01-25,P028,Diplomatico Reserva,rum,4.431,False
2026-01-25,P029,Jose Cuervo,tequila,7.72,False
2026-01-25,P030,Olmeca Blanco,tequila,6.66,False
2026-01-25,P031,Patron Silver,tequila,17.174,False
2026-01-25,P032,Don Julio Blanco,tequila,5.632,False
2026-01-25,P033,Aperol,aperitif,17.915,False
2026-01-25,P034,Campari,aperitif,14.143,False
2026-01-25,P035,Cointreau,liqueur,3.696,False
2026-01-25,P036,Kahlua,liqueur,13.549,False
2026-01-25,P037,Martini Rosso,vermouth,8.761,False
2026-01-25,P038,House Red Wine,wine,16.686,False
2026-01-25,P039,House White Wine,wine,20.332,False
2026-01-25,P040,Rose Wine,wine,10.2,False
2026-01-25,P041,Prosecco,wine,18.336,False
2026-01-25,P042,Chardonnay,wine,8.24,False
2026-01-25,P043,Coca-Cola,soft_drink,46.5,False
2026-01-25,P044,Coca-Cola Zero,soft_drink,19.6,False
2026-01-25,P045,Sprite,soft_drink,42.2,False
2026-01-25,P046,Tonic Water,soft_drink,34.22,False
2026-01-25,P047,Soda Water,soft_drink,28.96,False
2026-01-25,P048,Red Bull,soft_drink,38.8,False
2026-01-25,P049,Ginger Beer,soft_drink,19.2,False
2026-01-25,P050,Orange Juice,juice,4.0,False
2026-01-25,P051,Cranberry Juice,juice,4.0,False
2026-01-25,P052,Lime Juice,juice,9.878,False
2026-01-25,P053,Lemon Juice,juice,2.875,False
2026-01-25,P054,Sugar Syrup,cocktail_ingredient,3.242,False
2026-01-25,P055,Fresh Mint,cocktail_ingredient,6.733,False
2026-01-25,P056,Coffee Beans,cocktail_ingredient,8.005,False
2026-01-25,K001,Carlsberg 50L,draught_beer,4.552,False
2026-01-25,K002,Tuborg 50L,draught_beer,3.943,False
2026-01-25,K003,Carlsberg 30L,draught_beer,5.434,False
2026-01-25,K004,Malka 30L,draught_beer,4.89,False
2026-01-25,K005,Weihenstephan 30L,draught_beer,4.308,False
2026-01-26,P001,Carlsberg,beer,71.4,False
2026-01-26,P002,Heineken,beer,50.6,False
2026-01-26,P003,Corona,beer,49.2,False
2026-01-26,P004,Guinness,beer,28.6,False
2026-01-26,P005,Goldstar,beer,42.6,False
2026-01-26,P006,Maccabee,beer,41.0,False
2026-01-26,P007,Stella Artois,beer,41.4,False
2026-01-26,P008,Erdinger,beer,35.2,False
2026-01-26,P009,Bombay Sapphire,gin,9.738,False
2026-01-26,P010,Tanqueray,gin,8.117,False
2026-01-26,P011,Hendrick's,gin,11.657,False
2026-01-26,P012,Beefeater,gin,5.632,False
2026-01-26,P013,Gordon's,gin,12.871,False
2026-01-26,P014,Absolut,vodka,10.03,False
2026-01-26,P015,Finlandia,vodka,6.317,False
2026-01-26,P016,Grey Goose,vodka,10.252,False
2026-01-26,P017,Belvedere,vodka,6.489,False
2026-01-26,P018,Stolichnaya,vodka,5.889,False
2026-01-26,P019,Jameson,whiskey,9.703,False
2026-01-26,P020,Jack Daniel's,whiskey,4.076,False
2026-01-26,P021,Johnnie Walker Black,whiskey,8.537,False
2026-01-26,P022,Chivas Regal,whiskey,7.516,False
2026-01-26,P023,Maker's Mark,whiskey,6.575,False
2026-01-26,P024,Glenfiddich 12,whiskey,6.832,False
2026-01-26,P025,Bacardi Carta Blanca,rum,19.297,False
2026-01-26,P026,Havana Club 3,rum,7.517,False
2026-01-26,P027,Captain Morgan,rum,6.488,False
2026-01-26,P028,Diplomatico Reserva,rum,4.345,False
2026-01-26,P029,Jose Cuervo,tequila,7.354,False
2026-01-26,P030,Olmeca Blanco,tequila,6.575,False
2026-01-26,P031,Patron Silver,tequila,16.574,False
2026-01-26,P032,Don Julio Blanco,tequila,5.546,False
2026-01-26,P033,Aperol,aperitif,16.114,False
2026-01-26,P034,Campari,aperitif,13.715,False
2026-01-26,P035,Cointreau,liqueur,3.31,False
2026-01-26,P036,Kahlua,liqueur,13.263,False
2026-01-26,P037,Martini Rosso,vermouth,8.503,False
2026-01-26,P038,House Red Wine,wine,15.466,False
2026-01-26,P039,House White Wine,wine,18.136,False
2026-01-26,P040,Rose Wine,wine,9.4,False
2026-01-26,P041,Prosecco,wine,16.056,False
2026-01-26,P042,Chardonnay,wine,7.84,False
2026-01-26,P043,Coca-Cola,soft_drink,88.9,False
2026-01-26,P044,Coca-Cola Zero,soft_drink,59.6,False
2026-01-26,P045,Sprite,soft_drink,61.2,False
2026-01-26,P046,Tonic Water,soft_drink,75.72,False
2026-01-26,P047,Soda Water,soft_drink,72.14,False
2026-01-26,P048,Red Bull,soft_drink,58.8,False
2026-01-26,P049,Ginger Beer,soft_drink,41.2,False
2026-01-26,P050,Orange Juice,juice,4.0,False
2026-01-26,P051,Cranberry Juice,juice,4.0,False
2026-01-26,P052,Lime Juice,juice,9.348,False
2026-01-26,P053,Lemon Juice,juice,8.725,False
2026-01-26,P054,Sugar Syrup,cocktail_ingredient,8.962,False
2026-01-26,P055,Fresh Mint,cocktail_ingredient,6.607,False
2026-01-26,P056,Coffee Beans,cocktail_ingredient,7.942,False
2026-01-26,K001,Carlsberg 50L,draught_beer,4.093,False
2026-01-26,K002,Tuborg 50L,draught_beer,3.701,False
2026-01-26,K003,Carlsberg 30L,draught_beer,5.005,False
2026-01-26,K004,Malka 30L,draught_beer,4.34,False
2026-01-26,K005,Weihenstephan 30L,draught_beer,3.972,False
2026-01-27,P001,Carlsberg,beer,67.4,False
2026-01-27,P002,Heineken,beer,44.6,False
2026-01-27,P003,Corona,beer,44.2,False
2026-01-27,P004,Guinness,beer,26.6,False
2026-01-27,P005,Goldstar,beer,38.6,False
2026-01-27,P006,Maccabee,beer,38.0,False
2026-01-27,P007,Stella Artois,beer,39.4,False
2026-01-27,P008,Erdinger,beer,34.2,False
2026-01-27,P009,Bombay Sapphire,gin,9.652,False
2026-01-27,P010,Tanqueray,gin,8.031,False
2026-01-27,P011,Hendrick's,gin,11.271,False
2026-01-27,P012,Beefeater,gin,5.546,False
2026-01-27,P013,Gordon's,gin,11.938,False
2026-01-27,P014,Absolut,vodka,21.465,False
2026-01-27,P015,Finlandia,vodka,6.146,False
2026-01-27,P016,Grey Goose,vodka,10.081,False
2026-01-27,P017,Belvedere,vodka,6.404,False
2026-01-27,P018,Stolichnaya,vodka,5.803,False
2026-01-27,P019,Jameson,whiskey,9.275,False
2026-01-27,P020,Jack Daniel's,whiskey,15.819,False
2026-01-27,P021,Johnnie Walker Black,whiskey,8.451,False
2026-01-27,P022,Chivas Regal,whiskey,7.431,False
2026-01-27,P023,Maker's Mark,whiskey,6.489,False
2026-01-27,P024,Glenfiddich 12,whiskey,6.746,False
2026-01-27,P025,Bacardi Carta Blanca,rum,18.034,False
2026-01-27,P026,Havana Club 3,rum,7.431,False
2026-01-27,P027,Captain Morgan,rum,6.402,False
2026-01-27,P028,Diplomatico Reserva,rum,4.345,False
2026-01-27,P029,Jose Cuervo,tequila,7.327,False
2026-01-27,P030,Olmeca Blanco,tequila,6.403,False
2026-01-27,P031,Patron Silver,tequila,16.131,False
2026-01-27,P032,Don Julio Blanco,tequila,5.375,False
2026-01-27,P033,Aperol,aperitif,15.0,False
2026-01-27,P034,Campari,aperitif,13.415,False
2026-01-27,P035,Cointreau,liqueur,3.06,False
2026-01-27,P036,Kahlua,liqueur,13.035,False
2026-01-27,P037,Martini Rosso,vermouth,8.203,False
2026-01-27,P038,House Red Wine,wine,26.978,False
2026-01-27,P039,House White Wine,wine,17.16,False
2026-01-27,P040,Rose Wine,wine,8.8,False
2026-01-27,P041,Prosecco,wine,26.136,False
2026-01-27,P042,Chardonnay,wine,7.64,False
2026-01-27,P043,Coca-Cola,soft_drink,80.8,False
2026-01-27,P044,Coca-Cola Zero,soft_drink,54.6,False
2026-01-27,P045,Sprite,soft_drink,56.2,False
2026-01-27,P046,Tonic Water,soft_drink,68.32,False
2026-01-27,P047,Soda Water,soft_drink,66.92,False
2026-01-27,P048,Red Bull,soft_drink,53.8,False
2026-01-27,P049,Ginger Beer,soft_drink,40.2,False
2026-01-27,P050,Orange Juice,juice,4.0,False
2026-01-27,P051,Cranberry Juice,juice,4.0,False
2026-01-27,P052,Lime Juice,juice,8.873,False
2026-01-27,P053,Lemon Juice,juice,8.7,False
2026-01-27,P054,Sugar Syrup,cocktail_ingredient,8.717,False
2026-01-27,P055,Fresh Mint,cocktail_ingredient,6.49,False
2026-01-27,P056,Coffee Beans,cocktail_ingredient,7.897,False
2026-01-27,K001,Carlsberg 50L,draught_beer,3.843,False
2026-01-27,K002,Tuborg 50L,draught_beer,3.387,False
2026-01-27,K003,Carlsberg 30L,draught_beer,4.777,False
2026-01-27,K004,Malka 30L,draught_beer,4.045,False
2026-01-27,K005,Weihenstephan 30L,draught_beer,3.717,False
2026-01-28,P001,Carlsberg,beer,80.4,False
2026-01-28,P002,Heineken,beer,36.6,False
2026-01-28,P003,Corona,beer,61.2,False
2026-01-28,P004,Guinness,beer,48.6,False
2026-01-28,P005,Goldstar,beer,51.6,False
2026-01-28,P006,Maccabee,beer,33.0,False
2026-01-28,P007,Stella Artois,beer,57.4,False
2026-01-28,P008,Erdinger,beer,31.2,False
2026-01-28,P009,Bombay Sapphire,gin,9.395,False
2026-01-28,P010,Tanqueray,gin,7.774,False
2026-01-28,P011,Hendrick's,gin,10.885,False
2026-01-28,P012,Beefeater,gin,5.375,False
2026-01-28,P013,Gordon's,gin,10.3,False
2026-01-28,P014,Absolut,vodka,20.223,False
2026-01-28,P015,Finlandia,vodka,5.975,False
2026-01-28,P016,Grey Goose,vodka,9.652,False
2026-01-28,P017,Belvedere,vodka,6.232,False
2026-01-28,P018,Stolichnaya,vodka,5.546,False
2026-01-28,P019,Jameson,whiskey,8.418,False
2026-01-28,P020,Jack Daniel's,whiskey,15.133,False
2026-01-28,P021,Johnnie Walker Black,whiskey,8.194,False
2026-01-28,P022,Chivas Regal,whiskey,7.259,False
2026-01-28,P023,Maker's Mark,whiskey,6.403,False
2026-01-28,P024,Glenfiddich 12,whiskey,6.575,False
2026-01-28,P025,Bacardi Carta Blanca,rum,15.716,False
2026-01-28,P026,Havana Club 3,rum,7.26,False
2026-01-28,P027,Captain Morgan,rum,6.145,False
2026-01-28,P028,Diplomatico Reserva,rum,4.259,False
2026-01-28,P029,Jose Cuervo,tequila,6.857,False
2026-01-28,P030,Olmeca Blanco,tequila,6.317,False
2026-01-28,P031,Patron Silver,tequila,15.016,False
2026-01-28,P032,Don Julio Blanco,tequila,5.203,False
2026-01-28,P033,Aperol,aperitif,13.114,False
2026-01-28,P034,Campari,aperitif,12.857,False
2026-01-28,P035,Cointreau,liqueur,2.503,False
2026-01-28,P036,Kahlua,liqueur,12.52,False
2026-01-28,P037,Martini Rosso,vermouth,7.732,False
2026-01-28,P038,House Red Wine,wine,25.27,False
2026-01-28,P039,House White Wine,wine,15.696,False
2026-01-28,P040,Rose Wine,wine,7.8,False
2026-01-28,P041,Prosecco,wine,23.016,False
2026-01-28,P042,Chardonnay,wine,7.24,False
2026-01-28,P043,Coca-Cola,soft_drink,68.2,False
2026-01-28,P044,Coca-Cola Zero,soft_drink,48.6,False
2026-01-28,P045,Sprite,soft_drink,50.2,False
2026-01-28,P046,Tonic Water,soft_drink,60.02,False
2026-01-28,P047,Soda Water,soft_drink,59.26,False
2026-01-28,P048,Red Bull,soft_drink,45.8,False
2026-01-28,P049,Ginger Beer,soft_drink,37.2,False
2026-01-28,P050,Orange Juice,juice,4.0,False
2026-01-28,P051,Cranberry Juice,juice,4.0,False
2026-01-28,P052,Lime Juice,juice,8.013,False
2026-01-28,P053,Lemon Juice,juice,8.55,False
2026-01-28,P054,Sugar Syrup,cocktail_ingredient,8.297,False
2026-01-28,P055,Fresh Mint,cocktail_ingredient,6.31,False
2026-01-28,P056,Coffee Beans,cocktail_ingredient,7.789,False
2026-01-28,K001,Carlsberg 50L,draught_beer,5.376,False
2026-01-28,K002,Tuborg 50L,draught_beer,4.17,False
2026-01-28,K003,Carlsberg 30L,draught_beer,6.146,False
2026-01-28,K004,Malka 30L,draught_beer,5.32,False
2026-01-28,K005,Weihenstephan 30L,draught_beer,4.503,False
2026-01-29,P001,Carlsberg,beer,74.4,False
2026-01-29,P002,Heineken,beer,34.6,False
2026-01-29,P003,Corona,beer,53.2,False
2026-01-29,P004,Guinness,beer,45.6,False
2026-01-29,P005,Goldstar,beer,46.6,False
2026-01-29,P006,Maccabee,beer,29.0,False
2026-01-29,P007,Stella Artois,beer,54.4,False
2026-01-29,P008,Erdinger,beer,28.2,False
2026-01-29,P009,Bombay Sapphire,gin,9.052,False
2026-01-29,P010,Tanqueray,gin,7.603,False
2026-01-29,P011,Hendrick's,gin,10.585,False
2026-01-29,P012,Beefeater,gin,5.203,False
2026-01-29,P013,Gordon's,gin,8.819,False
2026-01-29,P014,Absolut,vodka,19.023,False
2026-01-29,P015,Finlandia,vodka,5.889,False
2026-01-29,P016,Grey Goose,vodka,9.395,False
2026-01-29,P017,Belvedere,vodka,6.146,False
2026-01-29,P018,Stolichnaya,vodka,5.46,False
2026-01-29,P019,Jameson,whiskey,7.817,False
2026-01-29,P020,Jack Daniel's,whiskey,15.133,False
2026-01-29,P021,Johnnie Walker Black,whiskey,7.937,False
2026-01-29,P022,Chivas Regal,whiskey,7.002,False
2026-01-29,P023,Maker's Mark,whiskey,6.232,False
2026-01-29,P024,Glenfiddich 12,whiskey,6.403,False
2026-01-29,P025,Bacardi Carta Blanca,rum,14.13,False
2026-01-29,P026,Havana Club 3,rum,7.003,False
2026-01-29,P027,Captain Morgan,rum,5.974,False
2026-01-29,P028,Diplomatico Reserva,rum,4.173,False
2026-01-29,P029,Jose Cuervo,tequila,6.543,False
2026-01-29,P030,Olmeca Blanco,tequila,6.146,False
2026-01-29,P031,Patron Silver,tequila,13.931,False
2026-01-29,P032,Don Julio Blanco,tequila,5.032,False
2026-01-29,P033,Aperol,aperitif,11.229,False
2026-01-29,P034,Campari,aperitif,12.557,False
2026-01-29,P035,Cointreau,liqueur,13.932,False
2026-01-29,P036,Kahlua,liqueur,12.092,False
2026-01-29,P037,Martini Rosso,vermouth,7.518,False
2026-01-29,P038,House Red Wine,wine,24.05,False
2026-01-29,P039,House White Wine,wine,12.524,False
2026-01-29,P040,Rose Wine,wine,6.8,False
2026-01-29,P041,Prosecco,wine,19.936,False
2026-01-29,P042,Chardonnay,wine,6.64,False
2026-01-29,P043,Coca-Cola,soft_drink,82.8,False
2026-01-29,P044,Coca-Cola Zero,soft_drink,61.6,False
2026-01-29,P045,Sprite,soft_drink,67.2,False
2026-01-29,P046,Tonic Water,soft_drink,51.72,False
2026-01-29,P047,Soda Water,soft_drink,52.8,False
2026-01-29,P048,Red Bull,soft_drink,41.8,False
2026-01-29,P049,Ginger Beer,soft_drink,36.2,False
2026-01-29,P050,Orange Juice,juice,4.0,False
2026-01-29,P051,Cranberry Juice,juice,4.0,False
2026-01-29,P052,Lime Juice,juice,7.318,False
2026-01-29,P053,Lemon Juice,juice,8.45,False
2026-01-29,P054,Sugar Syrup,cocktail_ingredient,8.042,False
2026-01-29,P055,Fresh Mint,cocktail_ingredient,6.211,False
2026-01-29,P056,Coffee Beans,cocktail_ingredient,7.708,False
2026-01-29,K001,Carlsberg 50L,draught_beer,5.014,False
2026-01-29,K002,Tuborg 50L,draught_beer,3.816,False
2026-01-29,K003,Carlsberg 30L,draught_beer,5.502,False
2026-01-29,K004,Malka 30L,draught_beer,4.756,False
2026-01-29,K005,Weihenstephan 30L,draught_beer,4.087,False
2026-01-30,P001,Carlsberg,beer,62.4,False
2026-01-30,P002,Heineken,beer,25.6,False
2026-01-30,P003,Corona,beer,46.2,False
2026-01-30,P004,Guinness,beer,41.6,False
2026-01-30,P005,Goldstar,beer,38.6,False
2026-01-30,P006,Maccabee,beer,24.0,False
2026-01-30,P007,Stella Artois,beer,49.4,False
2026-01-30,P008,Erdinger,beer,26.2,False
2026-01-30,P009,Bombay Sapphire,gin,8.795,False
2026-01-30,P010,Tanqueray,gin,7.26,False
2026-01-30,P011,Hendrick's,gin,9.943,False
2026-01-30,P012,Beefeater,gin,5.032,False
2026-01-30,P013,Gordon's,gin,19.111,False
2026-01-30,P014,Absolut,vodka,17.951,False
2026-01-30,P015,Finlandia,vodka,5.718,False
2026-01-30,P016,Grey Goose,vodka,9.053,False
2026-01-30,P017,Belvedere,vodka,6.061,False
2026-01-30,P018,Stolichnaya,vodka,5.289,False
2026-01-30,P019,Jameson,whiskey,7.218,False
2026-01-30,P020,Jack Daniel's,whiskey,14.448,False
2026-01-30,P021,Johnnie Walker Black,whiskey,7.594,False
2026-01-30,P022,Chivas Regal,whiskey,6.831,False
2026-01-30,P023,Maker's Mark,whiskey,6.146,False
2026-01-30,P024,Glenfiddich 12,whiskey,6.232,False
2026-01-30,P025,Bacardi Carta Blanca,rum,24.509,False
2026-01-30,P026,Havana Club 3,rum,6.746,False
2026-01-30,P027,Captain Morgan,rum,5.803,False
2026-01-30,P028,Diplomatico Reserva,rum,4.088,False
2026-01-30,P029,Jose Cuervo,tequila,6.177,False
2026-01-30,P030,Olmeca Blanco,tequila,5.975,False
2026-01-30,P031,Patron Silver,tequila,12.745,False
2026-01-30,P032,Don Julio Blanco,tequila,4.946,False
2026-01-30,P033,Aperol,aperitif,21.943,False
2026-01-30,P034,Campari,aperitif,11.915,False
2026-01-30,P035,Cointreau,liqueur,13.346,False
2026-01-30,P036,Kahlua,liqueur,11.663,False
2026-01-30,P037,Martini Rosso,vermouth,7.046,False
2026-01-30,P038,House Red Wine,wine,21.854,False
2026-01-30,P039,House White Wine,wine,22.084,False
2026-01-30,P040,Rose Wine,wine,18.0,False
2026-01-30,P041,Prosecco,wine,29.576,False
2026-01-30,P042,Chardonnay,wine,6.24,False
2026-01-30,P043,Coca-Cola,soft_drink,69.2,False
2026-01-30,P044,Coca-Cola Zero,soft_drink,50.6,False
2026-01-30,P045,Sprite,soft_drink,62.2,False
2026-01-30,P046,Tonic Water,soft_drink,40.82,False
2026-01-30,P047,Soda Water,soft_drink,45.58,False
2026-01-30,P048,Red Bull,soft_drink,33.8,False
2026-01-30,P049,Ginger Beer,soft_drink,33.2,False
2026-01-30,P050,Orange Juice,juice,4.0,False
2026-01-30,P051,Cranberry Juice,juice,4.0,False
2026-01-30,P052,Lime Juice,juice,6.628,False
2026-01-30,P053,Lemon Juice,juice,8.3,False
2026-01-30,P054,Sugar Syrup,cocktail_ingredient,7.772,False
2026-01-30,P055,Fresh Mint,cocktail_ingredient,6.103,False
2026-01-30,P056,Coffee Beans,cocktail_ingredient,7.627,False
2026-01-30,K001,Carlsberg 50L,draught_beer,4.619,False
2026-01-30,K002,Tuborg 50L,draught_beer,3.461,False
2026-01-30,K003,Carlsberg 30L,draught_beer,4.844,False
2026-01-30,K004,Malka 30L,draught_beer,4.34,False
2026-01-30,K005,Weihenstephan 30L,draught_beer,3.778,False
2026-01-31,P001,Carlsberg,beer,68.4,False
2026-01-31,P002,Heineken,beer,82.6,False
2026-01-31,P003,Corona,beer,58.2,False
2026-01-31,P004,Guinness,beer,34.6,False
2026-01-31,P005,Goldstar,beer,48.6,False
2026-01-31,P006,Maccabee,beer,40.0,False
2026-01-31,P007,Stella Artois,beer,38.4,False
2026-01-31,P008,Erdinger,beer,21.2,False
2026-01-31,P009,Bombay Sapphire,gin,8.195,False
2026-01-31,P010,Tanqueray,gin,6.831,False
2026-01-31,P011,Hendrick's,gin,8.957,False
2026-01-31,P012,Beefeater,gin,4.775,False
2026-01-31,P013,Gordon's,gin,16.714,False
2026-01-31,P014,Absolut,vodka,15.587,False
2026-01-31,P015,Finlandia,vodka,5.375,False
2026-01-31,P016,Grey Goose,vodka,8.453,False
2026-01-31,P017,Belvedere,vodka,5.804,False
2026-01-31,P018,Stolichnaya,vodka,5.032,False
2026-01-31,P019,Jameson,whiskey,6.189,False
2026-01-31,P020,Jack Daniel's,whiskey,13.419,False
2026-01-31,P021,Johnnie Walker Black,whiskey,7.166,False
2026-01-31,P022,Chivas Regal,whiskey,6.317,False
2026-01-31,P023,Maker's Mark,whiskey,5.803,False
2026-01-31,P024,Glenfiddich 12,whiskey,5.975,False
2026-01-31,P025,Bacardi Carta Blanca,rum,20.683,False
2026-01-31,P026,Havana Club 3,rum,6.403,False
2026-01-31,P027,Captain Morgan,rum,5.374,False
2026-01-31,P028,Diplomatico Reserva,rum,3.916,False
2026-01-31,P029,Jose Cuervo,tequila,5.419,False
2026-01-31,P030,Olmeca Blanco,tequila,5.632,False
2026-01-31,P031,Patron Silver,tequila,10.688,False
2026-01-31,P032,Don Julio Blanco,tequila,4.689,False
2026-01-31,P033,Aperol,aperitif,18.857,False
2026-01-31,P034,Campari,aperitif,11.015,False
2026-01-31,P035,Cointreau,liqueur,12.382,False
2026-01-31,P036,Kahlua,liqueur,10.92,False
2026-01-31,P037,Martini Rosso,vermouth,6.318,False
2026-01-31,P038,House Red Wine,wine,18.926,False
2026-01-31,P039,House White Wine,wine,17.448,False
2026-01-31,P040,Rose Wine,wine,16.6,False
2026-01-31,P041,Prosecco,wine,24.256,False
2026-01-31,P042,Chardonnay,wine,5.24,False
2026-01-31,P043,Coca-Cola,soft_drink,50.3,False
2026-01-31,P044,Coca-Cola Zero,soft_drink,34.6,False
2026-01-31,P045,Sprite,soft_drink,49.2,False
2026-01-31,P046,Tonic Water,soft_drink,25.62,False
2026-01-31,P047,Soda Water,soft_drink,33.64,False
2026-01-31,P048,Red Bull,soft_drink,23.8,False
2026-01-31,P049,Ginger Beer,soft_drink,28.2,False
2026-01-31,P050,Orange Juice,juice,4.0,False
2026-01-31,P051,Cranberry Juice,juice,4.0,False
2026-01-31,P052,Lime Juice,juice,5.058,False
2026-01-31,P053,Lemon Juice,juice,8.075,False
2026-01-31,P054,Sugar Syrup,cocktail_ingredient,7.092,False
2026-01-31,P055,Fresh Mint,cocktail_ingredient,5.797,False
2026-01-31,P056,Coffee Beans,cocktail_ingredient,7.474,False
2026-01-31,K001,Carlsberg 50L,draught_beer,4.903,False
2026-01-31,K002,Tuborg 50L,draught_beer,2.946,False
2026-01-31,K003,Carlsberg 30L,draught_beer,5.824,False
2026-01-31,K004,Malka 30L,draught_beer,5.589,False
2026-01-31,K005,Weihenstephan 30L,draught_beer,4.093,False
2026-02-01,P001,Carlsberg,beer,64.4,False
2026-02-01,P002,Heineken,beer,76.6,False
2026-02-01,P003,Corona,beer,53.2,False
2026-02-01,P004,Guinness,beer,31.6,False
2026-02-01,P005,Goldstar,beer,42.6,False
2026-02-01,P006,Maccabee,beer,36.0,False
2026-02-01,P007,Stella Artois,beer,33.4,False
2026-02-01,P008,Erdinger,beer,17.2,False
2026-02-01,P009,Bombay Sapphire,gin,8.023,False
2026-02-01,P010,Tanqueray,gin,6.574,False
2026-02-01,P011,Hendrick's,gin,8.485,False
2026-02-01,P012,Beefeater,gin,4.604,False
2026-02-01,P013,Gordon's,gin,15.329,False
2026-02-01,P014,Absolut,vodka,14.351,False
2026-02-01,P015,Finlandia,vodka,5.203,False
2026-02-01,P016,Grey Goose,vodka,8.281,False
2026-02-01,P017,Belvedere,vodka,5.632,False
2026-02-01,P018,Stolichnaya,vodka,4.946,False
2026-02-01,P019,Jameson,whiskey,5.76,False
2026-02-01,P020,Jack Daniel's,whiskey,12.905,False
2026-02-01,P021,Johnnie Walker Black,whiskey,6.823,False
2026-02-01,P022,Chivas Regal,whiskey,6.145,False
2026-02-01,P023,Maker's Mark,whiskey,5.632,False
2026-02-01,P024,Glenfiddich 12,whiskey,5.803,False
2026-02-01,P025,Bacardi Carta Blanca,rum,18.723,False
2026-02-01,P026,Havana Club 3,rum,6.146,False
2026-02-01,P027,Captain Morgan,rum,5.117,False
2026-02-01,P028,Diplomatico Reserva,rum,3.916,False
2026-02-01,P029,Jose Cuervo,tequila,5.131,False
2026-02-01,P030,Olmeca Blanco,tequila,5.46,False
2026-02-01,P031,Patron Silver,tequila,9.574,False
2026-02-01,P032,Don Julio Blanco,tequila,4.518,False
2026-02-01,P033,Aperol,aperitif,17.229,False
2026-02-01,P034,Campari,aperitif,10.543,False
2026-02-01,P035,Cointreau,liqueur,11.975,False
2026-02-01,P036,Kahlua,liqueur,10.463,False
2026-02-01,P037,Martini Rosso,vermouth,5.932,False
2026-02-01,P038,House Red Wine,wine,17.95,False
2026-02-01,P039,House White Wine,wine,15.984,False
2026-02-01,P040,Rose Wine,wine,15.8,False
2026-02-01,P041,Prosecco,wine,21.736,False
2026-02-01,P042,Chardonnay,wine,4.64,False
2026-02-01,P043,Coca-Cola,soft_drink,37.0,False
2026-02-01,P044,Coca-Cola Zero,soft_drink,26.6,False
2026-02-01,P045,Sprite,soft_drink,45.2,False
2026-02-01,P046,Tonic Water,soft_drink,18.92,False
2026-02-01,P047,Soda Water,soft_drink,27.52,False
2026-02-01,P048,Red Bull,soft_drink,15.8,False
2026-02-01,P049,Ginger Beer,soft_drink,25.2,False
2026-02-01,P050,Orange Juice,juice,4.0,False
2026-02-01,P051,Cranberry Juice,juice,4.0,False
2026-02-01,P052,Lime Juice,juice,4.248,False
2026-02-01,P053,Lemon Juice,juice,8.0,False
2026-02-01,P054,Sugar Syrup,cocktail_ingredient,6.692,False
2026-02-01,P055,Fresh Mint,cocktail_ingredient,5.635,False
2026-02-01,P056,Coffee Beans,cocktail_ingredient,7.357,False
2026-02-01,K001,Carlsberg 50L,draught_beer,4.492,False
2026-02-01,K002,Tuborg 50L,draught_beer,2.688,False
2026-02-01,K003,Carlsberg 30L,draught_beer,5.476,False
2026-02-01,K004,Malka 30L,draught_beer,5.173,False
2026-02-01,K005,Weihenstephan 30L,draught_beer,3.624,False
2026-02-02,P001,Carlsberg,beer,63.4,False
2026-02-02,P002,Heineken,beer,76.6,False
2026-02-02,P003,Corona,beer,52.2,False
2026-02-02,P004,Guinness,beer,30.6,False
2026-02-02,P005,Goldstar,beer,37.6,False
2026-02-02,P006,Maccabee,beer,35.0,False
2026-02-02,P007,Stella Artois,beer,29.4,False
2026-02-02,P008,Erdinger,beer,16.2,False
2026-02-02,P009,Bombay Sapphire,gin,7.681,False
2026-02-02,P010,Tanqueray,gin,6.488,False
2026-02-02,P011,Hendrick's,gin,8.185,False
2026-02-02,P012,Beefeater,gin,4.518,False
2026-02-02,P013,Gordon's,gin,14.37,False
2026-02-02,P014,Absolut,vodka,13.651,False
2026-02-02,P015,Finlandia,vodka,5.117,False
2026-02-02,P016,Grey Goose,vodka,8.195,False
2026-02-02,P017,Belvedere,vodka,5.547,False
2026-02-02,P018,Stolichnaya,vodka,4.861,False
2026-02-02,P019,Jameson,whiskey,5.417,False
2026-02-02,P020,Jack Daniel's,whiskey,12.733,False
2026-02-02,P021,Johnnie Walker Black,whiskey,6.652,False
2026-02-02,P022,Chivas Regal,whiskey,6.059,False
2026-02-02,P023,Maker's Mark,whiskey,5.546,False
2026-02-02,P024,Glenfiddich 12,whiskey,5.803,False
2026-02-02,P025,Bacardi Carta Blanca,rum,17.851,False
2026-02-02,P026,Havana Club 3,rum,6.06,False
2026-02-02,P027,Captain Morgan,rum,5.031,False
2026-02-02,P028,Diplomatico Reserva,rum,3.916,False
2026-02-02,P029,Jose Cuervo,tequila,4.974,False
2026-02-02,P030,Olmeca Blanco,tequila,5.375,False
2026-02-02,P031,Patron Silver,tequila,8.902,False
2026-02-02,P032,Don Julio Blanco,tequila,4.518,False
2026-02-02,P033,Aperol,aperitif,16.8,False
2026-02-02,P034,Campari,aperitif,10.329,False
2026-02-02,P035,Cointreau,liqueur,11.732,False
2026-02-02,P036,Kahlua,liqueur,10.177,False
2026-02-02,P037,Martini Rosso,vermouth,5.718,False
2026-02-02,P038,House Red Wine,wine,17.218,False
2026-02-02,P039,House White Wine,wine,15.496,False
2026-02-02,P040,Rose Wine,wine,15.4,False
2026-02-02,P041,Prosecco,wine,21.056,False
2026-02-02,P042,Chardonnay,wine,4.44,False
2026-02-02,P043,Coca-Cola,soft_drink,101.8,False
2026-02-02,P044,Coca-Cola Zero,soft_drink,69.6,False
2026-02-02,P045,Sprite,soft_drink,65.2,False
2026-02-02,P046,Tonic Water,soft_drink,62.52,False
2026-02-02,P047,Soda Water,soft_drink,71.44,False
2026-02-02,P048,Red Bull,soft_drink,58.8,False
2026-02-02,P049,Ginger Beer,soft_drink,23.2,False
2026-02-02,P050,Orange Juice,juice,4.0,False
2026-02-02,P051,Cranberry Juice,juice,4.0,False
2026-02-02,P052,Lime Juice,juice,9.863,False
2026-02-02,P053,Lemon Juice,juice,7.95,False
2026-02-02,P054,Sugar Syrup,cocktail_ingredient,6.517,False
2026-02-02,P055,Fresh Mint,cocktail_ingredient,5.572,False
2026-02-02,P056,Coffee Beans,cocktail_ingredient,7.294,False
2026-02-02,K001,Carlsberg 50L,draught_beer,4.412,False
2026-02-02,K002,Tuborg 50L,draught_beer,3.608,False
2026-02-02,K003,Carlsberg 30L,draught_beer,5.341,False
2026-02-02,K004,Malka 30L,draught_beer,5.025,False
2026-02-02,K005,Weihenstephan 30L,draught_beer,3.61,False
2026-02-03,P001,Carlsberg,beer,61.4,False
2026-02-03,P002,Heineken,beer,72.6,False
2026-02-03,P003,Corona,beer,49.2,False
2026-02-03,P004,Guinness,beer,28.6,False
2026-02-03,P005,Goldstar,beer,29.6,False
2026-02-03,P006,Maccabee,beer,33.0,False
2026-02-03,P007,Stella Artois,beer,24.4,False
2026-02-03,P008,Erdinger,beer,14.2,False
2026-02-03,P009,Bombay Sapphire,gin,7.423,False
2026-02-03,P010,Tanqueray,gin,6.403,False
2026-02-03,P011,Hendrick's,gin,7.843,False
2026-02-03,P012,Beefeater,gin,4.346,False
2026-02-03,P013,Gordon's,gin,13.22,False
2026-02-03,P014,Absolut,vodka,12.823,False
2026-02-03,P015,Finlandia,vodka,5.032,False
2026-02-03,P016,Grey Goose,vodka,8.11,False
2026-02-03,P017,Belvedere,vodka,5.375,False
2026-02-03,P018,Stolichnaya,vodka,4.775,False
2026-02-03,P019,Jameson,whiskey,16.989,False
2026-02-03,P020,Jack Daniel's,whiskey,12.476,False
2026-02-03,P021,Johnnie Walker Black,whiskey,6.566,False
2026-02-03,P022,Chivas Regal,whiskey,5.888,False
2026-02-03,P023,Maker's Mark,whiskey,5.461,False
2026-02-03,P024,Glenfiddich 12,whiskey,5.632,False
2026-02-03,P025,Bacardi Carta Blanca,rum,16.317,False
2026-02-03,P026,Havana Club 3,rum,5.974,False
2026-02-03,P027,Captain Morgan,rum,4.774,False
2026-02-03,P028,Diplomatico Reserva,rum,3.831,False
2026-02-03,P029,Jose Cuervo,tequila,4.765,False
2026-02-03,P030,Olmeca Blanco,tequila,5.289,False
2026-02-03,P031,Patron Silver,tequila,20.102,False
2026-02-03,P032,Don Julio Blanco,tequila,4.432,False
2026-02-03,P033,Aperol,aperitif,15.429,False
2026-02-03,P034,Campari,aperitif,10.072,False
2026-02-03,P035,Cointreau,liqueur,11.36,False
2026-02-03,P036,Kahlua,liqueur,9.892,False
2026-02-03,P037,Martini Rosso,vermouth,5.461,False
2026-02-03,P038,House Red Wine,wine,15.022,False
2026-02-03,P039,House White Wine,wine,25.544,False
2026-02-03,P040,Rose Wine,wine,14.8,False
2026-02-03,P041,Prosecco,wine,18.976,False
2026-02-03,P042,Chardonnay,wine,16.24,False
2026-02-03,P043,Coca-Cola,soft_drink,93.4,False
2026-02-03,P044,Coca-Cola Zero,soft_drink,67.6,False
2026-02-03,P045,Sprite,soft_drink,61.2,False
2026-02-03,P046,Tonic Water,soft_drink,58.72,False
2026-02-03,P047,Soda Water,soft_drink,66.92,False
2026-02-03,P048,Red Bull,soft_drink,53.8,False
2026-02-03,P049,Ginger Beer,soft_drink,22.2,False
2026-02-03,P050,Orange Juice,juice,4.0,False
2026-02-03,P051,Cranberry Juice,juice,4.0,False
2026-02-03,P052,Lime Juice,juice,9.213,False
2026-02-03,P053,Lemon Juice,juice,7.85,False
2026-02-03,P054,Sugar Syrup,cocktail_ingredient,6.237,False
2026-02-03,P055,Fresh Mint,cocktail_ingredient,5.446,False
2026-02-03,P056,Coffee Beans,cocktail_ingredient,7.231,False
2026-02-03,K001,Carlsberg 50L,draught_beer,4.017,False
2026-02-03,K002,Tuborg 50L,draught_beer,3.398,False
2026-02-03,K003,Carlsberg 30L,draught_beer,4.818,False
2026-02-03,K004,Malka 30L,draught_beer,4.797,False
2026-02-03,K005,Weihenstephan 30L,draught_beer,3.422,False
2026-02-04,P001,Carlsberg,beer,80.4,False
2026-02-04,P002,Heineken,beer,62.6,False
2026-02-04,P003,Corona,beer,69.2,False
2026-02-04,P004,Guinness,beer,25.6,False
2026-02-04,P005,Goldstar,beer,67.6,False
2026-02-04,P006,Maccabee,beer,52.0,False
2026-02-04,P007,Stella Artois,beer,20.4,False
2026-02-04,P008,Erdinger,beer,36.2,False
2026-02-04,P009,Bombay Sapphire,gin,7.166,False
2026-02-04,P010,Tanqueray,gin,6.146,False
2026-02-04,P011,Hendrick's,gin,7.328,False
2026-02-04,P012,Beefeater,gin,4.175,False
2026-02-04,P013,Gordon's,gin,12.305,False
2026-02-04,P014,Absolut,vodka,11.616,False
2026-02-04,P015,Finlandia,vodka,4.86,False
2026-02-04,P016,Grey Goose,vodka,7.767,False
2026-02-04,P017,Belvedere,vodka,5.204,False
2026-02-04,P018,Stolichnaya,vodka,4.604,False
2026-02-04,P019,Jameson,whiskey,16.56,False
2026-02-04,P020,Jack Daniel's,whiskey,11.876,False
2026-02-04,P021,Johnnie Walker Black,whiskey,6.394,False
2026-02-04,P022,Chivas Regal,whiskey,5.717,False
2026-02-04,P023,Maker's Mark,whiskey,5.375,False
2026-02-04,P024,Glenfiddich 12,whiskey,5.461,False
2026-02-04,P025,Bacardi Carta Blanca,rum,14.688,False
2026-02-04,P026,Havana Club 3,rum,5.974,False
2026-02-04,P027,Captain Morgan,rum,4.517,False
2026-02-04,P028,Diplomatico Reserva,rum,3.745,False
2026-02-04,P029,Jose Cuervo,tequila,4.373,False
2026-02-04,P030,Olmeca Blanco,tequila,5.118,False
2026-02-04,P031,Patron Silver,tequila,19.059,False
2026-02-04,P032,Don Julio Blanco,tequila,4.346,False
2026-02-04,P033,Aperol,aperitif,13.543,False
2026-02-04,P034,Campari,aperitif,9.643,False
2026-02-04,P035,Cointreau,liqueur,10.896,False
2026-02-04,P036,Kahlua,liqueur,9.406,False
2026-02-04,P037,Martini Rosso,vermouth,5.032,False
2026-02-04,P038,House Red Wine,wine,12.582,False
2026-02-04,P039,House White Wine,wine,23.836,False
2026-02-04,P040,Rose Wine,wine,14.2,False
2026-02-04,P041,Prosecco,wine,15.976,False
2026-02-04,P042,Chardonnay,wine,15.84,False
2026-02-04,P043,Coca-Cola,soft_drink,80.1,False
2026-02-04,P044,Coca-Cola Zero,soft_drink,65.6,False
2026-02-04,P045,Sprite,soft_drink,53.2,False
2026-02-04,P046,Tonic Water,soft_drink,51.92,False
2026-02-04,P047,Soda Water,soft_drink,60.16,False
2026-02-04,P048,Red Bull,soft_drink,47.8,False
2026-02-04,P049,Ginger Beer,soft_drink,21.2,False
2026-02-04,P050,Orange Juice,juice,4.0,False
2026-02-04,P051,Cranberry Juice,juice,4.0,False
2026-02-04,P052,Lime Juice,juice,8.558,False
2026-02-04,P053,Lemon Juice,juice,7.775,False
2026-02-04,P054,Sugar Syrup,cocktail_ingredient,5.932,False
2026-02-04,P055,Fresh Mint,cocktail_ingredient,5.329,False
2026-02-04,P056,Coffee Beans,cocktail_ingredient,7.132,False
2026-02-04,K001,Carlsberg 50L,draught_beer,4.711,False
2026-02-04,K002,Tuborg 50L,draught_beer,4.165,False
2026-02-04,K003,Carlsberg 30L,draught_beer,6.348,False
2026-02-04,K004,Malka 30L,draught_beer,5.475,False
2026-02-04,K005,Weihenstephan 30L,draught_beer,5.141,False
2026-02-05,P001,Carlsberg,beer,71.4,False
2026-02-05,P002,Heineken,beer,53.6,False
2026-02-05,P003,Corona,beer,61.2,False
2026-02-05,P004,Guinness,beer,22.6,False
2026-02-05,P005,Goldstar,beer,61.6,False
2026-02-05,P006,Maccabee,beer,48.0,False
2026-02-05,P007,Stella Artois,beer,16.4,False
2026-02-05,P008,Erdinger,beer,33.2,False
2026-02-05,P009,Bombay Sapphire,gin,6.909,False
2026-02-05,P010,Tanqueray,gin,5.803,False
2026-02-05,P011,Hendrick's,gin,6.942,False
2026-02-05,P012,Beefeater,gin,4.089,False
2026-02-05,P013,Gordon's,gin,11.407,False
2026-02-05,P014,Absolut,vodka,10.194,False
2026-02-05,P015,Finlandia,vodka,4.689,False
2026-02-05,P016,Grey Goose,vodka,7.338,False
2026-02-05,P017,Belvedere,vodka,5.032,False
2026-02-05,P018,Stolichnaya,vodka,4.518,False
2026-02-05,P019,Jameson,whiskey,16.132,False
2026-02-05,P020,Jack Daniel's,whiskey,11.448,False
2026-02-05,P021,Johnnie Walker Black,whiskey,6.137,False
2026-02-05,P022,Chivas Regal,whiskey,5.631,False
2026-02-05,P023,Maker's Mark,whiskey,5.204,False
2026-02-05,P024,Glenfiddich 12,whiskey,5.289,False
2026-02-05,P025,Bacardi Carta Blanca,rum,12.936,False
2026-02-05,P026,Havana Club 3,rum,5.803,False
2026-02-05,P027,Captain Morgan,rum,4.346,False
2026-02-05,P028,Diplomatico Reserva,rum,3.659,False
2026-02-05,P029,Jose Cuervo,tequila,4.033,False
2026-02-05,P030,Olmeca Blanco,tequila,5.032,False
2026-02-05,P031,Patron Silver,tequila,17.945,False
2026-02-05,P032,Don Julio Blanco,tequila,4.175,False
2026-02-05,P033,Aperol,aperitif,11.572,False
2026-02-05,P034,Campari,aperitif,9.343,False
2026-02-05,P035,Cointreau,liqueur,10.36,False
2026-02-05,P036,Kahlua,liqueur,8.92,False
2026-02-05,P037,Martini Rosso,vermouth,4.818,False
2026-02-05,P038,House Red Wine,wine,11.118,False
2026-02-05,P039,House White Wine,wine,22.128,False
2026-02-05,P040,Rose Wine,wine,13.4,False
2026-02-05,P041,Prosecco,wine,12.656,False
2026-02-05,P042,Chardonnay,wine,15.44,False
2026-02-05,P043,Coca-Cola,soft_drink,90.6,False
2026-02-05,P044,Coca-Cola Zero,soft_drink,59.6,False
2026-02-05,P045,Sprite,soft_drink,46.2,False
2026-02-05,P046,Tonic Water,soft_drink,71.72,False
2026-02-05,P047,Soda Water,soft_drink,54.1,False
2026-02-05,P048,Red Bull,soft_drink,44.8,False
2026-02-05,P049,Ginger Beer,soft_drink,19.2,False
2026-02-05,P050,Orange Juice,juice,4.0,False
2026-02-05,P051,Cranberry Juice,juice,4.0,False
2026-02-05,P052,Lime Juice,juice,7.823,False
2026-02-05,P053,Lemon Juice,juice,7.65,False
2026-02-05,P054,Sugar Syrup,cocktail_ingredient,5.597,False
2026-02-05,P055,Fresh Mint,cocktail_ingredient,5.194,False
2026-02-05,P056,Coffee Beans,cocktail_ingredient,7.033,False
2026-02-05,K001,Carlsberg 50L,draught_beer,4.26,False
2026-02-05,K002,Tuborg 50L,draught_beer,3.972,False
2026-02-05,K003,Carlsberg 30L,draught_beer,5.892,False
2026-02-05,K004,Malka 30L,draught_beer,4.965,False
2026-02-05,K005,Weihenstephan 30L,draught_beer,4.805,False
2026-02-06,P001,Carlsberg,beer,58.4,False
2026-02-06,P002,Heineken,beer,46.6,False
2026-02-06,P003,Corona,beer,49.2,False
2026-02-06,P004,Guinness,beer,16.6,False
2026-02-06,P005,Goldstar,beer,49.6,False
2026-02-06,P006,Maccabee,beer,41.0,False
2026-02-06,P007,Stella Artois,beer,11.4,False
2026-02-06,P008,Erdinger,beer,29.2,False
2026-02-06,P009,Bombay Sapphire,gin,6.566,False
2026-02-06,P010,Tanqueray,gin,5.46,False
2026-02-06,P011,Hendrick's,gin,6.085,False
2026-02-06,P012,Beefeater,gin,3.918,False
2026-02-06,P013,Gordon's,gin,21.394,False
2026-02-06,P014,Absolut,vodka,20.358,False
2026-02-06,P015,Finlandia,vodka,4.518,False
2026-02-06,P016,Grey Goose,vodka,6.91,False
2026-02-06,P017,Belvedere,vodka,4.861,False
2026-02-06,P018,Stolichnaya,vodka,4.346,False
2026-02-06,P019,Jameson,whiskey,15.189,False
2026-02-06,P020,Jack Daniel's,whiskey,10.676,False
2026-02-06,P021,Johnnie Walker Black,whiskey,5.88,False
2026-02-06,P022,Chivas Regal,whiskey,5.374,False
2026-02-06,P023,Maker's Mark,whiskey,5.032,False
2026-02-06,P024,Glenfiddich 12,whiskey,5.032,False
2026-02-06,P025,Bacardi Carta Blanca,rum,22.418,False
2026-02-06,P026,Havana Club 3,rum,5.546,False
2026-02-06,P027,Captain Morgan,rum,4.088,False
2026-02-06,P028,Diplomatico Reserva,rum,3.574,False
2026-02-06,P029,Jose Cuervo,tequila,15.537,False
2026-02-06,P030,Olmeca Blanco,tequila,4.775,False
2026-02-06,P031,Patron Silver,tequila,16.674,False
2026-02-06,P032,Don Julio Blanco,tequila,3.918,False
2026-02-06,P033,Aperol,aperitif,20.057,False
2026-02-06,P034,Campari,aperitif,8.486,False
2026-02-06,P035,Cointreau,liqueur,9.753,False
2026-02-06,P036,Kahlua,liqueur,8.206,False
2026-02-06,P037,Martini Rosso,vermouth,4.218,False
2026-02-06,P038,House Red Wine,wine,20.678,False
2026-02-06,P039,House White Wine,wine,20.176,False
2026-02-06,P040,Rose Wine,wine,12.4,False
2026-02-06,P041,Prosecco,wine,31.216,False
2026-02-06,P042,Chardonnay,wine,14.44,False
2026-02-06,P043,Coca-Cola,soft_drink,70.9,False
2026-02-06,P044,Coca-Cola Zero,soft_drink,53.6,False
2026-02-06,P045,Sprite,soft_drink,39.2,False
2026-02-06,P046,Tonic Water,soft_drink,61.22,False
2026-02-06,P047,Soda Water,soft_drink,45.24,False
2026-02-06,P048,Red Bull,soft_drink,37.8,False
2026-02-06,P049,Ginger Beer,soft_drink,16.2,False
2026-02-06,P050,Orange Juice,juice,4.0,False
2026-02-06,P051,Cranberry Juice,juice,4.0,False
2026-02-06,P052,Lime Juice,juice,6.883,False
2026-02-06,P053,Lemon Juice,juice,7.475,False
2026-02-06,P054,Sugar Syrup,cocktail_ingredient,5.107,False
2026-02-06,P055,Fresh Mint,cocktail_ingredient,4.996,False
2026-02-06,P056,Coffee Beans,cocktail_ingredient,6.889,False
2026-02-06,K001,Carlsberg 50L,draught_beer,3.688,False
2026-02-06,K002,Tuborg 50L,draught_beer,3.553,False
2026-02-06,K003,Carlsberg 30L,draught_beer,4.899,False
2026-02-06,K004,Malka 30L,draught_beer,4.401,False
2026-02-06,K005,Weihenstephan 30L,draught_beer,4.309,False
2026-02-07,P001,Carlsberg,beer,65.4,False
2026-02-07,P002,Heineken,beer,58.6,False
2026-02-07,P003,Corona,beer,57.2,False
2026-02-07,P004,Guinness,beer,35.6,False
2026-02-07,P005,Goldstar,beer,62.6,False
2026-02-07,P006,Maccabee,beer,34.0,False
2026-02-07,P007,Stella Artois,beer,75.4,False
2026-02-07,P008,Erdinger,beer,24.2,False
2026-02-07,P009,Bombay Sapphire,gin,6.138,False
2026-02-07,P010,Tanqueray,gin,5.117,False
2026-02-07,P011,Hendrick's,gin,4.971,False
2026-02-07,P012,Beefeater,gin,3.747,False
2026-02-07,P013,Gordon's,gin,19.041,False
2026-02-07,P014,Absolut,vodka,17.973,False
2026-02-07,P015,Finlandia,vodka,4.261,False
2026-02-07,P016,Grey Goose,vodka,6.31,False
2026-02-07,P017,Belvedere,vodka,4.604,False
2026-02-07,P018,Stolichnaya,vodka,4.089,False
2026-02-07,P019,Jameson,whiskey,14.16,False
2026-02-07,P020,Jack Daniel's,whiskey,9.733,False
2026-02-07,P021,Johnnie Walker Black,whiskey,5.537,False
2026-02-07,P022,Chivas Regal,whiskey,4.945,False
2026-02-07,P023,Maker's Mark,whiskey,4.775,False
2026-02-07,P024,Glenfiddich 12,whiskey,4.861,False
2026-02-07,P025,Bacardi Carta Blanca,rum,19.211,False
2026-02-07,P026,Havana Club 3,rum,5.203,False
2026-02-07,P027,Captain Morgan,rum,3.746,False
2026-02-07,P028,Diplomatico Reserva,rum,3.488,False
2026-02-07,P029,Jose Cuervo,tequila,14.962,False
2026-02-07,P030,Olmeca Blanco,tequila,4.518,False
2026-02-07,P031,Patron Silver,tequila,14.531,False
2026-02-07,P032,Don Julio Blanco,tequila,3.661,False
2026-02-07,P033,Aperol,aperitif,17.4,False
2026-02-07,P034,Campari,aperitif,7.457,False
2026-02-07,P035,Cointreau,liqueur,8.768,False
2026-02-07,P036,Kahlua,liqueur,7.292,False
2026-02-07,P037,Martini Rosso,vermouth,3.361,False
2026-02-07,P038,House Red Wine,wine,17.262,False
2026-02-07,P039,House White Wine,wine,16.76,False
2026-02-07,P040,Rose Wine,wine,11.0,False
2026-02-07,P041,Prosecco,wine,26.976,False
2026-02-07,P042,Chardonnay,wine,13.64,False
2026-02-07,P043,Coca-Cola,soft_drink,47.3,False
2026-02-07,P044,Coca-Cola Zero,soft_drink,41.6,False
2026-02-07,P045,Sprite,soft_drink,28.2,False
2026-02-07,P046,Tonic Water,soft_drink,44.82,False
2026-02-07,P047,Soda Water,soft_drink,34.14,False
2026-02-07,P048,Red Bull,soft_drink,28.8,False
2026-02-07,P049,Ginger Beer,soft_drink,11.2,False
2026-02-07,P050,Orange Juice,juice,4.0,False
2026-02-07,P051,Cranberry Juice,juice,4.0,False
2026-02-07,P052,Lime Juice,juice,5.438,False
2026-02-07,P053,Lemon Juice,juice,7.325,False
2026-02-07,P054,Sugar Syrup,cocktail_ingredient,4.442,False
2026-02-07,P055,Fresh Mint,cocktail_ingredient,4.735,False
2026-02-07,P056,Coffee Beans,cocktail_ingredient,6.682,False
2026-02-07,K001,Carlsberg 50L,draught_beer,4.964,False
2026-02-07,K002,Tuborg 50L,draught_beer,3.909,False
2026-02-07,K003,Carlsberg 30L,draught_beer,6.04,False
2026-02-07,K004,Malka 30L,draught_beer,5.609,False
2026-02-07,K005,Weihenstephan 30L,draught_beer,4.812,False
2026-02-08,P001,Carlsberg,beer,57.4,False
2026-02-08,P002,Heineken,beer,52.6,False
2026-02-08,P003,Corona,beer,52.2,False
2026-02-08,P004,Guinness,beer,31.6,False
2026-02-08,P005,Goldstar,beer,56.6,False
2026-02-08,P006,Maccabee,beer,31.0,False
2026-02-08,P007,Stella Artois,beer,74.4,False
2026-02-08,P008,Erdinger,beer,23.2,False
2026-02-08,P009,Bombay Sapphire,gin,5.881,False
2026-02-08,P010,Tanqueray,gin,4.945,False
2026-02-08,P011,Hendrick's,gin,4.585,False
2026-02-08,P012,Beefeater,gin,3.661,False
2026-02-08,P013,Gordon's,gin,18.205,False
2026-02-08,P014,Absolut,vodka,17.001,False
2026-02-08,P015,Finlandia,vodka,4.089,False
2026-02-08,P016,Grey Goose,vodka,6.053,False
2026-02-08,P017,Belvedere,vodka,4.518,False
2026-02-08,P018,Stolichnaya,vodka,4.004,False
2026-02-08,P019,Jameson,whiskey,13.903,False
2026-02-08,P020,Jack Daniel's,whiskey,9.648,False
2026-02-08,P021,Johnnie Walker Black,whiskey,5.366,False
2026-02-08,P022,Chivas Regal,whiskey,4.774,False
2026-02-08,P023,Maker's Mark,whiskey,4.689,False
2026-02-08,P024,Glenfiddich 12,whiskey,4.689,False
2026-02-08,P025,Bacardi Carta Blanca,rum,17.398,False
2026-02-08,P026,Havana Club 3,rum,5.031,False
2026-02-08,P027,Captain Morgan,rum,3.66,False
2026-02-08,P028,Diplomatico Reserva,rum,3.402,False
2026-02-08,P029,Jose Cuervo,tequila,14.543,False
2026-02-08,P030,Olmeca Blanco,tequila,4.432,False
2026-02-08,P031,Patron Silver,tequila,14.016,False
2026-02-08,P032,Don Julio Blanco,tequila,3.575,False
2026-02-08,P033,Aperol,aperitif,15.772,False
2026-02-08,P034,Campari,aperitif,7.157,False
2026-02-08,P035,Cointreau,liqueur,8.425,False
2026-02-08,P036,Kahlua,liqueur,7.063,False
2026-02-08,P037,Martini Rosso,vermouth,3.146,False
2026-02-08,P038,House Red Wine,wine,15.31,False
2026-02-08,P039,House White Wine,wine,14.076,False
2026-02-08,P040,Rose Wine,wine,10.6,False
2026-02-08,P041,Prosecco,wine,24.536,False
2026-02-08,P042,Chardonnay,wine,13.24,False
2026-02-08,P043,Coca-Cola,soft_drink,33.9,False
2026-02-08,P044,Coca-Cola Zero,soft_drink,35.6,False
2026-02-08,P045,Sprite,soft_drink,24.2,False
2026-02-08,P046,Tonic Water,soft_drink,39.02,False
2026-02-08,P047,Soda Water,soft_drink,27.2,False
2026-02-08,P048,Red Bull,soft_drink,23.8,False
2026-02-08,P049,Ginger Beer,soft_drink,9.2,False
2026-02-08,P050,Orange Juice,juice,4.0,False
2026-02-08,P051,Cranberry Juice,juice,4.0,False
2026-02-08,P052,Lime Juice,juice,4.858,False
2026-02-08,P053,Lemon Juice,juice,7.225,False
2026-02-08,P054,Sugar Syrup,cocktail_ingredient,4.152,False
2026-02-08,P055,Fresh Mint,cocktail_ingredient,4.591,False
2026-02-08,P056,Coffee Beans,cocktail_ingredient,6.637,False
2026-02-08,K001,Carlsberg 50L,draught_beer,4.593,False
2026-02-08,K002,Tuborg 50L,draught_beer,3.611,False
2026-02-08,K003,Carlsberg 30L,draught_beer,5.624,False
2026-02-08,K004,Malka 30L,draught_beer,5.22,False
2026-02-08,K005,Weihenstephan 30L,draught_beer,4.611,False
2026-02-09,P001,Carlsberg,beer,53.4,False
2026-02-09,P002,Heineken,beer,51.6,False
2026-02-09,P003,Corona,beer,51.2,False
2026-02-09,P004,Guinness,beer,31.6,False
2026-02-09,P005,Goldstar,beer,50.6,False
2026-02-09,P006,Maccabee,beer,29.0,False
2026-02-09,P007,Stella Artois,beer,70.4,False
2026-02-09,P008,Erdinger,beer,22.2,False
2026-02-09,P009,Bombay Sapphire,gin,5.795,False
2026-02-09,P010,Tanqueray,gin,4.774,False
2026-02-09,P011,Hendrick's,gin,4.285,False
2026-02-09,P012,Beefeater,gin,3.575,False
2026-02-09,P013,Gordon's,gin,17.368,False
2026-02-09,P014,Absolut,vodka,16.487,False
2026-02-09,P015,Finlandia,vodka,4.003,False
2026-02-09,P016,Grey Goose,vodka,5.881,False
2026-02-09,P017,Belvedere,vodka,4.433,False
2026-02-09,P018,Stolichnaya,vodka,4.004,False
2026-02-09,P019,Jameson,whiskey,13.56,False
2026-02-09,P020,Jack Daniel's,whiskey,9.562,False
2026-02-09,P021,Johnnie Walker Black,whiskey,5.109,False
2026-02-09,P022,Chivas Regal,whiskey,4.688,False
2026-02-09,P023,Maker's Mark,whiskey,4.604,False
2026-02-09,P024,Glenfiddich 12,whiskey,4.604,False
2026-02-09,P025,Bacardi Carta Blanca,rum,16.475,False
2026-02-09,P026,Havana Club 3,rum,4.774,False
2026-02-09,P027,Captain Morgan,rum,3.489,False
2026-02-09,P028,Diplomatico Reserva,rum,3.402,False
2026-02-09,P029,Jose Cuervo,tequila,14.334,False
2026-02-09,P030,Olmeca Blanco,tequila,4.346,False
2026-02-09,P031,Patron Silver,tequila,13.131,False
2026-02-09,P032,Don Julio Blanco,tequila,3.489,False
2026-02-09,P033,Aperol,aperitif,14.829,False
2026-02-09,P034,Campari,aperitif,6.857,False
2026-02-09,P035,Cointreau,liqueur,8.053,False
2026-02-09,P036,Kahlua,liqueur,6.892,False
2026-02-09,P037,Martini Rosso,vermouth,2.932,False
2026-02-09,P038,House Red Wine,wine,15.066,False
2026-02-09,P039,House White Wine,wine,12.856,False
2026-02-09,P040,Rose Wine,wine,10.0,False
2026-02-09,P041,Prosecco,wine,22.936,False
2026-02-09,P042,Chardonnay,wine,13.04,False
2026-02-09,P043,Coca-Cola,soft_drink,97.5,False
2026-02-09,P044,Coca-Cola Zero,soft_drink,58.6,False
2026-02-09,P045,Sprite,soft_drink,70.2,False
2026-02-09,P046,Tonic Water,soft_drink,58.22,False
2026-02-09,P047,Soda Water,soft_drink,72.76,False
2026-02-09,P048,Red Bull,soft_drink,45.8,False
2026-02-09,P049,Ginger Beer,soft_drink,32.2,False
2026-02-09,P050,Orange Juice,juice,4.0,False
2026-02-09,P051,Cranberry Juice,juice,4.0,False
2026-02-09,P052,Lime Juice,juice,10.383,False
2026-02-09,P053,Lemon Juice,juice,7.125,False
2026-02-09,P054,Sugar Syrup,cocktail_ingredient,4.017,False
2026-02-09,P055,Fresh Mint,cocktail_ingredient,4.528,False
2026-02-09,P056,Coffee Beans,cocktail_ingredient,6.61,False
2026-02-09,K001,Carlsberg 50L,draught_beer,4.376,False
2026-02-09,K002,Tuborg 50L,draught_beer,3.45,False
2026-02-09,K003,Carlsberg 30L,draught_beer,5.557,False
2026-02-09,K004,Malka 30L,draught_beer,5.046,False
2026-02-09,K005,Weihenstephan 30L,draught_beer,4.329,False
2026-02-10,P001,Carlsberg,beer,45.4,False
2026-02-10,P002,Heineken,beer,47.6,False
2026-02-10,P003,Corona,beer,46.2,False
2026-02-10,P004,Guinness,beer,28.6,False
2026-02-10,P005,Goldstar,beer,49.6,False
2026-02-10,P006,Maccabee,beer,25.0,False
2026-02-10,P007,Stella Artois,beer,66.4,False
2026-02-10,P008,Erdinger,beer,20.2,False
2026-02-10,P009,Bombay Sapphire,gin,5.709,False
2026-02-10,P010,Tanqueray,gin,4.603,False
2026-02-10,P011,Hendrick's,gin,15.9,False
2026-02-10,P012,Beefeater,gin,3.489,False
2026-02-10,P013,Gordon's,gin,15.948,False
2026-02-10,P014,Absolut,vodka,15.98,False
2026-02-10,P015,Finlandia,vodka,3.918,False
2026-02-10,P016,Grey Goose,vodka,5.795,False
2026-02-10,P017,Belvedere,vodka,4.347,False
2026-02-10,P018,Stolichnaya,vodka,3.918,False
2026-02-10,P019,Jameson,whiskey,13.217,False
2026-02-10,P020,Jack Daniel's,whiskey,9.219,False
2026-02-10,P021,Johnnie Walker Black,whiskey,5.109,False
2026-02-10,P022,Chivas Regal,whiskey,4.603,False
2026-02-10,P023,Maker's Mark,whiskey,4.518,False
2026-02-10,P024,Glenfiddich 12,whiskey,4.518,False
2026-02-10,P025,Bacardi Carta Blanca,rum,15.229,False
2026-02-10,P026,Havana Club 3,rum,4.774,False
2026-02-10,P027,Captain Morgan,rum,15.403,False
2026-02-10,P028,Diplomatico Reserva,rum,3.402,False
2026-02-10,P029,Jose Cuervo,tequila,14.099,False
2026-02-10,P030,Olmeca Blanco,tequila,4.261,False
2026-02-10,P031,Patron Silver,tequila,12.616,False
2026-02-10,P032,Don Julio Blanco,tequila,3.318,False
2026-02-10,P033,Aperol,aperitif,14.486,False
2026-02-10,P034,Campari,aperitif,6.386,False
2026-02-10,P035,Cointreau,liqueur,7.86,False
2026-02-10,P036,Kahlua,liqueur,6.606,False
2026-02-10,P037,Martini Rosso,vermouth,14.632,False
2026-02-10,P038,House Red Wine,wine,26.09,False
2026-02-10,P039,House White Wine,wine,23.636,False
2026-02-10,P040,Rose Wine,wine,10.0,False
2026-02-10,P041,Prosecco,wine,34.256,False
2026-02-10,P042,Chardonnay,wine,12.64,False
2026-02-10,P043,Coca-Cola,soft_drink,93.4,False
2026-02-10,P044,Coca-Cola Zero,soft_drink,56.6,False
2026-02-10,P045,Sprite,soft_drink,69.2,False
2026-02-10,P046,Tonic Water,soft_drink,51.22,False
2026-02-10,P047,Soda Water,soft_drink,68.84,False
2026-02-10,P048,Red Bull,soft_drink,43.8,False
2026-02-10,P049,Ginger Beer,soft_drink,31.2,False
2026-02-10,P050,Orange Juice,juice,4.0,False
2026-02-10,P051,Cranberry Juice,juice,4.0,False
2026-02-10,P052,Lime Juice,juice,9.853,False
2026-02-10,P053,Lemon Juice,juice,7.1,False
2026-02-10,P054,Sugar Syrup,cocktail_ingredient,9.737,False
2026-02-10,P055,Fresh Mint,cocktail_ingredient,4.402,False
2026-02-10,P056,Coffee Beans,cocktail_ingredient,6.547,False
2026-02-10,K001,Carlsberg 50L,draught_beer,4.376,False
2026-02-10,K002,Tuborg 50L,draught_beer,3.232,False
2026-02-10,K003,Carlsberg 30L,draught_beer,5.127,False
2026-02-10,K004,Malka 30L,draught_beer,4.871,False
2026-02-10,K005,Weihenstephan 30L,draught_beer,4.168,False
2026-02-11,P001,Carlsberg,beer,86.4,False
2026-02-11,P002,Heineken,beer,66.6,False
2026-02-11,P003,Corona,beer,65.2,False
2026-02-11,P004,Guinness,beer,26.6,False
2026-02-11,P005,Goldstar,beer,69.6,False
2026-02-11,P006,Maccabee,beer,45.0,False
2026-02-11,P007,Stella Artois,beer,62.4,False
2026-02-11,P008,Erdinger,beer,43.2,False
2026-02-11,P009,Bombay Sapphire,gin,5.538,False
2026-02-11,P010,Tanqueray,gin,4.431,False
2026-02-11,P011,Hendrick's,gin,15.385,False
2026-02-11,P012,Beefeater,gin,3.318,False
2026-02-11,P013,Gordon's,gin,15.39,False
2026-02-11,P014,Absolut,vodka,15.151,False
2026-02-11,P015,Finlandia,vodka,3.832,False
2026-02-11,P016,Grey Goose,vodka,5.538,False
2026-02-11,P017,Belvedere,vodka,4.261,False
2026-02-11,P018,Stolichnaya,vodka,3.832,False
2026-02-11,P019,Jameson,whiskey,12.703,False
2026-02-11,P020,Jack Daniel's,whiskey,9.133,False
2026-02-11,P021,Johnnie Walker Black,whiskey,4.937,False
2026-02-11,P022,Chivas Regal,whiskey,4.431,False
2026-02-11,P023,Maker's Mark,whiskey,4.432,False
2026-02-11,P024,Glenfiddich 12,whiskey,4.432,False
2026-02-11,P025,Bacardi Carta Blanca,rum,14.95,False
2026-02-11,P026,Havana Club 3,rum,4.689,False
2026-02-11,P027,Captain Morgan,rum,15.231,False
2026-02-11,P028,Diplomatico Reserva,rum,3.402,False
2026-02-11,P029,Jose Cuervo,tequila,13.785,False
2026-02-11,P030,Olmeca Blanco,tequila,4.089,False
2026-02-11,P031,Patron Silver,tequila,11.731,False
2026-02-11,P032,Don Julio Blanco,tequila,3.232,False
2026-02-11,P033,Aperol,aperitif,13.114,False
2026-02-11,P034,Campari,aperitif,5.957,False
2026-02-11,P035,Cointreau,liqueur,7.489,False
2026-02-11,P036,Kahlua,liqueur,6.406,False
2026-02-11,P037,Martini Rosso,vermouth,14.289,False
2026-02-11,P038,House Red Wine,wine,24.87,False
2026-02-11,P039,House White Wine,wine,22.66,False
2026-02-11,P040,Rose Wine,wine,9.6,False
2026-02-11,P041,Prosecco,wine,32.376,False
2026-02-11,P042,Chardonnay,wine,12.24,False
2026-02-11,P043,Coca-Cola,soft_drink,81.0,False
2026-02-11,P044,Coca-Cola Zero,soft_drink,50.6,False
2026-02-11,P045,Sprite,soft_drink,65.2,False
2026-02-11,P046,Tonic Water,soft_drink,48.02,False
2026-02-11,P047,Soda Water,soft_drink,65.76,False
2026-02-11,P048,Red Bull,soft_drink,40.8,False
2026-02-11,P049,Ginger Beer,soft_drink,30.2,False
2026-02-11,P050,Orange Juice,juice,4.0,False
2026-02-11,P051,Cranberry Juice,juice,4.0,False
2026-02-11,P052,Lime Juice,juice,9.503,False
2026-02-11,P053,Lemon Juice,juice,7.0,False
2026-02-11,P054,Sugar Syrup,cocktail_ingredient,9.637,False
2026-02-11,P055,Fresh Mint,cocktail_ingredient,4.384,False
2026-02-11,P056,Coffee Beans,cocktail_ingredient,6.484,False
2026-02-11,K001,Carlsberg 50L,draught_beer,5.005,False
2026-02-11,K002,Tuborg 50L,draught_beer,5.072,False
2026-02-11,K003,Carlsberg 30L,draught_beer,6.617,False
2026-02-11,K004,Malka 30L,draught_beer,5.428,False
2026-02-11,K005,Weihenstephan 30L,draught_beer,5.101,False
2026-02-12,P001,Carlsberg,beer,74.4,False
2026-02-12,P002,Heineken,beer,53.6,False
2026-02-12,P003,Corona,beer,55.2,False
2026-02-12,P004,Guinness,beer,22.6,False
2026-02-12,P005,Goldstar,beer,58.6,False
2026-02-12,P006,Maccabee,beer,39.0,False
2026-02-12,P007,Stella Artois,beer,56.4,False
2026-02-12,P008,Erdinger,beer,40.2,False
2026-02-12,P009,Bombay Sapphire,gin,5.109,False
2026-02-12,P010,Tanqueray,gin,4.088,False
2026-02-12,P011,Hendrick's,gin,14.571,False
2026-02-12,P012,Beefeater,gin,3.147,False
2026-02-12,P013,Gordon's,gin,13.429,False
2026-02-12,P014,Absolut,vodka,13.587,False
2026-02-12,P015,Finlandia,vodka,3.661,False
2026-02-12,P016,Grey Goose,vodka,5.195,False
2026-02-12,P017,Belvedere,vodka,4.004,False
2026-02-12,P018,Stolichnaya,vodka,3.661,False
2026-02-12,P019,Jameson,whiskey,12.189,False
2026-02-12,P020,Jack Daniel's,whiskey,8.362,False
2026-02-12,P021,Johnnie Walker Black,whiskey,4.509,False
2026-02-12,P022,Chivas Regal,whiskey,4.174,False
2026-02-12,P023,Maker's Mark,whiskey,4.175,False
2026-02-12,P024,Glenfiddich 12,whiskey,4.261,False
2026-02-12,P025,Bacardi Carta Blanca,rum,12.466,False
2026-02-12,P026,Havana Club 3,rum,4.346,False
2026-02-12,P027,Captain Morgan,rum,15.06,False
2026-02-12,P028,Diplomatico Reserva,rum,3.316,False
2026-02-12,P029,Jose Cuervo,tequila,13.341,False
2026-02-12,P030,Olmeca Blanco,tequila,3.918,False
2026-02-12,P031,Patron Silver,tequila,10.259,False
2026-02-12,P032,Don Julio Blanco,tequila,3.061,False
2026-02-12,P033,Aperol,aperitif,10.2,False
2026-02-12,P034,Campari,aperitif,5.229,False
2026-02-12,P035,Cointreau,liqueur,6.81,False
2026-02-12,P036,Kahlua,liqueur,5.806,False
2026-02-12,P037,Martini Rosso,vermouth,13.732,False
2026-02-12,P038,House Red Wine,wine,21.942,False
2026-02-12,P039,House White Wine,wine,19.0,False
2026-02-12,P040,Rose Wine,wine,8.4,False
2026-02-12,P041,Prosecco,wine,27.856,False
2026-02-12,P042,Chardonnay,wine,11.64,False
2026-02-12,P043,Coca-Cola,soft_drink,85.5,False
2026-02-12,P044,Coca-Cola Zero,soft_drink,63.6,False
2026-02-12,P045,Sprite,soft_drink,55.2,False
2026-02-12,P046,Tonic Water,soft_drink,62.52,False
2026-02-12,P047,Soda Water,soft_drink,54.38,False
2026-02-12,P048,Red Bull,soft_drink,57.8,False
2026-02-12,P049,Ginger Beer,soft_drink,26.2,False
2026-02-12,P050,Orange Juice,juice,4.0,False
2026-02-12,P051,Cranberry Juice,juice,4.0,False
2026-02-12,P052,Lime Juice,juice,8.468,False
2026-02-12,P053,Lemon Juice,juice,6.875,False
2026-02-12,P054,Sugar Syrup,cocktail_ingredient,9.172,False
2026-02-12,P055,Fresh Mint,cocktail_ingredient,4.195,False
2026-02-12,P056,Coffee Beans,cocktail_ingredient,6.349,False
2026-02-12,K001,Carlsberg 50L,draught_beer,4.522,False
2026-02-12,K002,Tuborg 50L,draught_beer,4.637,False
2026-02-12,K003,Carlsberg 30L,draught_beer,5.826,False
2026-02-12,K004,Malka 30L,draught_beer,4.704,False
2026-02-12,K005,Weihenstephan 30L,draught_beer,4.672,False
2026-02-13,P001,Carlsberg,beer,62.4,False
2026-02-13,P002,Heineken,beer,43.6,False
2026-02-13,P003,Corona,beer,45.2,False
2026-02-13,P004,Guinness,beer,17.6,False
2026-02-13,P005,Goldstar,beer,51.6,False
2026-02-13,P006,Maccabee,beer,34.0,False
2026-02-13,P007,Stella Artois,beer,49.4,False
2026-02-13,P008,Erdinger,beer,37.2,False
2026-02-13,P009,Bombay Sapphire,gin,4.766,False
2026-02-13,P010,Tanqueray,gin,3.745,False
2026-02-13,P011,Hendrick's,gin,13.928,False
2026-02-13,P012,Beefeater,gin,2.975,False
2026-02-13,P013,Gordon's,gin,11.504,False
2026-02-13,P014,Absolut,vodka,11.851,False
2026-02-13,P015,Finlandia,vodka,3.489,False
2026-02-13,P016,Grey Goose,vodka,4.853,False
2026-02-13,P017,Belvedere,vodka,3.918,False
2026-02-13,P018,Stolichnaya,vodka,3.489,False
2026-02-13,P019,Jameson,whiskey,11.417,False
2026-02-13,P020,Jack Daniel's,whiskey,7.762,False
2026-02-13,P021,Johnnie Walker Black,whiskey,4.08,False
2026-02-13,P022,Chivas Regal,whiskey,4.003,False
2026-02-13,P023,Maker's Mark,whiskey,3.918,False
2026-02-13,P024,Glenfiddich 12,whiskey,4.09,False
2026-02-13,P025,Bacardi Carta Blanca,rum,21.721,False
2026-02-13,P026,Havana Club 3,rum,4.089,False
2026-02-13,P027,Captain Morgan,rum,14.717,False
2026-02-13,P028,Diplomatico Reserva,rum,3.231,False
2026-02-13,P029,Jose Cuervo,tequila,12.687,False
2026-02-13,P030,Olmeca Blanco,tequila,3.661,False
2026-02-13,P031,Patron Silver,tequila,8.759,False
2026-02-13,P032,Don Julio Blanco,tequila,2.804,False
2026-02-13,P033,Aperol,aperitif,19.8,False
2026-02-13,P034,Campari,aperitif,16.586,False
2026-02-13,P035,Cointreau,liqueur,6.103,False
2026-02-13,P036,Kahlua,liqueur,5.206,False
2026-02-13,P037,Martini Rosso,vermouth,13.261,False
2026-02-13,P038,House Red Wine,wine,19.014,False
2026-02-13,P039,House White Wine,wine,16.56,False
2026-02-13,P040,Rose Wine,wine,19.6,False
2026-02-13,P041,Prosecco,wine,24.376,False
2026-02-13,P042,Chardonnay,wine,10.84,False
2026-02-13,P043,Coca-Cola,soft_drink,67.6,False
2026-02-13,P044,Coca-Cola Zero,soft_drink,54.6,False
2026-02-13,P045,Sprite,soft_drink,42.2,False
2026-02-13,P046,Tonic Water,soft_drink,53.22,False
2026-02-13,P047,Soda Water,soft_drink,44.06,False
2026-02-13,P048,Red Bull,soft_drink,47.8,False
2026-02-13,P049,Ginger Beer,soft_drink,22.2,False
2026-02-13,P050,Orange Juice,juice,4.0,False
2026-02-13,P051,Cranberry Juice,juice,4.0,False
2026-02-13,P052,Lime Juice,juice,7.418,False
2026-02-13,P053,Lemon Juice,juice,6.65,False
2026-02-13,P054,Sugar Syrup,cocktail_ingredient,8.662,False
2026-02-13,P055,Fresh Mint,cocktail_ingredient,3.979,False
2026-02-13,P056,Coffee Beans,cocktail_ingredient,6.214,False
2026-02-13,K001,Carlsberg 50L,draught_beer,3.943,False
2026-02-13,K002,Tuborg 50L,draught_beer,4.347,False
2026-02-13,K003,Carlsberg 30L,draught_beer,4.98,False
2026-02-13,K004,Malka 30L,draught_beer,4.127,False
2026-02-13,K005,Weihenstephan 30L,draught_beer,4.148,False
2026-02-14,P001,Carlsberg,beer,75.4,False
2026-02-14,P002,Heineken,beer,58.6,False
2026-02-14,P003,Corona,beer,62.2,False
2026-02-14,P004,Guinness,beer,38.6,False
2026-02-14,P005,Goldstar,beer,66.6,False
2026-02-14,P006,Maccabee,beer,29.0,False
2026-02-14,P007,Stella Artois,beer,42.4,False
2026-02-14,P008,Erdinger,beer,35.2,False
2026-02-14,P009,Bombay Sapphire,gin,4.509,False
2026-02-14,P010,Tanqueray,gin,3.488,False
2026-02-14,P011,Hendrick's,gin,13.157,False
2026-02-14,P012,Beefeater,gin,2.804,False
2026-02-14,P013,Gordon's,gin,9.839,False
2026-02-14,P014,Absolut,vodka,10.558,False
2026-02-14,P015,Finlandia,vodka,3.318,False
2026-02-14,P016,Grey Goose,vodka,4.51,False
2026-02-14,P017,Belvedere,vodka,3.747,False
2026-02-14,P018,Stolichnaya,vodka,3.404,False
2026-02-14,P019,Jameson,whiskey,10.646,False
2026-02-14,P020,Jack Daniel's,whiskey,7.076,False
2026-02-14,P021,Johnnie Walker Black,whiskey,3.652,False
2026-02-14,P022,Chivas Regal,whiskey,3.831,False
2026-02-14,P023,Maker's Mark,whiskey,3.747,False
2026-02-14,P024,Glenfiddich 12,whiskey,3.918,False
2026-02-14,P025,Bacardi Carta Blanca,rum,19.464,False
2026-02-14,P026,Havana Club 3,rum,3.917,False
2026-02-14,P027,Captain Morgan,rum,14.46,False
2026-02-14,P028,Diplomatico Reserva,rum,3.145,False
2026-02-14,P029,Jose Cuervo,tequila,12.295,False
2026-02-14,P030,Olmeca Blanco,tequila,3.489,False
2026-02-14,P031,Patron Silver,tequila,7.502,False
2026-02-14,P032,Don Julio Blanco,tequila,2.632,False
2026-02-14,P033,Aperol,aperitif,17.829,False
2026-02-14,P034,Campari,aperitif,15.815,False
2026-02-14,P035,Cointreau,liqueur,5.468,False
2026-02-14,P036,Kahlua,liqueur,4.72,False
2026-02-14,P037,Martini Rosso,vermouth,12.746,False
2026-02-14,P038,House Red Wine,wine,16.574,False
2026-02-14,P039,House White Wine,wine,14.364,False
2026-02-14,P040,Rose Wine,wine,19.0,False
2026-02-14,P041,Prosecco,wine,21.376,False
2026-02-14,P042,Chardonnay,wine,10.24,False
2026-02-14,P043,Coca-Cola,soft_drink,57.9,False
2026-02-14,P044,Coca-Cola Zero,soft_drink,44.6,False
2026-02-14,P045,Sprite,soft_drink,34.2,False
2026-02-14,P046,Tonic Water,soft_drink,42.92,False
2026-02-14,P047,Soda Water,soft_drink,33.58,False
2026-02-14,P048,Red Bull,soft_drink,40.8,False
2026-02-14,P049,Ginger Beer,soft_drink,19.2,False
2026-02-14,P050,Orange Juice,juice,4.0,False
2026-02-14,P051,Cranberry Juice,juice,4.0,False
2026-02-14,P052,Lime Juice,juice,6.523,False
2026-02-14,P053,Lemon Juice,juice,6.475,False
2026-02-14,P054,Sugar Syrup,cocktail_ingredient,8.267,False
2026-02-14,P055,Fresh Mint,cocktail_ingredient,3.808,False
2026-02-14,P056,Coffee Beans,cocktail_ingredient,6.115,False
2026-02-14,K001,Carlsberg 50L,draught_beer,5.403,False
2026-02-14,K002,Tuborg 50L,draught_beer,4.025,False
2026-02-14,K003,Carlsberg 30L,draught_beer,6.497,False
2026-02-14,K004,Malka 30L,draught_beer,5.55,False
2026-02-14,K005,Weihenstephan 30L,draught_beer,4.746,False
2026-02-15,P001,Carlsberg,beer,70.4,False
2026-02-15,P002,Heineken,beer,55.6,False
2026-02-15,P003,Corona,beer,58.2,False
2026-02-15,P004,Guinness,beer,36.6,False
2026-02-15,P005,Goldstar,beer,60.6,False
2026-02-15,P006,Maccabee,beer,26.0,False
2026-02-15,P007,Stella Artois,beer,38.4,False
2026-02-15,P008,Erdinger,beer,34.2,False
2026-02-15,P009,Bombay Sapphire,gin,4.252,False
2026-02-15,P010,Tanqueray,gin,3.403,False
2026-02-15,P011,Hendrick's,gin,12.943,False
2026-02-15,P012,Beefeater,gin,2.718,False
2026-02-15,P013,Gordon's,gin,8.933,False
2026-02-15,P014,Absolut,vodka,10.187,False
2026-02-15,P015,Finlandia,vodka,3.232,False
2026-02-15,P016,Grey Goose,vodka,4.338,False
2026-02-15,P017,Belvedere,vodka,3.661,False
2026-02-15,P018,Stolichnaya,vodka,3.318,False
2026-02-15,P019,Jameson,whiskey,10.303,False
2026-02-15,P020,Jack Daniel's,whiskey,6.733,False
2026-02-15,P021,Johnnie Walker Black,whiskey,3.48,False
2026-02-15,P022,Chivas Regal,whiskey,3.745,False
2026-02-15,P023,Maker's Mark,whiskey,3.661,False
2026-02-15,P024,Glenfiddich 12,whiskey,3.832,False
2026-02-15,P025,Bacardi Carta Blanca,rum,18.715,False
2026-02-15,P026,Havana Club 3,rum,3.832,False
2026-02-15,P027,Captain Morgan,rum,14.374,False
2026-02-15,P028,Diplomatico Reserva,rum,3.059,False
2026-02-15,P029,Jose Cuervo,tequila,12.086,False
2026-02-15,P030,Olmeca Blanco,tequila,3.404,False
2026-02-15,P031,Patron Silver,tequila,6.845,False
2026-02-15,P032,Don Julio Blanco,tequila,2.547,False
2026-02-15,P033,Aperol,aperitif,17.4,False
2026-02-15,P034,Campari,aperitif,15.6,False
2026-02-15,P035,Cointreau,liqueur,5.153,False
2026-02-15,P036,Kahlua,liqueur,4.577,False
2026-02-15,P037,Martini Rosso,vermouth,12.618,False
2026-02-15,P038,House Red Wine,wine,14.866,False
2026-02-15,P039,House White Wine,wine,13.388,False
2026-02-15,P040,Rose Wine,wine,18.6,False
2026-02-15,P041,Prosecco,wine,20.816,False
2026-02-15,P042,Chardonnay,wine,10.04,False
2026-02-15,P043,Coca-Cola,soft_drink,47.5,False
2026-02-15,P044,Coca-Cola Zero,soft_drink,40.6,False
2026-02-15,P045,Sprite,soft_drink,33.2,False
2026-02-15,P046,Tonic Water,soft_drink,37.52,False
2026-02-15,P047,Soda Water,soft_drink,29.8,False
2026-02-15,P048,Red Bull,soft_drink,34.8,False
2026-02-15,P049,Ginger Beer,soft_drink,17.2,False
2026-02-15,P050,Orange Juice,juice,4.0,False
2026-02-15,P051,Cranberry Juice,juice,4.0,False
2026-02-15,P052,Lime Juice,juice,6.158,False
2026-02-15,P053,Lemon Juice,juice,6.375,False
2026-02-15,P054,Sugar Syrup,cocktail_ingredient,8.172,False
2026-02-15,P055,Fresh Mint,cocktail_ingredient,3.763,False
2026-02-15,P056,Coffee Beans,cocktail_ingredient,6.097,False
2026-02-15,K001,Carlsberg 50L,draught_beer,5.403,False
2026-02-15,K002,Tuborg 50L,draught_beer,3.791,False
2026-02-15,K003,Carlsberg 30L,draught_beer,6.376,False
2026-02-15,K004,Malka 30L,draught_beer,5.174,False
2026-02-15,K005,Weihenstephan 30L,draught_beer,4.598,False
2026-02-16,P001,Carlsberg,beer,63.4,False
2026-02-16,P002,Heineken,beer,51.6,False
2026-02-16,P003,Corona,beer,52.2,False
2026-02-16,P004,Guinness,beer,34.6,False
2026-02-16,P005,Goldstar,beer,52.6,False
2026-02-16,P006,Maccabee,beer,21.0,False
2026-02-16,P007,Stella Artois,beer,33.4,False
2026-02-16,P008,Erdinger,beer,32.2,False
2026-02-16,P009,Bombay Sapphire,gin,3.995,False
2026-02-16,P010,Tanqueray,gin,3.231,False
2026-02-16,P011,Hendrick's,gin,12.471,False
2026-02-16,P012,Beefeater,gin,2.632,False
2026-02-16,P013,Gordon's,gin,7.904,False
2026-02-16,P014,Absolut,vodka,9.244,False
2026-02-16,P015,Finlandia,vodka,3.061,False
2026-02-16,P016,Grey Goose,vodka,4.167,False
2026-02-16,P017,Belvedere,vodka,3.575,False
2026-02-16,P018,Stolichnaya,vodka,3.147,False
2026-02-16,P019,Jameson,whiskey,9.703,False
2026-02-16,P020,Jack Daniel's,whiskey,6.39,False
2026-02-16,P021,Johnnie Walker Black,whiskey,3.223,False
2026-02-16,P022,Chivas Regal,whiskey,3.574,False
2026-02-16,P023,Maker's Mark,whiskey,3.49,False
2026-02-16,P024,Glenfiddich 12,whiskey,3.747,False
2026-02-16,P025,Bacardi Carta Blanca,rum,16.902,False
2026-02-16,P026,Havana Club 3,rum,3.66,False
2026-02-16,P027,Captain Morgan,rum,14.117,False
2026-02-16,P028,Diplomatico Reserva,rum,3.059,False
2026-02-16,P029,Jose Cuervo,tequila,11.877,False
2026-02-16,P030,Olmeca Blanco,tequila,3.232,False
2026-02-16,P031,Patron Silver,tequila,5.959,False
2026-02-16,P032,Don Julio Blanco,tequila,2.461,False
2026-02-16,P033,Aperol,aperitif,15.857,False
2026-02-16,P034,Campari,aperitif,15.043,False
2026-02-16,P035,Cointreau,liqueur,4.696,False
2026-02-16,P036,Kahlua,liqueur,4.149,False
2026-02-16,P037,Martini Rosso,vermouth,12.232,False
2026-02-16,P038,House Red Wine,wine,13.402,False
2026-02-16,P039,House White Wine,wine,12.168,False
2026-02-16,P040,Rose Wine,wine,17.8,False
2026-02-16,P041,Prosecco,wine,18.496,False
2026-02-16,P042,Chardonnay,wine,9.64,False
2026-02-16,P043,Coca-Cola,soft_drink,86.1,False
2026-02-16,P044,Coca-Cola Zero,soft_drink,58.6,False
2026-02-16,P045,Sprite,soft_drink,49.2,False
2026-02-16,P046,Tonic Water,soft_drink,55.42,False
2026-02-16,P047,Soda Water,soft_drink,72.92,False
2026-02-16,P048,Red Bull,soft_drink,55.8,False
2026-02-16,P049,Ginger Beer,soft_drink,40.2,False
2026-02-16,P050,Orange Juice,juice,4.0,False
2026-02-16,P051,Cranberry Juice,juice,4.0,False
2026-02-16,P052,Lime Juice,juice,11.458,False
2026-02-16,P053,Lemon Juice,juice,6.275,False
2026-02-16,P054,Sugar Syrup,cocktail_ingredient,7.842,False
2026-02-16,P055,Fresh Mint,cocktail_ingredient,3.619,False
2026-02-16,P056,Coffee Beans,cocktail_ingredient,6.016,False
2026-02-16,K001,Carlsberg 50L,draught_beer,5.113,False
2026-02-16,K002,Tuborg 50L,draught_beer,3.542,False
2026-02-16,K003,Carlsberg 30L,draught_beer,5.853,False
2026-02-16,K004,Malka 30L,draught_beer,4.785,False
2026-02-16,K005,Weihenstephan 30L,draught_beer,4.356,False
2026-02-17,P001,Carlsberg,beer,53.4,False
2026-02-17,P002,Heineken,beer,41.6,False
2026-02-17,P003,Corona,beer,49.2,False
2026-02-17,P004,Guinness,beer,32.6,False
2026-02-17,P005,Goldstar,beer,49.6,False
2026-02-17,P006,Maccabee,beer,18.0,False
2026-02-17,P007,Stella Artois,beer,30.4,False
2026-02-17,P008,Erdinger,beer,29.2,False
2026-02-17,P009,Bombay Sapphire,gin,15.738,False
2026-02-17,P010,Tanqueray,gin,15.146,False
2026-02-17,P011,Hendrick's,gin,12.171,False
2026-02-17,P012,Beefeater,gin,14.547,False
2026-02-17,P013,Gordon's,gin,18.963,False
2026-02-17,P014,Absolut,vodka,20.93,False
2026-02-17,P015,Finlandia,vodka,2.889,False
2026-02-17,P016,Grey Goose,vodka,3.995,False
2026-02-17,P017,Belvedere,vodka,3.49,False
2026-02-17,P018,Stolichnaya,vodka,2.975,False
2026-02-17,P019,Jameson,whiskey,9.017,False
2026-02-17,P020,Jack Daniel's,whiskey,5.876,False
2026-02-17,P021,Johnnie Walker Black,whiskey,15.137,False
2026-02-17,P022,Chivas Regal,whiskey,3.403,False
2026-02-17,P023,Maker's Mark,whiskey,3.404,False
2026-02-17,P024,Glenfiddich 12,whiskey,3.747,False
2026-02-17,P025,Bacardi Carta Blanca,rum,15.996,False
2026-02-17,P026,Havana Club 3,rum,3.489,False
2026-02-17,P027,Captain Morgan,rum,14.031,False
2026-02-17,P028,Diplomatico Reserva,rum,2.974,False
2026-02-17,P029,Jose Cuervo,tequila,11.563,False
2026-02-17,P030,Olmeca Blanco,tequila,3.061,False
2026-02-17,P031,Patron Silver,tequila,17.502,False
2026-02-17,P032,Don Julio Blanco,tequila,14.375,False
2026-02-17,P033,Aperol,aperitif,14.057,False
2026-02-17,P034,Campari,aperitif,14.658,False
2026-02-17,P035,Cointreau,liqueur,4.41,False
2026-02-17,P036,Kahlua,liqueur,4.035,False
2026-02-17,P037,Martini Rosso,vermouth,11.932,False
2026-02-17,P038,House Red Wine,wine,24.67,False
2026-02-17,P039,House White Wine,wine,23.192,False
2026-02-17,P040,Rose Wine,wine,17.0,False
2026-02-17,P041,Prosecco,wine,27.696,False
2026-02-17,P042,Chardonnay,wine,9.24,False
2026-02-17,P043,Coca-Cola,soft_drink,77.7,False
2026-02-17,P044,Coca-Cola Zero,soft_drink,53.6,False
2026-02-17,P045,Sprite,soft_drink,41.2,False
2026-02-17,P046,Tonic Water,soft_drink,49.62,False
2026-02-17,P047,Soda Water,soft_drink,67.76,False
2026-02-17,P048,Red Bull,soft_drink,50.8,False
2026-02-17,P049,Ginger Beer,soft_drink,39.2,False
2026-02-17,P050,Orange Juice,juice,4.0,False
2026-02-17,P051,Cranberry Juice,juice,4.0,False
2026-02-17,P052,Lime Juice,juice,11.138,False
2026-02-17,P053,Lemon Juice,juice,6.175,False
2026-02-17,P054,Sugar Syrup,cocktail_ingredient,7.712,False
2026-02-17,P055,Fresh Mint,cocktail_ingredient,3.547,False
2026-02-17,P056,Coffee Beans,cocktail_ingredient,6.007,False
2026-02-17,K001,Carlsberg 50L,draught_beer,4.63,False
2026-02-17,K002,Tuborg 50L,draught_beer,3.509,False
2026-02-17,K003,Carlsberg 30L,draught_beer,5.423,False
2026-02-17,K004,Malka 30L,draught_beer,4.637,False
2026-02-17,K005,Weihenstephan 30L,draught_beer,3.967,False
2026-02-18,P001,Carlsberg,beer,70.4,False
2026-02-18,P002,Heineken,beer,56.6,False
2026-02-18,P003,Corona,beer,66.2,False
2026-02-18,P004,Guinness,beer,28.6,False
2026-02-18,P005,Goldstar,beer,68.6,False
2026-02-18,P006,Maccabee,beer,39.0,False
2026-02-18,P007,Stella Artois,beer,50.4,False
2026-02-18,P008,Erdinger,beer,26.2,False
2026-02-18,P009,Bombay Sapphire,gin,15.652,False
2026-02-18,P010,Tanqueray,gin,14.974,False
2026-02-18,P011,Hendrick's,gin,11.742,False
2026-02-18,P012,Beefeater,gin,14.461,False
2026-02-18,P013,Gordon's,gin,18.101,False
2026-02-18,P014,Absolut,vodka,19.88,False
2026-02-18,P015,Finlandia,vodka,2.718,False
2026-02-18,P016,Grey Goose,vodka,3.738,False
2026-02-18,P017,Belvedere,vodka,3.404,False
2026-02-18,P018,Stolichnaya,vodka,2.804,False
2026-02-18,P019,Jameson,whiskey,8.503,False
2026-02-18,P020,Jack Daniel's,whiskey,5.705,False
2026-02-18,P021,Johnnie Walker Black,whiskey,14.966,False
2026-02-18,P022,Chivas Regal,whiskey,3.231,False
2026-02-18,P023,Maker's Mark,whiskey,3.318,False
2026-02-18,P024,Glenfiddich 12,whiskey,3.661,False
2026-02-18,P025,Bacardi Carta Blanca,rum,14.697,False
2026-02-18,P026,Havana Club 3,rum,3.232,False
2026-02-18,P027,Captain Morgan,rum,13.86,False
2026-02-18,P028,Diplomatico Reserva,rum,2.974,False
2026-02-18,P029,Jose Cuervo,tequila,11.223,False
2026-02-18,P030,Olmeca Blanco,tequila,2.975,False
2026-02-18,P031,Patron Silver,tequila,16.831,False
2026-02-18,P032,Don Julio Blanco,tequila,14.29,False
2026-02-18,P033,Aperol,aperitif,12.6,False
2026-02-18,P034,Campari,aperitif,14.143,False
2026-02-18,P035,Cointreau,liqueur,4.018,False
2026-02-18,P036,Kahlua,liqueur,3.692,False
2026-02-18,P037,Martini Rosso,vermouth,11.589,False
2026-02-18,P038,House Red Wine,wine,23.694,False
2026-02-18,P039,House White Wine,wine,22.216,False
2026-02-18,P040,Rose Wine,wine,16.8,False
2026-02-18,P041,Prosecco,wine,25.376,False
2026-02-18,P042,Chardonnay,wine,8.84,False
2026-02-18,P043,Coca-Cola,soft_drink,63.2,False
2026-02-18,P044,Coca-Cola Zero,soft_drink,48.6,False
2026-02-18,P045,Sprite,soft_drink,37.2,False
2026-02-18,P046,Tonic Water,soft_drink,43.82,False
2026-02-18,P047,Soda Water,soft_drink,61.48,False
2026-02-18,P048,Red Bull,soft_drink,45.8,False
2026-02-18,P049,Ginger Beer,soft_drink,37.2,False
2026-02-18,P050,Orange Juice,juice,4.0,False
2026-02-18,P051,Cranberry Juice,juice,4.0,False
2026-02-18,P052,Lime Juice,juice,10.653,False
2026-02-18,P053,Lemon Juice,juice,6.05,False
2026-02-18,P054,Sugar Syrup,cocktail_ingredient,7.457,False
2026-02-18,P055,Fresh Mint,cocktail_ingredient,3.448,False
2026-02-18,P056,Coffee Beans,cocktail_ingredient,5.926,False
2026-02-18,K001,Carlsberg 50L,draught_beer,5.203,False
2026-02-18,K002,Tuborg 50L,draught_beer,3.34,False
2026-02-18,K003,Carlsberg 30L,draught_beer,5.726,False
2026-02-18,K004,Malka 30L,draught_beer,5.046,False
2026-02-18,K005,Weihenstephan 30L,draught_beer,4.699,False
2026-02-19,P001,Carlsberg,beer,61.4,False
2026-02-19,P002,Heineken,beer,46.6,False
2026-02-19,P003,Corona,beer,57.2,False
2026-02-19,P004,Guinness,beer,24.6,False
2026-02-19,P005,Goldstar,beer,59.6,False
2026-02-19,P006,Maccabee,beer,35.0,False
2026-02-19,P007,Stella Artois,beer,45.4,False
2026-02-19,P008,Erdinger,beer,22.2,False
2026-02-19,P009,Bombay Sapphire,gin,15.395,False
2026-02-19,P010,Tanqueray,gin,14.717,False
2026-02-19,P011,Hendrick's,gin,11.143,False
2026-02-19,P012,Beefeater,gin,14.375,False
2026-02-19,P013,Gordon's,gin,16.654,False
2026-02-19,P014,Absolut,vodka,18.666,False
2026-02-19,P015,Finlandia,vodka,2.546,False
2026-02-19,P016,Grey Goose,vodka,3.395,False
2026-02-19,P017,Belvedere,vodka,3.318,False
2026-02-19,P018,Stolichnaya,vodka,2.632,False
2026-02-19,P019,Jameson,whiskey,7.817,False
2026-02-19,P020,Jack Daniel's,whiskey,5.105,False
2026-02-19,P021,Johnnie Walker Black,whiskey,14.623,False
2026-02-19,P022,Chivas Regal,whiskey,2.974,False
2026-02-19,P023,Maker's Mark,whiskey,3.147,False
2026-02-19,P024,Glenfiddich 12,whiskey,3.575,False
2026-02-19,P025,Bacardi Carta Blanca,rum,12.571,False
2026-02-19,P026,Havana Club 3,rum,3.06,False
2026-02-19,P027,Captain Morgan,rum,13.689,False
2026-02-19,P028,Diplomatico Reserva,rum,2.888,False
2026-02-19,P029,Jose Cuervo,tequila,10.857,False
2026-02-19,P030,Olmeca Blanco,tequila,2.804,False
2026-02-19,P031,Patron Silver,tequila,15.502,False
2026-02-19,P032,Don Julio Blanco,tequila,14.118,False
2026-02-19,P033,Aperol,aperitif,10.543,False
2026-02-19,P034,Campari,aperitif,13.629,False
2026-02-19,P035,Cointreau,liqueur,3.375,False
2026-02-19,P036,Kahlua,liqueur,3.235,False
2026-02-19,P037,Martini Rosso,vermouth,11.161,False
2026-02-19,P038,House Red Wine,wine,21.498,False
2026-02-19,P039,House White Wine,wine,19.288,False
2026-02-19,P040,Rose Wine,wine,16.4,False
2026-02-19,P041,Prosecco,wine,22.376,False
2026-02-19,P042,Chardonnay,wine,8.04,False
2026-02-19,P043,Coca-Cola,soft_drink,99.6,False
2026-02-19,P044,Coca-Cola Zero,soft_drink,66.6,False
2026-02-19,P045,Sprite,soft_drink,50.2,False
2026-02-19,P046,Tonic Water,soft_drink,56.82,False
2026-02-19,P047,Soda Water,soft_drink,53.0,False
2026-02-19,P048,Red Bull,soft_drink,39.8,False
2026-02-19,P049,Ginger Beer,soft_drink,35.2,False
2026-02-19,P050,Orange Juice,juice,4.0,False
2026-02-19,P051,Cranberry Juice,juice,4.0,False
2026-02-19,P052,Lime Juice,juice,9.728,False
2026-02-19,P053,Lemon Juice,juice,5.9,False
2026-02-19,P054,Sugar Syrup,cocktail_ingredient,7.072,False
2026-02-19,P055,Fresh Mint,cocktail_ingredient,3.277,False
2026-02-19,P056,Coffee Beans,cocktail_ingredient,5.836,False
2026-02-19,K001,Carlsberg 50L,draught_beer,4.769,False
2026-02-19,K002,Tuborg 50L,draught_beer,3.115,False
2026-02-19,K003,Carlsberg 30L,draught_beer,5.229,False
2026-02-19,K004,Malka 30L,draught_beer,4.563,False
2026-02-19,K005,Weihenstephan 30L,draught_beer,4.149,False
2026-02-20,P001,Carlsberg,beer,49.4,False
2026-02-20,P002,Heineken,beer,33.6,False
2026-02-20,P003,Corona,beer,50.2,False
2026-02-20,P004,Guinness,beer,21.6,False
2026-02-20,P005,Goldstar,beer,48.6,False
2026-02-20,P006,Maccabee,beer,30.0,False
2026-02-20,P007,Stella Artois,beer,40.4,False
2026-02-20,P008,Erdinger,beer,19.2,False
2026-02-20,P009,Bombay Sapphire,gin,14.966,False
2026-02-20,P010,Tanqueray,gin,14.46,False
2026-02-20,P011,Hendrick's,gin,10.543,False
2026-02-20,P012,Beefeater,gin,14.204,False
2026-02-20,P013,Gordon's,gin,15.129,False
2026-02-20,P014,Absolut,vodka,17.616,False
2026-02-20,P015,Finlandia,vodka,14.461,False
2026-02-20,P016,Grey Goose,vodka,15.053,False
2026-02-20,P017,Belvedere,vodka,3.061,False
2026-02-20,P018,Stolichnaya,vodka,2.461,False
2026-02-20,P019,Jameson,whiskey,7.389,False
2026-02-20,P020,Jack Daniel's,whiskey,16.505,False
2026-02-20,P021,Johnnie Walker Black,whiskey,14.366,False
2026-02-20,P022,Chivas Regal,whiskey,14.803,False
2026-02-20,P023,Maker's Mark,whiskey,2.975,False
2026-02-20,P024,Glenfiddich 12,whiskey,3.404,False
2026-02-20,P025,Bacardi Carta Blanca,rum,22.384,False
2026-02-20,P026,Havana Club 3,rum,14.803,False
2026-02-20,P027,Captain Morgan,rum,13.432,False
2026-02-20,P028,Diplomatico Reserva,rum,2.802,False
2026-02-20,P029,Jose Cuervo,tequila,10.413,False
2026-02-20,P030,Olmeca Blanco,tequila,14.632,False
2026-02-20,P031,Patron Silver,tequila,14.317,False
2026-02-20,P032,Don Julio Blanco,tequila,13.947,False
2026-02-20,P033,Aperol,aperitif,20.486,False
2026-02-20,P034,Campari,aperitif,13.029,False
2026-02-20,P035,Cointreau,liqueur,14.81,False
2026-02-20,P036,Kahlua,liqueur,14.892,False
2026-02-20,P037,Martini Rosso,vermouth,10.732,False
2026-02-20,P038,House Red Wine,wine,19.302,False
2026-02-20,P039,House White Wine,wine,16.604,False
2026-02-20,P040,Rose Wine,wine,15.4,False
2026-02-20,P041,Prosecco,wine,31.056,False
2026-02-20,P042,Chardonnay,wine,7.44,False
2026-02-20,P043,Coca-Cola,soft_drink,85.1,False
2026-02-20,P044,Coca-Cola Zero,soft_drink,56.6,False
2026-02-20,P045,Sprite,soft_drink,43.2,False
2026-02-20,P046,Tonic Water,soft_drink,47.82,False
2026-02-20,P047,Soda Water,soft_drink,45.34,False
2026-02-20,P048,Red Bull,soft_drink,33.8,False
2026-02-20,P049,Ginger Beer,soft_drink,33.2,False
2026-02-20,P050,Orange Juice,juice,4.0,False
2026-02-20,P051,Cranberry Juice,juice,4.0,False
2026-02-20,P052,Lime Juice,juice,8.838,False
2026-02-20,P053,Lemon Juice,juice,5.775,False
2026-02-20,P054,Sugar Syrup,cocktail_ingredient,6.682,False
2026-02-20,P055,Fresh Mint,cocktail_ingredient,3.097,False
2026-02-20,P056,Coffee Beans,cocktail_ingredient,5.755,False
2026-02-20,K001,Carlsberg 50L,draught_beer,4.229,False
2026-02-20,K002,Tuborg 50L,draught_beer,2.801,False
2026-02-20,K003,Carlsberg 30L,draught_beer,4.491,False
2026-02-20,K004,Malka 30L,draught_beer,3.892,False
2026-02-20,K005,Weihenstephan 30L,draught_beer,3.853,False
2026-02-21,P001,Carlsberg,beer,64.4,False
2026-02-21,P002,Heineken,beer,49.6,False
2026-02-21,P003,Corona,beer,67.2,False
2026-02-21,P004,Guinness,beer,39.6,False
2026-02-21,P005,Goldstar,beer,64.6,False
2026-02-21,P006,Maccabee,beer,50.0,False
2026-02-21,P007,Stella Artois,beer,34.4,False
2026-02-21,P008,Erdinger,beer,40.2,False
2026-02-21,P009,Bombay Sapphire,gin,14.624,False
2026-02-21,P010,Tanqueray,gin,14.203,False
2026-02-21,P011,Hendrick's,gin,9.985,False
2026-02-21,P012,Beefeater,gin,14.033,False
2026-02-21,P013,Gordon's,gin,13.491,False
2026-02-21,P014,Absolut,vodka,16.001,False
2026-02-21,P015,Finlandia,vodka,14.289,False
2026-02-21,P016,Grey Goose,vodka,14.71,False
2026-02-21,P017,Belvedere,vodka,2.89,False
2026-02-21,P018,Stolichnaya,vodka,2.204,False
2026-02-21,P019,Jameson,whiskey,6.703,False
2026-02-21,P020,Jack Daniel's,whiskey,15.733,False
2026-02-21,P021,Johnnie Walker Black,whiskey,13.937,False
2026-02-21,P022,Chivas Regal,whiskey,14.46,False
2026-02-21,P023,Maker's Mark,whiskey,2.804,False
2026-02-21,P024,Glenfiddich 12,whiskey,3.232,False
2026-02-21,P025,Bacardi Carta Blanca,rum,20.414,False
2026-02-21,P026,Havana Club 3,rum,14.46,False
2026-02-21,P027,Captain Morgan,rum,13.089,False
2026-02-21,P028,Diplomatico Reserva,rum,2.716,False
2026-02-21,P029,Jose Cuervo,tequila,9.838,False
2026-02-21,P030,Olmeca Blanco,tequila,14.375,False
2026-02-21,P031,Patron Silver,tequila,12.845,False
2026-02-21,P032,Don Julio Blanco,tequila,13.775,False
2026-02-21,P033,Aperol,aperitif,17.829,False
2026-02-21,P034,Campari,aperitif,12.472,False
2026-02-21,P035,Cointreau,liqueur,14.11,False
2026-02-21,P036,Kahlua,liqueur,14.235,False
2026-02-21,P037,Martini Rosso,vermouth,10.261,False
2026-02-21,P038,House Red Wine,wine,17.35,False
2026-02-21,P039,House White Wine,wine,14.652,False
2026-02-21,P040,Rose Wine,wine,14.4,False
2026-02-21,P041,Prosecco,wine,26.616,False
2026-02-21,P042,Chardonnay,wine,6.44,False
2026-02-21,P043,Coca-Cola,soft_drink,72.5,False
2026-02-21,P044,Coca-Cola Zero,soft_drink,45.6,False
2026-02-21,P045,Sprite,soft_drink,36.2,False
2026-02-21,P046,Tonic Water,soft_drink,36.52,False
2026-02-21,P047,Soda Water,soft_drink,33.8,False
2026-02-21,P048,Red Bull,soft_drink,22.8,False
2026-02-21,P049,Ginger Beer,soft_drink,30.2,False
2026-02-21,P050,Orange Juice,juice,4.0,False
2026-02-21,P051,Cranberry Juice,juice,4.0,False
2026-02-21,P052,Lime Juice,juice,7.928,False
2026-02-21,P053,Lemon Juice,juice,5.625,False
2026-02-21,P054,Sugar Syrup,cocktail_ingredient,6.302,False
2026-02-21,P055,Fresh Mint,cocktail_ingredient,2.953,False
2026-02-21,P056,Coffee Beans,cocktail_ingredient,5.629,False
2026-02-21,K001,Carlsberg 50L,draught_beer,4.77,False
2026-02-21,K002,Tuborg 50L,draught_beer,5.479,False
2026-02-21,K003,Carlsberg 30L,draught_beer,5.578,False
2026-02-21,K004,Malka 30L,draught_beer,5.329,False
2026-02-21,K005,Weihenstephan 30L,draught_beer,4.491,False
2026-02-22,P001,Carlsberg,beer,56.4,False
2026-02-22,P002,Heineken,beer,44.6,False
2026-02-22,P003,Corona,beer,62.2,False
2026-02-22,P004,Guinness,beer,37.6,False
2026-02-22,P005,Goldstar,beer,64.6,False
2026-02-22,P006,Maccabee,beer,47.0,False
2026-02-22,P007,Stella Artois,beer,30.4,False
2026-02-22,P008,Erdinger,beer,39.2,False
2026-02-22,P009,Bombay Sapphire,gin,14.367,False
2026-02-22,P010,Tanqueray,gin,13.946,False
2026-02-22,P011,Hendrick's,gin,9.557,False
2026-02-22,P012,Beefeater,gin,13.947,False
2026-02-22,P013,Gordon's,gin,12.558,False
2026-02-22,P014,Absolut,vodka,15.308,False
2026-02-22,P015,Finlandia,vodka,14.204,False
2026-02-22,P016,Grey Goose,vodka,14.453,False
2026-02-22,P017,Belvedere,vodka,2.719,False
2026-02-22,P018,Stolichnaya,vodka,14.033,False
2026-02-22,P019,Jameson,whiskey,6.274,False
2026-02-22,P020,Jack Daniel's,whiskey,15.39,False
2026-02-22,P021,Johnnie Walker Black,whiskey,13.68,False
2026-02-22,P022,Chivas Regal,whiskey,14.203,False
2026-02-22,P023,Maker's Mark,whiskey,2.632,False
2026-02-22,P024,Glenfiddich 12,whiskey,3.147,False
2026-02-22,P025,Bacardi Carta Blanca,rum,19.255,False
2026-02-22,P026,Havana Club 3,rum,14.289,False
2026-02-22,P027,Captain Morgan,rum,12.917,False
2026-02-22,P028,Diplomatico Reserva,rum,2.631,False
2026-02-22,P029,Jose Cuervo,tequila,9.655,False
2026-02-22,P030,Olmeca Blanco,tequila,14.29,False
2026-02-22,P031,Patron Silver,tequila,11.945,False
2026-02-22,P032,Don Julio Blanco,tequila,13.775,False
2026-02-22,P033,Aperol,aperitif,16.457,False
2026-02-22,P034,Campari,aperitif,12.043,False
2026-02-22,P035,Cointreau,liqueur,13.703,False
2026-02-22,P036,Kahlua,liqueur,13.835,False
2026-02-22,P037,Martini Rosso,vermouth,10.003,False
2026-02-22,P038,House Red Wine,wine,16.374,False
2026-02-22,P039,House White Wine,wine,12.944,False
2026-02-22,P040,Rose Wine,wine,13.6,False
2026-02-22,P041,Prosecco,wine,24.536,False
2026-02-22,P042,Chardonnay,wine,6.04,False
2026-02-22,P043,Coca-Cola,soft_drink,66.2,False
2026-02-22,P044,Coca-Cola Zero,soft_drink,39.6,False
2026-02-22,P045,Sprite,soft_drink,32.2,False
2026-02-22,P046,Tonic Water,soft_drink,31.02,False
2026-02-22,P047,Soda Water,soft_drink,27.76,False
2026-02-22,P048,Red Bull,soft_drink,20.8,False
2026-02-22,P049,Ginger Beer,soft_drink,28.2,False
2026-02-22,P050,Orange Juice,juice,4.0,False
2026-02-22,P051,Cranberry Juice,juice,4.0,False
2026-02-22,P052,Lime Juice,juice,7.408,False
2026-02-22,P053,Lemon Juice,juice,5.55,False
2026-02-22,P054,Sugar Syrup,cocktail_ingredient,6.072,False
2026-02-22,P055,Fresh Mint,cocktail_ingredient,2.863,False
2026-02-22,P056,Coffee Beans,cocktail_ingredient,5.557,False
2026-02-22,K001,Carlsberg 50L,draught_beer,4.343,False
2026-02-22,K002,Tuborg 50L,draught_beer,5.189,False
2026-02-22,K003,Carlsberg 30L,draught_beer,5.189,False
2026-02-22,K004,Malka 30L,draught_beer,4.899,False
2026-02-22,K005,Weihenstephan 30L,draught_beer,4.236,False
2026-02-23,P001,Carlsberg,beer,50.4,False
2026-02-23,P002,Heineken,beer,38.6,False
2026-02-23,P003,Corona,beer,57.2,False
2026-02-23,P004,Guinness,beer,36.6,False
2026-02-23,P005,Goldstar,beer,58.6,False
2026-02-23,P006,Maccabee,beer,44.0,False
2026-02-23,P007,Stella Artois,beer,28.4,False
2026-02-23,P008,Erdinger,beer,38.2,False
2026-02-23,P009,Bombay Sapphire,gin,14.195,False
2026-02-23,P010,Tanqueray,gin,13.774,False
2026-02-23,P011,Hendrick's,gin,9.171,False
2026-02-23,P012,Beefeater,gin,13.861,False
2026-02-23,P013,Gordon's,gin,11.669,False
2026-02-23,P014,Absolut,vodka,14.58,False
2026-02-23,P015,Finlandia,vodka,14.118,False
2026-02-23,P016,Grey Goose,vodka,14.281,False
2026-02-23,P017,Belvedere,vodka,2.633,False
2026-02-23,P018,Stolichnaya,vodka,13.947,False
2026-02-23,P019,Jameson,whiskey,5.76,False
2026-02-23,P020,Jack Daniel's,whiskey,14.962,False
2026-02-23,P021,Johnnie Walker Black,whiskey,13.423,False
2026-02-23,P022,Chivas Regal,whiskey,14.031,False
2026-02-23,P023,Maker's Mark,whiskey,2.547,False
2026-02-23,P024,Glenfiddich 12,whiskey,3.061,False
2026-02-23,P025,Bacardi Carta Blanca,rum,18.227,False
2026-02-23,P026,Havana Club 3,rum,14.203,False
2026-02-23,P027,Captain Morgan,rum,12.832,False
2026-02-23,P028,Diplomatico Reserva,rum,2.631,False
2026-02-23,P029,Jose Cuervo,tequila,9.498,False
2026-02-23,P030,Olmeca Blanco,tequila,14.204,False
2026-02-23,P031,Patron Silver,tequila,11.131,False
2026-02-23,P032,Don Julio Blanco,tequila,13.69,False
2026-02-23,P033,Aperol,aperitif,15.6,False
2026-02-23,P034,Campari,aperitif,11.743,False
2026-02-23,P035,Cointreau,liqueur,13.403,False
2026-02-23,P036,Kahlua,liqueur,13.492,False
2026-02-23,P037,Martini Rosso,vermouth,9.789,False
2026-02-23,P038,House Red Wine,wine,14.91,False
2026-02-23,P039,House White Wine,wine,11.724,False
2026-02-23,P040,Rose Wine,wine,12.8,False
2026-02-23,P041,Prosecco,wine,22.856,False
2026-02-23,P042,Chardonnay,wine,5.84,False
2026-02-23,P043,Coca-Cola,soft_drink,83.0,False
2026-02-23,P044,Coca-Cola Zero,soft_drink,60.6,False
2026-02-23,P045,Sprite,soft_drink,54.2,False
2026-02-23,P046,Tonic Water,soft_drink,76.22,False
2026-02-23,P047,Soda Water,soft_drink,73.02,False
2026-02-23,P048,Red Bull,soft_drink,41.8,False
2026-02-23,P049,Ginger Beer,soft_drink,27.2,False
2026-02-23,P050,Orange Juice,juice,4.0,False
2026-02-23,P051,Cranberry Juice,juice,4.0,False
2026-02-23,P052,Lime Juice,juice,6.888,False
2026-02-23,P053,Lemon Juice,juice,5.5,False
2026-02-23,P054,Sugar Syrup,cocktail_ingredient,5.832,False
2026-02-23,P055,Fresh Mint,cocktail_ingredient,8.773,False
2026-02-23,P056,Coffee Beans,cocktail_ingredient,5.476,False
2026-02-23,K001,Carlsberg 50L,draught_beer,4.263,False
2026-02-23,K002,Tuborg 50L,draught_beer,4.979,False
2026-02-23,K003,Carlsberg 30L,draught_beer,4.934,False
2026-02-23,K004,Malka 30L,draught_beer,4.698,False
2026-02-23,K005,Weihenstephan 30L,draught_beer,4.048,False
2026-02-24,P001,Carlsberg,beer,45.4,False
2026-02-24,P002,Heineken,beer,33.6,False
2026-02-24,P003,Corona,beer,51.2,False
2026-02-24,P004,Guinness,beer,33.6,False
2026-02-24,P005,Goldstar,beer,52.6,False
2026-02-24,P006,Maccabee,beer,40.0,False
2026-02-24,P007,Stella Artois,beer,24.4,False
2026-02-24,P008,Erdinger,beer,36.2,False
2026-02-24,P009,Bombay Sapphire,gin,13.938,False
2026-02-24,P010,Tanqueray,gin,13.689,False
2026-02-24,P011,Hendrick's,gin,8.871,False
2026-02-24,P012,Beefeater,gin,13.69,False
2026-02-24,P013,Gordon's,gin,22.615,False
2026-02-24,P014,Absolut,vodka,13.901,False
2026-02-24,P015,Finlandia,vodka,14.032,False
2026-02-24,P016,Grey Goose,vodka,14.11,False
2026-02-24,P017,Belvedere,vodka,14.547,False
2026-02-24,P018,Stolichnaya,vodka,13.861,False
2026-02-24,P019,Jameson,whiskey,17.674,False
2026-02-24,P020,Jack Daniel's,whiskey,14.876,False
2026-02-24,P021,Johnnie Walker Black,whiskey,13.252,False
2026-02-24,P022,Chivas Regal,whiskey,13.774,False
2026-02-24,P023,Maker's Mark,whiskey,14.547,False
2026-02-24,P024,Glenfiddich 12,whiskey,2.975,False
2026-02-24,P025,Bacardi Carta Blanca,rum,16.737,False
2026-02-24,P026,Havana Club 3,rum,14.032,False
2026-02-24,P027,Captain Morgan,rum,12.66,False
2026-02-24,P028,Diplomatico Reserva,rum,2.545,False
2026-02-24,P029,Jose Cuervo,tequila,9.263,False
2026-02-24,P030,Olmeca Blanco,tequila,14.032,False
2026-02-24,P031,Patron Silver,tequila,10.659,False
2026-02-24,P032,Don Julio Blanco,tequila,13.604,False
2026-02-24,P033,Aperol,aperitif,13.629,False
2026-02-24,P034,Campari,aperitif,11.443,False
2026-02-24,P035,Cointreau,liqueur,13.125,False
2026-02-24,P036,Kahlua,liqueur,13.206,False
2026-02-24,P037,Martini Rosso,vermouth,9.661,False
2026-02-24,P038,House Red Wine,wine,25.934,False
2026-02-24,P039,House White Wine,wine,22.504,False
2026-02-24,P040,Rose Wine,wine,12.2,False
2026-02-24,P041,Prosecco,wine,31.536,False
2026-02-24,P042,Chardonnay,wine,17.44,False
2026-02-24,P043,Coca-Cola,soft_drink,78.5,False
2026-02-24,P044,Coca-Cola Zero,soft_drink,52.6,False
2026-02-24,P045,Sprite,soft_drink,49.2,False
2026-02-24,P046,Tonic Water,soft_drink,71.12,False
2026-02-24,P047,Soda Water,soft_drink,67.32,False
2026-02-24,P048,Red Bull,soft_drink,37.8,False
2026-02-24,P049,Ginger Beer,soft_drink,26.2,False
2026-02-24,P050,Orange Juice,juice,4.0,False
2026-02-24,P051,Cranberry Juice,juice,4.0,False
2026-02-24,P052,Lime Juice,juice,6.498,False
2026-02-24,P053,Lemon Juice,juice,5.375,False
2026-02-24,P054,Sugar Syrup,cocktail_ingredient,5.582,False
2026-02-24,P055,Fresh Mint,cocktail_ingredient,8.665,False
2026-02-24,P056,Coffee Beans,cocktail_ingredient,5.413,False
2026-02-24,K001,Carlsberg 50L,draught_beer,4.021,False
2026-02-24,K002,Tuborg 50L,draught_beer,4.786,False
2026-02-24,K003,Carlsberg 30L,draught_beer,4.639,False
2026-02-24,K004,Malka 30L,draught_beer,4.362,False
2026-02-24,K005,Weihenstephan 30L,draught_beer,3.847,False
2026-02-25,P001,Carlsberg,beer,86.4,False
2026-02-25,P002,Heineken,beer,54.6,False
2026-02-25,P003,Corona,beer,69.2,False
2026-02-25,P004,Guinness,beer,31.6,False
2026-02-25,P005,Goldstar,beer,69.6,False
2026-02-25,P006,Maccabee,beer,36.0,False
2026-02-25,P007,Stella Artois,beer,46.4,False
2026-02-25,P008,Erdinger,beer,34.2,False
2026-02-25,P009,Bombay Sapphire,gin,13.681,False
2026-02-25,P010,Tanqueray,gin,13.517,False
2026-02-25,P011,Hendrick's,gin,8.571,False
2026-02-25,P012,Beefeater,gin,13.518,False
2026-02-25,P013,Gordon's,gin,21.84,False
2026-02-25,P014,Absolut,vodka,13.08,False
2026-02-25,P015,Finlandia,vodka,13.947,False
2026-02-25,P016,Grey Goose,vodka,13.853,False
2026-02-25,P017,Belvedere,vodka,14.461,False
2026-02-25,P018,Stolichnaya,vodka,13.775,False
2026-02-25,P019,Jameson,whiskey,17.331,False
2026-02-25,P020,Jack Daniel's,whiskey,14.619,False
2026-02-25,P021,Johnnie Walker Black,whiskey,13.166,False
2026-02-25,P022,Chivas Regal,whiskey,13.689,False
2026-02-25,P023,Maker's Mark,whiskey,14.461,False
2026-02-25,P024,Glenfiddich 12,whiskey,2.89,False
2026-02-25,P025,Bacardi Carta Blanca,rum,15.874,False
2026-02-25,P026,Havana Club 3,rum,13.946,False
2026-02-25,P027,Captain Morgan,rum,12.489,False
2026-02-25,P028,Diplomatico Reserva,rum,2.545,False
2026-02-25,P029,Jose Cuervo,tequila,8.923,False
2026-02-25,P030,Olmeca Blanco,tequila,13.947,False
2026-02-25,P031,Patron Silver,tequila,10.045,False
2026-02-25,P032,Don Julio Blanco,tequila,13.518,False
2026-02-25,P033,Aperol,aperitif,12.515,False
2026-02-25,P034,Campari,aperitif,11.057,False
2026-02-25,P035,Cointreau,liqueur,12.789,False
2026-02-25,P036,Kahlua,liqueur,12.977,False
2026-02-25,P037,Martini Rosso,vermouth,9.361,False
2026-02-25,P038,House Red Wine,wine,23.982,False
2026-02-25,P039,House White Wine,wine,21.04,False
2026-02-25,P040,Rose Wine,wine,11.8,False
2026-02-25,P041,Prosecco,wine,29.496,False
2026-02-25,P042,Chardonnay,wine,17.24,False
2026-02-25,P043,Coca-Cola,soft_drink,68.0,False
2026-02-25,P044,Coca-Cola Zero,soft_drink,47.6,False
2026-02-25,P045,Sprite,soft_drink,45.2,False
2026-02-25,P046,Tonic Water,soft_drink,65.62,False
2026-02-25,P047,Soda Water,soft_drink,62.88,False
2026-02-25,P048,Red Bull,soft_drink,33.8,False
2026-02-25,P049,Ginger Beer,soft_drink,24.2,False
2026-02-25,P050,Orange Juice,juice,4.0,False
2026-02-25,P051,Cranberry Juice,juice,4.0,False
2026-02-25,P052,Lime Juice,juice,6.198,False
2026-02-25,P053,Lemon Juice,juice,5.25,False
2026-02-25,P054,Sugar Syrup,cocktail_ingredient,5.442,False
2026-02-25,P055,Fresh Mint,cocktail_ingredient,8.611,False
2026-02-25,P056,Coffee Beans,cocktail_ingredient,5.368,False
2026-02-25,K001,Carlsberg 50L,draught_beer,4.715,False
2026-02-25,K002,Tuborg 50L,draught_beer,4.641,False
2026-02-25,K003,Carlsberg 30L,draught_beer,6.102,False
2026-02-25,K004,Malka 30L,draught_beer,6.054,False
2026-02-25,K005,Weihenstephan 30L,draught_beer,4.672,False
2026-02-26,P001,Carlsberg,beer,75.4,False
2026-02-26,P002,Heineken,beer,46.6,False
2026-02-26,P003,Corona,beer,64.2,False
2026-02-26,P004,Guinness,beer,28.6,False
2026-02-26,P005,Goldstar,beer,62.6,False
2026-02-26,P006,Maccabee,beer,30.0,False
2026-02-26,P007,Stella Artois,beer,40.4,False
2026-02-26,P008,Erdinger,beer,32.2,False
2026-02-26,P009,Bombay Sapphire,gin,13.338,False
2026-02-26,P010,Tanqueray,gin,13.346,False
2026-02-26,P011,Hendrick's,gin,8.143,False
2026-02-26,P012,Beefeater,gin,13.347,False
2026-02-26,P013,Gordon's,gin,20.515,False
2026-02-26,P014,Absolut,vodka,11.994,False
2026-02-26,P015,Finlandia,vodka,13.775,False
2026-02-26,P016,Grey Goose,vodka,13.51,False
2026-02-26,P017,Belvedere,vodka,14.29,False
2026-02-26,P018,Stolichnaya,vodka,13.604,False
2026-02-26,P019,Jameson,whiskey,16.646,False
2026-02-26,P020,Jack Daniel's,whiskey,13.933,False
2026-02-26,P021,Johnnie Walker Black,whiskey,12.909,False
2026-02-26,P022,Chivas Regal,whiskey,13.431,False
2026-02-26,P023,Maker's Mark,whiskey,14.29,False
2026-02-26,P024,Glenfiddich 12,whiskey,2.718,False
2026-02-26,P025,Bacardi Carta Blanca,rum,13.765,False
2026-02-26,P026,Havana Club 3,rum,13.603,False
2026-02-26,P027,Captain Morgan,rum,12.232,False
2026-02-26,P028,Diplomatico Reserva,rum,2.459,False
2026-02-26,P029,Jose Cuervo,tequila,8.504,False
2026-02-26,P030,Olmeca Blanco,tequila,13.69,False
2026-02-26,P031,Patron Silver,tequila,9.017,False
2026-02-26,P032,Don Julio Blanco,tequila,13.261,False
2026-02-26,P033,Aperol,aperitif,10.372,False
2026-02-26,P034,Campari,aperitif,10.629,False
2026-02-26,P035,Cointreau,liqueur,12.275,False
2026-02-26,P036,Kahlua,liqueur,12.606,False
2026-02-26,P037,Martini Rosso,vermouth,9.018,False
2026-02-26,P038,House Red Wine,wine,22.03,False
2026-02-26,P039,House White Wine,wine,19.088,False
2026-02-26,P040,Rose Wine,wine,10.8,False
2026-02-26,P041,Prosecco,wine,26.136,False
2026-02-26,P042,Chardonnay,wine,16.84,False
2026-02-26,P043,Coca-Cola,soft_drink,79.6,False
2026-02-26,P044,Coca-Cola Zero,soft_drink,62.6,False
2026-02-26,P045,Sprite,soft_drink,61.2,False
2026-02-26,P046,Tonic Water,soft_drink,59.22,False
2026-02-26,P047,Soda Water,soft_drink,54.46,False
2026-02-26,P048,Red Bull,soft_drink,53.8,False
2026-02-26,P049,Ginger Beer,soft_drink,22.2,False
2026-02-26,P050,Orange Juice,juice,4.0,False
2026-02-26,P051,Cranberry Juice,juice,4.0,False
2026-02-26,P052,Lime Juice,juice,11.413,False
2026-02-26,P053,Lemon Juice,juice,5.15,False
2026-02-26,P054,Sugar Syrup,cocktail_ingredient,5.117,False
2026-02-26,P055,Fresh Mint,cocktail_ingredient,8.458,False
2026-02-26,P056,Coffee Beans,cocktail_ingredient,5.305,False
2026-02-26,K001,Carlsberg 50L,draught_beer,4.288,False
2026-02-26,K002,Tuborg 50L,draught_beer,4.448,False
2026-02-26,K003,Carlsberg 30L,draught_beer,5.579,False
2026-02-26,K004,Malka 30L,draught_beer,5.41,False
2026-02-26,K005,Weihenstephan 30L,draught_beer,4.216,False
2026-02-27,P001,Carlsberg,beer,56.4,False
2026-02-27,P002,Heineken,beer,33.6,False
2026-02-27,P003,Corona,beer,50.2,False
2026-02-27,P004,Guinness,beer,21.6,False
2026-02-27,P005,Goldstar,beer,51.6,False
2026-02-27,P006,Maccabee,beer,24.0,False
2026-02-27,P007,Stella Artois,beer,33.4,False
2026-02-27,P008,Erdinger,beer,27.2,False
2026-02-27,P009,Bombay Sapphire,gin,12.909,False
2026-02-27,P010,Tanqueray,gin,13.089,False
2026-02-27,P011,Hendrick's,gin,7.2,False
2026-02-27,P012,Beefeater,gin,13.09,False
2026-02-27,P013,Gordon's,gin,18.476,False
2026-02-27,P014,Absolut,vodka,9.98,False
2026-02-27,P015,Finlandia,vodka,13.518,False
2026-02-27,P016,Grey Goose,vodka,12.995,False
2026-02-27,P017,Belvedere,vodka,14.033,False
2026-02-27,P018,Stolichnaya,vodka,13.347,False
2026-02-27,P019,Jameson,whiskey,15.703,False
2026-02-27,P020,Jack Daniel's,whiskey,12.905,False
2026-02-27,P021,Johnnie Walker Black,whiskey,12.395,False
2026-02-27,P022,Chivas Regal,whiskey,13.003,False
2026-02-27,P023,Maker's Mark,whiskey,14.033,False
2026-02-27,P024,Glenfiddich 12,whiskey,14.461,False
2026-02-27,P025,Bacardi Carta Blanca,rum,22.611,False
2026-02-27,P026,Havana Club 3,rum,13.175,False
2026-02-27,P027,Captain Morgan,rum,11.889,False
2026-02-27,P028,Diplomatico Reserva,rum,14.374,False
2026-02-27,P029,Jose Cuervo,tequila,7.825,False
2026-02-27,P030,Olmeca Blanco,tequila,13.432,False
2026-02-27,P031,Patron Silver,tequila,19.259,False
2026-02-27,P032,Don Julio Blanco,tequila,13.004,False
2026-02-27,P033,Aperol,aperitif,19.286,False
2026-02-27,P034,Campari,aperitif,9.686,False
2026-02-27,P035,Cointreau,liqueur,11.375,False
2026-02-27,P036,Kahlua,liqueur,11.835,False
2026-02-27,P037,Martini Rosso,vermouth,8.246,False
2026-02-27,P038,House Red Wine,wine,18.126,False
2026-02-27,P039,House White Wine,wine,16.16,False
2026-02-27,P040,Rose Wine,wine,9.4,False
2026-02-27,P041,Prosecco,wine,20.976,False
2026-02-27,P042,Chardonnay,wine,16.24,False
2026-02-27,P043,Coca-Cola,soft_drink,55.6,False
2026-02-27,P044,Coca-Cola Zero,soft_drink,49.6,False
2026-02-27,P045,Sprite,soft_drink,50.2,False
2026-02-27,P046,Tonic Water,soft_drink,47.62,False
2026-02-27,P047,Soda Water,soft_drink,42.36,False
2026-02-27,P048,Red Bull,soft_drink,43.8,False
2026-02-27,P049,Ginger Beer,soft_drink,18.2,False
2026-02-27,P050,Orange Juice,juice,4.0,False
2026-02-27,P051,Cranberry Juice,juice,4.0,False
2026-02-27,P052,Lime Juice,juice,10.133,False
2026-02-27,P053,Lemon Juice,juice,4.9,False
2026-02-27,P054,Sugar Syrup,cocktail_ingredient,4.547,False
2026-02-27,P055,Fresh Mint,cocktail_ingredient,8.224,False
2026-02-27,P056,Coffee Beans,cocktail_ingredient,5.143,False
2026-02-27,K001,Carlsberg 50L,draught_beer,3.54,False
2026-02-27,K002,Tuborg 50L,draught_beer,3.925,False
2026-02-27,K003,Carlsberg 30L,draught_beer,4.586,False
2026-02-27,K004,Malka 30L,draught_beer,4.309,False
2026-02-27,K005,Weihenstephan 30L,draught_beer,3.491,False
2026-02-28,P001,Carlsberg,beer,66.4,False
2026-02-28,P002,Heineken,beer,48.6,False
2026-02-28,P003,Corona,beer,65.2,False
2026-02-28,P004,Guinness,beer,40.6,False
2026-02-28,P005,Goldstar,beer,66.6,False
2026-02-28,P006,Maccabee,beer,43.0,False
2026-02-28,P007,Stella Artois,beer,52.4,False
2026-02-28,P008,Erdinger,beer,24.2,False
2026-02-28,P009,Bombay Sapphire,gin,12.566,False
2026-02-28,P010,Tanqueray,gin,12.746,False
2026-02-28,P011,Hendrick's,gin,6.6,False
2026-02-28,P012,Beefeater,gin,12.918,False
2026-02-28,P013,Gordon's,gin,16.724,False
2026-02-28,P014,Absolut,vodka,8.173,False
2026-02-28,P015,Finlandia,vodka,13.347,False
2026-02-28,P016,Grey Goose,vodka,12.738,False
2026-02-28,P017,Belvedere,vodka,13.861,False
2026-02-28,P018,Stolichnaya,vodka,13.175,False
2026-02-28,P019,Jameson,whiskey,14.931,False
2026-02-28,P020,Jack Daniel's,whiskey,12.133,False
2026-02-28,P021,Johnnie Walker Black,whiskey,12.138,False
2026-02-28,P022,Chivas Regal,whiskey,12.746,False
2026-02-28,P023,Maker's Mark,whiskey,13.775,False
2026-02-28,P024,Glenfiddich 12,whiskey,14.204,False
2026-02-28,P025,Bacardi Carta Blanca,rum,20.789,False
2026-02-28,P026,Havana Club 3,rum,13.003,False
2026-02-28,P027,Captain Morgan,rum,11.632,False
2026-02-28,P028,Diplomatico Reserva,rum,14.288,False
2026-02-28,P029,Jose Cuervo,tequila,7.223,False
2026-02-28,P030,Olmeca Blanco,tequila,13.347,False
2026-02-28,P031,Patron Silver,tequila,18.231,False
2026-02-28,P032,Don Julio Blanco,tequila,12.833,False
2026-02-28,P033,Aperol,aperitif,17.315,False
2026-02-28,P034,Campari,aperitif,9.172,False
2026-02-28,P035,Cointreau,liqueur,10.796,False
2026-02-28,P036,Kahlua,liqueur,11.263,False
2026-02-28,P037,Martini Rosso,vermouth,7.818,False
2026-02-28,P038,House Red Wine,wine,15.93,False
2026-02-28,P039,House White Wine,wine,14.452,False
2026-02-28,P040,Rose Wine,wine,8.4,False
2026-02-28,P041,Prosecco,wine,17.576,False
2026-02-28,P042,Chardonnay,wine,15.64,False
2026-02-28,P043,Coca-Cola,soft_drink,37.9,False
2026-02-28,P044,Coca-Cola Zero,soft_drink,42.6,False
2026-02-28,P045,Sprite,soft_drink,42.2,False
2026-02-28,P046,Tonic Water,soft_drink,38.02,False
2026-02-28,P047,Soda Water,soft_drink,34.48,False
2026-02-28,P048,Red Bull,soft_drink,38.8,False
2026-02-28,P049,Ginger Beer,soft_drink,15.2,False
2026-02-28,P050,Orange Juice,juice,4.0,False
2026-02-28,P051,Cranberry Juice,juice,4.0,False
2026-02-28,P052,Lime Juice,juice,9.423,False
2026-02-28,P053,Lemon Juice,juice,4.725,False
2026-02-28,P054,Sugar Syrup,cocktail_ingredient,4.197,False
2026-02-28,P055,Fresh Mint,cocktail_ingredient,8.098,False
2026-02-28,P056,Coffee Beans,cocktail_ingredient,5.017,False
2026-02-28,K001,Carlsberg 50L,draught_beer,5.0,False
2026-02-28,K002,Tuborg 50L,draught_beer,4.466,False
2026-02-28,K003,Carlsberg 30L,draught_beer,5.794,False
2026-02-28,K004,Malka 30L,draught_beer,5.558,False
2026-02-28,K005,Weihenstephan 30L,draught_beer,4.116,False
2026-03-01,P001,Carlsberg,beer,56.4,False
2026-03-01,P002,Heineken,beer,39.6,False
2026-03-01,P003,Corona,beer,57.2,False
2026-03-01,P004,Guinness,beer,35.6,False
2026-03-01,P005,Goldstar,beer,56.6,False
2026-03-01,P006,Maccabee,beer,36.0,False
2026-03-01,P007,Stella Artois,beer,47.4,False
2026-03-01,P008,Erdinger,beer,20.2,False
2026-03-01,P009,Bombay Sapphire,gin,12.224,False
2026-03-01,P010,Tanqueray,gin,12.403,False
2026-03-01,P011,Hendrick's,gin,5.742,False
2026-03-01,P012,Beefeater,gin,12.747,False
2026-03-01,P013,Gordon's,gin,15.173,False
2026-03-01,P014,Absolut,vodka,6.644,False
2026-03-01,P015,Finlandia,vodka,13.175,False
2026-03-01,P016,Grey Goose,vodka,12.31,False
2026-03-01,P017,Belvedere,vodka,13.69,False
2026-03-01,P018,Stolichnaya,vodka,13.004,False
2026-03-01,P019,Jameson,whiskey,14.16,False
2026-03-01,P020,Jack Daniel's,whiskey,11.448,False
2026-03-01,P021,Johnnie Walker Black,whiskey,11.795,False
2026-03-01,P022,Chivas Regal,whiskey,12.403,False
2026-03-01,P023,Maker's Mark,whiskey,13.604,False
2026-03-01,P024,Glenfiddich 12,whiskey,14.033,False
2026-03-01,P025,Bacardi Carta Blanca,rum,18.123,False
2026-03-01,P026,Havana Club 3,rum,12.66,False
2026-03-01,P027,Captain Morgan,rum,11.203,False
2026-03-01,P028,Diplomatico Reserva,rum,14.202,False
2026-03-01,P029,Jose Cuervo,tequila,6.753,False
2026-03-01,P030,Olmeca Blanco,tequila,13.09,False
2026-03-01,P031,Patron Silver,tequila,16.974,False
2026-03-01,P032,Don Julio Blanco,tequila,12.747,False
2026-03-01,P033,Aperol,aperitif,15.686,False
2026-03-01,P034,Campari,aperitif,8.4,False
2026-03-01,P035,Cointreau,liqueur,10.182,False
2026-03-01,P036,Kahlua,liqueur,10.777,False
2026-03-01,P037,Martini Rosso,vermouth,7.218,False
2026-03-01,P038,House Red Wine,wine,13.49,False
2026-03-01,P039,House White Wine,wine,11.036,False
2026-03-01,P040,Rose Wine,wine,7.4,False
2026-03-01,P041,Prosecco,wine,15.056,False
2026-03-01,P042,Chardonnay,wine,15.04,False
2026-03-01,P043,Coca-Cola,soft_drink,25.3,False
2026-03-01,P044,Coca-Cola Zero,soft_drink,31.6,False
2026-03-01,P045,Sprite,soft_drink,33.2,False
2026-03-01,P046,Tonic Water,soft_drink,29.02,False
2026-03-01,P047,Soda Water,soft_drink,26.64,False
2026-03-01,P048,Red Bull,soft_drink,30.8,False
2026-03-01,P049,Ginger Beer,soft_drink,10.2,False
2026-03-01,P050,Orange Juice,juice,4.0,False
2026-03-01,P051,Cranberry Juice,juice,4.0,False
2026-03-01,P052,Lime Juice,juice,8.403,False
2026-03-01,P053,Lemon Juice,juice,4.575,False
2026-03-01,P054,Sugar Syrup,cocktail_ingredient,3.697,False
2026-03-01,P055,Fresh Mint,cocktail_ingredient,7.882,False
2026-03-01,P056,Coffee Beans,cocktail_ingredient,4.891,False
2026-03-01,K001,Carlsberg 50L,draught_beer,4.292,False
2026-03-01,K002,Tuborg 50L,draught_beer,4.047,False
2026-03-01,K003,Carlsberg 30L,draught_beer,5.056,False
2026-03-01,K004,Malka 30L,draught_beer,5.034,False
2026-03-01,K005,Weihenstephan 30L,draught_beer,3.713,False
2026-03-02,P001,Carlsberg,beer,48.4,False
2026-03-02,P002,Heineken,beer,35.6,False
2026-03-02,P003,Corona,beer,53.2,False
2026-03-02,P004,Guinness,beer,33.6,False
2026-03-02,P005,Goldstar,beer,47.6,False
2026-03-02,P006,Maccabee,beer,33.0,False
2026-03-02,P007,Stella Artois,beer,43.4,False
2026-03-02,P008,Erdinger,beer,18.2,False
2026-03-02,P009,Bombay Sapphire,gin,11.966,False
2026-03-02,P010,Tanqueray,gin,12.146,False
2026-03-02,P011,Hendrick's,gin,5.228,False
2026-03-02,P012,Beefeater,gin,12.576,False
2026-03-02,P013,Gordon's,gin,14.11,False
2026-03-02,P014,Absolut,vodka,5.487,False
2026-03-02,P015,Finlandia,vodka,13.004,False
2026-03-02,P016,Grey Goose,vodka,12.138,False
2026-03-02,P017,Belvedere,vodka,13.604,False
2026-03-02,P018,Stolichnaya,vodka,12.918,False
2026-03-02,P019,Jameson,whiskey,13.817,False
2026-03-02,P020,Jack Daniel's,whiskey,10.848,False
2026-03-02,P021,Johnnie Walker Black,whiskey,11.538,False
2026-03-02,P022,Chivas Regal,whiskey,12.232,False
2026-03-02,P023,Maker's Mark,whiskey,13.433,False
2026-03-02,P024,Glenfiddich 12,whiskey,13.947,False
2026-03-02,P025,Bacardi Carta Blanca,rum,16.345,False
2026-03-02,P026,Havana Club 3,rum,12.403,False
2026-03-02,P027,Captain Morgan,rum,10.946,False
2026-03-02,P028,Diplomatico Reserva,rum,14.117,False
2026-03-02,P029,Jose Cuervo,tequila,6.387,False
2026-03-02,P030,Olmeca Blanco,tequila,12.918,False
2026-03-02,P031,Patron Silver,tequila,16.302,False
2026-03-02,P032,Don Julio Blanco,tequila,12.661,False
2026-03-02,P033,Aperol,aperitif,14.572,False
2026-03-02,P034,Campari,aperitif,7.972,False
2026-03-02,P035,Cointreau,liqueur,9.853,False
2026-03-02,P036,Kahlua,liqueur,10.434,False
2026-03-02,P037,Martini Rosso,vermouth,6.96,False
2026-03-02,P038,House Red Wine,wine,12.514,False
2026-03-02,P039,House White Wine,wine,9.572,False
2026-03-02,P040,Rose Wine,wine,6.8,False
2026-03-02,P041,Prosecco,wine,13.336,False
2026-03-02,P042,Chardonnay,wine,14.64,False
2026-03-02,P043,Coca-Cola,soft_drink,88.7,False
2026-03-02,P044,Coca-Cola Zero,soft_drink,70.6,False
2026-03-02,P045,Sprite,soft_drink,53.2,False
2026-03-02,P046,Tonic Water,soft_drink,69.62,False
2026-03-02,P047,Soda Water,soft_drink,69.18,False
2026-03-02,P048,Red Bull,soft_drink,50.8,False
2026-03-02,P049,Ginger Beer,soft_drink,32.2,False
2026-03-02,P050,Orange Juice,juice,4.0,False
2026-03-02,P051,Cranberry Juice,juice,4.0,False
2026-03-02,P052,Lime Juice,juice,7.818,False
2026-03-02,P053,Lemon Juice,juice,4.425,False
2026-03-02,P054,Sugar Syrup,cocktail_ingredient,9.382,False
2026-03-02,P055,Fresh Mint,cocktail_ingredient,7.747,False
2026-03-02,P056,Coffee Beans,cocktail_ingredient,4.81,False
2026-03-02,K001,Carlsberg 50L,draught_beer,3.833,False
2026-03-02,K002,Tuborg 50L,draught_beer,3.846,False
2026-03-02,K003,Carlsberg 30L,draught_beer,4.586,False
2026-03-02,K004,Malka 30L,draught_beer,4.699,False
2026-03-02,K005,Weihenstephan 30L,draught_beer,3.458,False
2026-03-03,P001,Carlsberg,beer,41.4,False
2026-03-03,P002,Heineken,beer,29.6,False
2026-03-03,P003,Corona,beer,48.2,False
2026-03-03,P004,Guinness,beer,30.6,False
2026-03-03,P005,Goldstar,beer,43.6,False
2026-03-03,P006,Maccabee,beer,30.0,False
2026-03-03,P007,Stella Artois,beer,40.4,False
2026-03-03,P008,Erdinger,beer,17.2,False
2026-03-03,P009,Bombay Sapphire,gin,11.881,False
2026-03-03,P010,Tanqueray,gin,11.974,False
2026-03-03,P011,Hendrick's,gin,16.843,False
2026-03-03,P012,Beefeater,gin,12.404,False
2026-03-03,P013,Gordon's,gin,13.273,False
2026-03-03,P014,Absolut,vodka,16.63,False
2026-03-03,P015,Finlandia,vodka,12.918,False
2026-03-03,P016,Grey Goose,vodka,11.967,False
2026-03-03,P017,Belvedere,vodka,13.519,False
2026-03-03,P018,Stolichnaya,vodka,12.918,False
2026-03-03,P019,Jameson,whiskey,13.646,False
2026-03-03,P020,Jack Daniel's,whiskey,10.676,False
2026-03-03,P021,Johnnie Walker Black,whiskey,11.366,False
2026-03-03,P022,Chivas Regal,whiskey,12.06,False
2026-03-03,P023,Maker's Mark,whiskey,13.347,False
2026-03-03,P024,Glenfiddich 12,whiskey,13.776,False
2026-03-03,P025,Bacardi Carta Blanca,rum,15.16,False
2026-03-03,P026,Havana Club 3,rum,12.232,False
2026-03-03,P027,Captain Morgan,rum,10.775,False
2026-03-03,P028,Diplomatico Reserva,rum,14.117,False
2026-03-03,P029,Jose Cuervo,tequila,6.073,False
2026-03-03,P030,Olmeca Blanco,tequila,12.918,False
2026-03-03,P031,Patron Silver,tequila,15.717,False
2026-03-03,P032,Don Julio Blanco,tequila,12.576,False
2026-03-03,P033,Aperol,aperitif,25.372,False
2026-03-03,P034,Campari,aperitif,7.586,False
2026-03-03,P035,Cointreau,liqueur,9.482,False
2026-03-03,P036,Kahlua,liqueur,10.177,False
2026-03-03,P037,Martini Rosso,vermouth,6.66,False
2026-03-03,P038,House Red Wine,wine,23.782,False
2026-03-03,P039,House White Wine,wine,20.108,False
2026-03-03,P040,Rose Wine,wine,18.0,False
2026-03-03,P041,Prosecco,wine,23.296,False
2026-03-03,P042,Chardonnay,wine,14.44,False
2026-03-03,P043,Coca-Cola,soft_drink,79.3,False
2026-03-03,P044,Coca-Cola Zero,soft_drink,64.6,False
2026-03-03,P045,Sprite,soft_drink,48.2,False
2026-03-03,P046,Tonic Water,soft_drink,64.82,False
2026-03-03,P047,Soda Water,soft_drink,63.26,False
2026-03-03,P048,Red Bull,soft_drink,45.8,False
2026-03-03,P049,Ginger Beer,soft_drink,30.2,False
2026-03-03,P050,Orange Juice,juice,4.0,False
2026-03-03,P051,Cranberry Juice,juice,4.0,False
2026-03-03,P052,Lime Juice,juice,7.358,False
2026-03-03,P053,Lemon Juice,juice,4.325,False
2026-03-03,P054,Sugar Syrup,cocktail_ingredient,9.172,False
2026-03-03,P055,Fresh Mint,cocktail_ingredient,7.657,False
2026-03-03,P056,Coffee Beans,cocktail_ingredient,4.756,False
2026-03-03,K001,Carlsberg 50L,draught_beer,3.623,False
2026-03-03,K002,Tuborg 50L,draught_beer,3.757,False
2026-03-03,K003,Carlsberg 30L,draught_beer,4.036,False
2026-03-03,K004,Malka 30L,draught_beer,4.377,False
2026-03-03,K005,Weihenstephan 30L,draught_beer,3.257,False
2026-03-04,P001,Carlsberg,beer,85.4,False
2026-03-04,P002,Heineken,beer,69.6,False
2026-03-04,P003,Corona,beer,64.2,False
2026-03-04,P004,Guinness,beer,27.6,False
2026-03-04,P005,Goldstar,beer,61.6,False
2026-03-04,P006,Maccabee,beer,49.0,False
2026-03-04,P007,Stella Artois,beer,37.4,False
2026-03-04,P008,Erdinger,beer,39.2,False
2026-03-04,P009,Bombay Sapphire,gin,11.624,False
2026-03-04,P010,Tanqueray,gin,11.717,False
2026-03-04,P011,Hendrick's,gin,16.457,False
2026-03-04,P012,Beefeater,gin,12.319,False
2026-03-04,P013,Gordon's,gin,11.984,False
2026-03-04,P014,Absolut,vodka,15.515,False
2026-03-04,P015,Finlandia,vodka,12.832,False
2026-03-04,P016,Grey Goose,vodka,11.71,False
2026-03-04,P017,Belvedere,vodka,13.433,False
2026-03-04,P018,Stolichnaya,vodka,12.747,False
2026-03-04,P019,Jameson,whiskey,13.046,False
2026-03-04,P020,Jack Daniel's,whiskey,10.333,False
2026-03-04,P021,Johnnie Walker Black,whiskey,11.109,False
2026-03-04,P022,Chivas Regal,whiskey,11.889,False
2026-03-04,P023,Maker's Mark,whiskey,13.261,False
2026-03-04,P024,Glenfiddich 12,whiskey,13.604,False
2026-03-04,P025,Bacardi Carta Blanca,rum,13.365,False
2026-03-04,P026,Havana Club 3,rum,11.975,False
2026-03-04,P027,Captain Morgan,rum,10.518,False
2026-03-04,P028,Diplomatico Reserva,rum,14.031,False
2026-03-04,P029,Jose Cuervo,tequila,5.759,False
2026-03-04,P030,Olmeca Blanco,tequila,12.833,False
2026-03-04,P031,Patron Silver,tequila,15.117,False
2026-03-04,P032,Don Julio Blanco,tequila,12.49,False
2026-03-04,P033,Aperol,aperitif,23.486,False
2026-03-04,P034,Campari,aperitif,7.029,False
2026-03-04,P035,Cointreau,liqueur,9.139,False
2026-03-04,P036,Kahlua,liqueur,9.749,False
2026-03-04,P037,Martini Rosso,vermouth,6.275,False
2026-03-04,P038,House Red Wine,wine,21.83,False
2026-03-04,P039,House White Wine,wine,17.424,False
2026-03-04,P040,Rose Wine,wine,17.4,False
2026-03-04,P041,Prosecco,wine,20.296,False
2026-03-04,P042,Chardonnay,wine,13.84,False
2026-03-04,P043,Coca-Cola,soft_drink,71.9,False
2026-03-04,P044,Coca-Cola Zero,soft_drink,57.6,False
2026-03-04,P045,Sprite,soft_drink,42.2,False
2026-03-04,P046,Tonic Water,soft_drink,59.82,False
2026-03-04,P047,Soda Water,soft_drink,57.02,False
2026-03-04,P048,Red Bull,soft_drink,39.8,False
2026-03-04,P049,Ginger Beer,soft_drink,27.2,False
2026-03-04,P050,Orange Juice,juice,4.0,False
2026-03-04,P051,Cranberry Juice,juice,4.0,False
2026-03-04,P052,Lime Juice,juice,6.753,False
2026-03-04,P053,Lemon Juice,juice,4.225,False
2026-03-04,P054,Sugar Syrup,cocktail_ingredient,8.827,False
2026-03-04,P055,Fresh Mint,cocktail_ingredient,7.504,False
2026-03-04,P056,Coffee Beans,cocktail_ingredient,4.675,False
2026-03-04,K001,Carlsberg 50L,draught_beer,5.277,False
2026-03-04,K002,Tuborg 50L,draught_beer,4.508,False
2026-03-04,K003,Carlsberg 30L,draught_beer,6.365,False
2026-03-04,K004,Malka 30L,draught_beer,5.867,False
2026-03-04,K005,Weihenstephan 30L,draught_beer,5.19,False
2026-03-05,P001,Carlsberg,beer,78.4,False
2026-03-05,P002,Heineken,beer,60.6,False
2026-03-05,P003,Corona,beer,57.2,False
2026-03-05,P004,Guinness,beer,22.6,False
2026-03-05,P005,Goldstar,beer,51.6,False
2026-03-05,P006,Maccabee,beer,43.0,False
2026-03-05,P007,Stella Artois,beer,30.4,False
2026-03-05,P008,Erdinger,beer,36.2,False
2026-03-05,P009,Bombay Sapphire,gin,11.281,False
2026-03-05,P010,Tanqueray,gin,11.46,False
2026-03-05,P011,Hendrick's,gin,15.943,False
2026-03-05,P012,Beefeater,gin,12.147,False
2026-03-05,P013,Gordon's,gin,10.415,False
2026-03-05,P014,Absolut,vodka,14.33,False
2026-03-05,P015,Finlandia,vodka,12.661,False
2026-03-05,P016,Grey Goose,vodka,11.453,False
2026-03-05,P017,Belvedere,vodka,13.262,False
2026-03-05,P018,Stolichnaya,vodka,12.576,False
2026-03-05,P019,Jameson,whiskey,12.36,False
2026-03-05,P020,Jack Daniel's,whiskey,9.99,False
2026-03-05,P021,Johnnie Walker Black,whiskey,10.766,False
2026-03-05,P022,Chivas Regal,whiskey,11.632,False
2026-03-05,P023,Maker's Mark,whiskey,13.176,False
2026-03-05,P024,Glenfiddich 12,whiskey,13.433,False
2026-03-05,P025,Bacardi Carta Blanca,rum,10.96,False
2026-03-05,P026,Havana Club 3,rum,11.803,False
2026-03-05,P027,Captain Morgan,rum,10.26,False
2026-03-05,P028,Diplomatico Reserva,rum,13.945,False
2026-03-05,P029,Jose Cuervo,tequila,5.184,False
2026-03-05,P030,Olmeca Blanco,tequila,12.661,False
2026-03-05,P031,Patron Silver,tequila,14.017,False
2026-03-05,P032,Don Julio Blanco,tequila,12.319,False
2026-03-05,P033,Aperol,aperitif,22.029,False
2026-03-05,P034,Campari,aperitif,6.429,False
2026-03-05,P035,Cointreau,liqueur,8.553,False
2026-03-05,P036,Kahlua,liqueur,9.349,False
2026-03-05,P037,Martini Rosso,vermouth,5.846,False
2026-03-05,P038,House Red Wine,wine,19.634,False
2026-03-05,P039,House White Wine,wine,14.984,False
2026-03-05,P040,Rose Wine,wine,16.2,False
2026-03-05,P041,Prosecco,wine,17.496,False
2026-03-05,P042,Chardonnay,wine,13.44,False
2026-03-05,P043,Coca-Cola,soft_drink,79.3,False
2026-03-05,P044,Coca-Cola Zero,soft_drink,48.6,False
2026-03-05,P045,Sprite,soft_drink,59.2,False
2026-03-05,P046,Tonic Water,soft_drink,51.12,False
2026-03-05,P047,Soda Water,soft_drink,48.6,False
2026-03-05,P048,Red Bull,soft_drink,56.8,False
2026-03-05,P049,Ginger Beer,soft_drink,24.2,False
2026-03-05,P050,Orange Juice,juice,4.0,False
2026-03-05,P051,Cranberry Juice,juice,4.0,False
2026-03-05,P052,Lime Juice,juice,11.838,False
2026-03-05,P053,Lemon Juice,juice,4.075,False
2026-03-05,P054,Sugar Syrup,cocktail_ingredient,8.402,False
2026-03-05,P055,Fresh Mint,cocktail_ingredient,7.315,False
2026-03-05,P056,Coffee Beans,cocktail_ingredient,4.576,False
2026-03-05,K001,Carlsberg 50L,draught_beer,4.794,False
2026-03-05,K002,Tuborg 50L,draught_beer,4.145,False
2026-03-05,K003,Carlsberg 30L,draught_beer,5.774,False
2026-03-05,K004,Malka 30L,draught_beer,5.37,False
2026-03-05,K005,Weihenstephan 30L,draught_beer,4.827,False
2026-03-06,P001,Carlsberg,beer,61.4,False
2026-03-06,P002,Heineken,beer,48.6,False
2026-03-06,P003,Corona,beer,48.2,False
2026-03-06,P004,Guinness,beer,16.6,False
2026-03-06,P005,Goldstar,beer,43.6,False
2026-03-06,P006,Maccabee,beer,35.0,False
2026-03-06,P007,Stella Artois,beer,22.4,False
2026-03-06,P008,Erdinger,beer,33.2,False
2026-03-06,P009,Bombay Sapphire,gin,10.767,False
2026-03-06,P010,Tanqueray,gin,11.203,False
2026-03-06,P011,Hendrick's,gin,15.171,False
2026-03-06,P012,Beefeater,gin,11.976,False
2026-03-06,P013,Gordon's,gin,20.437,False
2026-03-06,P014,Absolut,vodka,12.494,False
2026-03-06,P015,Finlandia,vodka,12.49,False
2026-03-06,P016,Grey Goose,vodka,11.024,False
2026-03-06,P017,Belvedere,vodka,13.09,False
2026-03-06,P018,Stolichnaya,vodka,12.404,False
2026-03-06,P019,Jameson,whiskey,11.417,False
2026-03-06,P020,Jack Daniel's,whiskey,9.39,False
2026-03-06,P021,Johnnie Walker Black,whiskey,10.338,False
2026-03-06,P022,Chivas Regal,whiskey,11.289,False
2026-03-06,P023,Maker's Mark,whiskey,12.918,False
2026-03-06,P024,Glenfiddich 12,whiskey,13.261,False
2026-03-06,P025,Bacardi Carta Blanca,rum,20.267,False
2026-03-06,P026,Havana Club 3,rum,11.546,False
2026-03-06,P027,Captain Morgan,rum,9.918,False
2026-03-06,P028,Diplomatico Reserva,rum,13.86,False
2026-03-06,P029,Jose Cuervo,tequila,4.583,False
2026-03-06,P030,Olmeca Blanco,tequila,12.49,False
2026-03-06,P031,Patron Silver,tequila,12.245,False
2026-03-06,P032,Don Julio Blanco,tequila,12.147,False
2026-03-06,P033,Aperol,aperitif,18.686,False
2026-03-06,P034,Campari,aperitif,5.829,False
2026-03-06,P035,Cointreau,liqueur,7.746,False
2026-03-06,P036,Kahlua,liqueur,8.634,False
2026-03-06,P037,Martini Rosso,vermouth,5.332,False
2026-03-06,P038,House Red Wine,wine,17.438,False
2026-03-06,P039,House White Wine,wine,24.056,False
2026-03-06,P040,Rose Wine,wine,14.8,False
2026-03-06,P041,Prosecco,wine,24.496,False
2026-03-06,P042,Chardonnay,wine,12.84,False
2026-03-06,P043,Coca-Cola,soft_drink,63.6,False
2026-03-06,P044,Coca-Cola Zero,soft_drink,35.6,False
2026-03-06,P045,Sprite,soft_drink,50.2,False
2026-03-06,P046,Tonic Water,soft_drink,40.82,False
2026-03-06,P047,Soda Water,soft_drink,35.62,False
2026-03-06,P048,Red Bull,soft_drink,49.8,False
2026-03-06,P049,Ginger Beer,soft_drink,21.2,False
2026-03-06,P050,Orange Juice,juice,4.0,False
2026-03-06,P051,Cranberry Juice,juice,4.0,False
2026-03-06,P052,Lime Juice,juice,10.638,False
2026-03-06,P053,Lemon Juice,juice,3.9,False
2026-03-06,P054,Sugar Syrup,cocktail_ingredient,7.882,False
2026-03-06,P055,Fresh Mint,cocktail_ingredient,7.099,False
2026-03-06,P056,Coffee Beans,cocktail_ingredient,4.432,False
2026-03-06,K001,Carlsberg 50L,draught_beer,4.101,False
2026-03-06,K002,Tuborg 50L,draught_beer,3.751,False
2026-03-06,K003,Carlsberg 30L,draught_beer,4.875,False
2026-03-06,K004,Malka 30L,draught_beer,4.632,False
2026-03-06,K005,Weihenstephan 30L,draught_beer,4.264,False
2026-03-07,P001,Carlsberg,beer,73.4,False
2026-03-07,P002,Heineken,beer,64.6,False
2026-03-07,P003,Corona,beer,64.2,False
2026-03-07,P004,Guinness,beer,36.6,False
2026-03-07,P005,Goldstar,beer,57.6,False
2026-03-07,P006,Maccabee,beer,29.0,False
2026-03-07,P007,Stella Artois,beer,42.4,False
2026-03-07,P008,Erdinger,beer,29.2,False
2026-03-07,P009,Bombay Sapphire,gin,10.338,False
2026-03-07,P010,Tanqueray,gin,10.86,False
2026-03-07,P011,Hendrick's,gin,14.443,False
2026-03-07,P012,Beefeater,gin,11.804,False
2026-03-07,P013,Gordon's,gin,18.973,False
2026-03-07,P014,Absolut,vodka,10.765,False
2026-03-07,P015,Finlandia,vodka,12.318,False
2026-03-07,P016,Grey Goose,vodka,10.595,False
2026-03-07,P017,Belvedere,vodka,12.919,False
2026-03-07,P018,Stolichnaya,vodka,12.147,False
2026-03-07,P019,Jameson,whiskey,10.56,False
2026-03-07,P020,Jack Daniel's,whiskey,8.705,False
2026-03-07,P021,Johnnie Walker Black,whiskey,9.995,False
2026-03-07,P022,Chivas Regal,whiskey,10.603,False
2026-03-07,P023,Maker's Mark,whiskey,12.747,False
2026-03-07,P024,Glenfiddich 12,whiskey,13.09,False
2026-03-07,P025,Bacardi Carta Blanca,rum,17.409,False
2026-03-07,P026,Havana Club 3,rum,11.203,False
2026-03-07,P027,Captain Morgan,rum,9.746,False
2026-03-07,P028,Diplomatico Reserva,rum,13.774,False
2026-03-07,P029,Jose Cuervo,tequila,4.008,False
2026-03-07,P030,Olmeca Blanco,tequila,12.318,False
2026-03-07,P031,Patron Silver,tequila,10.945,False
2026-03-07,P032,Don Julio Blanco,tequila,11.976,False
2026-03-07,P033,Aperol,aperitif,16.543,False
2026-03-07,P034,Campari,aperitif,5.186,False
2026-03-07,P035,Cointreau,liqueur,7.046,False
2026-03-07,P036,Kahlua,liqueur,7.92,False
2026-03-07,P037,Martini Rosso,vermouth,4.861,False
2026-03-07,P038,House Red Wine,wine,14.998,False
2026-03-07,P039,House White Wine,wine,21.372,False
2026-03-07,P040,Rose Wine,wine,13.4,False
2026-03-07,P041,Prosecco,wine,21.176,False
2026-03-07,P042,Chardonnay,wine,12.04,False
2026-03-07,P043,Coca-Cola,soft_drink,46.0,False
2026-03-07,P044,Coca-Cola Zero,soft_drink,24.6,False
2026-03-07,P045,Sprite,soft_drink,40.2,False
2026-03-07,P046,Tonic Water,soft_drink,30.12,False
2026-03-07,P047,Soda Water,soft_drink,24.36,False
2026-03-07,P048,Red Bull,soft_drink,39.8,False
2026-03-07,P049,Ginger Beer,soft_drink,17.2,False
2026-03-07,P050,Orange Juice,juice,4.0,False
2026-03-07,P051,Cranberry Juice,juice,4.0,False
2026-03-07,P052,Lime Juice,juice,9.503,False
2026-03-07,P053,Lemon Juice,juice,3.75,False
2026-03-07,P054,Sugar Syrup,cocktail_ingredient,7.347,False
2026-03-07,P055,Fresh Mint,cocktail_ingredient,6.874,False
2026-03-07,P056,Coffee Beans,cocktail_ingredient,4.288,False
2026-03-07,K001,Carlsberg 50L,draught_beer,4.473,False
2026-03-07,K002,Tuborg 50L,draught_beer,3.227,False
2026-03-07,K003,Carlsberg 30L,draught_beer,6.057,False
2026-03-07,K004,Malka 30L,draught_beer,4.921,False
2026-03-07,K005,Weihenstephan 30L,draught_beer,4.861,False
2026-03-08,P001,Carlsberg,beer,64.4,False
2026-03-08,P002,Heineken,beer,57.6,False
2026-03-08,P003,Corona,beer,59.2,False
2026-03-08,P004,Guinness,beer,33.6,False
2026-03-08,P005,Goldstar,beer,50.6,False
2026-03-08,P006,Maccabee,beer,25.0,False
2026-03-08,P007,Stella Artois,beer,39.4,False
2026-03-08,P008,Erdinger,beer,27.2,False
2026-03-08,P009,Bombay Sapphire,gin,9.995,False
2026-03-08,P010,Tanqueray,gin,10.689,False
2026-03-08,P011,Hendrick's,gin,14.1,False
2026-03-08,P012,Beefeater,gin,11.633,False
2026-03-08,P013,Gordon's,gin,17.352,False
2026-03-08,P014,Absolut,vodka,9.78,False
2026-03-08,P015,Finlandia,vodka,12.233,False
2026-03-08,P016,Grey Goose,vodka,10.338,False
2026-03-08,P017,Belvedere,vodka,12.833,False
2026-03-08,P018,Stolichnaya,vodka,12.061,False
2026-03-08,P019,Jameson,whiskey,9.96,False
2026-03-08,P020,Jack Daniel's,whiskey,8.19,False
2026-03-08,P021,Johnnie Walker Black,whiskey,9.566,False
2026-03-08,P022,Chivas Regal,whiskey,10.431,False
2026-03-08,P023,Maker's Mark,whiskey,12.576,False
2026-03-08,P024,Glenfiddich 12,whiskey,13.004,False
2026-03-08,P025,Bacardi Carta Blanca,rum,15.283,False
2026-03-08,P026,Havana Club 3,rum,11.032,False
2026-03-08,P027,Captain Morgan,rum,9.575,False
2026-03-08,P028,Diplomatico Reserva,rum,13.688,False
2026-03-08,P029,Jose Cuervo,tequila,3.537,False
2026-03-08,P030,Olmeca Blanco,tequila,12.147,False
2026-03-08,P031,Patron Silver,tequila,9.617,False
2026-03-08,P032,Don Julio Blanco,tequila,11.89,False
2026-03-08,P033,Aperol,aperitif,14.486,False
2026-03-08,P034,Campari,aperitif,4.757,False
2026-03-08,P035,Cointreau,liqueur,6.403,False
2026-03-08,P036,Kahlua,liqueur,7.492,False
2026-03-08,P037,Martini Rosso,vermouth,4.603,False
2026-03-08,P038,House Red Wine,wine,12.802,False
2026-03-08,P039,House White Wine,wine,19.176,False
2026-03-08,P040,Rose Wine,wine,12.8,False
2026-03-08,P041,Prosecco,wine,17.936,False
2026-03-08,P042,Chardonnay,wine,11.64,False
2026-03-08,P043,Coca-Cola,soft_drink,34.4,False
2026-03-08,P044,Coca-Cola Zero,soft_drink,16.6,False
2026-03-08,P045,Sprite,soft_drink,33.2,False
2026-03-08,P046,Tonic Water,soft_drink,19.52,False
2026-03-08,P047,Soda Water,soft_drink,16.76,False
2026-03-08,P048,Red Bull,soft_drink,36.8,False
2026-03-08,P049,Ginger Beer,soft_drink,14.2,False
2026-03-08,P050,Orange Juice,juice,4.0,False
2026-03-08,P051,Cranberry Juice,juice,4.0,False
2026-03-08,P052,Lime Juice,juice,8.578,False
2026-03-08,P053,Lemon Juice,juice,3.6,False
2026-03-08,P054,Sugar Syrup,cocktail_ingredient,6.942,False
2026-03-08,P055,Fresh Mint,cocktail_ingredient,6.703,False
2026-03-08,P056,Coffee Beans,cocktail_ingredient,4.18,False
2026-03-08,K001,Carlsberg 50L,draught_beer,4.022,False
2026-03-08,K002,Tuborg 50L,draught_beer,4.026,False
2026-03-08,K003,Carlsberg 30L,draught_beer,5.332,False
2026-03-08,K004,Malka 30L,draught_beer,4.263,False
2026-03-08,K005,Weihenstephan 30L,draught_beer,4.472,False
2026-03-09,P001,Carlsberg,beer,57.4,False
2026-03-09,P002,Heineken,beer,53.6,False
2026-03-09,P003,Corona,beer,52.2,False
2026-03-09,P004,Guinness,beer,32.6,False
2026-03-09,P005,Goldstar,beer,42.6,False
2026-03-09,P006,Maccabee,beer,23.0,False
2026-03-09,P007,Stella Artois,beer,35.4,False
2026-03-09,P008,Erdinger,beer,24.2,False
2026-03-09,P009,Bombay Sapphire,gin,9.738,False
2026-03-09,P010,Tanqueray,gin,10.517,False
2026-03-09,P011,Hendrick's,gin,13.457,False
2026-03-09,P012,Beefeater,gin,11.461,False
2026-03-09,P013,Gordon's,gin,16.08,False
2026-03-09,P014,Absolut,vodka,8.508,False
2026-03-09,P015,Finlandia,vodka,12.147,False
2026-03-09,P016,Grey Goose,vodka,10.167,False
2026-03-09,P017,Belvedere,vodka,12.747,False
2026-03-09,P018,Stolichnaya,vodka,11.976,False
2026-03-09,P019,Jameson,whiskey,9.703,False
2026-03-09,P020,Jack Daniel's,whiskey,7.848,False
2026-03-09,P021,Johnnie Walker Black,whiskey,9.223,False
2026-03-09,P022,Chivas Regal,whiskey,10.174,False
2026-03-09,P023,Maker's Mark,whiskey,12.404,False
2026-03-09,P024,Glenfiddich 12,whiskey,12.919,False
2026-03-09,P025,Bacardi Carta Blanca,rum,13.662,False
2026-03-09,P026,Havana Club 3,rum,10.86,False
2026-03-09,P027,Captain Morgan,rum,9.403,False
2026-03-09,P028,Diplomatico Reserva,rum,13.602,False
2026-03-09,P029,Jose Cuervo,tequila,3.276,False
2026-03-09,P030,Olmeca Blanco,tequila,11.976,False
2026-03-09,P031,Patron Silver,tequila,8.66,False
2026-03-09,P032,Don Julio Blanco,tequila,11.719,False
2026-03-09,P033,Aperol,aperitif,12.515,False
2026-03-09,P034,Campari,aperitif,4.2,False
2026-03-09,P035,Cointreau,liqueur,5.875,False
2026-03-09,P036,Kahlua,liqueur,7.006,False
2026-03-09,P037,Martini Rosso,vermouth,4.132,False
2026-03-09,P038,House Red Wine,wine,10.85,False
2026-03-09,P039,House White Wine,wine,17.956,False
2026-03-09,P040,Rose Wine,wine,12.0,False
2026-03-09,P041,Prosecco,wine,15.016,False
2026-03-09,P042,Chardonnay,wine,11.44,False
2026-03-09,P043,Coca-Cola,soft_drink,99.8,False
2026-03-09,P044,Coca-Cola Zero,soft_drink,55.6,False
2026-03-09,P045,Sprite,soft_drink,52.2,False
2026-03-09,P046,Tonic Water,soft_drink,61.12,False
2026-03-09,P047,Soda Water,soft_drink,57.06,False
2026-03-09,P048,Red Bull,soft_drink,56.8,False
2026-03-09,P049,Ginger Beer,soft_drink,35.2,False
2026-03-09,P050,Orange Juice,juice,4.0,False
2026-03-09,P051,Cranberry Juice,juice,4.0,False
2026-03-09,P052,Lime Juice,juice,7.948,False
2026-03-09,P053,Lemon Juice,juice,3.45,False
2026-03-09,P054,Sugar Syrup,cocktail_ingredient,6.652,False
2026-03-09,P055,Fresh Mint,cocktail_ingredient,6.595,False
2026-03-09,P056,Coffee Beans,cocktail_ingredient,4.081,False
2026-03-09,K001,Carlsberg 50L,draught_beer,3.467,False
2026-03-09,K002,Tuborg 50L,draught_beer,3.817,False
2026-03-09,K003,Carlsberg 30L,draught_beer,4.446,False
2026-03-09,K004,Malka 30L,draught_beer,3.767,False
2026-03-09,K005,Weihenstephan 30L,draught_beer,4.136,False
2026-03-10,P001,Carlsberg,beer,49.4,False
2026-03-10,P002,Heineken,beer,53.6,False
2026-03-10,P003,Corona,beer,47.2,False
2026-03-10,P004,Guinness,beer,30.6,False
2026-03-10,P005,Goldstar,beer,36.6,False
2026-03-10,P006,Maccabee,beer,19.0,False
2026-03-10,P007,Stella Artois,beer,34.4,False
2026-03-10,P008,Erdinger,beer,22.2,False
2026-03-10,P009,Bombay Sapphire,gin,9.566,False
2026-03-10,P010,Tanqueray,gin,10.432,False
2026-03-10,P011,Hendrick's,gin,13.157,False
2026-03-10,P012,Beefeater,gin,11.376,False
2026-03-10,P013,Gordon's,gin,15.296,False
2026-03-10,P014,Absolut,vodka,19.894,False
2026-03-10,P015,Finlandia,vodka,11.976,False
2026-03-10,P016,Grey Goose,vodka,9.996,False
2026-03-10,P017,Belvedere,vodka,12.662,False
2026-03-10,P018,Stolichnaya,vodka,11.89,False
2026-03-10,P019,Jameson,whiskey,9.189,False
2026-03-10,P020,Jack Daniel's,whiskey,7.59,False
2026-03-10,P021,Johnnie Walker Black,whiskey,9.137,False
2026-03-10,P022,Chivas Regal,whiskey,10.089,False
2026-03-10,P023,Maker's Mark,whiskey,12.319,False
2026-03-10,P024,Glenfiddich 12,whiskey,12.747,False
2026-03-10,P025,Bacardi Carta Blanca,rum,11.989,False
2026-03-10,P026,Havana Club 3,rum,10.689,False
2026-03-10,P027,Captain Morgan,rum,9.232,False
2026-03-10,P028,Diplomatico Reserva,rum,13.602,False
2026-03-10,P029,Jose Cuervo,tequila,14.91,False
2026-03-10,P030,Olmeca Blanco,tequila,11.89,False
2026-03-10,P031,Patron Silver,tequila,19.931,False
2026-03-10,P032,Don Julio Blanco,tequila,11.633,False
2026-03-10,P033,Aperol,aperitif,23.4,False
2026-03-10,P034,Campari,aperitif,15.729,False
2026-03-10,P035,Cointreau,liqueur,5.489,False
2026-03-10,P036,Kahlua,liqueur,6.72,False
2026-03-10,P037,Martini Rosso,vermouth,3.832,False
2026-03-10,P038,House Red Wine,wine,21.63,False
2026-03-10,P039,House White Wine,wine,16.248,False
2026-03-10,P040,Rose Wine,wine,11.6,False
2026-03-10,P041,Prosecco,wine,13.176,False
2026-03-10,P042,Chardonnay,wine,11.04,False
2026-03-10,P043,Coca-Cola,soft_drink,92.6,False
2026-03-10,P044,Coca-Cola Zero,soft_drink,50.6,False
2026-03-10,P045,Sprite,soft_drink,47.2,False
2026-03-10,P046,Tonic Water,soft_drink,55.32,False
2026-03-10,P047,Soda Water,soft_drink,50.54,False
2026-03-10,P048,Red Bull,soft_drink,51.8,False
2026-03-10,P049,Ginger Beer,soft_drink,33.2,False
2026-03-10,P050,Orange Juice,juice,4.0,False
2026-03-10,P051,Cranberry Juice,juice,4.0,False
2026-03-10,P052,Lime Juice,juice,7.303,False
2026-03-10,P053,Lemon Juice,juice,3.4,False
2026-03-10,P054,Sugar Syrup,cocktail_ingredient,6.357,False
2026-03-10,P055,Fresh Mint,cocktail_ingredient,6.46,False
2026-03-10,P056,Coffee Beans,cocktail_ingredient,4.018,False
2026-03-10,K001,Carlsberg 50L,draught_beer,3.225,False
2026-03-10,K002,Tuborg 50L,draught_beer,3.672,False
2026-03-10,K003,Carlsberg 30L,draught_beer,4.084,False
2026-03-10,K004,Malka 30L,draught_beer,3.431,False
2026-03-10,K005,Weihenstephan 30L,draught_beer,3.975,False
2026-03-11,P001,Carlsberg,beer,64.4,False
2026-03-11,P002,Heineken,beer,70.6,False
2026-03-11,P003,Corona,beer,64.2,False
2026-03-11,P004,Guinness,beer,29.6,False
2026-03-11,P005,Goldstar,beer,51.6,False
2026-03-11,P006,Maccabee,beer,39.0,False
2026-03-11,P007,Stella Artois,beer,55.4,False
2026-03-11,P008,Erdinger,beer,20.2,False
2026-03-11,P009,Bombay Sapphire,gin,9.224,False
2026-03-11,P010,Tanqueray,gin,10.26,False
2026-03-11,P011,Hendrick's,gin,12.557,False
2026-03-11,P012,Beefeater,gin,11.29,False
2026-03-11,P013,Gordon's,gin,14.372,False
2026-03-11,P014,Absolut,vodka,18.923,False
2026-03-11,P015,Finlandia,vodka,11.89,False
2026-03-11,P016,Grey Goose,vodka,9.739,False
2026-03-11,P017,Belvedere,vodka,12.576,False
2026-03-11,P018,Stolichnaya,vodka,11.804,False
2026-03-11,P019,Jameson,whiskey,8.76,False
2026-03-11,P020,Jack Daniel's,whiskey,7.247,False
2026-03-11,P021,Johnnie Walker Black,whiskey,8.709,False
2026-03-11,P022,Chivas Regal,whiskey,9.832,False
2026-03-11,P023,Maker's Mark,whiskey,12.233,False
2026-03-11,P024,Glenfiddich 12,whiskey,12.662,False
2026-03-11,P025,Bacardi Carta Blanca,rum,23.047,False
2026-03-11,P026,Havana Club 3,rum,10.518,False
2026-03-11,P027,Captain Morgan,rum,9.06,False
2026-03-11,P028,Diplomatico Reserva,rum,13.517,False
2026-03-11,P029,Jose Cuervo,tequila,14.596,False
2026-03-11,P030,Olmeca Blanco,tequila,11.804,False
2026-03-11,P031,Patron Silver,tequila,18.902,False
2026-03-11,P032,Don Julio Blanco,tequila,11.547,False
2026-03-11,P033,Aperol,aperitif,21.343,False
2026-03-11,P034,Campari,aperitif,15.3,False
2026-03-11,P035,Cointreau,liqueur,4.974,False
2026-03-11,P036,Kahlua,liqueur,6.32,False
2026-03-11,P037,Martini Rosso,vermouth,3.489,False
2026-03-11,P038,House Red Wine,wine,20.41,False
2026-03-11,P039,House White Wine,wine,14.296,False
2026-03-11,P040,Rose Wine,wine,10.4,False
2026-03-11,P041,Prosecco,wine,9.936,False
2026-03-11,P042,Chardonnay,wine,10.64,False
2026-03-11,P043,Coca-Cola,soft_drink,88.2,False
2026-03-11,P044,Coca-Cola Zero,soft_drink,42.6,False
2026-03-11,P045,Sprite,soft_drink,43.2,False
2026-03-11,P046,Tonic Water,soft_drink,50.22,False
2026-03-11,P047,Soda Water,soft_drink,45.5,False
2026-03-11,P048,Red Bull,soft_drink,47.8,False
2026-03-11,P049,Ginger Beer,soft_drink,31.2,False
2026-03-11,P050,Orange Juice,juice,4.0,False
2026-03-11,P051,Cranberry Juice,juice,4.0,False
2026-03-11,P052,Lime Juice,juice,6.793,False
2026-03-11,P053,Lemon Juice,juice,3.3,False
2026-03-11,P054,Sugar Syrup,cocktail_ingredient,6.187,False
2026-03-11,P055,Fresh Mint,cocktail_ingredient,6.406,False
2026-03-11,P056,Coffee Beans,cocktail_ingredient,3.946,False
2026-03-11,K001,Carlsberg 50L,draught_beer,4.943,False
2026-03-11,K002,Tuborg 50L,draught_beer,4.543,False
2026-03-11,K003,Carlsberg 30L,draught_beer,6.413,False
2026-03-11,K004,Malka 30L,draught_beer,6.096,False
2026-03-11,K005,Weihenstephan 30L,draught_beer,4.707,False
2026-03-12,P001,Carlsberg,beer,52.4,False
2026-03-12,P002,Heineken,beer,60.6,False
2026-03-12,P003,Corona,beer,56.2,False
2026-03-12,P004,Guinness,beer,25.6,False
2026-03-12,P005,Goldstar,beer,39.6,False
2026-03-12,P006,Maccabee,beer,34.0,False
2026-03-12,P007,Stella Artois,beer,48.4,False
2026-03-12,P008,Erdinger,beer,16.2,False
2026-03-12,P009,Bombay Sapphire,gin,8.709,False
2026-03-12,P010,Tanqueray,gin,9.917,False
2026-03-12,P011,Hendrick's,gin,11.7,False
2026-03-12,P012,Beefeater,gin,11.119,False
2026-03-12,P013,Gordon's,gin,12.882,False
2026-03-12,P014,Absolut,vodka,17.201,False
2026-03-12,P015,Finlandia,vodka,11.633,False
2026-03-12,P016,Grey Goose,vodka,9.139,False
2026-03-12,P017,Belvedere,vodka,12.319,False
2026-03-12,P018,Stolichnaya,vodka,11.633,False
2026-03-12,P019,Jameson,whiskey,8.074,False
2026-03-12,P020,Jack Daniel's,whiskey,6.647,False
2026-03-12,P021,Johnnie Walker Black,whiskey,8.195,False
2026-03-12,P022,Chivas Regal,whiskey,9.575,False
2026-03-12,P023,Maker's Mark,whiskey,12.062,False
2026-03-12,P024,Glenfiddich 12,whiskey,12.404,False
2026-03-12,P025,Bacardi Carta Blanca,rum,20.163,False
2026-03-12,P026,Havana Club 3,rum,10.175,False
2026-03-12,P027,Captain Morgan,rum,8.718,False
2026-03-12,P028,Diplomatico Reserva,rum,13.431,False
2026-03-12,P029,Jose Cuervo,tequila,14.1,False
2026-03-12,P030,Olmeca Blanco,tequila,11.633,False
2026-03-12,P031,Patron Silver,tequila,17.145,False
2026-03-12,P032,Don Julio Blanco,tequila,11.29,False
2026-03-12,P033,Aperol,aperitif,18.858,False
2026-03-12,P034,Campari,aperitif,14.357,False
2026-03-12,P035,Cointreau,liqueur,4.139,False
2026-03-12,P036,Kahlua,liqueur,5.663,False
2026-03-12,P037,Martini Rosso,vermouth,2.889,False
2026-03-12,P038,House Red Wine,wine,17.97,False
2026-03-12,P039,House White Wine,wine,11.368,False
2026-03-12,P040,Rose Wine,wine,9.0,False
2026-03-12,P041,Prosecco,wine,18.136,False
2026-03-12,P042,Chardonnay,wine,9.84,False
2026-03-12,P043,Coca-Cola,soft_drink,93.5,False
2026-03-12,P044,Coca-Cola Zero,soft_drink,56.6,False
2026-03-12,P045,Sprite,soft_drink,60.2,False
2026-03-12,P046,Tonic Water,soft_drink,40.52,False
2026-03-12,P047,Soda Water,soft_drink,59.0,False
2026-03-12,P048,Red Bull,soft_drink,38.8,False
2026-03-12,P049,Ginger Beer,soft_drink,27.2,False
2026-03-12,P050,Orange Juice,juice,4.0,False
2026-03-12,P051,Cranberry Juice,juice,4.0,False
2026-03-12,P052,Lime Juice,juice,11.538,False
2026-03-12,P053,Lemon Juice,juice,3.125,False
2026-03-12,P054,Sugar Syrup,cocktail_ingredient,5.672,False
2026-03-12,P055,Fresh Mint,cocktail_ingredient,6.181,False
2026-03-12,P056,Coffee Beans,cocktail_ingredient,3.82,False
2026-03-12,K001,Carlsberg 50L,draught_beer,4.283,False
2026-03-12,K002,Tuborg 50L,draught_beer,4.036,False
2026-03-12,K003,Carlsberg 30L,draught_beer,5.299,False
2026-03-12,K004,Malka 30L,draught_beer,5.344,False
2026-03-12,K005,Weihenstephan 30L,draught_beer,4.17,False
2026-03-13,P001,Carlsberg,beer,30.4,False
2026-03-13,P002,Heineken,beer,43.6,False
2026-03-13,P003,Corona,beer,44.2,False
2026-03-13,P004,Guinness,beer,18.6,False
2026-03-13,P005,Goldstar,beer,23.6,False
2026-03-13,P006,Maccabee,beer,28.0,False
2026-03-13,P007,Stella Artois,beer,37.4,False
2026-03-13,P008,Erdinger,beer,11.2,False
2026-03-13,P009,Bombay Sapphire,gin,8.195,False
2026-03-13,P010,Tanqueray,gin,9.575,False
2026-03-13,P011,Hendrick's,gin,10.628,False
2026-03-13,P012,Beefeater,gin,10.776,False
2026-03-13,P013,Gordon's,gin,10.224,False
2026-03-13,P014,Absolut,vodka,14.708,False
2026-03-13,P015,Finlandia,vodka,11.376,False
2026-03-13,P016,Grey Goose,vodka,8.539,False
2026-03-13,P017,Belvedere,vodka,12.062,False
2026-03-13,P018,Stolichnaya,vodka,11.29,False
2026-03-13,P019,Jameson,whiskey,7.217,False
2026-03-13,P020,Jack Daniel's,whiskey,5.619,False
2026-03-13,P021,Johnnie Walker Black,whiskey,7.595,False
2026-03-13,P022,Chivas Regal,whiskey,9.06,False
2026-03-13,P023,Maker's Mark,whiskey,11.719,False
2026-03-13,P024,Glenfiddich 12,whiskey,12.062,False
2026-03-13,P025,Bacardi Carta Blanca,rum,16.372,False
2026-03-13,P026,Havana Club 3,rum,9.832,False
2026-03-13,P027,Captain Morgan,rum,8.289,False
2026-03-13,P028,Diplomatico Reserva,rum,13.26,False
2026-03-13,P029,Jose Cuervo,tequila,13.289,False
2026-03-13,P030,Olmeca Blanco,tequila,11.29,False
2026-03-13,P031,Patron Silver,tequila,15.145,False
2026-03-13,P032,Don Julio Blanco,tequila,11.033,False
2026-03-13,P033,Aperol,aperitif,15.343,False
2026-03-13,P034,Campari,aperitif,13.286,False
2026-03-13,P035,Cointreau,liqueur,15.189,False
2026-03-13,P036,Kahlua,liqueur,4.663,False
2026-03-13,P037,Martini Rosso,vermouth,14.075,False
2026-03-13,P038,House Red Wine,wine,14.554,False
2026-03-13,P039,House White Wine,wine,19.464,False
2026-03-13,P040,Rose Wine,wine,7.2,False
2026-03-13,P041,Prosecco,wine,12.536,False
2026-03-13,P042,Chardonnay,wine,8.64,False
2026-03-13,P043,Coca-Cola,soft_drink,66.8,False
2026-03-13,P044,Coca-Cola Zero,soft_drink,39.6,False
2026-03-13,P045,Sprite,soft_drink,45.2,False
2026-03-13,P046,Tonic Water,soft_drink,49.52,False
2026-03-13,P047,Soda Water,soft_drink,43.94,False
2026-03-13,P048,Red Bull,soft_drink,24.8,False
2026-03-13,P049,Ginger Beer,soft_drink,21.2,False
2026-03-13,P050,Orange Juice,juice,4.0,False
2026-03-13,P051,Cranberry Juice,juice,4.0,False
2026-03-13,P052,Lime Juice,juice,10.053,False
2026-03-13,P053,Lemon Juice,juice,2.95,False
2026-03-13,P054,Sugar Syrup,cocktail_ingredient,4.947,False
2026-03-13,P055,Fresh Mint,cocktail_ingredient,5.884,False
2026-03-13,P056,Coffee Beans,cocktail_ingredient,3.613,False
2026-03-13,K001,Carlsberg 50L,draught_beer,3.494,False
2026-03-13,K002,Tuborg 50L,draught_beer,3.311,False
2026-03-13,K003,Carlsberg 30L,draught_beer,4.132,False
2026-03-13,K004,Malka 30L,draught_beer,4.364,False
2026-03-13,K005,Weihenstephan 30L,draught_beer,3.486,False
2026-03-14,P001,Carlsberg,beer,67.4,False
2026-03-14,P002,Heineken,beer,56.6,False
2026-03-14,P003,Corona,beer,58.2,False
2026-03-14,P004,Guinness,beer,37.6,False
2026-03-14,P005,Goldstar,beer,63.6,False
2026-03-14,P006,Maccabee,beer,46.0,False
2026-03-14,P007,Stella Artois,beer,55.4,False
2026-03-14,P008,Erdinger,beer,31.2,False
2026-03-14,P009,Bombay Sapphire,gin,7.766,False
2026-03-14,P010,Tanqueray,gin,9.317,False
2026-03-14,P011,Hendrick's,gin,9.943,False
2026-03-14,P012,Beefeater,gin,10.519,False
2026-03-14,P013,Gordon's,gin,8.437,False
2026-03-14,P014,Absolut,vodka,13.101,False
2026-03-14,P015,Finlandia,vodka,11.118,False
2026-03-14,P016,Grey Goose,vodka,8.196,False
2026-03-14,P017,Belvedere,vodka,11.805,False
2026-03-14,P018,Stolichnaya,vodka,11.119,False
2026-03-14,P019,Jameson,whiskey,6.36,False
2026-03-14,P020,Jack Daniel's,whiskey,5.019,False
2026-03-14,P021,Johnnie Walker Black,whiskey,7.166,False
2026-03-14,P022,Chivas Regal,whiskey,8.803,False
2026-03-14,P023,Maker's Mark,whiskey,11.461,False
2026-03-14,P024,Glenfiddich 12,whiskey,11.89,False
2026-03-14,P025,Bacardi Carta Blanca,rum,13.314,False
2026-03-14,P026,Havana Club 3,rum,9.575,False
2026-03-14,P027,Captain Morgan,rum,8.032,False
2026-03-14,P028,Diplomatico Reserva,rum,13.174,False
2026-03-14,P029,Jose Cuervo,tequila,12.792,False
2026-03-14,P030,Olmeca Blanco,tequila,11.118,False
2026-03-14,P031,Patron Silver,tequila,13.745,False
2026-03-14,P032,Don Julio Blanco,tequila,10.862,False
2026-03-14,P033,Aperol,aperitif,12.172,False
2026-03-14,P034,Campari,aperitif,12.6,False
2026-03-14,P035,Cointreau,liqueur,14.496,False
2026-03-14,P036,Kahlua,liqueur,4.063,False
2026-03-14,P037,Martini Rosso,vermouth,13.56,False
2026-03-14,P038,House Red Wine,wine,12.358,False
2026-03-14,P039,House White Wine,wine,17.024,False
2026-03-14,P040,Rose Wine,wine,6.0,False
2026-03-14,P041,Prosecco,wine,19.776,False
2026-03-14,P042,Chardonnay,wine,7.84,False
2026-03-14,P043,Coca-Cola,soft_drink,50.1,False
2026-03-14,P044,Coca-Cola Zero,soft_drink,27.6,False
2026-03-14,P045,Sprite,soft_drink,36.2,False
2026-03-14,P046,Tonic Water,soft_drink,41.52,False
2026-03-14,P047,Soda Water,soft_drink,32.72,False
2026-03-14,P048,Red Bull,soft_drink,16.8,False
2026-03-14,P049,Ginger Beer,soft_drink,18.2,False
2026-03-14,P050,Orange Juice,juice,4.0,False
2026-03-14,P051,Cranberry Juice,juice,4.0,False
2026-03-14,P052,Lime Juice,juice,8.898,False
2026-03-14,P053,Lemon Juice,juice,2.775,False
2026-03-14,P054,Sugar Syrup,cocktail_ingredient,4.392,False
2026-03-14,P055,Fresh Mint,cocktail_ingredient,5.641,False
2026-03-14,P056,Coffee Beans,cocktail_ingredient,3.478,False
2026-03-14,K001,Carlsberg 50L,draught_beer,4.971,False
2026-03-14,K002,Tuborg 50L,draught_beer,3.771,False
2026-03-14,K003,Carlsberg 30L,draught_beer,6.42,False
2026-03-14,K004,Malka 30L,draught_beer,5.667,False
2026-03-14,K005,Weihenstephan 30L,draught_beer,4.15,False
2026-03-15,P001,Carlsberg,beer,61.4,False
2026-03-15,P002,Heineken,beer,51.6,False
2026-03-15,P003,Corona,beer,52.2,False
2026-03-15,P004,Guinness,beer,35.6,False
2026-03-15,P005,Goldstar,beer,57.6,False
2026-03-15,P006,Maccabee,beer,42.0,False
2026-03-15,P007,Stella Artois,beer,51.4,False
2026-03-15,P008,Erdinger,beer,29.2,False
2026-03-15,P009,Bombay Sapphire,gin,7.509,False
2026-03-15,P010,Tanqueray,gin,9.146,False
2026-03-15,P011,Hendrick's,gin,9.557,False
2026-03-15,P012,Beefeater,gin,10.433,False
2026-03-15,P013,Gordon's,gin,7.104,False
2026-03-15,P014,Absolut,vodka,12.108,False
2026-03-15,P015,Finlandia,vodka,11.033,False
2026-03-15,P016,Grey Goose,vodka,7.767,False
2026-03-15,P017,Belvedere,vodka,11.719,False
2026-03-15,P018,Stolichnaya,vodka,10.947,False
2026-03-15,P019,Jameson,whiskey,6.017,False
2026-03-15,P020,Jack Daniel's,whiskey,4.59,False
2026-03-15,P021,Johnnie Walker Black,whiskey,6.995,False
2026-03-15,P022,Chivas Regal,whiskey,8.632,False
2026-03-15,P023,Maker's Mark,whiskey,11.29,False
2026-03-15,P024,Glenfiddich 12,whiskey,11.719,False
2026-03-15,P025,Bacardi Carta Blanca,rum,11.911,False
2026-03-15,P026,Havana Club 3,rum,9.403,False
2026-03-15,P027,Captain Morgan,rum,7.946,False
2026-03-15,P028,Diplomatico Reserva,rum,13.088,False
2026-03-15,P029,Jose Cuervo,tequila,12.557,False
2026-03-15,P030,Olmeca Blanco,tequila,11.033,False
2026-03-15,P031,Patron Silver,tequila,12.788,False
2026-03-15,P032,Don Julio Blanco,tequila,10.776,False
2026-03-15,P033,Aperol,aperitif,10.886,False
2026-03-15,P034,Campari,aperitif,12.215,False
2026-03-15,P035,Cointreau,liqueur,13.989,False
2026-03-15,P036,Kahlua,liqueur,3.749,False
2026-03-15,P037,Martini Rosso,vermouth,13.261,False
2026-03-15,P038,House Red Wine,wine,11.382,False
2026-03-15,P039,House White Wine,wine,15.804,False
2026-03-15,P040,Rose Wine,wine,5.4,False
2026-03-15,P041,Prosecco,wine,17.816,False
2026-03-15,P042,Chardonnay,wine,7.24,False
2026-03-15,P043,Coca-Cola,soft_drink,39.6,False
2026-03-15,P044,Coca-Cola Zero,soft_drink,21.6,False
2026-03-15,P045,Sprite,soft_drink,28.2,False
2026-03-15,P046,Tonic Water,soft_drink,35.82,False
2026-03-15,P047,Soda Water,soft_drink,28.62,False
2026-03-15,P048,Red Bull,soft_drink,8.8,False
2026-03-15,P049,Ginger Beer,soft_drink,17.2,False
2026-03-15,P050,Orange Juice,juice,4.0,False
2026-03-15,P051,Cranberry Juice,juice,4.0,False
2026-03-15,P052,Lime Juice,juice,8.293,False
2026-03-15,P053,Lemon Juice,juice,2.65,False
2026-03-15,P054,Sugar Syrup,cocktail_ingredient,4.147,False
2026-03-15,P055,Fresh Mint,cocktail_ingredient,5.542,False
2026-03-15,P056,Coffee Beans,cocktail_ingredient,3.406,False
2026-03-15,K001,Carlsberg 50L,draught_beer,4.753,False
2026-03-15,K002,Tuborg 50L,draught_beer,3.554,False
2026-03-15,K003,Carlsberg 30L,draught_beer,6.031,False
2026-03-15,K004,Malka 30L,draught_beer,5.251,False
2026-03-15,K005,Weihenstephan 30L,draught_beer,3.922,False
2026-03-16,P001,Carlsberg,beer,52.4,False
2026-03-16,P002,Heineken,beer,40.6,False
2026-03-16,P003,Corona,beer,48.2,False
2026-03-16,P004,Guinness,beer,34.6,False
2026-03-16,P005,Goldstar,beer,51.6,False
2026-03-16,P006,Maccabee,beer,37.0,False
2026-03-16,P007,Stella Artois,beer,48.4,False
2026-03-16,P008,Erdinger,beer,28.2,False
2026-03-16,P009,Bombay Sapphire,gin,7.338,False
2026-03-16,P010,Tanqueray,gin,8.975,False
2026-03-16,P011,Hendrick's,gin,9.214,False
2026-03-16,P012,Beefeater,gin,10.262,False
2026-03-16,P013,Gordon's,gin,6.067,False
2026-03-16,P014,Absolut,vodka,11.544,False
2026-03-16,P015,Finlandia,vodka,10.947,False
2026-03-16,P016,Grey Goose,vodka,7.596,False
2026-03-16,P017,Belvedere,vodka,11.633,False
2026-03-16,P018,Stolichnaya,vodka,10.776,False
2026-03-16,P019,Jameson,whiskey,5.417,False
2026-03-16,P020,Jack Daniel's,whiskey,4.162,False
2026-03-16,P021,Johnnie Walker Black,whiskey,6.823,False
2026-03-16,P022,Chivas Regal,whiskey,8.46,False
2026-03-16,P023,Maker's Mark,whiskey,11.204,False
2026-03-16,P024,Glenfiddich 12,whiskey,11.547,False
2026-03-16,P025,Bacardi Carta Blanca,rum,10.421,False
2026-03-16,P026,Havana Club 3,rum,9.232,False
2026-03-16,P027,Captain Morgan,rum,7.775,False
2026-03-16,P028,Diplomatico Reserva,rum,13.002,False
2026-03-16,P029,Jose Cuervo,tequila,12.322,False
2026-03-16,P030,Olmeca Blanco,tequila,10.947,False
2026-03-16,P031,Patron Silver,tequila,11.888,False
2026-03-16,P032,Don Julio Blanco,tequila,10.69,False
2026-03-16,P033,Aperol,aperitif,9.258,False
2026-03-16,P034,Campari,aperitif,11.957,False
2026-03-16,P035,Cointreau,liqueur,13.539,False
2026-03-16,P036,Kahlua,liqueur,3.606,False
2026-03-16,P037,Martini Rosso,vermouth,13.003,False
2026-03-16,P038,House Red Wine,wine,9.674,False
2026-03-16,P039,House White Wine,wine,14.096,False
2026-03-16,P040,Rose Wine,wine,4.8,False
2026-03-16,P041,Prosecco,wine,15.256,False
2026-03-16,P042,Chardonnay,wine,6.84,False
2026-03-16,P043,Coca-Cola,soft_drink,104.1,False
2026-03-16,P044,Coca-Cola Zero,soft_drink,67.6,False
2026-03-16,P045,Sprite,soft_drink,49.2,False
2026-03-16,P046,Tonic Water,soft_drink,56.42,False
2026-03-16,P047,Soda Water,soft_drink,72.1,False
2026-03-16,P048,Red Bull,soft_drink,51.8,False
2026-03-16,P049,Ginger Beer,soft_drink,39.2,False
2026-03-16,P050,Orange Juice,juice,4.0,False
2026-03-16,P051,Cranberry Juice,juice,4.0,False
2026-03-16,P052,Lime Juice,juice,7.723,False
2026-03-16,P053,Lemon Juice,juice,8.525,False
2026-03-16,P054,Sugar Syrup,cocktail_ingredient,9.947,False
2026-03-16,P055,Fresh Mint,cocktail_ingredient,5.434,False
2026-03-16,P056,Coffee Beans,cocktail_ingredient,3.388,False
2026-03-16,K001,Carlsberg 50L,draught_beer,4.23,False
2026-03-16,K002,Tuborg 50L,draught_beer,3.288,False
2026-03-16,K003,Carlsberg 30L,draught_beer,5.481,False
2026-03-16,K004,Malka 30L,draught_beer,5.103,False
2026-03-16,K005,Weihenstephan 30L,draught_beer,3.52,False
2026-03-17,P001,Carlsberg,beer,41.4,False
2026-03-17,P002,Heineken,beer,35.6,False
2026-03-17,P003,Corona,beer,38.2,False
2026-03-17,P004,Guinness,beer,30.6,False
2026-03-17,P005,Goldstar,beer,46.6,False
2026-03-17,P006,Maccabee,beer,33.0,False
2026-03-17,P007,Stella Artois,beer,45.4,False
2026-03-17,P008,Erdinger,beer,26.2,False
2026-03-17,P009,Bombay Sapphire,gin,7.167,False
2026-03-17,P010,Tanqueray,gin,8.717,False
2026-03-17,P011,Hendrick's,gin,8.785,False
2026-03-17,P012,Beefeater,gin,10.09,False
2026-03-17,P013,Gordon's,gin,16.594,False
2026-03-17,P014,Absolut,vodka,10.823,False
2026-03-17,P015,Finlandia,vodka,10.861,False
2026-03-17,P016,Grey Goose,vodka,7.424,False
2026-03-17,P017,Belvedere,vodka,11.548,False
2026-03-17,P018,Stolichnaya,vodka,10.69,False
2026-03-17,P019,Jameson,whiskey,16.903,False
2026-03-17,P020,Jack Daniel's,whiskey,15.562,False
2026-03-17,P021,Johnnie Walker Black,whiskey,6.566,False
2026-03-17,P022,Chivas Regal,whiskey,8.289,False
2026-03-17,P023,Maker's Mark,whiskey,11.119,False
2026-03-17,P024,Glenfiddich 12,whiskey,11.376,False
2026-03-17,P025,Bacardi Carta Blanca,rum,20.512,False
2026-03-17,P026,Havana Club 3,rum,9.146,False
2026-03-17,P027,Captain Morgan,rum,7.603,False
2026-03-17,P028,Diplomatico Reserva,rum,12.917,False
2026-03-17,P029,Jose Cuervo,tequila,12.034,False
2026-03-17,P030,Olmeca Blanco,tequila,10.776,False
2026-03-17,P031,Patron Silver,tequila,10.917,False
2026-03-17,P032,Don Julio Blanco,tequila,10.519,False
2026-03-17,P033,Aperol,aperitif,19.115,False
2026-03-17,P034,Campari,aperitif,11.443,False
2026-03-17,P035,Cointreau,liqueur,13.017,False
2026-03-17,P036,Kahlua,liqueur,15.235,False
2026-03-17,P037,Martini Rosso,vermouth,12.746,False
2026-03-17,P038,House Red Wine,wine,19.722,False
2026-03-17,P039,House White Wine,wine,12.632,False
2026-03-17,P040,Rose Wine,wine,4.0,False
2026-03-17,P041,Prosecco,wine,23.696,False
2026-03-17,P042,Chardonnay,wine,6.24,False
2026-03-17,P043,Coca-Cola,soft_drink,96.4,False
2026-03-17,P044,Coca-Cola Zero,soft_drink,60.6,False
2026-03-17,P045,Sprite,soft_drink,45.2,False
2026-03-17,P046,Tonic Water,soft_drink,50.42,False
2026-03-17,P047,Soda Water,soft_drink,64.92,False
2026-03-17,P048,Red Bull,soft_drink,45.8,False
2026-03-17,P049,Ginger Beer,soft_drink,36.2,False
2026-03-17,P050,Orange Juice,juice,4.0,False
2026-03-17,P051,Cranberry Juice,juice,4.0,False
2026-03-17,P052,Lime Juice,juice,7.048,False
2026-03-17,P053,Lemon Juice,juice,8.35,False
2026-03-17,P054,Sugar Syrup,cocktail_ingredient,9.652,False
2026-03-17,P055,Fresh Mint,cocktail_ingredient,5.299,False
2026-03-17,P056,Coffee Beans,cocktail_ingredient,3.325,False
2026-03-17,K001,Carlsberg 50L,draught_beer,3.94,False
2026-03-17,K002,Tuborg 50L,draught_beer,2.998,False
2026-03-17,K003,Carlsberg 30L,draught_beer,4.783,False
2026-03-17,K004,Malka 30L,draught_beer,4.62,False
2026-03-17,K005,Weihenstephan 30L,draught_beer,3.265,False
2026-03-18,P001,Carlsberg,beer,80.4,False
2026-03-18,P002,Heineken,beer,55.6,False
2026-03-18,P003,Corona,beer,56.2,False
2026-03-18,P004,Guinness,beer,26.6,False
2026-03-18,P005,Goldstar,beer,65.6,False
2026-03-18,P006,Maccabee,beer,54.0,False
2026-03-18,P007,Stella Artois,beer,41.4,False
2026-03-18,P008,Erdinger,beer,24.2,False
2026-03-18,P009,Bombay Sapphire,gin,6.995,False
2026-03-18,P010,Tanqueray,gin,8.546,False
2026-03-18,P011,Hendrick's,gin,8.4,False
2026-03-18,P012,Beefeater,gin,10.005,False
2026-03-18,P013,Gordon's,gin,15.584,False
2026-03-18,P014,Absolut,vodka,9.78,False
2026-03-18,P015,Finlandia,vodka,10.776,False
2026-03-18,P016,Grey Goose,vodka,7.167,False
2026-03-18,P017,Belvedere,vodka,11.376,False
2026-03-18,P018,Stolichnaya,vodka,10.604,False
2026-03-18,P019,Jameson,whiskey,16.217,False
2026-03-18,P020,Jack Daniel's,whiskey,15.047,False
2026-03-18,P021,Johnnie Walker Black,whiskey,6.395,False
2026-03-18,P022,Chivas Regal,whiskey,8.203,False
2026-03-18,P023,Maker's Mark,whiskey,11.033,False
2026-03-18,P024,Glenfiddich 12,whiskey,11.204,False
2026-03-18,P025,Bacardi Carta Blanca,rum,18.822,False
2026-03-18,P026,Havana Club 3,rum,8.975,False
2026-03-18,P027,Captain Morgan,rum,7.518,False
2026-03-18,P028,Diplomatico Reserva,rum,12.831,False
2026-03-18,P029,Jose Cuervo,tequila,11.668,False
2026-03-18,P030,Olmeca Blanco,tequila,10.604,False
2026-03-18,P031,Patron Silver,tequila,10.088,False
2026-03-18,P032,Don Julio Blanco,tequila,10.347,False
2026-03-18,P033,Aperol,aperitif,17.143,False
2026-03-18,P034,Campari,aperitif,10.8,False
2026-03-18,P035,Cointreau,liqueur,12.66,False
2026-03-18,P036,Kahlua,liqueur,14.949,False
2026-03-18,P037,Martini Rosso,vermouth,12.361,False
2026-03-18,P038,House Red Wine,wine,18.014,False
2026-03-18,P039,House White Wine,wine,10.924,False
2026-03-18,P040,Rose Wine,wine,3.4,False
2026-03-18,P041,Prosecco,wine,20.256,False
2026-03-18,P042,Chardonnay,wine,5.84,False
2026-03-18,P043,Coca-Cola,soft_drink,84.8,False
2026-03-18,P044,Coca-Cola Zero,soft_drink,54.6,False
2026-03-18,P045,Sprite,soft_drink,39.2,False
2026-03-18,P046,Tonic Water,soft_drink,45.92,False
2026-03-18,P047,Soda Water,soft_drink,59.92,False
2026-03-18,P048,Red Bull,soft_drink,42.8,False
2026-03-18,P049,Ginger Beer,soft_drink,34.2,False
2026-03-18,P050,Orange Juice,juice,4.0,False
2026-03-18,P051,Cranberry Juice,juice,4.0,False
2026-03-18,P052,Lime Juice,juice,6.458,False
2026-03-18,P053,Lemon Juice,juice,8.2,False
2026-03-18,P054,Sugar Syrup,cocktail_ingredient,9.372,False
2026-03-18,P055,Fresh Mint,cocktail_ingredient,5.173,False
2026-03-18,P056,Coffee Beans,cocktail_ingredient,3.262,False
2026-03-18,K001,Carlsberg 50L,draught_beer,5.594,False
2026-03-18,K002,Tuborg 50L,draught_beer,4.676,False
2026-03-18,K003,Carlsberg 30L,draught_beer,6.367,False
2026-03-18,K004,Malka 30L,draught_beer,5.016,False
2026-03-18,K005,Weihenstephan 30L,draught_beer,4.916,False
2026-03-19,P001,Carlsberg,beer,70.4,False
2026-03-19,P002,Heineken,beer,47.6,False
2026-03-19,P003,Corona,beer,50.2,False
2026-03-19,P004,Guinness,beer,21.6,False
2026-03-19,P005,Goldstar,beer,54.6,False
2026-03-19,P006,Maccabee,beer,50.0,False
2026-03-19,P007,Stella Artois,beer,36.4,False
2026-03-19,P008,Erdinger,beer,21.2,False
2026-03-19,P009,Bombay Sapphire,gin,6.566,False
2026-03-19,P010,Tanqueray,gin,8.203,False
2026-03-19,P011,Hendrick's,gin,7.757,False
2026-03-19,P012,Beefeater,gin,9.833,False
2026-03-19,P013,Gordon's,gin,14.25,False
2026-03-19,P014,Absolut,vodka,8.301,False
2026-03-19,P015,Finlandia,vodka,10.519,False
2026-03-19,P016,Grey Goose,vodka,6.739,False
2026-03-19,P017,Belvedere,vodka,11.29,False
2026-03-19,P018,Stolichnaya,vodka,10.433,False
2026-03-19,P019,Jameson,whiskey,15.446,False
2026-03-19,P020,Jack Daniel's,whiskey,14.619,False
2026-03-19,P021,Johnnie Walker Black,whiskey,6.052,False
2026-03-19,P022,Chivas Regal,whiskey,8.032,False
2026-03-19,P023,Maker's Mark,whiskey,10.862,False
2026-03-19,P024,Glenfiddich 12,whiskey,11.119,False
2026-03-19,P025,Bacardi Carta Blanca,rum,16.442,False
2026-03-19,P026,Havana Club 3,rum,8.889,False
2026-03-19,P027,Captain Morgan,rum,7.261,False
2026-03-19,P028,Diplomatico Reserva,rum,12.745,False
2026-03-19,P029,Jose Cuervo,tequila,11.119,False
2026-03-19,P030,Olmeca Blanco,tequila,10.433,False
2026-03-19,P031,Patron Silver,tequila,8.545,False
2026-03-19,P032,Don Julio Blanco,tequila,10.176,False
2026-03-19,P033,Aperol,aperitif,14.743,False
2026-03-19,P034,Campari,aperitif,10.243,False
2026-03-19,P035,Cointreau,liqueur,11.953,False
2026-03-19,P036,Kahlua,liqueur,14.434,False
2026-03-19,P037,Martini Rosso,vermouth,11.889,False
2026-03-19,P038,House Red Wine,wine,15.086,False
2026-03-19,P039,House White Wine,wine,8.484,False
2026-03-19,P040,Rose Wine,wine,2.6,False
2026-03-19,P041,Prosecco,wine,16.576,False
2026-03-19,P042,Chardonnay,wine,5.24,False
2026-03-19,P043,Coca-Cola,soft_drink,90.3,False
2026-03-19,P044,Coca-Cola Zero,soft_drink,70.6,False
2026-03-19,P045,Sprite,soft_drink,56.2,False
2026-03-19,P046,Tonic Water,soft_drink,34.22,False
2026-03-19,P047,Soda Water,soft_drink,51.96,False
2026-03-19,P048,Red Bull,soft_drink,61.8,False
2026-03-19,P049,Ginger Beer,soft_drink,31.2,False
2026-03-19,P050,Orange Juice,juice,4.0,False
2026-03-19,P051,Cranberry Juice,juice,4.0,False
2026-03-19,P052,Lime Juice,juice,11.393,False
2026-03-19,P053,Lemon Juice,juice,8.075,False
2026-03-19,P054,Sugar Syrup,cocktail_ingredient,8.937,False
2026-03-19,P055,Fresh Mint,cocktail_ingredient,4.984,False
2026-03-19,P056,Coffee Beans,cocktail_ingredient,3.154,False
2026-03-19,K001,Carlsberg 50L,draught_beer,5.022,False
2026-03-19,K002,Tuborg 50L,draught_beer,4.274,False
2026-03-19,K003,Carlsberg 30L,draught_beer,5.589,False
2026-03-19,K004,Malka 30L,draught_beer,4.318,False
2026-03-19,K005,Weihenstephan 30L,draught_beer,4.459,False
2026-03-20,P001,Carlsberg,beer,51.4,False
2026-03-20,P002,Heineken,beer,31.6,False
2026-03-20,P003,Corona,beer,36.2,False
2026-03-20,P004,Guinness,beer,14.6,False
2026-03-20,P005,Goldstar,beer,39.6,False
2026-03-20,P006,Maccabee,beer,40.0,False
2026-03-20,P007,Stella Artois,beer,24.4,False
2026-03-20,P008,Erdinger,beer,16.2,False
2026-03-20,P009,Bombay Sapphire,gin,5.881,False
2026-03-20,P010,Tanqueray,gin,7.775,False
2026-03-20,P011,Hendrick's,gin,6.6,False
2026-03-20,P012,Beefeater,gin,9.576,False
2026-03-20,P013,Gordon's,gin,11.496,False
2026-03-20,P014,Absolut,vodka,17.887,False
2026-03-20,P015,Finlandia,vodka,10.261,False
2026-03-20,P016,Grey Goose,vodka,6.138,False
2026-03-20,P017,Belvedere,vodka,10.948,False
2026-03-20,P018,Stolichnaya,vodka,10.176,False
2026-03-20,P019,Jameson,whiskey,14.417,False
2026-03-20,P020,Jack Daniel's,whiskey,13.505,False
2026-03-20,P021,Johnnie Walker Black,whiskey,5.452,False
2026-03-20,P022,Chivas Regal,whiskey,7.689,False
2026-03-20,P023,Maker's Mark,whiskey,10.604,False
2026-03-20,P024,Glenfiddich 12,whiskey,10.776,False
2026-03-20,P025,Bacardi Carta Blanca,rum,12.678,False
2026-03-20,P026,Havana Club 3,rum,8.375,False
2026-03-20,P027,Captain Morgan,rum,6.832,False
2026-03-20,P028,Diplomatico Reserva,rum,12.66,False
2026-03-20,P029,Jose Cuervo,tequila,10.335,False
2026-03-20,P030,Olmeca Blanco,tequila,10.176,False
2026-03-20,P031,Patron Silver,tequila,6.531,False
2026-03-20,P032,Don Julio Blanco,tequila,9.833,False
2026-03-20,P033,Aperol,aperitif,22.886,False
2026-03-20,P034,Campari,aperitif,9.086,False
2026-03-20,P035,Cointreau,liqueur,10.967,False
2026-03-20,P036,Kahlua,liqueur,13.463,False
2026-03-20,P037,Martini Rosso,vermouth,10.989,False
2026-03-20,P038,House Red Wine,wine,23.182,False
2026-03-20,P039,House White Wine,wine,27.848,False
2026-03-20,P040,Rose Wine,wine,25.0,False
2026-03-20,P041,Prosecco,wine,22.176,False
2026-03-20,P042,Chardonnay,wine,16.04,False
2026-03-20,P043,Coca-Cola,soft_drink,66.3,False
2026-03-20,P044,Coca-Cola Zero,soft_drink,55.6,False
2026-03-20,P045,Sprite,soft_drink,44.2,False
2026-03-20,P046,Tonic Water,soft_drink,17.52,False
2026-03-20,P047,Soda Water,soft_drink,37.6,False
2026-03-20,P048,Red Bull,soft_drink,48.8,False
2026-03-20,P049,Ginger Beer,soft_drink,25.2,False
2026-03-20,P050,Orange Juice,juice,4.0,False
2026-03-20,P051,Cranberry Juice,juice,4.0,False
2026-03-20,P052,Lime Juice,juice,9.938,False
2026-03-20,P053,Lemon Juice,juice,7.825,False
2026-03-20,P054,Sugar Syrup,cocktail_ingredient,8.222,False
2026-03-20,P055,Fresh Mint,cocktail_ingredient,4.687,False
2026-03-20,P056,Coffee Beans,cocktail_ingredient,2.956,False
2026-03-20,K001,Carlsberg 50L,draught_beer,4.233,False
2026-03-20,K002,Tuborg 50L,draught_beer,3.67,False
2026-03-20,K003,Carlsberg 30L,draught_beer,4.381,False
2026-03-20,K004,Malka 30L,draught_beer,3.258,False
2026-03-20,K005,Weihenstephan 30L,draught_beer,3.775,False
2026-03-21,P001,Carlsberg,beer,61.4,False
2026-03-21,P002,Heineken,beer,69.6,False
2026-03-21,P003,Corona,beer,52.2,False
2026-03-21,P004,Guinness,beer,33.6,False
2026-03-21,P005,Goldstar,beer,26.6,False
2026-03-21,P006,Maccabee,beer,34.0,False
2026-03-21,P007,Stella Artois,beer,42.4,False
2026-03-21,P008,Erdinger,beer,35.2,False
2026-03-21,P009,Bombay Sapphire,gin,5.367,False
2026-03-21,P010,Tanqueray,gin,7.518,False
2026-03-21,P011,Hendrick's,gin,5.657,False
2026-03-21,P012,Beefeater,gin,9.319,False
2026-03-21,P013,Gordon's,gin,9.658,False
2026-03-21,P014,Absolut,vodka,15.737,False
2026-03-21,P015,Finlandia,vodka,10.004,False
2026-03-21,P016,Grey Goose,vodka,5.624,False
2026-03-21,P017,Belvedere,vodka,10.691,False
2026-03-21,P018,Stolichnaya,vodka,10.005,False
2026-03-21,P019,Jameson,whiskey,13.389,False
2026-03-21,P020,Jack Daniel's,whiskey,12.562,False
2026-03-21,P021,Johnnie Walker Black,whiskey,5.023,False
2026-03-21,P022,Chivas Regal,whiskey,7.432,False
2026-03-21,P023,Maker's Mark,whiskey,10.433,False
2026-03-21,P024,Glenfiddich 12,whiskey,10.604,False
2026-03-21,P025,Bacardi Carta Blanca,rum,9.253,False
2026-03-21,P026,Havana Club 3,rum,8.118,False
2026-03-21,P027,Captain Morgan,rum,6.403,False
2026-03-21,P028,Diplomatico Reserva,rum,12.574,False
2026-03-21,P029,Jose Cuervo,tequila,9.734,False
2026-03-21,P030,Olmeca Blanco,tequila,9.919,False
2026-03-21,P031,Patron Silver,tequila,4.831,False
2026-03-21,P032,Don Julio Blanco,tequila,9.576,False
2026-03-21,P033,Aperol,aperitif,19.886,False
2026-03-21,P034,Campari,aperitif,8.057,False
2026-03-21,P035,Cointreau,liqueur,10.189,False
2026-03-21,P036,Kahlua,liqueur,12.72,False
2026-03-21,P037,Martini Rosso,vermouth,10.303,False
2026-03-21,P038,House Red Wine,wine,20.742,False
2026-03-21,P039,House White Wine,wine,25.164,False
2026-03-21,P040,Rose Wine,wine,23.6,False
2026-03-21,P041,Prosecco,wine,17.336,False
2026-03-21,P042,Chardonnay,wine,15.04,False
2026-03-21,P043,Coca-Cola,soft_drink,47.6,False
2026-03-21,P044,Coca-Cola Zero,soft_drink,42.6,False
2026-03-21,P045,Sprite,soft_drink,33.2,False
2026-03-21,P046,Tonic Water,soft_drink,5.62,False
2026-03-21,P047,Soda Water,soft_drink,25.08,False
2026-03-21,P048,Red Bull,soft_drink,39.8,False
2026-03-21,P049,Ginger Beer,soft_drink,22.2,False
2026-03-21,P050,Orange Juice,juice,4.0,False
2026-03-21,P051,Cranberry Juice,juice,4.0,False
2026-03-21,P052,Lime Juice,juice,8.618,False
2026-03-21,P053,Lemon Juice,juice,7.65,False
2026-03-21,P054,Sugar Syrup,cocktail_ingredient,7.572,False
2026-03-21,P055,Fresh Mint,cocktail_ingredient,4.417,False
2026-03-21,P056,Coffee Beans,cocktail_ingredient,2.776,False
2026-03-21,K001,Carlsberg 50L,draught_beer,4.661,False
2026-03-21,K002,Tuborg 50L,draught_beer,4.203,False
2026-03-21,K003,Carlsberg 30L,draught_beer,6.227,False
2026-03-21,K004,Malka 30L,draught_beer,5.453,False
2026-03-21,K005,Weihenstephan 30L,draught_beer,4.332,False
2026-03-22,P001,Carlsberg,beer,57.4,False
2026-03-22,P002,Heineken,beer,65.6,False
2026-03-22,P003,Corona,beer,50.2,False
2026-03-22,P004,Guinness,beer,32.6,False
2026-03-22,P005,Goldstar,beer,23.6,False
2026-03-22,P006,Maccabee,beer,28.0,False
2026-03-22,P007,Stella Artois,beer,39.4,False
2026-03-22,P008,Erdinger,beer,34.2,False
2026-03-22,P009,Bombay Sapphire,gin,5.024,False
2026-03-22,P010,Tanqueray,gin,7.432,False
2026-03-22,P011,Hendrick's,gin,5.271,False
2026-03-22,P012,Beefeater,gin,9.148,False
2026-03-22,P013,Gordon's,gin,8.664,False
2026-03-22,P014,Absolut,vodka,15.237,False
2026-03-22,P015,Finlandia,vodka,9.919,False
2026-03-22,P016,Grey Goose,vodka,5.453,False
2026-03-22,P017,Belvedere,vodka,10.605,False
2026-03-22,P018,Stolichnaya,vodka,9.919,False
2026-03-22,P019,Jameson,whiskey,13.132,False
2026-03-22,P020,Jack Daniel's,whiskey,12.047,False
2026-03-22,P021,Johnnie Walker Black,whiskey,4.766,False
2026-03-22,P022,Chivas Regal,whiskey,7.346,False
2026-03-22,P023,Maker's Mark,whiskey,10.347,False
2026-03-22,P024,Glenfiddich 12,whiskey,10.519,False
2026-03-22,P025,Bacardi Carta Blanca,rum,7.841,False
2026-03-22,P026,Havana Club 3,rum,7.946,False
2026-03-22,P027,Captain Morgan,rum,6.232,False
2026-03-22,P028,Diplomatico Reserva,rum,12.574,False
2026-03-22,P029,Jose Cuervo,tequila,9.577,False
2026-03-22,P030,Olmeca Blanco,tequila,9.833,False
2026-03-22,P031,Patron Silver,tequila,4.088,False
2026-03-22,P032,Don Julio Blanco,tequila,9.49,False
2026-03-22,P033,Aperol,aperitif,18.429,False
2026-03-22,P034,Campari,aperitif,7.672,False
2026-03-22,P035,Cointreau,liqueur,9.832,False
2026-03-22,P036,Kahlua,liqueur,12.492,False
2026-03-22,P037,Martini Rosso,vermouth,10.004,False
2026-03-22,P038,House Red Wine,wine,19.766,False
2026-03-22,P039,House White Wine,wine,24.432,False
2026-03-22,P040,Rose Wine,wine,22.8,False
2026-03-22,P041,Prosecco,wine,15.016,False
2026-03-22,P042,Chardonnay,wine,14.84,False
2026-03-22,P043,Coca-Cola,soft_drink,35.4,False
2026-03-22,P044,Coca-Cola Zero,soft_drink,39.6,False
2026-03-22,P045,Sprite,soft_drink,27.2,False
2026-03-22,P046,Tonic Water,soft_drink,24.82,False
2026-03-22,P047,Soda Water,soft_drink,20.68,False
2026-03-22,P048,Red Bull,soft_drink,35.8,False
2026-03-22,P049,Ginger Beer,soft_drink,19.2,False
2026-03-22,P050,Orange Juice,juice,4.0,False
2026-03-22,P051,Cranberry Juice,juice,4.0,False
2026-03-22,P052,Lime Juice,juice,8.078,False
2026-03-22,P053,Lemon Juice,juice,7.6,False
2026-03-22,P054,Sugar Syrup,cocktail_ingredient,7.342,False
2026-03-22,P055,Fresh Mint,cocktail_ingredient,4.309,False
2026-03-22,P056,Coffee Beans,cocktail_ingredient,2.731,False
2026-03-22,K001,Carlsberg 50L,draught_beer,4.371,False
2026-03-22,K002,Tuborg 50L,draught_beer,4.074,False
2026-03-22,K003,Carlsberg 30L,draught_beer,5.771,False
2026-03-22,K004,Malka 30L,draught_beer,5.144,False
2026-03-22,K005,Weihenstephan 30L,draught_beer,4.184,False
2026-03-23,P001,Carlsberg,beer,52.4,False
2026-03-23,P002,Heineken,beer,64.6,False
2026-03-23,P003,Corona,beer,47.2,False
2026-03-23,P004,Guinness,beer,30.6,False
2026-03-23,P005,Goldstar,beer,41.6,False
2026-03-23,P006,Maccabee,beer,27.0,False
2026-03-23,P007,Stella Artois,beer,35.4,False
2026-03-23,P008,Erdinger,beer,33.2,False
2026-03-23,P009,Bombay Sapphire,gin,4.766,False
2026-03-23,P010,Tanqueray,gin,7.346,False
2026-03-23,P011,Hendrick's,gin,5.057,False
2026-03-23,P012,Beefeater,gin,9.062,False
2026-03-23,P013,Gordon's,gin,7.837,False
2026-03-23,P014,Absolut,vodka,14.573,False
2026-03-23,P015,Finlandia,vodka,9.919,False
2026-03-23,P016,Grey Goose,vodka,5.281,False
2026-03-23,P017,Belvedere,vodka,10.519,False
2026-03-23,P018,Stolichnaya,vodka,9.919,False
2026-03-23,P019,Jameson,whiskey,12.703,False
2026-03-23,P020,Jack Daniel's,whiskey,12.047,False
2026-03-23,P021,Johnnie Walker Black,whiskey,4.595,False
2026-03-23,P022,Chivas Regal,whiskey,7.26,False
2026-03-23,P023,Maker's Mark,whiskey,10.262,False
2026-03-23,P024,Glenfiddich 12,whiskey,10.433,False
2026-03-23,P025,Bacardi Carta Blanca,rum,6.683,False
2026-03-23,P026,Havana Club 3,rum,7.861,False
2026-03-23,P027,Captain Morgan,rum,6.146,False
2026-03-23,P028,Diplomatico Reserva,rum,12.574,False
2026-03-23,P029,Jose Cuervo,tequila,9.394,False
2026-03-23,P030,Olmeca Blanco,tequila,9.747,False
2026-03-23,P031,Patron Silver,tequila,15.502,False
2026-03-23,P032,Don Julio Blanco,tequila,9.405,False
2026-03-23,P033,Aperol,aperitif,17.486,False
2026-03-23,P034,Campari,aperitif,7.372,False
2026-03-23,P035,Cointreau,liqueur,9.568,False
2026-03-23,P036,Kahlua,liqueur,12.32,False
2026-03-23,P037,Martini Rosso,vermouth,9.789,False
2026-03-23,P038,House Red Wine,wine,19.034,False
2026-03-23,P039,House White Wine,wine,23.212,False
2026-03-23,P040,Rose Wine,wine,22.8,False
2026-03-23,P041,Prosecco,wine,13.416,False
2026-03-23,P042,Chardonnay,wine,14.64,False
2026-03-23,P043,Coca-Cola,soft_drink,102.1,False
2026-03-23,P044,Coca-Cola Zero,soft_drink,63.6,False
2026-03-23,P045,Sprite,soft_drink,44.2,False
2026-03-23,P046,Tonic Water,soft_drink,67.32,False
2026-03-23,P047,Soda Water,soft_drink,15.88,False
2026-03-23,P048,Red Bull,soft_drink,56.8,False
2026-03-23,P049,Ginger Beer,soft_drink,42.2,False
2026-03-23,P050,Orange Juice,juice,4.0,False
2026-03-23,P051,Cranberry Juice,juice,4.0,False
2026-03-23,P052,Lime Juice,juice,7.618,False
2026-03-23,P053,Lemon Juice,juice,7.525,False
2026-03-23,P054,Sugar Syrup,cocktail_ingredient,7.162,False
2026-03-23,P055,Fresh Mint,cocktail_ingredient,4.219,False
2026-03-23,P056,Coffee Beans,cocktail_ingredient,2.704,False
2026-03-23,K001,Carlsberg 50L,draught_beer,4.258,False
2026-03-23,K002,Tuborg 50L,draught_beer,3.913,False
2026-03-23,K003,Carlsberg 30L,draught_beer,5.529,False
2026-03-23,K004,Malka 30L,draught_beer,4.822,False
2026-03-23,K005,Weihenstephan 30L,draught_beer,4.05,False
2026-03-24,P001,Carlsberg,beer,49.4,False
2026-03-24,P002,Heineken,beer,62.6,False
2026-03-24,P003,Corona,beer,43.2,False
2026-03-24,P004,Guinness,beer,28.6,False
2026-03-24,P005,Goldstar,beer,36.6,False
2026-03-24,P006,Maccabee,beer,27.0,False
2026-03-24,P007,Stella Artois,beer,32.4,False
2026-03-24,P008,Erdinger,beer,31.2,False
2026-03-24,P009,Bombay Sapphire,gin,4.681,False
2026-03-24,P010,Tanqueray,gin,7.175,False
2026-03-24,P011,Hendrick's,gin,16.842,False
2026-03-24,P012,Beefeater,gin,9.062,False
2026-03-24,P013,Gordon's,gin,18.913,False
2026-03-24,P014,Absolut,vodka,13.915,False
2026-03-24,P015,Finlandia,vodka,9.747,False
2026-03-24,P016,Grey Goose,vodka,5.024,False
2026-03-24,P017,Belvedere,vodka,10.348,False
2026-03-24,P018,Stolichnaya,vodka,9.747,False
2026-03-24,P019,Jameson,whiskey,12.531,False
2026-03-24,P020,Jack Daniel's,whiskey,11.79,False
2026-03-24,P021,Johnnie Walker Black,whiskey,4.423,False
2026-03-24,P022,Chivas Regal,whiskey,7.26,False
2026-03-24,P023,Maker's Mark,whiskey,10.176,False
2026-03-24,P024,Glenfiddich 12,whiskey,10.433,False
2026-03-24,P025,Bacardi Carta Blanca,rum,17.306,False
2026-03-24,P026,Havana Club 3,rum,7.775,False
2026-03-24,P027,Captain Morgan,rum,6.061,False
2026-03-24,P028,Diplomatico Reserva,rum,12.488,False
2026-03-24,P029,Jose Cuervo,tequila,9.08,False
2026-03-24,P030,Olmeca Blanco,tequila,9.747,False
2026-03-24,P031,Patron Silver,tequila,14.774,False
2026-03-24,P032,Don Julio Blanco,tequila,9.319,False
2026-03-24,P033,Aperol,aperitif,16.029,False
2026-03-24,P034,Campari,aperitif,7.157,False
2026-03-24,P035,Cointreau,liqueur,9.225,False
2026-03-24,P036,Kahlua,liqueur,11.949,False
2026-03-24,P037,Martini Rosso,vermouth,9.661,False
2026-03-24,P038,House Red Wine,wine,18.058,False
2026-03-24,P039,House White Wine,wine,21.992,False
2026-03-24,P040,Rose Wine,wine,22.6,False
2026-03-24,P041,Prosecco,wine,23.216,False
2026-03-24,P042,Chardonnay,wine,14.24,False
2026-03-24,P043,Coca-Cola,soft_drink,93.7,False
2026-03-24,P044,Coca-Cola Zero,soft_drink,59.6,False
2026-03-24,P045,Sprite,soft_drink,39.2,False
2026-03-24,P046,Tonic Water,soft_drink,61.22,False
2026-03-24,P047,Soda Water,soft_drink,10.66,False
2026-03-24,P048,Red Bull,soft_drink,51.8,False
2026-03-24,P049,Ginger Beer,soft_drink,40.2,False
2026-03-24,P050,Orange Juice,juice,4.0,False
2026-03-24,P051,Cranberry Juice,juice,4.0,False
2026-03-24,P052,Lime Juice,juice,7.073,False
2026-03-24,P053,Lemon Juice,juice,7.425,False
2026-03-24,P054,Sugar Syrup,cocktail_ingredient,6.927,False
2026-03-24,P055,Fresh Mint,cocktail_ingredient,4.12,False
2026-03-24,P056,Coffee Beans,cocktail_ingredient,2.641,False
2026-03-24,K001,Carlsberg 50L,draught_beer,4.081,False
2026-03-24,K002,Tuborg 50L,draught_beer,3.72,False
2026-03-24,K003,Carlsberg 30L,draught_beer,5.059,False
2026-03-24,K004,Malka 30L,draught_beer,4.487,False
2026-03-24,K005,Weihenstephan 30L,draught_beer,3.768,False
2026-03-25,P001,Carlsberg,beer,63.4,False
2026-03-25,P002,Heineken,beer,52.6,False
2026-03-25,P003,Corona,beer,59.2,False
2026-03-25,P004,Guinness,beer,24.6,False
2026-03-25,P005,Goldstar,beer,51.6,False
2026-03-25,P006,Maccabee,beer,47.0,False
2026-03-25,P007,Stella Artois,beer,51.4,False
2026-03-25,P008,Erdinger,beer,29.2,False
2026-03-25,P009,Bombay Sapphire,gin,4.509,False
2026-03-25,P010,Tanqueray,gin,6.918,False
2026-03-25,P011,Hendrick's,gin,16.285,False
2026-03-25,P012,Beefeater,gin,8.976,False
2026-03-25,P013,Gordon's,gin,17.614,False
2026-03-25,P014,Absolut,vodka,12.508,False
2026-03-25,P015,Finlandia,vodka,9.576,False
2026-03-25,P016,Grey Goose,vodka,4.767,False
2026-03-25,P017,Belvedere,vodka,10.262,False
2026-03-25,P018,Stolichnaya,vodka,9.576,False
2026-03-25,P019,Jameson,whiskey,12.017,False
2026-03-25,P020,Jack Daniel's,whiskey,11.276,False
2026-03-25,P021,Johnnie Walker Black,whiskey,3.995,False
2026-03-25,P022,Chivas Regal,whiskey,7.003,False
2026-03-25,P023,Maker's Mark,whiskey,10.005,False
2026-03-25,P024,Glenfiddich 12,whiskey,10.262,False
2026-03-25,P025,Bacardi Carta Blanca,rum,15.153,False
2026-03-25,P026,Havana Club 3,rum,7.518,False
2026-03-25,P027,Captain Morgan,rum,5.889,False
2026-03-25,P028,Diplomatico Reserva,rum,12.403,False
2026-03-25,P029,Jose Cuervo,tequila,8.583,False
2026-03-25,P030,Olmeca Blanco,tequila,9.576,False
2026-03-25,P031,Patron Silver,tequila,13.517,False
2026-03-25,P032,Don Julio Blanco,tequila,9.062,False
2026-03-25,P033,Aperol,aperitif,14.315,False
2026-03-25,P034,Campari,aperitif,6.686,False
2026-03-25,P035,Cointreau,liqueur,8.589,False
2026-03-25,P036,Kahlua,liqueur,11.406,False
2026-03-25,P037,Martini Rosso,vermouth,9.275,False
2026-03-25,P038,House Red Wine,wine,15.13,False
2026-03-25,P039,House White Wine,wine,20.04,False
2026-03-25,P040,Rose Wine,wine,21.8,False
2026-03-25,P041,Prosecco,wine,20.256,False
2026-03-25,P042,Chardonnay,wine,13.64,False
2026-03-25,P043,Coca-Cola,soft_drink,78.0,False
2026-03-25,P044,Coca-Cola Zero,soft_drink,47.6,False
2026-03-25,P045,Sprite,soft_drink,30.2,False
2026-03-25,P046,Tonic Water,soft_drink,51.82,False
2026-03-25,P047,Soda Water,soft_drink,49.3,False
2026-03-25,P048,Red Bull,soft_drink,44.8,False
2026-03-25,P049,Ginger Beer,soft_drink,38.2,False
2026-03-25,P050,Orange Juice,juice,4.0,False
2026-03-25,P051,Cranberry Juice,juice,4.0,False
2026-03-25,P052,Lime Juice,juice,6.178,False
2026-03-25,P053,Lemon Juice,juice,7.25,False
2026-03-25,P054,Sugar Syrup,cocktail_ingredient,6.512,False
2026-03-25,P055,Fresh Mint,cocktail_ingredient,3.949,False
2026-03-25,P056,Coffee Beans,cocktail_ingredient,2.524,False
2026-03-25,K001,Carlsberg 50L,draught_beer,3.582,False
2026-03-25,K002,Tuborg 50L,draught_beer,4.575,False
2026-03-25,K003,Carlsberg 30L,draught_beer,6.361,False
2026-03-25,K004,Malka 30L,draught_beer,6.017,False
2026-03-25,K005,Weihenstephan 30L,draught_beer,4.353,False
2026-03-26,P001,Carlsberg,beer,52.4,False
2026-03-26,P002,Heineken,beer,47.6,False
2026-03-26,P003,Corona,beer,48.2,False
2026-03-26,P004,Guinness,beer,20.6,False
2026-03-26,P005,Goldstar,beer,44.6,False
2026-03-26,P006,Maccabee,beer,42.0,False
2026-03-26,P007,Stella Artois,beer,45.4,False
2026-03-26,P008,Erdinger,beer,27.2,False
2026-03-26,P009,Bombay Sapphire,gin,4.252,False
2026-03-26,P010,Tanqueray,gin,6.66,False
2026-03-26,P011,Hendrick's,gin,15.814,False
2026-03-26,P012,Beefeater,gin,8.89,False
2026-03-26,P013,Gordon's,gin,16.081,False
2026-03-26,P014,Absolut,vodka,11.151,False
2026-03-26,P015,Finlandia,vodka,9.405,False
2026-03-26,P016,Grey Goose,vodka,4.339,False
2026-03-26,P017,Belvedere,vodka,10.176,False
2026-03-26,P018,Stolichnaya,vodka,9.49,False
2026-03-26,P019,Jameson,whiskey,11.417,False
2026-03-26,P020,Jack Daniel's,whiskey,10.59,False
2026-03-26,P021,Johnnie Walker Black,whiskey,3.652,False
2026-03-26,P022,Chivas Regal,whiskey,6.832,False
2026-03-26,P023,Maker's Mark,whiskey,9.919,False
2026-03-26,P024,Glenfiddich 12,whiskey,10.176,False
2026-03-26,P025,Bacardi Carta Blanca,rum,13.498,False
2026-03-26,P026,Havana Club 3,rum,7.261,False
2026-03-26,P027,Captain Morgan,rum,5.718,False
2026-03-26,P028,Diplomatico Reserva,rum,12.317,False
2026-03-26,P029,Jose Cuervo,tequila,8.113,False
2026-03-26,P030,Olmeca Blanco,tequila,9.405,False
2026-03-26,P031,Patron Silver,tequila,12.402,False
2026-03-26,P032,Don Julio Blanco,tequila,8.976,False
2026-03-26,P033,Aperol,aperitif,12.515,False
2026-03-26,P034,Campari,aperitif,6.215,False
2026-03-26,P035,Cointreau,liqueur,8.117,False
2026-03-26,P036,Kahlua,liqueur,10.92,False
2026-03-26,P037,Martini Rosso,vermouth,8.889,False
2026-03-26,P038,House Red Wine,wine,13.178,False
2026-03-26,P039,House White Wine,wine,18.576,False
2026-03-26,P040,Rose Wine,wine,21.0,False
2026-03-26,P041,Prosecco,wine,17.376,False
2026-03-26,P042,Chardonnay,wine,13.44,False
2026-03-26,P043,Coca-Cola,soft_drink,84.4,False
2026-03-26,P044,Coca-Cola Zero,soft_drink,65.6,False
2026-03-26,P045,Sprite,soft_drink,48.2,False
2026-03-26,P046,Tonic Water,soft_drink,66.52,False
2026-03-26,P047,Soda Water,soft_drink,67.24,False
2026-03-26,P048,Red Bull,soft_drink,38.8,False
2026-03-26,P049,Ginger Beer,soft_drink,35.2,False
2026-03-26,P050,Orange Juice,juice,4.0,False
2026-03-26,P051,Cranberry Juice,juice,4.0,False
2026-03-26,P052,Lime Juice,juice,5.418,False
2026-03-26,P053,Lemon Juice,juice,7.1,False
2026-03-26,P054,Sugar Syrup,cocktail_ingredient,6.162,False
2026-03-26,P055,Fresh Mint,cocktail_ingredient,3.805,False
2026-03-26,P056,Coffee Beans,cocktail_ingredient,8.425,False
2026-03-26,K001,Carlsberg 50L,draught_beer,3.163,False
2026-03-26,K002,Tuborg 50L,draught_beer,4.293,False
2026-03-26,K003,Carlsberg 30L,draught_beer,5.744,False
2026-03-26,K004,Malka 30L,draught_beer,5.467,False
2026-03-26,K005,Weihenstephan 30L,draught_beer,3.977,False
2026-03-27,P001,Carlsberg,beer,42.4,False
2026-03-27,P002,Heineken,beer,36.6,False
2026-03-27,P003,Corona,beer,42.2,False
2026-03-27,P004,Guinness,beer,15.6,False
2026-03-27,P005,Goldstar,beer,34.6,False
2026-03-27,P006,Maccabee,beer,39.0,False
2026-03-27,P007,Stella Artois,beer,39.4,False
2026-03-27,P008,Erdinger,beer,23.2,False
2026-03-27,P009,Bombay Sapphire,gin,3.824,False
2026-03-27,P010,Tanqueray,gin,6.403,False
2026-03-27,P011,Hendrick's,gin,14.957,False
2026-03-27,P012,Beefeater,gin,8.719,False
2026-03-27,P013,Gordon's,gin,14.573,False
2026-03-27,P014,Absolut,vodka,9.516,False
2026-03-27,P015,Finlandia,vodka,9.233,False
2026-03-27,P016,Grey Goose,vodka,4.082,False
2026-03-27,P017,Belvedere,vodka,9.919,False
2026-03-27,P018,Stolichnaya,vodka,9.233,False
2026-03-27,P019,Jameson,whiskey,10.56,False
2026-03-27,P020,Jack Daniel's,whiskey,9.905,False
2026-03-27,P021,Johnnie Walker Black,whiskey,15.223,False
2026-03-27,P022,Chivas Regal,whiskey,6.489,False
2026-03-27,P023,Maker's Mark,whiskey,9.662,False
2026-03-27,P024,Glenfiddich 12,whiskey,9.919,False
2026-03-27,P025,Bacardi Carta Blanca,rum,10.892,False
2026-03-27,P026,Havana Club 3,rum,6.918,False
2026-03-27,P027,Captain Morgan,rum,5.461,False
2026-03-27,P028,Diplomatico Reserva,rum,12.231,False
2026-03-27,P029,Jose Cuervo,tequila,7.511,False
2026-03-27,P030,Olmeca Blanco,tequila,9.233,False
2026-03-27,P031,Patron Silver,tequila,10.774,False
2026-03-27,P032,Don Julio Blanco,tequila,8.805,False
2026-03-27,P033,Aperol,aperitif,21.772,False
2026-03-27,P034,Campari,aperitif,5.443,False
2026-03-27,P035,Cointreau,liqueur,7.367,False
2026-03-27,P036,Kahlua,liqueur,10.263,False
2026-03-27,P037,Martini Rosso,vermouth,8.289,False
2026-03-27,P038,House Red Wine,wine,22.25,False
2026-03-27,P039,House White Wine,wine,15.892,False
2026-03-27,P040,Rose Wine,wine,19.8,False
2026-03-27,P041,Prosecco,wine,24.896,False
2026-03-27,P042,Chardonnay,wine,12.64,False
2026-03-27,P043,Coca-Cola,soft_drink,70.7,False
2026-03-27,P044,Coca-Cola Zero,soft_drink,56.6,False
2026-03-27,P045,Sprite,soft_drink,36.2,False
2026-03-27,P046,Tonic Water,soft_drink,56.12,False
2026-03-27,P047,Soda Water,soft_drink,56.74,False
2026-03-27,P048,Red Bull,soft_drink,30.8,False
2026-03-27,P049,Ginger Beer,soft_drink,32.2,False
2026-03-27,P050,Orange Juice,juice,4.0,False
2026-03-27,P051,Cranberry Juice,juice,4.0,False
2026-03-27,P052,Lime Juice,juice,4.303,False
2026-03-27,P053,Lemon Juice,juice,6.925,False
2026-03-27,P054,Sugar Syrup,cocktail_ingredient,5.677,False
2026-03-27,P055,Fresh Mint,cocktail_ingredient,3.598,False
2026-03-27,P056,Coffee Beans,cocktail_ingredient,8.299,False
2026-03-27,K001,Carlsberg 50L,draught_beer,2.576,False
2026-03-27,K002,Tuborg 50L,draught_beer,3.762,False
2026-03-27,K003,Carlsberg 30L,draught_beer,5.073,False
2026-03-27,K004,Malka 30L,draught_beer,4.89,False
2026-03-27,K005,Weihenstephan 30L,draught_beer,3.373,False
2026-03-28,P001,Carlsberg,beer,73.4,False
2026-03-28,P002,Heineken,beer,46.6,False
2026-03-28,P003,Corona,beer,55.2,False
2026-03-28,P004,Guinness,beer,34.6,False
2026-03-28,P005,Goldstar,beer,46.6,False
2026-03-28,P006,Maccabee,beer,32.0,False
2026-03-28,P007,Stella Artois,beer,55.4,False
2026-03-28,P008,Erdinger,beer,18.2,False
2026-03-28,P009,Bombay Sapphire,gin,3.481,False
2026-03-28,P010,Tanqueray,gin,6.061,False
2026-03-28,P011,Hendrick's,gin,14.1,False
2026-03-28,P012,Beefeater,gin,8.376,False
2026-03-28,P013,Gordon's,gin,12.098,False
2026-03-28,P014,Absolut,vodka,7.701,False
2026-03-28,P015,Finlandia,vodka,8.976,False
2026-03-28,P016,Grey Goose,vodka,3.482,False
2026-03-28,P017,Belvedere,vodka,9.662,False
2026-03-28,P018,Stolichnaya,vodka,8.976,False
2026-03-28,P019,Jameson,whiskey,9.531,False
2026-03-28,P020,Jack Daniel's,whiskey,8.962,False
2026-03-28,P021,Johnnie Walker Black,whiskey,14.795,False
2026-03-28,P022,Chivas Regal,whiskey,6.146,False
2026-03-28,P023,Maker's Mark,whiskey,9.405,False
2026-03-28,P024,Glenfiddich 12,whiskey,9.576,False
2026-03-28,P025,Bacardi Carta Blanca,rum,7.877,False
2026-03-28,P026,Havana Club 3,rum,6.489,False
2026-03-28,P027,Captain Morgan,rum,5.032,False
2026-03-28,P028,Diplomatico Reserva,rum,12.146,False
2026-03-28,P029,Jose Cuervo,tequila,6.832,False
2026-03-28,P030,Olmeca Blanco,tequila,8.976,False
2026-03-28,P031,Patron Silver,tequila,8.702,False
2026-03-28,P032,Don Julio Blanco,tequila,8.548,False
2026-03-28,P033,Aperol,aperitif,18.343,False
2026-03-28,P034,Campari,aperitif,4.586,False
2026-03-28,P035,Cointreau,liqueur,6.325,False
2026-03-28,P036,Kahlua,liqueur,9.549,False
2026-03-28,P037,Martini Rosso,vermouth,7.604,False
2026-03-28,P038,House Red Wine,wine,19.078,False
2026-03-28,P039,House White Wine,wine,12.232,False
2026-03-28,P040,Rose Wine,wine,18.6,False
2026-03-28,P041,Prosecco,wine,19.696,False
2026-03-28,P042,Chardonnay,wine,11.84,False
2026-03-28,P043,Coca-Cola,soft_drink,52.7,False
2026-03-28,P044,Coca-Cola Zero,soft_drink,42.6,False
2026-03-28,P045,Sprite,soft_drink,27.2,False
2026-03-28,P046,Tonic Water,soft_drink,43.02,False
2026-03-28,P047,Soda Water,soft_drink,45.0,False
2026-03-28,P048,Red Bull,soft_drink,18.8,False
2026-03-28,P049,Ginger Beer,soft_drink,28.2,False
2026-03-28,P050,Orange Juice,juice,4.0,False
2026-03-28,P051,Cranberry Juice,juice,4.0,False
2026-03-28,P052,Lime Juice,juice,3.063,False
2026-03-28,P053,Lemon Juice,juice,6.675,False
2026-03-28,P054,Sugar Syrup,cocktail_ingredient,5.187,False
2026-03-28,P055,Fresh Mint,cocktail_ingredient,3.4,False
2026-03-28,P056,Coffee Beans,cocktail_ingredient,8.155,False
2026-03-28,K001,Carlsberg 50L,draught_beer,5.811,False
2026-03-28,K002,Tuborg 50L,draught_beer,4.238,False
2026-03-28,K003,Carlsberg 30L,draught_beer,5.704,False
2026-03-28,K004,Malka 30L,draught_beer,4.923,False
2026-03-28,K005,Weihenstephan 30L,draught_beer,4.688,False
2026-03-29,P001,Carlsberg,beer,67.4,False
2026-03-29,P002,Heineken,beer,40.6,False
2026-03-29,P003,Corona,beer,51.2,False
2026-03-29,P004,Guinness,beer,32.6,False
2026-03-29,P005,Goldstar,beer,44.6,False
2026-03-29,P006,Maccabee,beer,30.0,False
2026-03-29,P007,Stella Artois,beer,51.4,False
2026-03-29,P008,Erdinger,beer,18.2,False
2026-03-29,P009,Bombay Sapphire,gin,3.224,False
2026-03-29,P010,Tanqueray,gin,5.889,False
2026-03-29,P011,Hendrick's,gin,13.757,False
2026-03-29,P012,Beefeater,gin,8.205,False
2026-03-29,P013,Gordon's,gin,11.166,False
2026-03-29,P014,Absolut,vodka,6.923,False
2026-03-29,P015,Finlandia,vodka,8.805,False
2026-03-29,P016,Grey Goose,vodka,3.31,False
2026-03-29,P017,Belvedere,vodka,9.491,False
2026-03-29,P018,Stolichnaya,vodka,8.805,False
2026-03-29,P019,Jameson,whiskey,9.103,False
2026-03-29,P020,Jack Daniel's,whiskey,8.619,False
2026-03-29,P021,Johnnie Walker Black,whiskey,14.537,False
2026-03-29,P022,Chivas Regal,whiskey,6.06,False
2026-03-29,P023,Maker's Mark,whiskey,9.319,False
2026-03-29,P024,Glenfiddich 12,whiskey,9.49,False
2026-03-29,P025,Bacardi Carta Blanca,rum,6.543,False
2026-03-29,P026,Havana Club 3,rum,6.318,False
2026-03-29,P027,Captain Morgan,rum,4.861,False
2026-03-29,P028,Diplomatico Reserva,rum,12.146,False
2026-03-29,P029,Jose Cuervo,tequila,6.44,False
2026-03-29,P030,Olmeca Blanco,tequila,8.89,False
2026-03-29,P031,Patron Silver,tequila,7.674,False
2026-03-29,P032,Don Julio Blanco,tequila,8.462,False
2026-03-29,P033,Aperol,aperitif,17.315,False
2026-03-29,P034,Campari,aperitif,4.243,False
2026-03-29,P035,Cointreau,liqueur,5.918,False
2026-03-29,P036,Kahlua,liqueur,9.235,False
2026-03-29,P037,Martini Rosso,vermouth,7.432,False
2026-03-29,P038,House Red Wine,wine,17.858,False
2026-03-29,P039,House White Wine,wine,10.524,False
2026-03-29,P040,Rose Wine,wine,18.2,False
2026-03-29,P041,Prosecco,wine,17.976,False
2026-03-29,P042,Chardonnay,wine,11.44,False
2026-03-29,P043,Coca-Cola,soft_drink,40.4,False
2026-03-29,P044,Coca-Cola Zero,soft_drink,35.6,False
2026-03-29,P045,Sprite,soft_drink,22.2,False
2026-03-29,P046,Tonic Water,soft_drink,38.52,False
2026-03-29,P047,Soda Water,soft_drink,40.9,False
2026-03-29,P048,Red Bull,soft_drink,14.8,False
2026-03-29,P049,Ginger Beer,soft_drink,26.2,False
2026-03-29,P050,Orange Juice,juice,4.0,False
2026-03-29,P051,Cranberry Juice,juice,4.0,False
2026-03-29,P052,Lime Juice,juice,8.403,False
2026-03-29,P053,Lemon Juice,juice,6.6,False
2026-03-29,P054,Sugar Syrup,cocktail_ingredient,4.927,False
2026-03-29,P055,Fresh Mint,cocktail_ingredient,3.292,False
2026-03-29,P056,Coffee Beans,cocktail_ingredient,8.083,False
2026-03-29,K001,Carlsberg 50L,draught_beer,5.529,False
2026-03-29,K002,Tuborg 50L,draught_beer,4.061,False
2026-03-29,K003,Carlsberg 30L,draught_beer,5.396,False
2026-03-29,K004,Malka 30L,draught_beer,4.454,False
2026-03-29,K005,Weihenstephan 30L,draught_beer,4.487,False
2026-03-30,P001,Carlsberg,beer,56.4,False
2026-03-30,P002,Heineken,beer,36.6,False
2026-03-30,P003,Corona,beer,46.2,False
2026-03-30,P004,Guinness,beer,29.6,False
2026-03-30,P005,Goldstar,beer,36.6,False
2026-03-30,P006,Maccabee,beer,27.0,False
2026-03-30,P007,Stella Artois,beer,47.4,False
2026-03-30,P008,Erdinger,beer,15.2,False
2026-03-30,P009,Bombay Sapphire,gin,2.967,False
2026-03-30,P010,Tanqueray,gin,5.718,False
2026-03-30,P011,Hendrick's,gin,13.242,False
2026-03-30,P012,Beefeater,gin,8.119,False
2026-03-30,P013,Gordon's,gin,10.181,False
2026-03-30,P014,Absolut,vodka,6.416,False
2026-03-30,P015,Finlandia,vodka,8.719,False
2026-03-30,P016,Grey Goose,vodka,3.053,False
2026-03-30,P017,Belvedere,vodka,9.405,False
2026-03-30,P018,Stolichnaya,vodka,8.719,False
2026-03-30,P019,Jameson,whiskey,8.589,False
2026-03-30,P020,Jack Daniel's,whiskey,8.533,False
2026-03-30,P021,Johnnie Walker Black,whiskey,14.366,False
2026-03-30,P022,Chivas Regal,whiskey,5.889,False
2026-03-30,P023,Maker's Mark,whiskey,9.148,False
2026-03-30,P024,Glenfiddich 12,whiskey,9.405,False
2026-03-30,P025,Bacardi Carta Blanca,rum,16.6,False
2026-03-30,P026,Havana Club 3,rum,6.146,False
2026-03-30,P027,Captain Morgan,rum,4.604,False
2026-03-30,P028,Diplomatico Reserva,rum,12.146,False
2026-03-30,P029,Jose Cuervo,tequila,6.204,False
2026-03-30,P030,Olmeca Blanco,tequila,8.805,False
2026-03-30,P031,Patron Silver,tequila,6.917,False
2026-03-30,P032,Don Julio Blanco,tequila,8.376,False
2026-03-30,P033,Aperol,aperitif,15.858,False
2026-03-30,P034,Campari,aperitif,3.643,False
2026-03-30,P035,Cointreau,liqueur,5.61,False
2026-03-30,P036,Kahlua,liqueur,8.949,False
2026-03-30,P037,Martini Rosso,vermouth,7.003,False
2026-03-30,P038,House Red Wine,wine,16.882,False
2026-03-30,P039,House White Wine,wine,9.548,False
2026-03-30,P040,Rose Wine,wine,17.4,False
2026-03-30,P041,Prosecco,wine,15.456,False
2026-03-30,P042,Chardonnay,wine,11.24,False
2026-03-30,P043,Coca-Cola,soft_drink,100.9,False
2026-03-30,P044,Coca-Cola Zero,soft_drink,52.6,False
2026-03-30,P045,Sprite,soft_drink,68.2,False
2026-03-30,P046,Tonic Water,soft_drink,59.02,False
2026-03-30,P047,Soda Water,soft_drink,60.02,False
2026-03-30,P048,Red Bull,soft_drink,58.8,False
2026-03-30,P049,Ginger Beer,soft_drink,23.2,False
2026-03-30,P050,Orange Juice,juice,4.0,False
2026-03-30,P051,Cranberry Juice,juice,4.0,False
2026-03-30,P052,Lime Juice,juice,7.793,False
2026-03-30,P053,Lemon Juice,juice,6.475,False
2026-03-30,P054,Sugar Syrup,cocktail_ingredient,4.617,False
2026-03-30,P055,Fresh Mint,cocktail_ingredient,3.148,False
2026-03-30,P056,Coffee Beans,cocktail_ingredient,8.02,False
2026-03-30,K001,Carlsberg 50L,draught_beer,5.295,False
2026-03-30,K002,Tuborg 50L,draught_beer,3.876,False
2026-03-30,K003,Carlsberg 30L,draught_beer,5.06,False
2026-03-30,K004,Malka 30L,draught_beer,3.957,False
2026-03-30,K005,Weihenstephan 30L,draught_beer,4.272,False
2026-03-31,P001,Carlsberg,beer,51.4,False
2026-03-31,P002,Heineken,beer,33.6,False
2026-03-31,P003,Corona,beer,45.2,False
2026-03-31,P004,Guinness,beer,27.6,False
2026-03-31,P005,Goldstar,beer,33.6,False
2026-03-31,P006,Maccabee,beer,24.0,False
2026-03-31,P007,Stella Artois,beer,43.4,False
2026-03-31,P008,Erdinger,beer,14.2,False
2026-03-31,P009,Bombay Sapphire,gin,14.795,False
2026-03-31,P010,Tanqueray,gin,5.546,False
2026-03-31,P011,Hendrick's,gin,12.9,False
2026-03-31,P012,Beefeater,gin,8.033,False
2026-03-31,P013,Gordon's,gin,21.432,False
2026-03-31,P014,Absolut,vodka,17.53,False
2026-03-31,P015,Finlandia,vodka,8.719,False
2026-03-31,P016,Grey Goose,vodka,14.882,False
2026-03-31,P017,Belvedere,vodka,9.319,False
2026-03-31,P018,Stolichnaya,vodka,8.633,False
2026-03-31,P019,Jameson,whiskey,8.16,False
2026-03-31,P020,Jack Daniel's,whiskey,8.447,False
2026-03-31,P021,Johnnie Walker Black,whiskey,14.195,False
2026-03-31,P022,Chivas Regal,whiskey,5.889,False
2026-03-31,P023,Maker's Mark,whiskey,9.062,False
2026-03-31,P024,Glenfiddich 12,whiskey,9.319,False
2026-03-31,P025,Bacardi Carta Blanca,rum,15.502,False
2026-03-31,P026,Havana Club 3,rum,5.975,False
2026-03-31,P027,Captain Morgan,rum,4.518,False
2026-03-31,P028,Diplomatico Reserva,rum,12.146,False
2026-03-31,P029,Jose Cuervo,tequila,5.995,False
2026-03-31,P030,Olmeca Blanco,tequila,8.719,False
2026-03-31,P031,Patron Silver,tequila,18.617,False
2026-03-31,P032,Don Julio Blanco,tequila,8.29,False
2026-03-31,P033,Aperol,aperitif,15.258,False
2026-03-31,P034,Campari,aperitif,15.472,False
2026-03-31,P035,Cointreau,liqueur,5.439,False
2026-03-31,P036,Kahlua,liqueur,8.634,False
2026-03-31,P037,Martini Rosso,vermouth,6.832,False
2026-03-31,P038,House Red Wine,wine,15.906,False
2026-03-31,P039,House White Wine,wine,20.572,False
2026-03-31,P040,Rose Wine,wine,17.4,False
2026-03-31,P041,Prosecco,wine,26.336,False
2026-03-31,P042,Chardonnay,wine,11.04,False
2026-03-31,P043,Coca-Cola,soft_drink,92.5,False
2026-03-31,P044,Coca-Cola Zero,soft_drink,50.6,False
2026-03-31,P045,Sprite,soft_drink,65.2,False
2026-03-31,P046,Tonic Water,soft_drink,56.52,False
2026-03-31,P047,Soda Water,soft_drink,55.58,False
2026-03-31,P048,Red Bull,soft_drink,56.8,False
2026-03-31,P049,Ginger Beer,soft_drink,22.2,False
2026-03-31,P050,Orange Juice,juice,4.0,False
2026-03-31,P051,Cranberry Juice,juice,4.0,False
2026-03-31,P052,Lime Juice,juice,7.478,False
2026-03-31,P053,Lemon Juice,juice,6.375,False
2026-03-31,P054,Sugar Syrup,cocktail_ingredient,4.402,False
2026-03-31,P055,Fresh Mint,cocktail_ingredient,3.067,False
2026-03-31,P056,Coffee Beans,cocktail_ingredient,7.948,False
2026-03-31,K001,Carlsberg 50L,draught_beer,5.126,False
2026-03-31,K002,Tuborg 50L,draught_beer,3.683,False
2026-03-31,K003,Carlsberg 30L,draught_beer,4.845,False
2026-03-31,K004,Malka 30L,draught_beer,3.702,False
2026-03-31,K005,Weihenstephan 30L,draught_beer,4.111,False
2026-04-01,P001,Carlsberg,beer,63.4,False
2026-04-01,P002,Heineken,beer,51.6,False
2026-04-01,P003,Corona,beer,64.2,False
2026-04-01,P004,Guinness,beer,49.6,False
2026-04-01,P005,Goldstar,beer,51.6,False
2026-04-01,P006,Maccabee,beer,46.0,False
2026-04-01,P007,Stella Artois,beer,39.4,False
2026-04-01,P008,Erdinger,beer,36.2,False
2026-04-01,P009,Bombay Sapphire,gin,14.624,False
2026-04-01,P010,Tanqueray,gin,5.375,False
2026-04-01,P011,Hendrick's,gin,12.557,False
2026-04-01,P012,Beefeater,gin,7.948,False
2026-04-01,P013,Gordon's,gin,20.43,False
2026-04-01,P014,Absolut,vodka,16.666,False
2026-04-01,P015,Finlandia,vodka,8.633,False
2026-04-01,P016,Grey Goose,vodka,14.624,False
2026-04-01,P017,Belvedere,vodka,9.234,False
2026-04-01,P018,Stolichnaya,vodka,8.548,False
2026-04-01,P019,Jameson,whiskey,7.731,False
2026-04-01,P020,Jack Daniel's,whiskey,8.19,False
2026-04-01,P021,Johnnie Walker Black,whiskey,13.938,False
2026-04-01,P022,Chivas Regal,whiskey,5.718,False
2026-04-01,P023,Maker's Mark,whiskey,8.976,False
2026-04-01,P024,Glenfiddich 12,whiskey,9.319,False
2026-04-01,P025,Bacardi Carta Blanca,rum,13.977,False
2026-04-01,P026,Havana Club 3,rum,5.804,False
2026-04-01,P027,Captain Morgan,rum,4.346,False
2026-04-01,P028,Diplomatico Reserva,rum,12.06,False
2026-04-01,P029,Jose Cuervo,tequila,5.603,False
2026-04-01,P030,Olmeca Blanco,tequila,8.633,False
2026-04-01,P031,Patron Silver,tequila,18.088,False
2026-04-01,P032,Don Julio Blanco,tequila,8.205,False
2026-04-01,P033,Aperol,aperitif,13.372,False
2026-04-01,P034,Campari,aperitif,15.215,False
2026-04-01,P035,Cointreau,liqueur,5.146,False
2026-04-01,P036,Kahlua,liqueur,8.235,False
2026-04-01,P037,Martini Rosso,vermouth,6.746,False
2026-04-01,P038,House Red Wine,wine,14.686,False
2026-04-01,P039,House White Wine,wine,19.352,False
2026-04-01,P040,Rose Wine,wine,16.8,False
2026-04-01,P041,Prosecco,wine,23.136,False
2026-04-01,P042,Chardonnay,wine,10.84,False
2026-04-01,P043,Coca-Cola,soft_drink,83.2,False
2026-04-01,P044,Coca-Cola Zero,soft_drink,45.6,False
2026-04-01,P045,Sprite,soft_drink,60.2,False
2026-04-01,P046,Tonic Water,soft_drink,50.42,False
2026-04-01,P047,Soda Water,soft_drink,50.82,False
2026-04-01,P048,Red Bull,soft_drink,53.8,False
2026-04-01,P049,Ginger Beer,soft_drink,20.2,False
2026-04-01,P050,Orange Juice,juice,4.0,False
2026-04-01,P051,Cranberry Juice,juice,4.0,False
2026-04-01,P052,Lime Juice,juice,7.003,False
2026-04-01,P053,Lemon Juice,juice,6.3,False
2026-04-01,P054,Sugar Syrup,cocktail_ingredient,4.127,False
2026-04-01,P055,Fresh Mint,cocktail_ingredient,2.95,False
2026-04-01,P056,Coffee Beans,cocktail_ingredient,7.876,False
2026-04-01,K001,Carlsberg 50L,draught_beer,4.829,False
2026-04-01,K002,Tuborg 50L,draught_beer,4.296,False
2026-04-01,K003,Carlsberg 30L,draught_beer,6.215,False
2026-04-01,K004,Malka 30L,draught_beer,5.259,False
2026-04-01,K005,Weihenstephan 30L,draught_beer,4.923,False
2026-04-02,P001,Carlsberg,beer,54.4,False
2026-04-02,P002,Heineken,beer,39.6,False
2026-04-02,P003,Corona,beer,54.2,False
2026-04-02,P004,Guinness,beer,44.6,False
2026-04-02,P005,Goldstar,beer,40.6,False
2026-04-02,P006,Maccabee,beer,40.0,False
2026-04-02,P007,Stella Artois,beer,32.4,False
2026-04-02,P008,Erdinger,beer,32.2,False
2026-04-02,P009,Bombay Sapphire,gin,14.195,False
2026-04-02,P010,Tanqueray,gin,5.032,False
2026-04-02,P011,Hendrick's,gin,11.828,False
2026-04-02,P012,Beefeater,gin,7.691,False
2026-04-02,P013,Gordon's,gin,18.39,False
2026-04-02,P014,Absolut,vodka,15.094,False
2026-04-02,P015,Finlandia,vodka,8.462,False
2026-04-02,P016,Grey Goose,vodka,14.11,False
2026-04-02,P017,Belvedere,vodka,9.062,False
2026-04-02,P018,Stolichnaya,vodka,8.29,False
2026-04-02,P019,Jameson,whiskey,6.96,False
2026-04-02,P020,Jack Daniel's,whiskey,7.505,False
2026-04-02,P021,Johnnie Walker Black,whiskey,13.595,False
2026-04-02,P022,Chivas Regal,whiskey,5.46,False
2026-04-02,P023,Maker's Mark,whiskey,8.719,False
2026-04-02,P024,Glenfiddich 12,whiskey,9.148,False
2026-04-02,P025,Bacardi Carta Blanca,rum,11.938,False
2026-04-02,P026,Havana Club 3,rum,5.632,False
2026-04-02,P027,Captain Morgan,rum,4.089,False
2026-04-02,P028,Diplomatico Reserva,rum,11.974,False
2026-04-02,P029,Jose Cuervo,tequila,4.976,False
2026-04-02,P030,Olmeca Blanco,tequila,8.462,False
2026-04-02,P031,Patron Silver,tequila,16.617,False
2026-04-02,P032,Don Julio Blanco,tequila,8.033,False
2026-04-02,P033,Aperol,aperitif,11.4,False
2026-04-02,P034,Campari,aperitif,14.572,False
2026-04-02,P035,Cointreau,liqueur,4.403,False
2026-04-02,P036,Kahlua,liqueur,7.663,False
2026-04-02,P037,Martini Rosso,vermouth,6.275,False
2026-04-02,P038,House Red Wine,wine,12.002,False
2026-04-02,P039,House White Wine,wine,16.912,False
2026-04-02,P040,Rose Wine,wine,15.6,False
2026-04-02,P041,Prosecco,wine,20.136,False
2026-04-02,P042,Chardonnay,wine,10.24,False
2026-04-02,P043,Coca-Cola,soft_drink,85.4,False
2026-04-02,P044,Coca-Cola Zero,soft_drink,35.6,False
2026-04-02,P045,Sprite,soft_drink,53.2,False
2026-04-02,P046,Tonic Water,soft_drink,64.92,False
2026-04-02,P047,Soda Water,soft_drink,65.82,False
2026-04-02,P048,Red Bull,soft_drink,45.8,False
2026-04-02,P049,Ginger Beer,soft_drink,40.2,False
2026-04-02,P050,Orange Juice,juice,4.0,False
2026-04-02,P051,Cranberry Juice,juice,4.0,False
2026-04-02,P052,Lime Juice,juice,12.118,False
2026-04-02,P053,Lemon Juice,juice,6.1,False
2026-04-02,P054,Sugar Syrup,cocktail_ingredient,9.762,False
2026-04-02,P055,Fresh Mint,cocktail_ingredient,8.815,False
2026-04-02,P056,Coffee Beans,cocktail_ingredient,7.75,False
2026-04-02,K001,Carlsberg 50L,draught_beer,4.208,False
2026-04-02,K002,Tuborg 50L,draught_beer,3.813,False
2026-04-02,K003,Carlsberg 30L,draught_beer,5.396,False
2026-04-02,K004,Malka 30L,draught_beer,4.468,False
2026-04-02,K005,Weihenstephan 30L,draught_beer,4.534,False
2026-04-03,P001,Carlsberg,beer,31.4,False
2026-04-03,P002,Heineken,beer,25.6,False
2026-04-03,P003,Corona,beer,41.2,False
2026-04-03,P004,Guinness,beer,38.6,False
2026-04-03,P005,Goldstar,beer,26.6,False
2026-04-03,P006,Maccabee,beer,31.0,False
2026-04-03,P007,Stella Artois,beer,20.4,False
2026-04-03,P008,Erdinger,beer,28.2,False
2026-04-03,P009,Bombay Sapphire,gin,13.595,False
2026-04-03,P010,Tanqueray,gin,4.689,False
2026-04-03,P011,Hendrick's,gin,10.885,False
2026-04-03,P012,Beefeater,gin,7.433,False
2026-04-03,P013,Gordon's,gin,15.776,False
2026-04-03,P014,Absolut,vodka,12.894,False
2026-04-03,P015,Finlandia,vodka,8.205,False
2026-04-03,P016,Grey Goose,vodka,13.596,False
2026-04-03,P017,Belvedere,vodka,8.805,False
2026-04-03,P018,Stolichnaya,vodka,8.033,False
2026-04-03,P019,Jameson,whiskey,18.017,False
2026-04-03,P020,Jack Daniel's,whiskey,6.562,False
2026-04-03,P021,Johnnie Walker Black,whiskey,13.166,False
2026-04-03,P022,Chivas Regal,whiskey,5.118,False
2026-04-03,P023,Maker's Mark,whiskey,8.462,False
2026-04-03,P024,Glenfiddich 12,whiskey,8.89,False
2026-04-03,P025,Bacardi Carta Blanca,rum,20.47,False
2026-04-03,P026,Havana Club 3,rum,5.204,False
2026-04-03,P027,Captain Morgan,rum,3.747,False
2026-04-03,P028,Diplomatico Reserva,rum,11.888,False
2026-04-03,P029,Jose Cuervo,tequila,4.348,False
2026-04-03,P030,Olmeca Blanco,tequila,8.119,False
2026-04-03,P031,Patron Silver,tequila,14.617,False
2026-04-03,P032,Don Julio Blanco,tequila,7.691,False
2026-04-03,P033,Aperol,aperitif,20.229,False
2026-04-03,P034,Campari,aperitif,13.715,False
2026-04-03,P035,Cointreau,liqueur,15.432,False
2026-04-03,P036,Kahlua,liqueur,6.863,False
2026-04-03,P037,Martini Rosso,vermouth,5.504,False
2026-04-03,P038,House Red Wine,wine,21.562,False
2026-04-03,P039,House White Wine,wine,25.496,False
2026-04-03,P040,Rose Wine,wine,14.4,False
2026-04-03,P041,Prosecco,wine,14.776,False
2026-04-03,P042,Chardonnay,wine,9.44,False
2026-04-03,P043,Coca-Cola,soft_drink,59.6,False
2026-04-03,P044,Coca-Cola Zero,soft_drink,44.6,False
2026-04-03,P045,Sprite,soft_drink,41.2,False
2026-04-03,P046,Tonic Water,soft_drink,49.52,False
2026-04-03,P047,Soda Water,soft_drink,52.36,False
2026-04-03,P048,Red Bull,soft_drink,33.8,False
2026-04-03,P049,Ginger Beer,soft_drink,36.2,False
2026-04-03,P050,Orange Juice,juice,4.0,False
2026-04-03,P051,Cranberry Juice,juice,4.0,False
2026-04-03,P052,Lime Juice,juice,10.733,False
2026-04-03,P053,Lemon Juice,juice,5.9,False
2026-04-03,P054,Sugar Syrup,cocktail_ingredient,9.137,False
2026-04-03,P055,Fresh Mint,cocktail_ingredient,8.554,False
2026-04-03,P056,Coffee Beans,cocktail_ingredient,7.579,False
2026-04-03,K001,Carlsberg 50L,draught_beer,3.395,False
2026-04-03,K002,Tuborg 50L,draught_beer,3.241,False
2026-04-03,K003,Carlsberg 30L,draught_beer,4.067,False
2026-04-03,K004,Malka 30L,draught_beer,3.515,False
2026-04-03,K005,Weihenstephan 30L,draught_beer,3.863,False
2026-04-04,P001,Carlsberg,beer,23.4,False
2026-04-04,P002,Heineken,beer,64.6,False
2026-04-04,P003,Corona,beer,57.2,False
2026-04-04,P004,Guinness,beer,34.6,False
2026-04-04,P005,Goldstar,beer,70.6,False
2026-04-04,P006,Maccabee,beer,51.0,False
2026-04-04,P007,Stella Artois,beer,37.4,False
2026-04-04,P008,Erdinger,beer,26.2,False
2026-04-04,P009,Bombay Sapphire,gin,13.338,False
2026-04-04,P010,Tanqueray,gin,4.346,False
2026-04-04,P011,Hendrick's,gin,10.328,False
2026-04-04,P012,Beefeater,gin,7.176,False
2026-04-04,P013,Gordon's,gin,14.269,False
2026-04-04,P014,Absolut,vodka,11.559,False
2026-04-04,P015,Finlandia,vodka,8.033,False
2026-04-04,P016,Grey Goose,vodka,13.339,False
2026-04-04,P017,Belvedere,vodka,8.719,False
2026-04-04,P018,Stolichnaya,vodka,7.862,False
2026-04-04,P019,Jameson,whiskey,17.503,False
2026-04-04,P020,Jack Daniel's,whiskey,6.047,False
2026-04-04,P021,Johnnie Walker Black,whiskey,12.823,False
2026-04-04,P022,Chivas Regal,whiskey,4.861,False
2026-04-04,P023,Maker's Mark,whiskey,8.291,False
2026-04-04,P024,Glenfiddich 12,whiskey,8.805,False
2026-04-04,P025,Bacardi Carta Blanca,rum,18.091,False
2026-04-04,P026,Havana Club 3,rum,4.947,False
2026-04-04,P027,Captain Morgan,rum,3.575,False
2026-04-04,P028,Diplomatico Reserva,rum,11.803,False
2026-04-04,P029,Jose Cuervo,tequila,3.904,False
2026-04-04,P030,Olmeca Blanco,tequila,7.947,False
2026-04-04,P031,Patron Silver,tequila,13.445,False
2026-04-04,P032,Don Julio Blanco,tequila,7.519,False
2026-04-04,P033,Aperol,aperitif,18.343,False
2026-04-04,P034,Campari,aperitif,13.158,False
2026-04-04,P035,Cointreau,liqueur,14.839,False
2026-04-04,P036,Kahlua,liqueur,6.377,False
2026-04-04,P037,Martini Rosso,vermouth,5.118,False
2026-04-04,P038,House Red Wine,wine,20.342,False
2026-04-04,P039,House White Wine,wine,23.056,False
2026-04-04,P040,Rose Wine,wine,13.4,False
2026-04-04,P041,Prosecco,wine,11.456,False
2026-04-04,P042,Chardonnay,wine,8.84,False
2026-04-04,P043,Coca-Cola,soft_drink,44.1,False
2026-04-04,P044,Coca-Cola Zero,soft_drink,37.6,False
2026-04-04,P045,Sprite,soft_drink,33.2,False
2026-04-04,P046,Tonic Water,soft_drink,41.22,False
2026-04-04,P047,Soda Water,soft_drink,43.58,False
2026-04-04,P048,Red Bull,soft_drink,27.8,False
2026-04-04,P049,Ginger Beer,soft_drink,35.2,False
2026-04-04,P050,Orange Juice,juice,4.0,False
2026-04-04,P051,Cranberry Juice,juice,4.0,False
2026-04-04,P052,Lime Juice,juice,9.788,False
2026-04-04,P053,Lemon Juice,juice,5.775,False
2026-04-04,P054,Sugar Syrup,cocktail_ingredient,8.712,False
2026-04-04,P055,Fresh Mint,cocktail_ingredient,8.365,False
2026-04-04,P056,Coffee Beans,cocktail_ingredient,7.48,False
2026-04-04,K001,Carlsberg 50L,draught_beer,5.121,False
2026-04-04,K002,Tuborg 50L,draught_beer,4.911,False
2026-04-04,K003,Carlsberg 30L,draught_beer,3.329,False
2026-04-04,K004,Malka 30L,draught_beer,4.656,False
2026-04-04,K005,Weihenstephan 30L,draught_beer,4.528,False
2026-04-05,P001,Carlsberg,beer,14.4,False
2026-04-05,P002,Heineken,beer,55.6,False
2026-04-05,P003,Corona,beer,51.2,False
2026-04-05,P004,Guinness,beer,31.6,False
2026-04-05,P005,Goldstar,beer,63.6,False
2026-04-05,P006,Maccabee,beer,45.0,False
2026-04-05,P007,Stella Artois,beer,34.4,False
2026-04-05,P008,Erdinger,beer,24.2,False
2026-04-05,P009,Bombay Sapphire,gin,12.995,False
2026-04-05,P010,Tanqueray,gin,4.175,False
2026-04-05,P011,Hendrick's,gin,9.771,False
2026-04-05,P012,Beefeater,gin,7.005,False
2026-04-05,P013,Gordon's,gin,13.023,False
2026-04-05,P014,Absolut,vodka,10.751,False
2026-04-05,P015,Finlandia,vodka,7.862,False
2026-04-05,P016,Grey Goose,vodka,12.996,False
2026-04-05,P017,Belvedere,vodka,8.548,False
2026-04-05,P018,Stolichnaya,vodka,7.776,False
2026-04-05,P019,Jameson,whiskey,17.074,False
2026-04-05,P020,Jack Daniel's,whiskey,5.704,False
2026-04-05,P021,Johnnie Walker Black,whiskey,12.566,False
2026-04-05,P022,Chivas Regal,whiskey,4.603,False
2026-04-05,P023,Maker's Mark,whiskey,8.119,False
2026-04-05,P024,Glenfiddich 12,whiskey,8.633,False
2026-04-05,P025,Bacardi Carta Blanca,rum,16.827,False
2026-04-05,P026,Havana Club 3,rum,4.861,False
2026-04-05,P027,Captain Morgan,rum,3.404,False
2026-04-05,P028,Diplomatico Reserva,rum,11.717,False
2026-04-05,P029,Jose Cuervo,tequila,3.616,False
2026-04-05,P030,Olmeca Blanco,tequila,7.947,False
2026-04-05,P031,Patron Silver,tequila,12.36,False
2026-04-05,P032,Don Julio Blanco,tequila,7.348,False
2026-04-05,P033,Aperol,aperitif,16.715,False
2026-04-05,P034,Campari,aperitif,12.772,False
2026-04-05,P035,Cointreau,liqueur,14.289,False
2026-04-05,P036,Kahlua,liqueur,6.092,False
2026-04-05,P037,Martini Rosso,vermouth,4.732,False
2026-04-05,P038,House Red Wine,wine,18.878,False
2026-04-05,P039,House White Wine,wine,21.592,False
2026-04-05,P040,Rose Wine,wine,13.0,False
2026-04-05,P041,Prosecco,wine,8.616,False
2026-04-05,P042,Chardonnay,wine,8.44,False
2026-04-05,P043,Coca-Cola,soft_drink,27.8,False
2026-04-05,P044,Coca-Cola Zero,soft_drink,29.6,False
2026-04-05,P045,Sprite,soft_drink,30.2,False
2026-04-05,P046,Tonic Water,soft_drink,31.92,False
2026-04-05,P047,Soda Water,soft_drink,38.36,False
2026-04-05,P048,Red Bull,soft_drink,23.8,False
2026-04-05,P049,Ginger Beer,soft_drink,33.2,False
2026-04-05,P050,Orange Juice,juice,4.0,False
2026-04-05,P051,Cranberry Juice,juice,4.0,False
2026-04-05,P052,Lime Juice,juice,9.118,False
2026-04-05,P053,Lemon Juice,juice,5.7,False
2026-04-05,P054,Sugar Syrup,cocktail_ingredient,8.492,False
2026-04-05,P055,Fresh Mint,cocktail_ingredient,8.275,False
2026-04-05,P056,Coffee Beans,cocktail_ingredient,7.417,False
2026-04-05,K001,Carlsberg 50L,draught_beer,4.807,False
2026-04-05,K002,Tuborg 50L,draught_beer,4.678,False
2026-04-05,K003,Carlsberg 30L,draught_beer,2.86,False
2026-04-05,K004,Malka 30L,draught_beer,4.079,False
2026-04-05,K005,Weihenstephan 30L,draught_beer,4.139,False
2026-04-06,P001,Carlsberg,beer,62.4,False
2026-04-06,P002,Heineken,beer,48.6,False
2026-04-06,P003,Corona,beer,49.2,False
2026-04-06,P004,Guinness,beer,29.6,False
2026-04-06,P005,Goldstar,beer,56.6,False
2026-04-06,P006,Maccabee,beer,41.0,False
2026-04-06,P007,Stella Artois,beer,31.4,False
2026-04-06,P008,Erdinger,beer,23.2,False
2026-04-06,P009,Bombay Sapphire,gin,12.824,False
2026-04-06,P010,Tanqueray,gin,4.003,False
2026-04-06,P011,Hendrick's,gin,9.514,False
2026-04-06,P012,Beefeater,gin,6.919,False
2026-04-06,P013,Gordon's,gin,12.038,False
2026-04-06,P014,Absolut,vodka,10.173,False
2026-04-06,P015,Finlandia,vodka,7.776,False
2026-04-06,P016,Grey Goose,vodka,12.825,False
2026-04-06,P017,Belvedere,vodka,8.548,False
2026-04-06,P018,Stolichnaya,vodka,7.691,False
2026-04-06,P019,Jameson,whiskey,16.988,False
2026-04-06,P020,Jack Daniel's,whiskey,5.276,False
2026-04-06,P021,Johnnie Walker Black,whiskey,12.395,False
2026-04-06,P022,Chivas Regal,whiskey,4.432,False
2026-04-06,P023,Maker's Mark,whiskey,8.034,False
2026-04-06,P024,Glenfiddich 12,whiskey,8.548,False
2026-04-06,P025,Bacardi Carta Blanca,rum,15.651,False
2026-04-06,P026,Havana Club 3,rum,4.689,False
2026-04-06,P027,Captain Morgan,rum,3.232,False
2026-04-06,P028,Diplomatico Reserva,rum,11.631,False
2026-04-06,P029,Jose Cuervo,tequila,3.433,False
2026-04-06,P030,Olmeca Blanco,tequila,7.862,False
2026-04-06,P031,Patron Silver,tequila,11.502,False
2026-04-06,P032,Don Julio Blanco,tequila,7.262,False
2026-04-06,P033,Aperol,aperitif,15.601,False
2026-04-06,P034,Campari,aperitif,12.429,False
2026-04-06,P035,Cointreau,liqueur,13.796,False
2026-04-06,P036,Kahlua,liqueur,5.835,False
2026-04-06,P037,Martini Rosso,vermouth,4.475,False
2026-04-06,P038,House Red Wine,wine,18.878,False
2026-04-06,P039,House White Wine,wine,20.128,False
2026-04-06,P040,Rose Wine,wine,12.4,False
2026-04-06,P041,Prosecco,wine,18.696,False
2026-04-06,P042,Chardonnay,wine,8.44,False
2026-04-06,P043,Coca-Cola,soft_drink,95.5,False
2026-04-06,P044,Coca-Cola Zero,soft_drink,72.6,False
2026-04-06,P045,Sprite,soft_drink,50.2,False
2026-04-06,P046,Tonic Water,soft_drink,75.52,False
2026-04-06,P047,Soda Water,soft_drink,57.62,False
2026-04-06,P048,Red Bull,soft_drink,45.8,False
2026-04-06,P049,Ginger Beer,soft_drink,32.2,False
2026-04-06,P050,Orange Juice,juice,4.0,False
2026-04-06,P051,Cranberry Juice,juice,4.0,False
2026-04-06,P052,Lime Juice,juice,8.533,False
2026-04-06,P053,Lemon Juice,juice,5.625,False
2026-04-06,P054,Sugar Syrup,cocktail_ingredient,8.297,False
2026-04-06,P055,Fresh Mint,cocktail_ingredient,8.194,False
2026-04-06,P056,Coffee Beans,cocktail_ingredient,7.363,False
2026-04-06,K001,Carlsberg 50L,draught_beer,4.421,False
2026-04-06,K002,Tuborg 50L,draught_beer,4.597,False
2026-04-06,K003,Carlsberg 30L,draught_beer,2.484,False
2026-04-06,K004,Malka 30L,draught_beer,3.663,False
2026-04-06,K005,Weihenstephan 30L,draught_beer,3.884,False
2026-04-07,P001,Carlsberg,beer,55.4,False
2026-04-07,P002,Heineken,beer,44.6,False
2026-04-07,P003,Corona,beer,44.2,False
2026-04-07,P004,Guinness,beer,27.6,False
2026-04-07,P005,Goldstar,beer,48.6,False
2026-04-07,P006,Maccabee,beer,38.0,False
2026-04-07,P007,Stella Artois,beer,28.4,False
2026-04-07,P008,Erdinger,beer,22.2,False
2026-04-07,P009,Bombay Sapphire,gin,12.652,False
2026-04-07,P010,Tanqueray,gin,3.832,False
2026-04-07,P011,Hendrick's,gin,9.214,False
2026-04-07,P012,Beefeater,gin,6.833,False
2026-04-07,P013,Gordon's,gin,10.844,False
2026-04-07,P014,Absolut,vodka,21.08,False
2026-04-07,P015,Finlandia,vodka,7.691,False
2026-04-07,P016,Grey Goose,vodka,12.653,False
2026-04-07,P017,Belvedere,vodka,8.377,False
2026-04-07,P018,Stolichnaya,vodka,7.605,False
2026-04-07,P019,Jameson,whiskey,16.474,False
2026-04-07,P020,Jack Daniel's,whiskey,16.933,False
2026-04-07,P021,Johnnie Walker Black,whiskey,12.223,False
2026-04-07,P022,Chivas Regal,whiskey,4.261,False
2026-04-07,P023,Maker's Mark,whiskey,7.948,False
2026-04-07,P024,Glenfiddich 12,whiskey,8.376,False
2026-04-07,P025,Bacardi Carta Blanca,rum,14.666,False
2026-04-07,P026,Havana Club 3,rum,4.518,False
2026-04-07,P027,Captain Morgan,rum,15.061,False
2026-04-07,P028,Diplomatico Reserva,rum,11.546,False
2026-04-07,P029,Jose Cuervo,tequila,15.25,False
2026-04-07,P030,Olmeca Blanco,tequila,7.776,False
2026-04-07,P031,Patron Silver,tequila,10.831,False
2026-04-07,P032,Don Julio Blanco,tequila,7.176,False
2026-04-07,P033,Aperol,aperitif,14.4,False
2026-04-07,P034,Campari,aperitif,12.129,False
2026-04-07,P035,Cointreau,liqueur,13.446,False
2026-04-07,P036,Kahlua,liqueur,5.406,False
2026-04-07,P037,Martini Rosso,vermouth,4.261,False
2026-04-07,P038,House Red Wine,wine,18.146,False
2026-04-07,P039,House White Wine,wine,17.932,False
2026-04-07,P040,Rose Wine,wine,11.8,False
2026-04-07,P041,Prosecco,wine,28.536,False
2026-04-07,P042,Chardonnay,wine,7.84,False
2026-04-07,P043,Coca-Cola,soft_drink,85.2,False
2026-04-07,P044,Coca-Cola Zero,soft_drink,67.6,False
2026-04-07,P045,Sprite,soft_drink,47.2,False
2026-04-07,P046,Tonic Water,soft_drink,70.12,False
2026-04-07,P047,Soda Water,soft_drink,51.88,False
2026-04-07,P048,Red Bull,soft_drink,40.8,False
2026-04-07,P049,Ginger Beer,soft_drink,31.2,False
2026-04-07,P050,Orange Juice,juice,4.0,False
2026-04-07,P051,Cranberry Juice,juice,4.0,False
2026-04-07,P052,Lime Juice,juice,8.123,False
2026-04-07,P053,Lemon Juice,juice,5.55,False
2026-04-07,P054,Sugar Syrup,cocktail_ingredient,8.057,False
2026-04-07,P055,Fresh Mint,cocktail_ingredient,8.122,False
2026-04-07,P056,Coffee Beans,cocktail_ingredient,7.255,False
2026-04-07,K001,Carlsberg 50L,draught_beer,4.083,False
2026-04-07,K002,Tuborg 50L,draught_beer,4.42,False
2026-04-07,K003,Carlsberg 30L,draught_beer,5.028,False
2026-04-07,K004,Malka 30L,draught_beer,3.435,False
2026-04-07,K005,Weihenstephan 30L,draught_beer,3.655,False
2026-04-08,P001,Carlsberg,beer,73.4,False
2026-04-08,P002,Heineken,beer,61.6,False
2026-04-08,P003,Corona,beer,62.2,False
2026-04-08,P004,Guinness,beer,49.6,False
2026-04-08,P005,Goldstar,beer,67.6,False
2026-04-08,P006,Maccabee,beer,34.0,False
2026-04-08,P007,Stella Artois,beer,45.4,False
2026-04-08,P008,Erdinger,beer,19.2,False
2026-04-08,P009,Bombay Sapphire,gin,12.309,False
2026-04-08,P010,Tanqueray,gin,3.661,False
2026-04-08,P011,Hendrick's,gin,8.742,False
2026-04-08,P012,Beefeater,gin,6.748,False
2026-04-08,P013,Gordon's,gin,9.668,False
2026-04-08,P014,Absolut,vodka,20.473,False
2026-04-08,P015,Finlandia,vodka,7.605,False
2026-04-08,P016,Grey Goose,vodka,12.482,False
2026-04-08,P017,Belvedere,vodka,8.291,False
2026-04-08,P018,Stolichnaya,vodka,7.519,False
2026-04-08,P019,Jameson,whiskey,15.874,False
2026-04-08,P020,Jack Daniel's,whiskey,16.676,False
2026-04-08,P021,Johnnie Walker Black,whiskey,11.88,False
2026-04-08,P022,Chivas Regal,whiskey,4.261,False
2026-04-08,P023,Maker's Mark,whiskey,7.862,False
2026-04-08,P024,Glenfiddich 12,whiskey,8.29,False
2026-04-08,P025,Bacardi Carta Blanca,rum,13.402,False
2026-04-08,P026,Havana Club 3,rum,4.347,False
2026-04-08,P027,Captain Morgan,rum,15.061,False
2026-04-08,P028,Diplomatico Reserva,rum,11.546,False
2026-04-08,P029,Jose Cuervo,tequila,14.963,False
2026-04-08,P030,Olmeca Blanco,tequila,7.69,False
2026-04-08,P031,Patron Silver,tequila,9.874,False
2026-04-08,P032,Don Julio Blanco,tequila,7.005,False
2026-04-08,P033,Aperol,aperitif,13.029,False
2026-04-08,P034,Campari,aperitif,11.658,False
2026-04-08,P035,Cointreau,liqueur,12.982,False
2026-04-08,P036,Kahlua,liqueur,5.177,False
2026-04-08,P037,Martini Rosso,vermouth,3.875,False
2026-04-08,P038,House Red Wine,wine,16.682,False
2026-04-08,P039,House White Wine,wine,15.98,False
2026-04-08,P040,Rose Wine,wine,11.2,False
2026-04-08,P041,Prosecco,wine,26.456,False
2026-04-08,P042,Chardonnay,wine,7.64,False
2026-04-08,P043,Coca-Cola,soft_drink,76.9,False
2026-04-08,P044,Coca-Cola Zero,soft_drink,62.6,False
2026-04-08,P045,Sprite,soft_drink,41.2,False
2026-04-08,P046,Tonic Water,soft_drink,62.42,False
2026-04-08,P047,Soda Water,soft_drink,45.84,False
2026-04-08,P048,Red Bull,soft_drink,35.8,False
2026-04-08,P049,Ginger Beer,soft_drink,30.2,False
2026-04-08,P050,Orange Juice,juice,4.0,False
2026-04-08,P051,Cranberry Juice,juice,4.0,False
2026-04-08,P052,Lime Juice,juice,7.543,False
2026-04-08,P053,Lemon Juice,juice,5.475,False
2026-04-08,P054,Sugar Syrup,cocktail_ingredient,7.857,False
2026-04-08,P055,Fresh Mint,cocktail_ingredient,8.032,False
2026-04-08,P056,Coffee Beans,cocktail_ingredient,7.21,False
2026-04-08,K001,Carlsberg 50L,draught_beer,4.841,False
2026-04-08,K002,Tuborg 50L,draught_beer,4.163,False
2026-04-08,K003,Carlsberg 30L,draught_beer,6.504,False
2026-04-08,K004,Malka 30L,draught_beer,6.032,False
2026-04-08,K005,Weihenstephan 30L,draught_beer,4.374,False
2026-04-09,P001,Carlsberg,beer,59.4,False
2026-04-09,P002,Heineken,beer,50.6,False
2026-04-09,P003,Corona,beer,53.2,False
2026-04-09,P004,Guinness,beer,46.6,False
2026-04-09,P005,Goldstar,beer,56.6,False
2026-04-09,P006,Maccabee,beer,30.0,False
2026-04-09,P007,Stella Artois,beer,38.4,False
2026-04-09,P008,Erdinger,beer,16.2,False
2026-04-09,P009,Bombay Sapphire,gin,11.881,False
2026-04-09,P010,Tanqueray,gin,3.318,False
2026-04-09,P011,Hendrick's,gin,8.1,False
2026-04-09,P012,Beefeater,gin,6.576,False
2026-04-09,P013,Gordon's,gin,8.334,False
2026-04-09,P014,Absolut,vodka,18.909,False
2026-04-09,P015,Finlandia,vodka,7.519,False
2026-04-09,P016,Grey Goose,vodka,12.139,False
2026-04-09,P017,Belvedere,vodka,8.12,False
2026-04-09,P018,Stolichnaya,vodka,7.348,False
2026-04-09,P019,Jameson,whiskey,14.931,False
2026-04-09,P020,Jack Daniel's,whiskey,15.904,False
2026-04-09,P021,Johnnie Walker Black,whiskey,11.537,False
2026-04-09,P022,Chivas Regal,whiskey,4.003,False
2026-04-09,P023,Maker's Mark,whiskey,7.691,False
2026-04-09,P024,Glenfiddich 12,whiskey,8.119,False
2026-04-09,P025,Bacardi Carta Blanca,rum,10.832,False
2026-04-09,P026,Havana Club 3,rum,4.09,False
2026-04-09,P027,Captain Morgan,rum,14.804,False
2026-04-09,P028,Diplomatico Reserva,rum,11.46,False
2026-04-09,P029,Jose Cuervo,tequila,14.414,False
2026-04-09,P030,Olmeca Blanco,tequila,7.519,False
2026-04-09,P031,Patron Silver,tequila,8.388,False
2026-04-09,P032,Don Julio Blanco,tequila,6.833,False
2026-04-09,P033,Aperol,aperitif,10.8,False
2026-04-09,P034,Campari,aperitif,10.929,False
2026-04-09,P035,Cointreau,liqueur,12.332,False
2026-04-09,P036,Kahlua,liqueur,4.577,False
2026-04-09,P037,Martini Rosso,vermouth,3.318,False
2026-04-09,P038,House Red Wine,wine,14.73,False
2026-04-09,P039,House White Wine,wine,13.052,False
2026-04-09,P040,Rose Wine,wine,10.4,False
2026-04-09,P041,Prosecco,wine,23.096,False
2026-04-09,P042,Chardonnay,wine,7.04,False
2026-04-09,P043,Coca-Cola,soft_drink,57.4,False
2026-04-09,P044,Coca-Cola Zero,soft_drink,50.6,False
2026-04-09,P045,Sprite,soft_drink,55.2,False
2026-04-09,P046,Tonic Water,soft_drink,53.72,False
2026-04-09,P047,Soda Water,soft_drink,36.82,False
2026-04-09,P048,Red Bull,soft_drink,54.8,False
2026-04-09,P049,Ginger Beer,soft_drink,27.2,False
2026-04-09,P050,Orange Juice,juice,4.0,False
2026-04-09,P051,Cranberry Juice,juice,4.0,False
2026-04-09,P052,Lime Juice,juice,6.513,False
2026-04-09,P053,Lemon Juice,juice,5.35,False
2026-04-09,P054,Sugar Syrup,cocktail_ingredient,7.377,False
2026-04-09,P055,Fresh Mint,cocktail_ingredient,7.834,False
2026-04-09,P056,Coffee Beans,cocktail_ingredient,7.075,False
2026-04-09,K001,Carlsberg 50L,draught_beer,4.269,False
2026-04-09,K002,Tuborg 50L,draught_beer,3.583,False
2026-04-09,K003,Carlsberg 30L,draught_beer,5.753,False
2026-04-09,K004,Malka 30L,draught_beer,5.307,False
2026-04-09,K005,Weihenstephan 30L,draught_beer,3.971,False
2026-04-10,P001,Carlsberg,beer,46.4,False
2026-04-10,P002,Heineken,beer,39.6,False
2026-04-10,P003,Corona,beer,44.2,False
2026-04-10,P004,Guinness,beer,40.6,False
2026-04-10,P005,Goldstar,beer,45.6,False
2026-04-10,P006,Maccabee,beer,21.0,False
2026-04-10,P007,Stella Artois,beer,29.4,False
2026-04-10,P008,Erdinger,beer,12.2,False
2026-04-10,P009,Bombay Sapphire,gin,11.367,False
2026-04-10,P010,Tanqueray,gin,14.975,False
2026-04-10,P011,Hendrick's,gin,7.285,False
2026-04-10,P012,Beefeater,gin,6.319,False
2026-04-10,P013,Gordon's,gin,18.112,False
2026-04-10,P014,Absolut,vodka,16.987,False
2026-04-10,P015,Finlandia,vodka,7.262,False
2026-04-10,P016,Grey Goose,vodka,11.71,False
2026-04-10,P017,Belvedere,vodka,7.862,False
2026-04-10,P018,Stolichnaya,vodka,7.091,False
2026-04-10,P019,Jameson,whiskey,14.074,False
2026-04-10,P020,Jack Daniel's,whiskey,14.961,False
2026-04-10,P021,Johnnie Walker Black,whiskey,11.195,False
2026-04-10,P022,Chivas Regal,whiskey,3.661,False
2026-04-10,P023,Maker's Mark,whiskey,7.434,False
2026-04-10,P024,Glenfiddich 12,whiskey,7.862,False
2026-04-10,P025,Bacardi Carta Blanca,rum,20.296,False
2026-04-10,P026,Havana Club 3,rum,3.661,False
2026-04-10,P027,Captain Morgan,rum,14.461,False
2026-04-10,P028,Diplomatico Reserva,rum,11.374,False
2026-04-10,P029,Jose Cuervo,tequila,13.917,False
2026-04-10,P030,Olmeca Blanco,tequila,7.348,False
2026-04-10,P031,Patron Silver,tequila,18.817,False
2026-04-10,P032,Don Julio Blanco,tequila,6.662,False
2026-04-10,P033,Aperol,aperitif,20.658,False
2026-04-10,P034,Campari,aperitif,10.029,False
2026-04-10,P035,Cointreau,liqueur,11.639,False
2026-04-10,P036,Kahlua,liqueur,3.863,False
2026-04-10,P037,Martini Rosso,vermouth,14.761,False
2026-04-10,P038,House Red Wine,wine,24.046,False
2026-04-10,P039,House White Wine,wine,22.124,False
2026-04-10,P040,Rose Wine,wine,9.0,False
2026-04-10,P041,Prosecco,wine,31.656,False
2026-04-10,P042,Chardonnay,wine,6.24,False
2026-04-10,P043,Coca-Cola,soft_drink,33.7,False
2026-04-10,P044,Coca-Cola Zero,soft_drink,41.6,False
2026-04-10,P045,Sprite,soft_drink,42.2,False
2026-04-10,P046,Tonic Water,soft_drink,41.22,False
2026-04-10,P047,Soda Water,soft_drink,50.98,False
2026-04-10,P048,Red Bull,soft_drink,44.8,False
2026-04-10,P049,Ginger Beer,soft_drink,23.2,False
2026-04-10,P050,Orange Juice,juice,4.0,False
2026-04-10,P051,Cranberry Juice,juice,4.0,False
2026-04-10,P052,Lime Juice,juice,5.508,False
2026-04-10,P053,Lemon Juice,juice,5.175,False
2026-04-10,P054,Sugar Syrup,cocktail_ingredient,6.902,False
2026-04-10,P055,Fresh Mint,cocktail_ingredient,7.645,False
2026-04-10,P056,Coffee Beans,cocktail_ingredient,6.931,False
2026-04-10,K001,Carlsberg 50L,draught_beer,3.69,False
2026-04-10,K002,Tuborg 50L,draught_beer,2.939,False
2026-04-10,K003,Carlsberg 30L,draught_beer,5.055,False
2026-04-10,K004,Malka 30L,draught_beer,4.583,False
2026-04-10,K005,Weihenstephan 30L,draught_beer,3.313,False
2026-04-11,P001,Carlsberg,beer,50.4,False
2026-04-11,P002,Heineken,beer,50.6,False
2026-04-11,P003,Corona,beer,57.2,False
2026-04-11,P004,Guinness,beer,34.6,False
2026-04-11,P005,Goldstar,beer,55.6,False
2026-04-11,P006,Maccabee,beer,38.0,False
2026-04-11,P007,Stella Artois,beer,19.4,False
2026-04-11,P008,Erdinger,beer,31.2,False
2026-04-11,P009,Bombay Sapphire,gin,10.767,False
2026-04-11,P010,Tanqueray,gin,14.632,False
2026-04-11,P011,Hendrick's,gin,6.471,False
2026-04-11,P012,Beefeater,gin,5.976,False
2026-04-11,P013,Gordon's,gin,15.498,False
2026-04-11,P014,Absolut,vodka,15.287,False
2026-04-11,P015,Finlandia,vodka,7.091,False
2026-04-11,P016,Grey Goose,vodka,11.282,False
2026-04-11,P017,Belvedere,vodka,7.605,False
2026-04-11,P018,Stolichnaya,vodka,6.834,False
2026-04-11,P019,Jameson,whiskey,12.96,False
2026-04-11,P020,Jack Daniel's,whiskey,14.19,False
2026-04-11,P021,Johnnie Walker Black,whiskey,10.852,False
2026-04-11,P022,Chivas Regal,whiskey,3.318,False
2026-04-11,P023,Maker's Mark,whiskey,7.176,False
2026-04-11,P024,Glenfiddich 12,whiskey,7.691,False
2026-04-11,P025,Bacardi Carta Blanca,rum,17.211,False
2026-04-11,P026,Havana Club 3,rum,3.318,False
2026-04-11,P027,Captain Morgan,rum,14.118,False
2026-04-11,P028,Diplomatico Reserva,rum,11.289,False
2026-04-11,P029,Jose Cuervo,tequila,13.028,False
2026-04-11,P030,Olmeca Blanco,tequila,7.09,False
2026-04-11,P031,Patron Silver,tequila,16.96,False
2026-04-11,P032,Don Julio Blanco,tequila,6.405,False
2026-04-11,P033,Aperol,aperitif,18.343,False
2026-04-11,P034,Campari,aperitif,9.215,False
2026-04-11,P035,Cointreau,liqueur,10.682,False
2026-04-11,P036,Kahlua,liqueur,3.206,False
2026-04-11,P037,Martini Rosso,vermouth,14.118,False
2026-04-11,P038,House Red Wine,wine,21.118,False
2026-04-11,P039,House White Wine,wine,18.708,False
2026-04-11,P040,Rose Wine,wine,7.4,False
2026-04-11,P041,Prosecco,wine,27.576,False
2026-04-11,P042,Chardonnay,wine,5.44,False
2026-04-11,P043,Coca-Cola,soft_drink,9.7,False
2026-04-11,P044,Coca-Cola Zero,soft_drink,32.6,False
2026-04-11,P045,Sprite,soft_drink,29.2,False
2026-04-11,P046,Tonic Water,soft_drink,28.72,False
2026-04-11,P047,Soda Water,soft_drink,40.66,False
2026-04-11,P048,Red Bull,soft_drink,30.8,False
2026-04-11,P049,Ginger Beer,soft_drink,18.2,False
2026-04-11,P050,Orange Juice,juice,4.0,False
2026-04-11,P051,Cranberry Juice,juice,4.0,False
2026-04-11,P052,Lime Juice,juice,4.308,False
2026-04-11,P053,Lemon Juice,juice,4.925,False
2026-04-11,P054,Sugar Syrup,cocktail_ingredient,6.402,False
2026-04-11,P055,Fresh Mint,cocktail_ingredient,7.429,False
2026-04-11,P056,Coffee Beans,cocktail_ingredient,6.805,False
2026-04-11,K001,Carlsberg 50L,draught_beer,5.11,False
2026-04-11,K002,Tuborg 50L,draught_beer,4.447,False
2026-04-11,K003,Carlsberg 30L,draught_beer,5.767,False
2026-04-11,K004,Malka 30L,draught_beer,4.657,False
2026-04-11,K005,Weihenstephan 30L,draught_beer,4.83,False
2026-04-12,P001,Carlsberg,beer,42.4,False
2026-04-12,P002,Heineken,beer,45.6,False
2026-04-12,P003,Corona,beer,53.2,False
2026-04-12,P004,Guinness,beer,31.6,False
2026-04-12,P005,Goldstar,beer,50.6,False
2026-04-12,P006,Maccabee,beer,34.0,False
2026-04-12,P007,Stella Artois,beer,40.4,False
2026-04-12,P008,Erdinger,beer,29.2,False
2026-04-12,P009,Bombay Sapphire,gin,10.509,False
2026-04-12,P010,Tanqueray,gin,14.375,False
2026-04-12,P011,Hendrick's,gin,6.042,False
2026-04-12,P012,Beefeater,gin,5.805,False
2026-04-12,P013,Gordon's,gin,14.513,False
2026-04-12,P014,Absolut,vodka,14.037,False
2026-04-12,P015,Finlandia,vodka,7.005,False
2026-04-12,P016,Grey Goose,vodka,10.939,False
2026-04-12,P017,Belvedere,vodka,7.52,False
2026-04-12,P018,Stolichnaya,vodka,6.748,False
2026-04-12,P019,Jameson,whiskey,12.617,False
2026-04-12,P020,Jack Daniel's,whiskey,13.933,False
2026-04-12,P021,Johnnie Walker Black,whiskey,10.766,False
2026-04-12,P022,Chivas Regal,whiskey,3.061,False
2026-04-12,P023,Maker's Mark,whiskey,7.005,False
2026-04-12,P024,Glenfiddich 12,whiskey,7.605,False
2026-04-12,P025,Bacardi Carta Blanca,rum,15.39,False
2026-04-12,P026,Havana Club 3,rum,3.232,False
2026-04-12,P027,Captain Morgan,rum,13.861,False
2026-04-12,P028,Diplomatico Reserva,rum,11.203,False
2026-04-12,P029,Jose Cuervo,tequila,12.688,False
2026-04-12,P030,Olmeca Blanco,tequila,7.005,False
2026-04-12,P031,Patron Silver,tequila,16.374,False
2026-04-12,P032,Don Julio Blanco,tequila,6.319,False
2026-04-12,P033,Aperol,aperitif,16.115,False
2026-04-12,P034,Campari,aperitif,8.786,False
2026-04-12,P035,Cointreau,liqueur,10.289,False
2026-04-12,P036,Kahlua,liqueur,2.806,False
2026-04-12,P037,Martini Rosso,vermouth,13.775,False
2026-04-12,P038,House Red Wine,wine,19.654,False
2026-04-12,P039,House White Wine,wine,17.976,False
2026-04-12,P040,Rose Wine,wine,6.8,False
2026-04-12,P041,Prosecco,wine,24.096,False
2026-04-12,P042,Chardonnay,wine,5.04,False
2026-04-12,P043,Coca-Cola,soft_drink,24.2,False
2026-04-12,P044,Coca-Cola Zero,soft_drink,25.6,False
2026-04-12,P045,Sprite,soft_drink,22.2,False
2026-04-12,P046,Tonic Water,soft_drink,22.22,False
2026-04-12,P047,Soda Water,soft_drink,33.18,False
2026-04-12,P048,Red Bull,soft_drink,25.8,False
2026-04-12,P049,Ginger Beer,soft_drink,17.2,False
2026-04-12,P050,Orange Juice,juice,4.0,False
2026-04-12,P051,Cranberry Juice,juice,4.0,False
2026-04-12,P052,Lime Juice,juice,3.673,False
2026-04-12,P053,Lemon Juice,juice,4.8,False
2026-04-12,P054,Sugar Syrup,cocktail_ingredient,6.037,False
2026-04-12,P055,Fresh Mint,cocktail_ingredient,7.276,False
2026-04-12,P056,Coffee Beans,cocktail_ingredient,6.706,False
2026-04-12,K001,Carlsberg 50L,draught_beer,4.852,False
2026-04-12,K002,Tuborg 50L,draught_beer,4.125,False
2026-04-12,K003,Carlsberg 30L,draught_beer,5.284,False
2026-04-12,K004,Malka 30L,draught_beer,4.254,False
2026-04-12,K005,Weihenstephan 30L,draught_beer,4.75,False
2026-04-13,P001,Carlsberg,beer,37.4,False
2026-04-13,P002,Heineken,beer,40.6,False
2026-04-13,P003,Corona,beer,48.2,False
2026-04-13,P004,Guinness,beer,28.6,False
2026-04-13,P005,Goldstar,beer,44.6,False
2026-04-13,P006,Maccabee,beer,33.0,False
2026-04-13,P007,Stella Artois,beer,37.4,False
2026-04-13,P008,Erdinger,beer,28.2,False
2026-04-13,P009,Bombay Sapphire,gin,10.509,False
2026-04-13,P010,Tanqueray,gin,14.203,False
2026-04-13,P011,Hendrick's,gin,5.571,False
2026-04-13,P012,Beefeater,gin,5.719,False
2026-04-13,P013,Gordon's,gin,13.624,False
2026-04-13,P014,Absolut,vodka,13.28,False
2026-04-13,P015,Finlandia,vodka,6.919,False
2026-04-13,P016,Grey Goose,vodka,10.767,False
2026-04-13,P017,Belvedere,vodka,7.434,False
2026-04-13,P018,Stolichnaya,vodka,6.662,False
2026-04-13,P019,Jameson,whiskey,12.188,False
2026-04-13,P020,Jack Daniel's,whiskey,13.762,False
2026-04-13,P021,Johnnie Walker Black,whiskey,10.595,False
2026-04-13,P022,Chivas Regal,whiskey,2.975,False
2026-04-13,P023,Maker's Mark,whiskey,6.919,False
2026-04-13,P024,Glenfiddich 12,whiskey,7.519,False
2026-04-13,P025,Bacardi Carta Blanca,rum,14.239,False
2026-04-13,P026,Havana Club 3,rum,3.061,False
2026-04-13,P027,Captain Morgan,rum,13.69,False
2026-04-13,P028,Diplomatico Reserva,rum,11.117,False
2026-04-13,P029,Jose Cuervo,tequila,12.531,False
2026-04-13,P030,Olmeca Blanco,tequila,6.833,False
2026-04-13,P031,Patron Silver,tequila,15.703,False
2026-04-13,P032,Don Julio Blanco,tequila,6.148,False
2026-04-13,P033,Aperol,aperitif,14.4,False
2026-04-13,P034,Campari,aperitif,8.486,False
2026-04-13,P035,Cointreau,liqueur,10.046,False
2026-04-13,P036,Kahlua,liqueur,2.577,False
2026-04-13,P037,Martini Rosso,vermouth,13.561,False
2026-04-13,P038,House Red Wine,wine,17.702,False
2026-04-13,P039,House White Wine,wine,16.756,False
2026-04-13,P040,Rose Wine,wine,6.4,False
2026-04-13,P041,Prosecco,wine,21.336,False
2026-04-13,P042,Chardonnay,wine,4.64,False
2026-04-13,P043,Coca-Cola,soft_drink,91.0,False
2026-04-13,P044,Coca-Cola Zero,soft_drink,62.6,False
2026-04-13,P045,Sprite,soft_drink,64.2,False
2026-04-13,P046,Tonic Water,soft_drink,63.42,False
2026-04-13,P047,Soda Water,soft_drink,53.02,False
2026-04-13,P048,Red Bull,soft_drink,44.8,False
2026-04-13,P049,Ginger Beer,soft_drink,39.2,False
2026-04-13,P050,Orange Juice,juice,4.0,False
2026-04-13,P051,Cranberry Juice,juice,4.0,False
2026-04-13,P052,Lime Juice,juice,9.238,False
2026-04-13,P053,Lemon Juice,juice,4.75,False
2026-04-13,P054,Sugar Syrup,cocktail_ingredient,5.852,False
2026-04-13,P055,Fresh Mint,cocktail_ingredient,7.195,False
2026-04-13,P056,Coffee Beans,cocktail_ingredient,6.661,False
2026-04-13,K001,Carlsberg 50L,draught_beer,4.554,False
2026-04-13,K002,Tuborg 50L,draught_beer,3.916,False
2026-04-13,K003,Carlsberg 30L,draught_beer,4.854,False
2026-04-13,K004,Malka 30L,draught_beer,3.932,False
2026-04-13,K005,Weihenstephan 30L,draught_beer,4.562,False
2026-04-14,P001,Carlsberg,beer,29.4,False
2026-04-14,P002,Heineken,beer,35.6,False
2026-04-14,P003,Corona,beer,46.2,False
2026-04-14,P004,Guinness,beer,25.6,False
2026-04-14,P005,Goldstar,beer,37.6,False
2026-04-14,P006,Maccabee,beer,29.0,False
2026-04-14,P007,Stella Artois,beer,34.4,False
2026-04-14,P008,Erdinger,beer,27.2,False
2026-04-14,P009,Bombay Sapphire,gin,10.252,False
2026-04-14,P010,Tanqueray,gin,14.032,False
2026-04-14,P011,Hendrick's,gin,17.185,False
2026-04-14,P012,Beefeater,gin,5.634,False
2026-04-14,P013,Gordon's,gin,12.3,False
2026-04-14,P014,Absolut,vodka,12.223,False
2026-04-14,P015,Finlandia,vodka,6.919,False
2026-04-14,P016,Grey Goose,vodka,10.596,False
2026-04-14,P017,Belvedere,vodka,7.348,False
2026-04-14,P018,Stolichnaya,vodka,6.662,False
2026-04-14,P019,Jameson,whiskey,11.76,False
2026-04-14,P020,Jack Daniel's,whiskey,13.419,False
2026-04-14,P021,Johnnie Walker Black,whiskey,10.423,False
2026-04-14,P022,Chivas Regal,whiskey,14.718,False
2026-04-14,P023,Maker's Mark,whiskey,6.748,False
2026-04-14,P024,Glenfiddich 12,whiskey,7.434,False
2026-04-14,P025,Bacardi Carta Blanca,rum,24.706,False
2026-04-14,P026,Havana Club 3,rum,14.889,False
2026-04-14,P027,Captain Morgan,rum,13.518,False
2026-04-14,P028,Diplomatico Reserva,rum,11.117,False
2026-04-14,P029,Jose Cuervo,tequila,12.218,False
2026-04-14,P030,Olmeca Blanco,tequila,6.748,False
2026-04-14,P031,Patron Silver,tequila,14.831,False
2026-04-14,P032,Don Julio Blanco,tequila,5.976,False
2026-04-14,P033,Aperol,aperitif,25.286,False
2026-04-14,P034,Campari,aperitif,8.101,False
2026-04-14,P035,Cointreau,liqueur,9.646,False
2026-04-14,P036,Kahlua,liqueur,14.177,False
2026-04-14,P037,Martini Rosso,vermouth,13.347,False
2026-04-14,P038,House Red Wine,wine,15.75,False
2026-04-14,P039,House White Wine,wine,27.048,False
2026-04-14,P040,Rose Wine,wine,5.8,False
2026-04-14,P041,Prosecco,wine,19.416,False
2026-04-14,P042,Chardonnay,wine,16.04,False
2026-04-14,P043,Coca-Cola,soft_drink,85.6,False
2026-04-14,P044,Coca-Cola Zero,soft_drink,61.6,False
2026-04-14,P045,Sprite,soft_drink,57.2,False
2026-04-14,P046,Tonic Water,soft_drink,59.02,False
2026-04-14,P047,Soda Water,soft_drink,47.68,False
2026-04-14,P048,Red Bull,soft_drink,40.8,False
2026-04-14,P049,Ginger Beer,soft_drink,37.2,False
2026-04-14,P050,Orange Juice,juice,4.0,False
2026-04-14,P051,Cranberry Juice,juice,4.0,False
2026-04-14,P052,Lime Juice,juice,8.558,False
2026-04-14,P053,Lemon Juice,juice,4.65,False
2026-04-14,P054,Sugar Syrup,cocktail_ingredient,5.532,False
2026-04-14,P055,Fresh Mint,cocktail_ingredient,7.069,False
2026-04-14,P056,Coffee Beans,cocktail_ingredient,6.562,False
2026-04-14,K001,Carlsberg 50L,draught_beer,4.345,False
2026-04-14,K002,Tuborg 50L,draught_beer,3.618,False
2026-04-14,K003,Carlsberg 30L,draught_beer,4.371,False
2026-04-14,K004,Malka 30L,draught_beer,3.637,False
2026-04-14,K005,Weihenstephan 30L,draught_beer,4.428,False
2026-04-15,P001,Carlsberg,beer,75.4,False
2026-04-15,P002,Heineken,beer,52.6,False
2026-04-15,P003,Corona,beer,63.2,False
2026-04-15,P004,Guinness,beer,21.6,False
2026-04-15,P005,Goldstar,beer,56.6,False
2026-04-15,P006,Maccabee,beer,50.0,False
2026-04-15,P007,Stella Artois,beer,55.4,False
2026-04-15,P008,Erdinger,beer,25.2,False
2026-04-15,P009,Bombay Sapphire,gin,9.995,False
2026-04-15,P010,Tanqueray,gin,13.861,False
2026-04-15,P011,Hendrick's,gin,16.714,False
2026-04-15,P012,Beefeater,gin,5.462,False
2026-04-15,P013,Gordon's,gin,10.818,False
2026-04-15,P014,Absolut,vodka,11.309,False
2026-04-15,P015,Finlandia,vodka,6.748,False
2026-04-15,P016,Grey Goose,vodka,10.339,False
2026-04-15,P017,Belvedere,vodka,7.263,False
2026-04-15,P018,Stolichnaya,vodka,6.491,False
2026-04-15,P019,Jameson,whiskey,11.245,False
2026-04-15,P020,Jack Daniel's,whiskey,13.076,False
2026-04-15,P021,Johnnie Walker Black,whiskey,10.252,False
2026-04-15,P022,Chivas Regal,whiskey,14.546,False
2026-04-15,P023,Maker's Mark,whiskey,6.662,False
2026-04-15,P024,Glenfiddich 12,whiskey,7.262,False
2026-04-15,P025,Bacardi Carta Blanca,rum,22.893,False
2026-04-15,P026,Havana Club 3,rum,14.718,False
2026-04-15,P027,Captain Morgan,rum,13.432,False
2026-04-15,P028,Diplomatico Reserva,rum,11.031,False
2026-04-15,P029,Jose Cuervo,tequila,11.904,False
2026-04-15,P030,Olmeca Blanco,tequila,6.662,False
2026-04-15,P031,Patron Silver,tequila,13.86,False
2026-04-15,P032,Don Julio Blanco,tequila,5.805,False
2026-04-15,P033,Aperol,aperitif,23.829,False
2026-04-15,P034,Campari,aperitif,7.629,False
2026-04-15,P035,Cointreau,liqueur,9.189,False
2026-04-15,P036,Kahlua,liqueur,13.892,False
2026-04-15,P037,Martini Rosso,vermouth,12.961,False
2026-04-15,P038,House Red Wine,wine,13.798,False
2026-04-15,P039,House White Wine,wine,25.34,False
2026-04-15,P040,Rose Wine,wine,17.0,False
2026-04-15,P041,Prosecco,wine,17.016,False
2026-04-15,P042,Chardonnay,wine,15.44,False
2026-04-15,P043,Coca-Cola,soft_drink,78.2,False
2026-04-15,P044,Coca-Cola Zero,soft_drink,52.6,False
2026-04-15,P045,Sprite,soft_drink,52.2,False
2026-04-15,P046,Tonic Water,soft_drink,50.72,False
2026-04-15,P047,Soda Water,soft_drink,39.86,False
2026-04-15,P048,Red Bull,soft_drink,33.8,False
2026-04-15,P049,Ginger Beer,soft_drink,35.2,False
2026-04-15,P050,Orange Juice,juice,4.0,False
2026-04-15,P051,Cranberry Juice,juice,4.0,False
2026-04-15,P052,Lime Juice,juice,7.858,False
2026-04-15,P053,Lemon Juice,juice,4.55,False
2026-04-15,P054,Sugar Syrup,cocktail_ingredient,5.222,False
2026-04-15,P055,Fresh Mint,cocktail_ingredient,6.925,False
2026-04-15,P056,Coffee Beans,cocktail_ingredient,6.499,False
2026-04-15,K001,Carlsberg 50L,draught_beer,4.862,False
2026-04-15,K002,Tuborg 50L,draught_beer,4.336,False
2026-04-15,K003,Carlsberg 30L,draught_beer,7.022,False
2026-04-15,K004,Malka 30L,draught_beer,5.395,False
2026-04-15,K005,Weihenstephan 30L,draught_beer,5.334,False
2026-04-16,P001,Carlsberg,beer,57.4,False
2026-04-16,P002,Heineken,beer,39.6,False
2026-04-16,P003,Corona,beer,53.2,False
2026-04-16,P004,Guinness,beer,14.6,False
2026-04-16,P005,Goldstar,beer,42.6,False
2026-04-16,P006,Maccabee,beer,42.0,False
2026-04-16,P007,Stella Artois,beer,47.4,False
2026-04-16,P008,Erdinger,beer,20.2,False
2026-04-16,P009,Bombay Sapphire,gin,9.481,False
2026-04-16,P010,Tanqueray,gin,13.518,False
2026-04-16,P011,Hendrick's,gin,15.557,False
2026-04-16,P012,Beefeater,gin,5.205,False
2026-04-16,P013,Gordon's,gin,8.047,False
2026-04-16,P014,Absolut,vodka,8.837,False
2026-04-16,P015,Finlandia,vodka,6.491,False
2026-04-16,P016,Grey Goose,vodka,9.825,False
2026-04-16,P017,Belvedere,vodka,7.005,False
2026-04-16,P018,Stolichnaya,vodka,6.234,False
2026-04-16,P019,Jameson,whiskey,10.303,False
2026-04-16,P020,Jack Daniel's,whiskey,12.304,False
2026-04-16,P021,Johnnie Walker Black,whiskey,9.738,False
2026-04-16,P022,Chivas Regal,whiskey,14.118,False
2026-04-16,P023,Maker's Mark,whiskey,6.319,False
2026-04-16,P024,Glenfiddich 12,whiskey,6.919,False
2026-04-16,P025,Bacardi Carta Blanca,rum,19.651,False
2026-04-16,P026,Havana Club 3,rum,14.204,False
2026-04-16,P027,Captain Morgan,rum,13.004,False
2026-04-16,P028,Diplomatico Reserva,rum,10.86,False
2026-04-16,P029,Jose Cuervo,tequila,11.224,False
2026-04-16,P030,Olmeca Blanco,tequila,6.405,False
2026-04-16,P031,Patron Silver,tequila,11.86,False
2026-04-16,P032,Don Julio Blanco,tequila,5.548,False
2026-04-16,P033,Aperol,aperitif,20.4,False
2026-04-16,P034,Campari,aperitif,6.558,False
2026-04-16,P035,Cointreau,liqueur,8.26,False
2026-04-16,P036,Kahlua,liqueur,13.063,False
2026-04-16,P037,Martini Rosso,vermouth,12.061,False
2026-04-16,P038,House Red Wine,wine,11.358,False
2026-04-16,P039,House White Wine,wine,20.948,False
2026-04-16,P040,Rose Wine,wine,15.2,False
2026-04-16,P041,Prosecco,wine,23.416,False
2026-04-16,P042,Chardonnay,wine,14.64,False
2026-04-16,P043,Coca-Cola,soft_drink,76.2,False
2026-04-16,P044,Coca-Cola Zero,soft_drink,64.6,False
2026-04-16,P045,Sprite,soft_drink,41.2,False
2026-04-16,P046,Tonic Water,soft_drink,58.32,False
2026-04-16,P047,Soda Water,soft_drink,51.52,False
2026-04-16,P048,Red Bull,soft_drink,46.8,False
2026-04-16,P049,Ginger Beer,soft_drink,30.2,False
2026-04-16,P050,Orange Juice,juice,4.0,False
2026-04-16,P051,Cranberry Juice,juice,4.0,False
2026-04-16,P052,Lime Juice,juice,6.523,False
2026-04-16,P053,Lemon Juice,juice,4.3,False
2026-04-16,P054,Sugar Syrup,cocktail_ingredient,4.617,False
2026-04-16,P055,Fresh Mint,cocktail_ingredient,6.682,False
2026-04-16,P056,Coffee Beans,cocktail_ingredient,6.319,False
2026-04-16,K001,Carlsberg 50L,draught_beer,4.032,False
2026-04-16,K002,Tuborg 50L,draught_beer,3.797,False
2026-04-16,K003,Carlsberg 30L,draught_beer,6.15,False
2026-04-16,K004,Malka 30L,draught_beer,4.617,False
2026-04-16,K005,Weihenstephan 30L,draught_beer,4.529,False
2026-04-17,P001,Carlsberg,beer,41.4,False
2026-04-17,P002,Heineken,beer,21.6,False
2026-04-17,P003,Corona,beer,40.2,False
2026-04-17,P004,Guinness,beer,32.6,False
2026-04-17,P005,Goldstar,beer,26.6,False
2026-04-17,P006,Maccabee,beer,34.0,False
2026-04-17,P007,Stella Artois,beer,38.4,False
2026-04-17,P008,Erdinger,beer,15.2,False
2026-04-17,P009,Bombay Sapphire,gin,8.795,False
2026-04-17,P010,Tanqueray,gin,13.089,False
2026-04-17,P011,Hendrick's,gin,14.528,False
2026-04-17,P012,Beefeater,gin,4.862,False
2026-04-17,P013,Gordon's,gin,17.668,False
2026-04-17,P014,Absolut,vodka,18.901,False
2026-04-17,P015,Finlandia,vodka,6.148,False
2026-04-17,P016,Grey Goose,vodka,9.31,False
2026-04-17,P017,Belvedere,vodka,6.748,False
2026-04-17,P018,Stolichnaya,vodka,5.977,False
2026-04-17,P019,Jameson,whiskey,9.274,False
2026-04-17,P020,Jack Daniel's,whiskey,11.19,False
2026-04-17,P021,Johnnie Walker Black,whiskey,9.052,False
2026-04-17,P022,Chivas Regal,whiskey,13.689,False
2026-04-17,P023,Maker's Mark,whiskey,6.062,False
2026-04-17,P024,Glenfiddich 12,whiskey,6.662,False
2026-04-17,P025,Bacardi Carta Blanca,rum,16.227,False
2026-04-17,P026,Havana Club 3,rum,13.861,False
2026-04-17,P027,Captain Morgan,rum,12.661,False
2026-04-17,P028,Diplomatico Reserva,rum,10.689,False
2026-04-17,P029,Jose Cuervo,tequila,10.466,False
2026-04-17,P030,Olmeca Blanco,tequila,6.148,False
2026-04-17,P031,Patron Silver,tequila,9.717,False
2026-04-17,P032,Don Julio Blanco,tequila,5.291,False
2026-04-17,P033,Aperol,aperitif,16.543,False
2026-04-17,P034,Campari,aperitif,5.529,False
2026-04-17,P035,Cointreau,liqueur,7.21,False
2026-04-17,P036,Kahlua,liqueur,12.32,False
2026-04-17,P037,Martini Rosso,vermouth,11.204,False
2026-04-17,P038,House Red Wine,wine,18.966,False
2026-04-17,P039,House White Wine,wine,17.532,False
2026-04-17,P040,Rose Wine,wine,13.8,False
2026-04-17,P041,Prosecco,wine,29.136,False
2026-04-17,P042,Chardonnay,wine,13.84,False
2026-04-17,P043,Coca-Cola,soft_drink,51.3,False
2026-04-17,P044,Coca-Cola Zero,soft_drink,47.6,False
2026-04-17,P045,Sprite,soft_drink,27.2,False
2026-04-17,P046,Tonic Water,soft_drink,43.82,False
2026-04-17,P047,Soda Water,soft_drink,38.94,False
2026-04-17,P048,Red Bull,soft_drink,34.8,False
2026-04-17,P049,Ginger Beer,soft_drink,24.2,False
2026-04-17,P050,Orange Juice,juice,4.0,False
2026-04-17,P051,Cranberry Juice,juice,4.0,False
2026-04-17,P052,Lime Juice,juice,5.128,False
2026-04-17,P053,Lemon Juice,juice,4.075,False
2026-04-17,P054,Sugar Syrup,cocktail_ingredient,4.042,False
2026-04-17,P055,Fresh Mint,cocktail_ingredient,6.439,False
2026-04-17,P056,Coffee Beans,cocktail_ingredient,6.166,False
2026-04-17,K001,Carlsberg 50L,draught_beer,3.05,False
2026-04-17,K002,Tuborg 50L,draught_beer,3.273,False
2026-04-17,K003,Carlsberg 30L,draught_beer,4.955,False
2026-04-17,K004,Malka 30L,draught_beer,3.704,False
2026-04-17,K005,Weihenstephan 30L,draught_beer,3.737,False
2026-04-18,P001,Carlsberg,beer,69.4,False
2026-04-18,P002,Heineken,beer,54.6,False
2026-04-18,P003,Corona,beer,52.2,False
2026-04-18,P004,Guinness,beer,24.6,False
2026-04-18,P005,Goldstar,beer,10.6,False
2026-04-18,P006,Maccabee,beer,25.0,False
2026-04-18,P007,Stella Artois,beer,51.4,False
2026-04-18,P008,Erdinger,beer,34.2,False
2026-04-18,P009,Bombay Sapphire,gin,8.11,False
2026-04-18,P010,Tanqueray,gin,12.661,False
2026-04-18,P011,Hendrick's,gin,13.457,False
2026-04-18,P012,Beefeater,gin,4.605,False
2026-04-18,P013,Gordon's,gin,14.636,False
2026-04-18,P014,Absolut,vodka,16.459,False
2026-04-18,P015,Finlandia,vodka,5.805,False
2026-04-18,P016,Grey Goose,vodka,8.796,False
2026-04-18,P017,Belvedere,vodka,6.491,False
2026-04-18,P018,Stolichnaya,vodka,5.72,False
2026-04-18,P019,Jameson,whiskey,8.16,False
2026-04-18,P020,Jack Daniel's,whiskey,10.162,False
2026-04-18,P021,Johnnie Walker Black,whiskey,8.452,False
2026-04-18,P022,Chivas Regal,whiskey,13.346,False
2026-04-18,P023,Maker's Mark,whiskey,5.805,False
2026-04-18,P024,Glenfiddich 12,whiskey,6.405,False
2026-04-18,P025,Bacardi Carta Blanca,rum,12.915,False
2026-04-18,P026,Havana Club 3,rum,13.432,False
2026-04-18,P027,Captain Morgan,rum,12.232,False
2026-04-18,P028,Diplomatico Reserva,rum,10.517,False
2026-04-18,P029,Jose Cuervo,tequila,9.786,False
2026-04-18,P030,Olmeca Blanco,tequila,5.805,False
2026-04-18,P031,Patron Silver,tequila,7.731,False
2026-04-18,P032,Don Julio Blanco,tequila,4.948,False
2026-04-18,P033,Aperol,aperitif,12.943,False
2026-04-18,P034,Campari,aperitif,3.543,False
2026-04-18,P035,Cointreau,liqueur,6.167,False
2026-04-18,P036,Kahlua,liqueur,11.463,False
2026-04-18,P037,Martini Rosso,vermouth,10.561,False
2026-04-18,P038,House Red Wine,wine,15.062,False
2026-04-18,P039,House White Wine,wine,13.628,False
2026-04-18,P040,Rose Wine,wine,12.0,False
2026-04-18,P041,Prosecco,wine,23.296,False
2026-04-18,P042,Chardonnay,wine,12.84,False
2026-04-18,P043,Coca-Cola,soft_drink,27.3,False
2026-04-18,P044,Coca-Cola Zero,soft_drink,32.6,False
2026-04-18,P045,Sprite,soft_drink,11.2,False
2026-04-18,P046,Tonic Water,soft_drink,27.52,False
2026-04-18,P047,Soda Water,soft_drink,25.24,False
2026-04-18,P048,Red Bull,soft_drink,25.8,False
2026-04-18,P049,Ginger Beer,soft_drink,19.2,False
2026-04-18,P050,Orange Juice,juice,4.0,False
2026-04-18,P051,Cranberry Juice,juice,4.0,False
2026-04-18,P052,Lime Juice,juice,3.713,False
2026-04-18,P053,Lemon Juice,juice,3.825,False
2026-04-18,P054,Sugar Syrup,cocktail_ingredient,3.397,False
2026-04-18,P055,Fresh Mint,cocktail_ingredient,6.178,False
2026-04-18,P056,Coffee Beans,cocktail_ingredient,5.977,False
2026-04-18,K001,Carlsberg 50L,draught_beer,2.253,False
2026-04-18,K002,Tuborg 50L,draught_beer,4.67,False
2026-04-18,K003,Carlsberg 30L,draught_beer,5.882,False
2026-04-18,K004,Malka 30L,draught_beer,4.765,False
2026-04-18,K005,Weihenstephan 30L,draught_beer,3.958,False
2026-04-19,P001,Carlsberg,beer,66.4,False
2026-04-19,P002,Heineken,beer,45.6,False
2026-04-19,P003,Corona,beer,49.2,False
2026-04-19,P004,Guinness,beer,20.6,False
2026-04-19,P005,Goldstar,beer,10.6,False
2026-04-19,P006,Maccabee,beer,22.0,False
2026-04-19,P007,Stella Artois,beer,50.4,False
2026-04-19,P008,Erdinger,beer,32.2,False
2026-04-19,P009,Bombay Sapphire,gin,7.853,False
2026-04-19,P010,Tanqueray,gin,12.489,False
2026-04-19,P011,Hendrick's,gin,13.071,False
2026-04-19,P012,Beefeater,gin,4.519,False
2026-04-19,P013,Gordon's,gin,13.712,False
2026-04-19,P014,Absolut,vodka,15.859,False
2026-04-19,P015,Finlandia,vodka,5.719,False
2026-04-19,P016,Grey Goose,vodka,8.624,False
2026-04-19,P017,Belvedere,vodka,6.405,False
2026-04-19,P018,Stolichnaya,vodka,5.634,False
2026-04-19,P019,Jameson,whiskey,7.817,False
2026-04-19,P020,Jack Daniel's,whiskey,9.99,False
2026-04-19,P021,Johnnie Walker Black,whiskey,8.28,False
2026-04-19,P022,Chivas Regal,whiskey,13.175,False
2026-04-19,P023,Maker's Mark,whiskey,5.72,False
2026-04-19,P024,Glenfiddich 12,whiskey,6.234,False
2026-04-19,P025,Bacardi Carta Blanca,rum,11.713,False
2026-04-19,P026,Havana Club 3,rum,13.261,False
2026-04-19,P027,Captain Morgan,rum,12.061,False
2026-04-19,P028,Diplomatico Reserva,rum,10.517,False
2026-04-19,P029,Jose Cuervo,tequila,9.577,False
2026-04-19,P030,Olmeca Blanco,tequila,5.719,False
2026-04-19,P031,Patron Silver,tequila,6.917,False
2026-04-19,P032,Don Julio Blanco,tequila,4.862,False
2026-04-19,P033,Aperol,aperitif,12.086,False
2026-04-19,P034,Campari,aperitif,3.243,False
2026-04-19,P035,Cointreau,liqueur,5.824,False
2026-04-19,P036,Kahlua,liqueur,11.206,False
2026-04-19,P037,Martini Rosso,vermouth,10.347,False
2026-04-19,P038,House Red Wine,wine,13.842,False
2026-04-19,P039,House White Wine,wine,11.432,False
2026-04-19,P040,Rose Wine,wine,11.4,False
2026-04-19,P041,Prosecco,wine,21.616,False
2026-04-19,P042,Chardonnay,wine,12.64,False
2026-04-19,P043,Coca-Cola,soft_drink,17.9,False
2026-04-19,P044,Coca-Cola Zero,soft_drink,28.6,False
2026-04-19,P045,Sprite,soft_drink,7.2,False
2026-04-19,P046,Tonic Water,soft_drink,20.42,False
2026-04-19,P047,Soda Water,soft_drink,20.62,False
2026-04-19,P048,Red Bull,soft_drink,21.8,False
2026-04-19,P049,Ginger Beer,soft_drink,16.2,False
2026-04-19,P050,Orange Juice,juice,4.0,False
2026-04-19,P051,Cranberry Juice,juice,4.0,False
2026-04-19,P052,Lime Juice,juice,3.218,False
2026-04-19,P053,Lemon Juice,juice,3.725,False
2026-04-19,P054,Sugar Syrup,cocktail_ingredient,3.202,False
2026-04-19,P055,Fresh Mint,cocktail_ingredient,6.097,False
2026-04-19,P056,Coffee Beans,cocktail_ingredient,5.923,False
2026-04-19,K001,Carlsberg 50L,draught_beer,3.834,False
2026-04-19,K002,Tuborg 50L,draught_beer,4.452,False
2026-04-19,K003,Carlsberg 30L,draught_beer,5.466,False
2026-04-19,K004,Malka 30L,draught_beer,4.671,False
2026-04-19,K005,Weihenstephan 30L,draught_beer,3.583,False
2026-04-20,P001,Carlsberg,beer,59.4,False
2026-04-20,P002,Heineken,beer,41.6,False
2026-04-20,P003,Corona,beer,43.2,False
2026-04-20,P004,Guinness,beer,18.6,False
2026-04-20,P005,Goldstar,beer,52.6,False
2026-04-20,P006,Maccabee,beer,21.0,False
2026-04-20,P007,Stella Artois,beer,47.4,False
2026-04-20,P008,Erdinger,beer,31.2,False
2026-04-20,P009,Bombay Sapphire,gin,7.681,False
2026-04-20,P010,Tanqueray,gin,12.318,False
2026-04-20,P011,Hendrick's,gin,12.643,False
2026-04-20,P012,Beefeater,gin,4.434,False
2026-04-20,P013,Gordon's,gin,12.431,False
2026-04-20,P014,Absolut,vodka,14.623,False
2026-04-20,P015,Finlandia,vodka,5.548,False
2026-04-20,P016,Grey Goose,vodka,8.367,False
2026-04-20,P017,Belvedere,vodka,6.405,False
2026-04-20,P018,Stolichnaya,vodka,5.548,False
2026-04-20,P019,Jameson,whiskey,7.474,False
2026-04-20,P020,Jack Daniel's,whiskey,9.39,False
2026-04-20,P021,Johnnie Walker Black,whiskey,8.023,False
2026-04-20,P022,Chivas Regal,whiskey,13.004,False
2026-04-20,P023,Maker's Mark,whiskey,5.634,False
2026-04-20,P024,Glenfiddich 12,whiskey,6.062,False
2026-04-20,P025,Bacardi Carta Blanca,rum,10.345,False
2026-04-20,P026,Havana Club 3,rum,13.089,False
2026-04-20,P027,Captain Morgan,rum,11.975,False
2026-04-20,P028,Diplomatico Reserva,rum,10.431,False
2026-04-20,P029,Jose Cuervo,tequila,9.29,False
2026-04-20,P030,Olmeca Blanco,tequila,5.633,False
2026-04-20,P031,Patron Silver,tequila,6.117,False
2026-04-20,P032,Don Julio Blanco,tequila,4.777,False
2026-04-20,P033,Aperol,aperitif,10.8,False
2026-04-20,P034,Campari,aperitif,2.901,False
2026-04-20,P035,Cointreau,liqueur,5.389,False
2026-04-20,P036,Kahlua,liqueur,10.749,False
2026-04-20,P037,Martini Rosso,vermouth,10.004,False
2026-04-20,P038,House Red Wine,wine,12.134,False
2026-04-20,P039,House White Wine,wine,9.48,False
2026-04-20,P040,Rose Wine,wine,10.6,False
2026-04-20,P041,Prosecco,wine,19.656,False
2026-04-20,P042,Chardonnay,wine,12.24,False
2026-04-20,P043,Coca-Cola,soft_drink,75.6,False
2026-04-20,P044,Coca-Cola Zero,soft_drink,75.6,False
2026-04-20,P045,Sprite,soft_drink,48.2,False
2026-04-20,P046,Tonic Water,soft_drink,62.72,False
2026-04-20,P047,Soda Water,soft_drink,62.64,False
2026-04-20,P048,Red Bull,soft_drink,39.8,False
2026-04-20,P049,Ginger Beer,soft_drink,38.2,False
2026-04-20,P050,Orange Juice,juice,4.0,False
2026-04-20,P051,Cranberry Juice,juice,4.0,False
2026-04-20,P052,Lime Juice,juice,8.668,False
2026-04-20,P053,Lemon Juice,juice,3.65,False
2026-04-20,P054,Sugar Syrup,cocktail_ingredient,8.922,False
2026-04-20,P055,Fresh Mint,cocktail_ingredient,6.007,False
2026-04-20,P056,Coffee Beans,cocktail_ingredient,5.806,False
2026-04-20,K001,Carlsberg 50L,draught_beer,3.625,False
2026-04-20,K002,Tuborg 50L,draught_beer,4.202,False
2026-04-20,K003,Carlsberg 30L,draught_beer,5.036,False
2026-04-20,K004,Malka 30L,draught_beer,4.416,False
2026-04-20,K005,Weihenstephan 30L,draught_beer,3.435,False
2026-04-21,P001,Carlsberg,beer,52.4,False
2026-04-21,P002,Heineken,beer,32.6,False
2026-04-21,P003,Corona,beer,39.2,False
2026-04-21,P004,Guinness,beer,15.6,False
2026-04-21,P005,Goldstar,beer,44.6,False
2026-04-21,P006,Maccabee,beer,17.0,False
2026-04-21,P007,Stella Artois,beer,45.4,False
2026-04-21,P008,Erdinger,beer,28.2,False
2026-04-21,P009,Bombay Sapphire,gin,7.253,False
2026-04-21,P010,Tanqueray,gin,12.061,False
2026-04-21,P011,Hendrick's,gin,12.171,False
2026-04-21,P012,Beefeater,gin,4.262,False
2026-04-21,P013,Gordon's,gin,11.124,False
2026-04-21,P014,Absolut,vodka,13.709,False
2026-04-21,P015,Finlandia,vodka,5.376,False
2026-04-21,P016,Grey Goose,vodka,8.024,False
2026-04-21,P017,Belvedere,vodka,6.32,False
2026-04-21,P018,Stolichnaya,vodka,5.548,False
2026-04-21,P019,Jameson,whiskey,6.788,False
2026-04-21,P020,Jack Daniel's,whiskey,8.79,False
2026-04-21,P021,Johnnie Walker Black,whiskey,7.766,False
2026-04-21,P022,Chivas Regal,whiskey,12.832,False
2026-04-21,P023,Maker's Mark,whiskey,5.548,False
2026-04-21,P024,Glenfiddich 12,whiskey,5.891,False
2026-04-21,P025,Bacardi Carta Blanca,rum,20.706,False
2026-04-21,P026,Havana Club 3,rum,13.004,False
2026-04-21,P027,Captain Morgan,rum,11.804,False
2026-04-21,P028,Diplomatico Reserva,rum,10.431,False
2026-04-21,P029,Jose Cuervo,tequila,8.767,False
2026-04-21,P030,Olmeca Blanco,tequila,5.462,False
2026-04-21,P031,Patron Silver,tequila,17.374,False
2026-04-21,P032,Don Julio Blanco,tequila,4.691,False
2026-04-21,P033,Aperol,aperitif,20.829,False
2026-04-21,P034,Campari,aperitif,14.343,False
2026-04-21,P035,Cointreau,liqueur,4.989,False
2026-04-21,P036,Kahlua,liqueur,10.377,False
2026-04-21,P037,Martini Rosso,vermouth,9.618,False
2026-04-21,P038,House Red Wine,wine,22.914,False
2026-04-21,P039,House White Wine,wine,19.04,False
2026-04-21,P040,Rose Wine,wine,9.6,False
2026-04-21,P041,Prosecco,wine,28.776,False
2026-04-21,P042,Chardonnay,wine,11.64,False
2026-04-21,P043,Coca-Cola,soft_drink,65.2,False
2026-04-21,P044,Coca-Cola Zero,soft_drink,64.6,False
2026-04-21,P045,Sprite,soft_drink,42.2,False
2026-04-21,P046,Tonic Water,soft_drink,54.02,False
2026-04-21,P047,Soda Water,soft_drink,56.82,False
2026-04-21,P048,Red Bull,soft_drink,34.8,False
2026-04-21,P049,Ginger Beer,soft_drink,35.2,False
2026-04-21,P050,Orange Juice,juice,4.0,False
2026-04-21,P051,Cranberry Juice,juice,4.0,False
2026-04-21,P052,Lime Juice,juice,8.078,False
2026-04-21,P053,Lemon Juice,juice,3.55,False
2026-04-21,P054,Sugar Syrup,cocktail_ingredient,8.642,False
2026-04-21,P055,Fresh Mint,cocktail_ingredient,5.881,False
2026-04-21,P056,Coffee Beans,cocktail_ingredient,5.743,False
2026-04-21,K001,Carlsberg 50L,draught_beer,3.311,False
2026-04-21,K002,Tuborg 50L,draught_beer,3.913,False
2026-04-21,K003,Carlsberg 30L,draught_beer,4.339,False
2026-04-21,K004,Malka 30L,draught_beer,3.973,False
2026-04-21,K005,Weihenstephan 30L,draught_beer,2.925,False
2026-04-22,P001,Carlsberg,beer,68.4,False
2026-04-22,P002,Heineken,beer,75.6,False
2026-04-22,P003,Corona,beer,58.2,False
2026-04-22,P004,Guinness,beer,36.6,False
2026-04-22,P005,Goldstar,beer,65.6,False
2026-04-22,P006,Maccabee,beer,38.0,False
2026-04-22,P007,Stella Artois,beer,43.4,False
2026-04-22,P008,Erdinger,beer,26.2,False
2026-04-22,P009,Bombay Sapphire,gin,6.995,False
2026-04-22,P010,Tanqueray,gin,11.975,False
2026-04-22,P011,Hendrick's,gin,11.7,False
2026-04-22,P012,Beefeater,gin,4.177,False
2026-04-22,P013,Gordon's,gin,10.095,False
2026-04-22,P014,Absolut,vodka,12.966,False
2026-04-22,P015,Finlandia,vodka,5.291,False
2026-04-22,P016,Grey Goose,vodka,7.767,False
2026-04-22,P017,Belvedere,vodka,6.234,False
2026-04-22,P018,Stolichnaya,vodka,5.462,False
2026-04-22,P019,Jameson,whiskey,6.36,False
2026-04-22,P020,Jack Daniel's,whiskey,8.276,False
2026-04-22,P021,Johnnie Walker Black,whiskey,7.509,False
2026-04-22,P022,Chivas Regal,whiskey,12.746,False
2026-04-22,P023,Maker's Mark,whiskey,5.377,False
2026-04-22,P024,Glenfiddich 12,whiskey,5.805,False
2026-04-22,P025,Bacardi Carta Blanca,rum,19.504,False
2026-04-22,P026,Havana Club 3,rum,12.747,False
2026-04-22,P027,Captain Morgan,rum,11.632,False
2026-04-22,P028,Diplomatico Reserva,rum,10.346,False
2026-04-22,P029,Jose Cuervo,tequila,8.453,False
2026-04-22,P030,Olmeca Blanco,tequila,5.291,False
2026-04-22,P031,Patron Silver,tequila,16.56,False
2026-04-22,P032,Don Julio Blanco,tequila,4.605,False
2026-04-22,P033,Aperol,aperitif,19.715,False
2026-04-22,P034,Campari,aperitif,14.043,False
2026-04-22,P035,Cointreau,liqueur,4.646,False
2026-04-22,P036,Kahlua,liqueur,10.092,False
2026-04-22,P037,Martini Rosso,vermouth,9.318,False
2026-04-22,P038,House Red Wine,wine,22.182,False
2026-04-22,P039,House White Wine,wine,17.82,False
2026-04-22,P040,Rose Wine,wine,9.2,False
2026-04-22,P041,Prosecco,wine,26.856,False
2026-04-22,P042,Chardonnay,wine,11.24,False
2026-04-22,P043,Coca-Cola,soft_drink,55.8,False
2026-04-22,P044,Coca-Cola Zero,soft_drink,58.6,False
2026-04-22,P045,Sprite,soft_drink,38.2,False
2026-04-22,P046,Tonic Water,soft_drink,47.92,False
2026-04-22,P047,Soda Water,soft_drink,49.08,False
2026-04-22,P048,Red Bull,soft_drink,29.8,False
2026-04-22,P049,Ginger Beer,soft_drink,33.2,False
2026-04-22,P050,Orange Juice,juice,4.0,False
2026-04-22,P051,Cranberry Juice,juice,4.0,False
2026-04-22,P052,Lime Juice,juice,7.583,False
2026-04-22,P053,Lemon Juice,juice,3.45,False
2026-04-22,P054,Sugar Syrup,cocktail_ingredient,8.437,False
2026-04-22,P055,Fresh Mint,cocktail_ingredient,5.8,False
2026-04-22,P056,Coffee Beans,cocktail_ingredient,5.68,False
2026-04-22,K001,Carlsberg 50L,draught_beer,5.013,False
2026-04-22,K002,Tuborg 50L,draught_beer,4.679,False
2026-04-22,K003,Carlsberg 30L,draught_beer,7.164,False
2026-04-22,K004,Malka 30L,draught_beer,5.718,False
2026-04-22,K005,Weihenstephan 30L,draught_beer,4.616,False
2026-04-23,P001,Carlsberg,beer,52.4,False
2026-04-23,P002,Heineken,beer,65.6,False
2026-04-23,P003,Corona,beer,46.2,False
2026-04-23,P004,Guinness,beer,31.6,False
2026-04-23,P005,Goldstar,beer,55.6,False
2026-04-23,P006,Maccabee,beer,29.0,False
2026-04-23,P007,Stella Artois,beer,35.4,False
2026-04-23,P008,Erdinger,beer,22.2,False
2026-04-23,P009,Bombay Sapphire,gin,6.652,False
2026-04-23,P010,Tanqueray,gin,11.718,False
2026-04-23,P011,Hendrick's,gin,10.885,False
2026-04-23,P012,Beefeater,gin,4.005,False
2026-04-23,P013,Gordon's,gin,7.891,False
2026-04-23,P014,Absolut,vodka,11.216,False
2026-04-23,P015,Finlandia,vodka,4.948,False
2026-04-23,P016,Grey Goose,vodka,7.339,False
2026-04-23,P017,Belvedere,vodka,6.063,False
2026-04-23,P018,Stolichnaya,vodka,5.291,False
2026-04-23,P019,Jameson,whiskey,5.245,False
2026-04-23,P020,Jack Daniel's,whiskey,7.676,False
2026-04-23,P021,Johnnie Walker Black,whiskey,6.995,False
2026-04-23,P022,Chivas Regal,whiskey,12.403,False
2026-04-23,P023,Maker's Mark,whiskey,5.12,False
2026-04-23,P024,Glenfiddich 12,whiskey,5.634,False
2026-04-23,P025,Bacardi Carta Blanca,rum,16.532,False
2026-04-23,P026,Havana Club 3,rum,12.318,False
2026-04-23,P027,Captain Morgan,rum,11.375,False
2026-04-23,P028,Diplomatico Reserva,rum,10.26,False
2026-04-23,P029,Jose Cuervo,tequila,7.852,False
2026-04-23,P030,Olmeca Blanco,tequila,5.119,False
2026-04-23,P031,Patron Silver,tequila,14.731,False
2026-04-23,P032,Don Julio Blanco,tequila,4.348,False
2026-04-23,P033,Aperol,aperitif,16.886,False
2026-04-23,P034,Campari,aperitif,13.058,False
2026-04-23,P035,Cointreau,liqueur,3.781,False
2026-04-23,P036,Kahlua,liqueur,9.549,False
2026-04-23,P037,Martini Rosso,vermouth,8.675,False
2026-04-23,P038,House Red Wine,wine,18.766,False
2026-04-23,P039,House White Wine,wine,14.648,False
2026-04-23,P040,Rose Wine,wine,7.8,False
2026-04-23,P041,Prosecco,wine,22.456,False
2026-04-23,P042,Chardonnay,wine,10.44,False
2026-04-23,P043,Coca-Cola,soft_drink,88.1,False
2026-04-23,P044,Coca-Cola Zero,soft_drink,46.6,False
2026-04-23,P045,Sprite,soft_drink,50.2,False
2026-04-23,P046,Tonic Water,soft_drink,33.12,False
2026-04-23,P047,Soda Water,soft_drink,60.16,False
2026-04-23,P048,Red Bull,soft_drink,48.8,False
2026-04-23,P049,Ginger Beer,soft_drink,29.2,False
2026-04-23,P050,Orange Juice,juice,4.0,False
2026-04-23,P051,Cranberry Juice,juice,4.0,False
2026-04-23,P052,Lime Juice,juice,6.273,False
2026-04-23,P053,Lemon Juice,juice,3.275,False
2026-04-23,P054,Sugar Syrup,cocktail_ingredient,7.917,False
2026-04-23,P055,Fresh Mint,cocktail_ingredient,5.566,False
2026-04-23,P056,Coffee Beans,cocktail_ingredient,5.563,False
2026-04-23,K001,Carlsberg 50L,draught_beer,4.345,False
2026-04-23,K002,Tuborg 50L,draught_beer,4.043,False
2026-04-23,K003,Carlsberg 30L,draught_beer,6.131,False
2026-04-23,K004,Malka 30L,draught_beer,4.819,False
2026-04-23,K005,Weihenstephan 30L,draught_beer,4.039,False
2026-04-24,P001,Carlsberg,beer,36.4,False
2026-04-24,P002,Heineken,beer,51.6,False
2026-04-24,P003,Corona,beer,33.2,False
2026-04-24,P004,Guinness,beer,26.6,False
2026-04-24,P005,Goldstar,beer,39.6,False
2026-04-24,P006,Maccabee,beer,20.0,False
2026-04-24,P007,Stella Artois,beer,26.4,False
2026-04-24,P008,Erdinger,beer,17.2,False
2026-04-24,P009,Bombay Sapphire,gin,6.138,False
2026-04-24,P010,Tanqueray,gin,11.375,False
2026-04-24,P011,Hendrick's,gin,9.814,False
2026-04-24,P012,Beefeater,gin,3.748,False
2026-04-24,P013,Gordon's,gin,17.294,False
2026-04-24,P014,Absolut,vodka,9.087,False
2026-04-24,P015,Finlandia,vodka,4.691,False
2026-04-24,P016,Grey Goose,vodka,6.739,False
2026-04-24,P017,Belvedere,vodka,5.806,False
2026-04-24,P018,Stolichnaya,vodka,5.034,False
2026-04-24,P019,Jameson,whiskey,16.045,False
2026-04-24,P020,Jack Daniel's,whiskey,6.733,False
2026-04-24,P021,Johnnie Walker Black,whiskey,6.481,False
2026-04-24,P022,Chivas Regal,whiskey,11.975,False
2026-04-24,P023,Maker's Mark,whiskey,4.862,False
2026-04-24,P024,Glenfiddich 12,whiskey,5.291,False
2026-04-24,P025,Bacardi Carta Blanca,rum,12.506,False
2026-04-24,P026,Havana Club 3,rum,11.889,False
2026-04-24,P027,Captain Morgan,rum,10.947,False
2026-04-24,P028,Diplomatico Reserva,rum,10.089,False
2026-04-24,P029,Jose Cuervo,tequila,7.067,False
2026-04-24,P030,Olmeca Blanco,tequila,4.862,False
2026-04-24,P031,Patron Silver,tequila,12.417,False
2026-04-24,P032,Don Julio Blanco,tequila,4.091,False
2026-04-24,P033,Aperol,aperitif,13.2,False
2026-04-24,P034,Campari,aperitif,12.072,False
2026-04-24,P035,Cointreau,liqueur,2.71,False
2026-04-24,P036,Kahlua,liqueur,8.892,False
2026-04-24,P037,Martini Rosso,vermouth,7.946,False
2026-04-24,P038,House Red Wine,wine,15.594,False
2026-04-24,P039,House White Wine,wine,22.012,False
2026-04-24,P040,Rose Wine,wine,18.4,False
2026-04-24,P041,Prosecco,wine,28.376,False
2026-04-24,P042,Chardonnay,wine,9.44,False
2026-04-24,P043,Coca-Cola,soft_drink,66.1,False
2026-04-24,P044,Coca-Cola Zero,soft_drink,33.6,False
2026-04-24,P045,Sprite,soft_drink,34.2,False
2026-04-24,P046,Tonic Water,soft_drink,18.32,False
2026-04-24,P047,Soda Water,soft_drink,45.5,False
2026-04-24,P048,Red Bull,soft_drink,35.8,False
2026-04-24,P049,Ginger Beer,soft_drink,24.2,False
2026-04-24,P050,Orange Juice,juice,4.0,False
2026-04-24,P051,Cranberry Juice,juice,4.0,False
2026-04-24,P052,Lime Juice,juice,4.653,False
2026-04-24,P053,Lemon Juice,juice,3.025,False
2026-04-24,P054,Sugar Syrup,cocktail_ingredient,7.207,False
2026-04-24,P055,Fresh Mint,cocktail_ingredient,5.242,False
2026-04-24,P056,Coffee Beans,cocktail_ingredient,5.41,False
2026-04-24,K001,Carlsberg 50L,draught_beer,3.612,False
2026-04-24,K002,Tuborg 50L,draught_beer,3.383,False
2026-04-24,K003,Carlsberg 30L,draught_beer,4.923,False
2026-04-24,K004,Malka 30L,draught_beer,3.96,False
2026-04-24,K005,Weihenstephan 30L,draught_beer,3.435,False
2026-04-25,P001,Carlsberg,beer,70.4,False
2026-04-25,P002,Heineken,beer,63.6,False
2026-04-25,P003,Corona,beer,50.2,False
2026-04-25,P004,Guinness,beer,45.6,False
2026-04-25,P005,Goldstar,beer,53.6,False
2026-04-25,P006,Maccabee,beer,37.0,False
2026-04-25,P007,Stella Artois,beer,42.4,False
2026-04-25,P008,Erdinger,beer,38.2,False
2026-04-25,P009,Bombay Sapphire,gin,5.795,False
2026-04-25,P010,Tanqueray,gin,11.032,False
2026-04-25,P011,Hendrick's,gin,8.871,False
2026-04-25,P012,Beefeater,gin,3.577,False
2026-04-25,P013,Gordon's,gin,15.22,False
2026-04-25,P014,Absolut,vodka,6.773,False
2026-04-25,P015,Finlandia,vodka,4.434,False
2026-04-25,P016,Grey Goose,vodka,6.224,False
2026-04-25,P017,Belvedere,vodka,5.634,False
2026-04-25,P018,Stolichnaya,vodka,4.862,False
2026-04-25,P019,Jameson,whiskey,15.102,False
2026-04-25,P020,Jack Daniel's,whiskey,6.047,False
2026-04-25,P021,Johnnie Walker Black,whiskey,6.052,False
2026-04-25,P022,Chivas Regal,whiskey,11.632,False
2026-04-25,P023,Maker's Mark,whiskey,4.605,False
2026-04-25,P024,Glenfiddich 12,whiskey,5.034,False
2026-04-25,P025,Bacardi Carta Blanca,rum,9.944,False
2026-04-25,P026,Havana Club 3,rum,11.547,False
2026-04-25,P027,Captain Morgan,rum,10.518,False
2026-04-25,P028,Diplomatico Reserva,rum,10.003,False
2026-04-25,P029,Jose Cuervo,tequila,6.44,False
2026-04-25,P030,Olmeca Blanco,tequila,4.605,False
2026-04-25,P031,Patron Silver,tequila,10.788,False
2026-04-25,P032,Don Julio Blanco,tequila,3.92,False
2026-04-25,P033,Aperol,aperitif,9.858,False
2026-04-25,P034,Campari,aperitif,11.129,False
2026-04-25,P035,Cointreau,liqueur,1.939,False
2026-04-25,P036,Kahlua,liqueur,8.12,False
2026-04-25,P037,Martini Rosso,vermouth,7.261,False
2026-04-25,P038,House Red Wine,wine,12.422,False
2026-04-25,P039,House White Wine,wine,18.352,False
2026-04-25,P040,Rose Wine,wine,17.0,False
2026-04-25,P041,Prosecco,wine,23.176,False
2026-04-25,P042,Chardonnay,wine,8.64,False
2026-04-25,P043,Coca-Cola,soft_drink,42.3,False
2026-04-25,P044,Coca-Cola Zero,soft_drink,20.6,False
2026-04-25,P045,Sprite,soft_drink,23.2,False
2026-04-25,P046,Tonic Water,soft_drink,29.42,False
2026-04-25,P047,Soda Water,soft_drink,34.88,False
2026-04-25,P048,Red Bull,soft_drink,24.8,False
2026-04-25,P049,Ginger Beer,soft_drink,20.2,False
2026-04-25,P050,Orange Juice,juice,4.0,False
2026-04-25,P051,Cranberry Juice,juice,4.0,False
2026-04-25,P052,Lime Juice,juice,3.588,False
2026-04-25,P053,Lemon Juice,juice,2.825,False
2026-04-25,P054,Sugar Syrup,cocktail_ingredient,6.682,False
2026-04-25,P055,Fresh Mint,cocktail_ingredient,5.053,False
2026-04-25,P056,Coffee Beans,cocktail_ingredient,5.221,False
2026-04-25,K001,Carlsberg 50L,draught_beer,4.896,False
2026-04-25,K002,Tuborg 50L,draught_beer,3.988,False
2026-04-25,K003,Carlsberg 30L,draught_beer,5.688,False
2026-04-25,K004,Malka 30L,draught_beer,5.061,False
2026-04-25,K005,Weihenstephan 30L,draught_beer,4.899,False
2026-04-26,P001,Carlsberg,beer,65.4,False
2026-04-26,P002,Heineken,beer,56.6,False
2026-04-26,P003,Corona,beer,44.2,False
2026-04-26,P004,Guinness,beer,43.6,False
2026-04-26,P005,Goldstar,beer,45.6,False
2026-04-26,P006,Maccabee,beer,34.0,False
2026-04-26,P007,Stella Artois,beer,38.4,False
2026-04-26,P008,Erdinger,beer,35.2,False
2026-04-26,P009,Bombay Sapphire,gin,5.624,False
2026-04-26,P010,Tanqueray,gin,10.946,False
2026-04-26,P011,Hendrick's,gin,8.443,False
2026-04-26,P012,Beefeater,gin,3.491,False
2026-04-26,P013,Gordon's,gin,14.209,False
2026-04-26,P014,Absolut,vodka,5.687,False
2026-04-26,P015,Finlandia,vodka,4.348,False
2026-04-26,P016,Grey Goose,vodka,6.053,False
2026-04-26,P017,Belvedere,vodka,5.548,False
2026-04-26,P018,Stolichnaya,vodka,4.691,False
2026-04-26,P019,Jameson,whiskey,14.759,False
2026-04-26,P020,Jack Daniel's,whiskey,5.619,False
2026-04-26,P021,Johnnie Walker Black,whiskey,5.795,False
2026-04-26,P022,Chivas Regal,whiskey,11.375,False
2026-04-26,P023,Maker's Mark,whiskey,4.434,False
2026-04-26,P024,Glenfiddich 12,whiskey,4.948,False
2026-04-26,P025,Bacardi Carta Blanca,rum,8.393,False
2026-04-26,P026,Havana Club 3,rum,11.375,False
2026-04-26,P027,Captain Morgan,rum,10.347,False
2026-04-26,P028,Diplomatico Reserva,rum,9.917,False
2026-04-26,P029,Jose Cuervo,tequila,6.022,False
2026-04-26,P030,Olmeca Blanco,tequila,4.519,False
2026-04-26,P031,Patron Silver,tequila,9.945,False
2026-04-26,P032,Don Julio Blanco,tequila,3.834,False
2026-04-26,P033,Aperol,aperitif,8.572,False
2026-04-26,P034,Campari,aperitif,10.7,False
2026-04-26,P035,Cointreau,liqueur,13.567,False
2026-04-26,P036,Kahlua,liqueur,7.835,False
2026-04-26,P037,Martini Rosso,vermouth,6.918,False
2026-04-26,P038,House Red Wine,wine,10.47,False
2026-04-26,P039,House White Wine,wine,16.644,False
2026-04-26,P040,Rose Wine,wine,16.4,False
2026-04-26,P041,Prosecco,wine,21.016,False
2026-04-26,P042,Chardonnay,wine,8.44,False
2026-04-26,P043,Coca-Cola,soft_drink,29.9,False
2026-04-26,P044,Coca-Cola Zero,soft_drink,13.6,False
2026-04-26,P045,Sprite,soft_drink,17.2,False
2026-04-26,P046,Tonic Water,soft_drink,24.02,False
2026-04-26,P047,Soda Water,soft_drink,29.54,False
2026-04-26,P048,Red Bull,soft_drink,19.8,False
2026-04-26,P049,Ginger Beer,soft_drink,17.2,False
2026-04-26,P050,Orange Juice,juice,4.0,False
2026-04-26,P051,Cranberry Juice,juice,4.0,False
2026-04-26,P052,Lime Juice,juice,3.053,False
2026-04-26,P053,Lemon Juice,juice,2.725,False
2026-04-26,P054,Sugar Syrup,cocktail_ingredient,6.417,False
2026-04-26,P055,Fresh Mint,cocktail_ingredient,4.936,False
2026-04-26,P056,Coffee Beans,cocktail_ingredient,5.158,False
2026-04-26,K001,Carlsberg 50L,draught_beer,4.501,False
2026-04-26,K002,Tuborg 50L,draught_beer,3.747,False
2026-04-26,K003,Carlsberg 30L,draught_beer,5.125,False
2026-04-26,K004,Malka 30L,draught_beer,4.712,False
2026-04-26,K005,Weihenstephan 30L,draught_beer,4.711,False
2026-04-27,P001,Carlsberg,beer,59.4,False
2026-04-27,P002,Heineken,beer,50.6,False
2026-04-27,P003,Corona,beer,38.2,False
2026-04-27,P004,Guinness,beer,41.6,False
2026-04-27,P005,Goldstar,beer,39.6,False
2026-04-27,P006,Maccabee,beer,32.0,False
2026-04-27,P007,Stella Artois,beer,33.4,False
2026-04-27,P008,Erdinger,beer,32.2,False
2026-04-27,P009,Bombay Sapphire,gin,5.367,False
2026-04-27,P010,Tanqueray,gin,10.775,False
2026-04-27,P011,Hendrick's,gin,7.928,False
2026-04-27,P012,Beefeater,gin,3.405,False
2026-04-27,P013,Gordon's,gin,12.684,False
2026-04-27,P014,Absolut,vodka,4.494,False
2026-04-27,P015,Finlandia,vodka,4.262,False
2026-04-27,P016,Grey Goose,vodka,5.796,False
2026-04-27,P017,Belvedere,vodka,5.463,False
2026-04-27,P018,Stolichnaya,vodka,4.605,False
2026-04-27,P019,Jameson,whiskey,14.245,False
2026-04-27,P020,Jack Daniel's,whiskey,5.019,False
2026-04-27,P021,Johnnie Walker Black,whiskey,5.709,False
2026-04-27,P022,Chivas Regal,whiskey,11.204,False
2026-04-27,P023,Maker's Mark,whiskey,4.348,False
2026-04-27,P024,Glenfiddich 12,whiskey,4.862,False
2026-04-27,P025,Bacardi Carta Blanca,rum,6.641,False
2026-04-27,P026,Havana Club 3,rum,11.118,False
2026-04-27,P027,Captain Morgan,rum,10.175,False
2026-04-27,P028,Diplomatico Reserva,rum,9.832,False
2026-04-27,P029,Jose Cuervo,tequila,5.787,False
2026-04-27,P030,Olmeca Blanco,tequila,4.434,False
2026-04-27,P031,Patron Silver,tequila,9.345,False
2026-04-27,P032,Don Julio Blanco,tequila,3.663,False
2026-04-27,P033,Aperol,aperitif,7.115,False
2026-04-27,P034,Campari,aperitif,10.101,False
2026-04-27,P035,Cointreau,liqueur,13.289,False
2026-04-27,P036,Kahlua,liqueur,7.463,False
2026-04-27,P037,Martini Rosso,vermouth,6.489,False
2026-04-27,P038,House Red Wine,wine,8.03,False
2026-04-27,P039,House White Wine,wine,14.936,False
2026-04-27,P040,Rose Wine,wine,15.6,False
2026-04-27,P041,Prosecco,wine,18.616,False
2026-04-27,P042,Chardonnay,wine,7.84,False
2026-04-27,P043,Coca-Cola,soft_drink,87.4,False
2026-04-27,P044,Coca-Cola Zero,soft_drink,58.6,False
2026-04-27,P045,Sprite,soft_drink,58.2,False
2026-04-27,P046,Tonic Water,soft_drink,64.02,False
2026-04-27,P047,Soda Water,soft_drink,71.84,False
2026-04-27,P048,Red Bull,soft_drink,63.8,False
2026-04-27,P049,Ginger Beer,soft_drink,39.2,False
2026-04-27,P050,Orange Juice,juice,4.0,False
2026-04-27,P051,Cranberry Juice,juice,4.0,False
2026-04-27,P052,Lime Juice,juice,8.498,False
2026-04-27,P053,Lemon Juice,juice,8.6,False
2026-04-27,P054,Sugar Syrup,cocktail_ingredient,6.092,False
2026-04-27,P055,Fresh Mint,cocktail_ingredient,4.801,False
2026-04-27,P056,Coffee Beans,cocktail_ingredient,5.068,False
2026-04-27,K001,Carlsberg 50L,draught_beer,4.235,False
2026-04-27,K002,Tuborg 50L,draught_beer,3.594,False
2026-04-27,K003,Carlsberg 30L,draught_beer,4.803,False
2026-04-27,K004,Malka 30L,draught_beer,4.162,False
2026-04-27,K005,Weihenstephan 30L,draught_beer,4.295,False
2026-04-28,P001,Carlsberg,beer,53.4,False
2026-04-28,P002,Heineken,beer,42.6,False
2026-04-28,P003,Corona,beer,33.2,False
2026-04-28,P004,Guinness,beer,39.6,False
2026-04-28,P005,Goldstar,beer,36.6,False
2026-04-28,P006,Maccabee,beer,30.0,False
2026-04-28,P007,Stella Artois,beer,32.4,False
2026-04-28,P008,Erdinger,beer,29.2,False
2026-04-28,P009,Bombay Sapphire,gin,5.195,False
2026-04-28,P010,Tanqueray,gin,10.689,False
2026-04-28,P011,Hendrick's,gin,7.671,False
2026-04-28,P012,Beefeater,gin,3.32,False
2026-04-28,P013,Gordon's,gin,12.161,False
2026-04-28,P014,Absolut,vodka,16.194,False
2026-04-28,P015,Finlandia,vodka,4.176,False
2026-04-28,P016,Grey Goose,vodka,5.539,False
2026-04-28,P017,Belvedere,vodka,5.377,False
2026-04-28,P018,Stolichnaya,vodka,4.52,False
2026-04-28,P019,Jameson,whiskey,13.988,False
2026-04-28,P020,Jack Daniel's,whiskey,16.762,False
2026-04-28,P021,Johnnie Walker Black,whiskey,5.452,False
2026-04-28,P022,Chivas Regal,whiskey,11.032,False
2026-04-28,P023,Maker's Mark,whiskey,4.263,False
2026-04-28,P024,Glenfiddich 12,whiskey,4.691,False
2026-04-28,P025,Bacardi Carta Blanca,rum,17.578,False
2026-04-28,P026,Havana Club 3,rum,10.947,False
2026-04-28,P027,Captain Morgan,rum,10.09,False
2026-04-28,P028,Diplomatico Reserva,rum,9.832,False
2026-04-28,P029,Jose Cuervo,tequila,5.63,False
2026-04-28,P030,Olmeca Blanco,tequila,4.348,False
2026-04-28,P031,Patron Silver,tequila,20.902,False
2026-04-28,P032,Don Julio Blanco,tequila,3.491,False
2026-04-28,P033,Aperol,aperitif,17.572,False
2026-04-28,P034,Campari,aperitif,9.758,False
2026-04-28,P035,Cointreau,liqueur,13.017,False
2026-04-28,P036,Kahlua,liqueur,7.292,False
2026-04-28,P037,Martini Rosso,vermouth,6.318,False
2026-04-28,P038,House Red Wine,wine,19.542,False
2026-04-28,P039,House White Wine,wine,25.716,False
2026-04-28,P040,Rose Wine,wine,15.0,False
2026-04-28,P041,Prosecco,wine,28.496,False
2026-04-28,P042,Chardonnay,wine,7.64,False
2026-04-28,P043,Coca-Cola,soft_drink,76.2,False
2026-04-28,P044,Coca-Cola Zero,soft_drink,56.6,False
2026-04-28,P045,Sprite,soft_drink,54.2,False
2026-04-28,P046,Tonic Water,soft_drink,62.12,False
2026-04-28,P047,Soda Water,soft_drink,66.92,False
2026-04-28,P048,Red Bull,soft_drink,60.8,False
2026-04-28,P049,Ginger Beer,soft_drink,38.2,False
2026-04-28,P050,Orange Juice,juice,4.0,False
2026-04-28,P051,Cranberry Juice,juice,4.0,False
2026-04-28,P052,Lime Juice,juice,8.148,False
2026-04-28,P053,Lemon Juice,juice,8.55,False
2026-04-28,P054,Sugar Syrup,cocktail_ingredient,5.942,False
2026-04-28,P055,Fresh Mint,cocktail_ingredient,4.729,False
2026-04-28,P056,Coffee Beans,cocktail_ingredient,5.041,False
2026-04-28,K001,Carlsberg 50L,draught_beer,3.905,False
2026-04-28,K002,Tuborg 50L,draught_beer,3.296,False
2026-04-28,K003,Carlsberg 30L,draught_beer,4.346,False
2026-04-28,K004,Malka 30L,draught_beer,3.92,False
2026-04-28,K005,Weihenstephan 30L,draught_beer,4.16,False
2026-04-29,P001,Carlsberg,beer,66.4,False
2026-04-29,P002,Heineken,beer,35.6,False
2026-04-29,P003,Corona,beer,51.2,False
2026-04-29,P004,Guinness,beer,36.6,False
2026-04-29,P005,Goldstar,beer,52.6,False
2026-04-29,P006,Maccabee,beer,49.0,False
2026-04-29,P007,Stella Artois,beer,49.4,False
2026-04-29,P008,Erdinger,beer,27.2,False
2026-04-29,P009,Bombay Sapphire,gin,4.853,False
2026-04-29,P010,Tanqueray,gin,10.432,False
2026-04-29,P011,Hendrick's,gin,7.114,False
2026-04-29,P012,Beefeater,gin,3.148,False
2026-04-29,P013,Gordon's,gin,10.409,False
2026-04-29,P014,Absolut,vodka,15.016,False
2026-04-29,P015,Finlandia,vodka,4.005,False
2026-04-29,P016,Grey Goose,vodka,5.367,False
2026-04-29,P017,Belvedere,vodka,5.291,False
2026-04-29,P018,Stolichnaya,vodka,4.348,False
2026-04-29,P019,Jameson,whiskey,13.474,False
2026-04-29,P020,Jack Daniel's,whiskey,16.333,False
2026-04-29,P021,Johnnie Walker Black,whiskey,5.109,False
2026-04-29,P022,Chivas Regal,whiskey,10.861,False
2026-04-29,P023,Maker's Mark,whiskey,4.091,False
2026-04-29,P024,Glenfiddich 12,whiskey,4.519,False
2026-04-29,P025,Bacardi Carta Blanca,rum,16.071,False
2026-04-29,P026,Havana Club 3,rum,10.69,False
2026-04-29,P027,Captain Morgan,rum,9.832,False
2026-04-29,P028,Diplomatico Reserva,rum,9.746,False
2026-04-29,P029,Jose Cuervo,tequila,5.342,False
2026-04-29,P030,Olmeca Blanco,tequila,4.262,False
2026-04-29,P031,Patron Silver,tequila,19.945,False
2026-04-29,P032,Don Julio Blanco,tequila,3.405,False
2026-04-29,P033,Aperol,aperitif,15.429,False
2026-04-29,P034,Campari,aperitif,9.115,False
2026-04-29,P035,Cointreau,liqueur,12.553,False
2026-04-29,P036,Kahlua,liqueur,6.863,False
2026-04-29,P037,Martini Rosso,vermouth,5.846,False
2026-04-29,P038,House Red Wine,wine,17.59,False
2026-04-29,P039,House White Wine,wine,23.276,False
2026-04-29,P040,Rose Wine,wine,14.0,False
2026-04-29,P041,Prosecco,wine,25.136,False
2026-04-29,P042,Chardonnay,wine,7.04,False
2026-04-29,P043,Coca-Cola,soft_drink,64.9,False
2026-04-29,P044,Coca-Cola Zero,soft_drink,46.6,False
2026-04-29,P045,Sprite,soft_drink,45.2,False
2026-04-29,P046,Tonic Water,soft_drink,53.52,False
2026-04-29,P047,Soda Water,soft_drink,59.86,False
2026-04-29,P048,Red Bull,soft_drink,58.8,False
2026-04-29,P049,Ginger Beer,soft_drink,36.2,False
2026-04-29,P050,Orange Juice,juice,4.0,False
2026-04-29,P051,Cranberry Juice,juice,4.0,False
2026-04-29,P052,Lime Juice,juice,7.468,False
2026-04-29,P053,Lemon Juice,juice,8.475,False
2026-04-29,P054,Sugar Syrup,cocktail_ingredient,5.612,False
2026-04-29,P055,Fresh Mint,cocktail_ingredient,4.603,False
2026-04-29,P056,Coffee Beans,cocktail_ingredient,4.933,False
2026-04-29,K001,Carlsberg 50L,draught_beer,5.607,False
2026-04-29,K002,Tuborg 50L,draught_beer,5.006,False
2026-04-29,K003,Carlsberg 30L,draught_beer,6.501,False
2026-04-29,K004,Malka 30L,draught_beer,5.625,False
2026-04-29,K005,Weihenstephan 30L,draught_beer,4.865,False
2026-04-30,P001,Carlsberg,beer,53.4,False
2026-04-30,P002,Heineken,beer,25.6,False
2026-04-30,P003,Corona,beer,44.2,False
2026-04-30,P004,Guinness,beer,31.6,False
2026-04-30,P005,Goldstar,beer,41.6,False
2026-04-30,P006,Maccabee,beer,43.0,False
2026-04-30,P007,Stella Artois,beer,44.4,False
2026-04-30,P008,Erdinger,beer,24.2,False
2026-04-30,P009,Bombay Sapphire,gin,4.338,False
2026-04-30,P010,Tanqueray,gin,10.175,False
2026-04-30,P011,Hendrick's,gin,6.557,False
2026-04-30,P012,Beefeater,gin,2.977,False
2026-04-30,P013,Gordon's,gin,9.059,False
2026-04-30,P014,Absolut,vodka,13.751,False
2026-04-30,P015,Finlandia,vodka,3.834,False
2026-04-30,P016,Grey Goose,vodka,5.11,False
2026-04-30,P017,Belvedere,vodka,5.12,False
2026-04-30,P018,Stolichnaya,vodka,4.177,False
2026-04-30,P019,Jameson,whiskey,12.702,False
2026-04-30,P020,Jack Daniel's,whiskey,15.733,False
2026-04-30,P021,Johnnie Walker Black,whiskey,4.595,False
2026-04-30,P022,Chivas Regal,whiskey,10.689,False
2026-04-30,P023,Maker's Mark,whiskey,3.92,False
2026-04-30,P024,Glenfiddich 12,whiskey,4.348,False
2026-04-30,P025,Bacardi Carta Blanca,rum,13.727,False
2026-04-30,P026,Havana Club 3,rum,10.432,False
2026-04-30,P027,Captain Morgan,rum,9.575,False
2026-04-30,P028,Diplomatico Reserva,rum,9.66,False
2026-04-30,P029,Jose Cuervo,tequila,4.845,False
2026-04-30,P030,Olmeca Blanco,tequila,4.091,False
2026-04-30,P031,Patron Silver,tequila,18.902,False
2026-04-30,P032,Don Julio Blanco,tequila,3.234,False
2026-04-30,P033,Aperol,aperitif,13.029,False
2026-04-30,P034,Campari,aperitif,8.558,False
2026-04-30,P035,Cointreau,liqueur,12.003,False
2026-04-30,P036,Kahlua,liqueur,6.435,False
2026-04-30,P037,Martini Rosso,vermouth,5.461,False
2026-04-30,P038,House Red Wine,wine,14.906,False
2026-04-30,P039,House White Wine,wine,19.86,False
2026-04-30,P040,Rose Wine,wine,12.8,False
2026-04-30,P041,Prosecco,wine,21.376,False
2026-04-30,P042,Chardonnay,wine,6.44,False
2026-04-30,P043,Coca-Cola,soft_drink,94.2,False
2026-04-30,P044,Coca-Cola Zero,soft_drink,58.6,False
2026-04-30,P045,Sprite,soft_drink,60.2,False
2026-04-30,P046,Tonic Water,soft_drink,69.22,False
2026-04-30,P047,Soda Water,soft_drink,51.08,False
2026-04-30,P048,Red Bull,soft_drink,49.8,False
2026-04-30,P049,Ginger Beer,soft_drink,34.2,False
2026-04-30,P050,Orange Juice,juice,4.0,False
2026-04-30,P051,Cranberry Juice,juice,4.0,False
2026-04-30,P052,Lime Juice,juice,6.638,False
2026-04-30,P053,Lemon Juice,juice,8.3,False
2026-04-30,P054,Sugar Syrup,cocktail_ingredient,5.192,False
2026-04-30,P055,Fresh Mint,cocktail_ingredient,4.423,False
2026-04-30,P056,Coffee Beans,cocktail_ingredient,4.825,False
2026-04-30,K001,Carlsberg 50L,draught_beer,5.148,False
2026-04-30,K002,Tuborg 50L,draught_beer,4.684,False
2026-04-30,K003,Carlsberg 30L,draught_beer,5.924,False
2026-04-30,K004,Malka 30L,draught_beer,4.82,False
2026-04-30,K005,Weihenstephan 30L,draught_beer,4.355,False
2026-05-01,P001,Carlsberg,beer,30.4,False
2026-05-01,P002,Heineken,beer,30.6,False
2026-05-01,P003,Corona,beer,30.2,False
2026-05-01,P004,Guinness,beer,24.6,False
2026-05-01,P005,Goldstar,beer,21.6,False
2026-05-01,P006,Maccabee,beer,34.0,False
2026-05-01,P007,Stella Artois,beer,33.4,False
2026-05-01,P008,Erdinger,beer,18.2,False
2026-05-01,P009,Bombay Sapphire,gin,3.738,False
2026-05-01,P010,Tanqueray,gin,9.746,False
2026-05-01,P011,Hendrick's,gin,5.271,False
2026-05-01,P012,Beefeater,gin,14.634,False
2026-05-01,P013,Gordon's,gin,18.296,False
2026-05-01,P014,Absolut,vodka,11.144,False
2026-05-01,P015,Finlandia,vodka,3.491,False
2026-05-01,P016,Grey Goose,vodka,4.425,False
2026-05-01,P017,Belvedere,vodka,4.777,False
2026-05-01,P018,Stolichnaya,vodka,3.834,False
2026-05-01,P019,Jameson,whiskey,11.331,False
2026-05-01,P020,Jack Daniel's,whiskey,14.447,False
2026-05-01,P021,Johnnie Walker Black,whiskey,3.909,False
2026-05-01,P022,Chivas Regal,whiskey,10.346,False
2026-05-01,P023,Maker's Mark,whiskey,3.577,False
2026-05-01,P024,Glenfiddich 12,whiskey,4.005,False
2026-05-01,P025,Bacardi Carta Blanca,rum,20.491,False
2026-05-01,P026,Havana Club 3,rum,10.004,False
2026-05-01,P027,Captain Morgan,rum,9.061,False
2026-05-01,P028,Diplomatico Reserva,rum,9.489,False
2026-05-01,P029,Jose Cuervo,tequila,3.93,False
2026-05-01,P030,Olmeca Blanco,tequila,3.748,False
2026-05-01,P031,Patron Silver,tequila,16.531,False
2026-05-01,P032,Don Julio Blanco,tequila,2.891,False
2026-05-01,P033,Aperol,aperitif,20.572,False
2026-05-01,P034,Campari,aperitif,7.272,False
2026-05-01,P035,Cointreau,liqueur,10.853,False
2026-05-01,P036,Kahlua,liqueur,5.463,False
2026-05-01,P037,Martini Rosso,vermouth,4.518,False
2026-05-01,P038,House Red Wine,wine,22.758,False
2026-05-01,P039,House White Wine,wine,15.224,False
2026-05-01,P040,Rose Wine,wine,11.0,False
2026-05-01,P041,Prosecco,wine,26.056,False
2026-05-01,P042,Chardonnay,wine,17.44,False
2026-05-01,P043,Coca-Cola,soft_drink,66.1,False
2026-05-01,P044,Coca-Cola Zero,soft_drink,42.6,False
2026-05-01,P045,Sprite,soft_drink,46.2,False
2026-05-01,P046,Tonic Water,soft_drink,51.22,False
2026-05-01,P047,Soda Water,soft_drink,34.4,False
2026-05-01,P048,Red Bull,soft_drink,34.8,False
2026-05-01,P049,Ginger Beer,soft_drink,29.2,False
2026-05-01,P050,Orange Juice,juice,4.0,False
2026-05-01,P051,Cranberry Juice,juice,4.0,False
2026-05-01,P052,Lime Juice,juice,4.833,False
2026-05-01,P053,Lemon Juice,juice,8.025,False
2026-05-01,P054,Sugar Syrup,cocktail_ingredient,4.357,False
2026-05-01,P055,Fresh Mint,cocktail_ingredient,4.054,False
2026-05-01,P056,Coffee Beans,cocktail_ingredient,4.627,False
2026-05-01,K001,Carlsberg 50L,draught_beer,4.327,False
2026-05-01,K002,Tuborg 50L,draught_beer,3.887,False
2026-05-01,K003,Carlsberg 30L,draught_beer,4.944,False
2026-05-01,K004,Malka 30L,draught_beer,3.518,False
2026-05-01,K005,Weihenstephan 30L,draught_beer,3.671,False
2026-05-02,P001,Carlsberg,beer,55.4,False
2026-05-02,P002,Heineken,beer,60.6,False
2026-05-02,P003,Corona,beer,37.2,False
2026-05-02,P004,Guinness,beer,15.6,False
2026-05-02,P005,Goldstar,beer,54.6,False
2026-05-02,P006,Maccabee,beer,23.0,False
2026-05-02,P007,Stella Artois,beer,45.4,False
2026-05-02,P008,Erdinger,beer,37.2,False
2026-05-02,P009,Bombay Sapphire,gin,3.053,False
2026-05-02,P010,Tanqueray,gin,9.232,False
2026-05-02,P011,Hendrick's,gin,3.943,False
2026-05-02,P012,Beefeater,gin,14.205,False
2026-05-02,P013,Gordon's,gin,14.898,False
2026-05-02,P014,Absolut,vodka,8.501,False
2026-05-02,P015,Finlandia,vodka,3.148,False
2026-05-02,P016,Grey Goose,vodka,3.825,False
2026-05-02,P017,Belvedere,vodka,4.434,False
2026-05-02,P018,Stolichnaya,vodka,3.491,False
2026-05-02,P019,Jameson,whiskey,10.045,False
2026-05-02,P020,Jack Daniel's,whiskey,13.247,False
2026-05-02,P021,Johnnie Walker Black,whiskey,3.309,False
2026-05-02,P022,Chivas Regal,whiskey,9.832,False
2026-05-02,P023,Maker's Mark,whiskey,3.32,False
2026-05-02,P024,Glenfiddich 12,whiskey,3.662,False
2026-05-02,P025,Bacardi Carta Blanca,rum,15.067,False
2026-05-02,P026,Havana Club 3,rum,9.661,False
2026-05-02,P027,Captain Morgan,rum,8.547,False
2026-05-02,P028,Diplomatico Reserva,rum,9.317,False
2026-05-02,P029,Jose Cuervo,tequila,3.041,False
2026-05-02,P030,Olmeca Blanco,tequila,3.491,False
2026-05-02,P031,Patron Silver,tequila,14.045,False
2026-05-02,P032,Don Julio Blanco,tequila,2.548,False
2026-05-02,P033,Aperol,aperitif,16.629,False
2026-05-02,P034,Campari,aperitif,6.029,False
2026-05-02,P035,Cointreau,liqueur,9.61,False
2026-05-02,P036,Kahlua,liqueur,4.463,False
2026-05-02,P037,Martini Rosso,vermouth,3.532,False
2026-05-02,P038,House Red Wine,wine,18.366,False
2026-05-02,P039,House White Wine,wine,10.832,False
2026-05-02,P040,Rose Wine,wine,9.2,False
2026-05-02,P041,Prosecco,wine,19.536,False
2026-05-02,P042,Chardonnay,wine,16.44,False
2026-05-02,P043,Coca-Cola,soft_drink,41.1,False
2026-05-02,P044,Coca-Cola Zero,soft_drink,22.6,False
2026-05-02,P045,Sprite,soft_drink,31.2,False
2026-05-02,P046,Tonic Water,soft_drink,32.02,False
2026-05-02,P047,Soda Water,soft_drink,17.9,False
2026-05-02,P048,Red Bull,soft_drink,20.8,False
2026-05-02,P049,Ginger Beer,soft_drink,22.2,False
2026-05-02,P050,Orange Juice,juice,4.0,False
2026-05-02,P051,Cranberry Juice,juice,4.0,False
2026-05-02,P052,Lime Juice,juice,2.883,False
2026-05-02,P053,Lemon Juice,juice,7.775,False
2026-05-02,P054,Sugar Syrup,cocktail_ingredient,3.497,False
2026-05-02,P055,Fresh Mint,cocktail_ingredient,3.676,False
2026-05-02,P056,Coffee Beans,cocktail_ingredient,4.42,False
2026-05-02,K001,Carlsberg 50L,draught_beer,4.385,False
2026-05-02,K002,Tuborg 50L,draught_beer,4.202,False
2026-05-02,K003,Carlsberg 30L,draught_beer,5.656,False
2026-05-02,K004,Malka 30L,draught_beer,4.203,False
2026-05-02,K005,Weihenstephan 30L,draught_beer,3.893,False
2026-05-03,P001,Carlsberg,beer,41.4,False
2026-05-03,P002,Heineken,beer,48.6,False
2026-05-03,P003,Corona,beer,27.2,False
2026-05-03,P004,Guinness,beer,35.6,False
2026-05-03,P005,Goldstar,beer,46.6,False
2026-05-03,P006,Maccabee,beer,17.0,False
2026-05-03,P007,Stella Artois,beer,39.4,False
2026-05-03,P008,Erdinger,beer,34.2,False
2026-05-03,P009,Bombay Sapphire,gin,2.624,False
2026-05-03,P010,Tanqueray,gin,9.061,False
2026-05-03,P011,Hendrick's,gin,3.428,False
2026-05-03,P012,Beefeater,gin,13.948,False
2026-05-03,P013,Gordon's,gin,13.347,False
2026-05-03,P014,Absolut,vodka,7.287,False
2026-05-03,P015,Finlandia,vodka,2.977,False
2026-05-03,P016,Grey Goose,vodka,3.396,False
2026-05-03,P017,Belvedere,vodka,4.263,False
2026-05-03,P018,Stolichnaya,vodka,3.32,False
2026-05-03,P019,Jameson,whiskey,9.531,False
2026-05-03,P020,Jack Daniel's,whiskey,12.733,False
2026-05-03,P021,Johnnie Walker Black,whiskey,2.966,False
2026-05-03,P022,Chivas Regal,whiskey,9.575,False
2026-05-03,P023,Maker's Mark,whiskey,3.148,False
2026-05-03,P024,Glenfiddich 12,whiskey,3.491,False
2026-05-03,P025,Bacardi Carta Blanca,rum,12.862,False
2026-05-03,P026,Havana Club 3,rum,9.49,False
2026-05-03,P027,Captain Morgan,rum,8.29,False
2026-05-03,P028,Diplomatico Reserva,rum,9.232,False
2026-05-03,P029,Jose Cuervo,tequila,2.571,False
2026-05-03,P030,Olmeca Blanco,tequila,3.32,False
2026-05-03,P031,Patron Silver,tequila,12.845,False
2026-05-03,P032,Don Julio Blanco,tequila,2.462,False
2026-05-03,P033,Aperol,aperitif,15.086,False
2026-05-03,P034,Campari,aperitif,5.429,False
2026-05-03,P035,Cointreau,liqueur,9.053,False
2026-05-03,P036,Kahlua,liqueur,4.006,False
2026-05-03,P037,Martini Rosso,vermouth,3.103,False
2026-05-03,P038,House Red Wine,wine,16.17,False
2026-05-03,P039,House White Wine,wine,7.904,False
2026-05-03,P040,Rose Wine,wine,8.0,False
2026-05-03,P041,Prosecco,wine,16.936,False
2026-05-03,P042,Chardonnay,wine,15.84,False
2026-05-03,P043,Coca-Cola,soft_drink,27.5,False
2026-05-03,P044,Coca-Cola Zero,soft_drink,16.6,False
2026-05-03,P045,Sprite,soft_drink,22.2,False
2026-05-03,P046,Tonic Water,soft_drink,22.02,False
2026-05-03,P047,Soda Water,soft_drink,11.84,False
2026-05-03,P048,Red Bull,soft_drink,13.8,False
2026-05-03,P049,Ginger Beer,soft_drink,19.2,False
2026-05-03,P050,Orange Juice,juice,4.0,False
2026-05-03,P051,Cranberry Juice,juice,4.0,False
2026-05-03,P052,Lime Juice,juice,2.073,False
2026-05-03,P053,Lemon Juice,juice,7.625,False
2026-05-03,P054,Sugar Syrup,cocktail_ingredient,3.127,False
2026-05-03,P055,Fresh Mint,cocktail_ingredient,3.514,False
2026-05-03,P056,Coffee Beans,cocktail_ingredient,4.33,False
2026-05-03,K001,Carlsberg 50L,draught_beer,4.006,False
2026-05-03,K002,Tuborg 50L,draught_beer,3.856,False
2026-05-03,K003,Carlsberg 30L,draught_beer,4.891,False
2026-05-03,K004,Malka 30L,draught_beer,3.559,False
2026-05-03,K005,Weihenstephan 30L,draught_beer,3.342,False
2026-05-04,P001,Carlsberg,beer,39.4,False
2026-05-04,P002,Heineken,beer,45.6,False
2026-05-04,P003,Corona,beer,20.2,False
2026-05-04,P004,Guinness,beer,34.6,False
2026-05-04,P005,Goldstar,beer,43.6,False
2026-05-04,P006,Maccabee,beer,14.0,False
2026-05-04,P007,Stella Artois,beer,36.4,False
2026-05-04,P008,Erdinger,beer,33.2,False
2026-05-04,P009,Bombay Sapphire,gin,2.367,False
2026-05-04,P010,Tanqueray,gin,8.804,False
2026-05-04,P011,Hendrick's,gin,3.171,False
2026-05-04,P012,Beefeater,gin,13.863,False
2026-05-04,P013,Gordon's,gin,12.475,False
2026-05-04,P014,Absolut,vodka,6.601,False
2026-05-04,P015,Finlandia,vodka,2.891,False
2026-05-04,P016,Grey Goose,vodka,3.31,False
2026-05-04,P017,Belvedere,vodka,4.177,False
2026-05-04,P018,Stolichnaya,vodka,3.234,False
2026-05-04,P019,Jameson,whiskey,9.36,False
2026-05-04,P020,Jack Daniel's,whiskey,12.562,False
2026-05-04,P021,Johnnie Walker Black,whiskey,2.881,False
2026-05-04,P022,Chivas Regal,whiskey,9.404,False
2026-05-04,P023,Maker's Mark,whiskey,2.977,False
2026-05-04,P024,Glenfiddich 12,whiskey,3.405,False
2026-05-04,P025,Bacardi Carta Blanca,rum,11.193,False
2026-05-04,P026,Havana Club 3,rum,9.318,False
2026-05-04,P027,Captain Morgan,rum,8.118,False
2026-05-04,P028,Diplomatico Reserva,rum,9.146,False
2026-05-04,P029,Jose Cuervo,tequila,2.257,False
2026-05-04,P030,Olmeca Blanco,tequila,3.234,False
2026-05-04,P031,Patron Silver,tequila,12.545,False
2026-05-04,P032,Don Julio Blanco,tequila,2.462,False
2026-05-04,P033,Aperol,aperitif,14.743,False
2026-05-04,P034,Campari,aperitif,5.172,False
2026-05-04,P035,Cointreau,liqueur,8.882,False
2026-05-04,P036,Kahlua,liqueur,3.835,False
2026-05-04,P037,Martini Rosso,vermouth,2.846,False
2026-05-04,P038,House Red Wine,wine,14.706,False
2026-05-04,P039,House White Wine,wine,6.928,False
2026-05-04,P040,Rose Wine,wine,7.8,False
2026-05-04,P041,Prosecco,wine,16.296,False
2026-05-04,P042,Chardonnay,wine,15.44,False
2026-05-04,P043,Coca-Cola,soft_drink,93.1,False
2026-05-04,P044,Coca-Cola Zero,soft_drink,11.6,False
2026-05-04,P045,Sprite,soft_drink,65.2,False
2026-05-04,P046,Tonic Water,soft_drink,64.82,False
2026-05-04,P047,Soda Water,soft_drink,56.28,False
2026-05-04,P048,Red Bull,soft_drink,58.8,False
2026-05-04,P049,Ginger Beer,soft_drink,42.2,False
2026-05-04,P050,Orange Juice,juice,4.0,False
2026-05-04,P051,Cranberry Juice,juice,4.0,False
2026-05-04,P052,Lime Juice,juice,7.683,False
2026-05-04,P053,Lemon Juice,juice,7.525,False
2026-05-04,P054,Sugar Syrup,cocktail_ingredient,8.887,False
2026-05-04,P055,Fresh Mint,cocktail_ingredient,3.406,False
2026-05-04,P056,Coffee Beans,cocktail_ingredient,4.276,False
2026-05-04,K001,Carlsberg 50L,draught_beer,3.741,False
2026-05-04,K002,Tuborg 50L,draught_beer,3.8,False
2026-05-04,K003,Carlsberg 30L,draught_beer,4.408,False
2026-05-04,K004,Malka 30L,draught_beer,3.236,False
2026-05-04,K005,Weihenstephan 30L,draught_beer,3.208,False
2026-05-05,P001,Carlsberg,beer,31.4,False
2026-05-05,P002,Heineken,beer,41.6,False
2026-05-05,P003,Corona,beer,17.2,False
2026-05-05,P004,Guinness,beer,32.6,False
2026-05-05,P005,Goldstar,beer,39.6,False
2026-05-05,P006,Maccabee,beer,10.0,False
2026-05-05,P007,Stella Artois,beer,32.4,False
2026-05-05,P008,Erdinger,beer,31.2,False
2026-05-05,P009,Bombay Sapphire,gin,14.195,False
2026-05-05,P010,Tanqueray,gin,8.632,False
2026-05-05,P011,Hendrick's,gin,14.828,False
2026-05-05,P012,Beefeater,gin,13.777,False
2026-05-05,P013,Gordon's,gin,11.708,False
2026-05-05,P014,Absolut,vodka,17.93,False
2026-05-05,P015,Finlandia,vodka,14.805,False
2026-05-05,P016,Grey Goose,vodka,15.053,False
2026-05-05,P017,Belvedere,vodka,4.006,False
2026-05-05,P018,Stolichnaya,vodka,3.148,False
2026-05-05,P019,Jameson,whiskey,8.931,False
2026-05-05,P020,Jack Daniel's,whiskey,12.219,False
2026-05-05,P021,Johnnie Walker Black,whiskey,14.623,False
2026-05-05,P022,Chivas Regal,whiskey,9.404,False
2026-05-05,P023,Maker's Mark,whiskey,14.891,False
2026-05-05,P024,Glenfiddich 12,whiskey,3.32,False
2026-05-05,P025,Bacardi Carta Blanca,rum,22.577,False
2026-05-05,P026,Havana Club 3,rum,9.147,False
2026-05-05,P027,Captain Morgan,rum,8.033,False
2026-05-05,P028,Diplomatico Reserva,rum,9.146,False
2026-05-05,P029,Jose Cuervo,tequila,2.1,False
2026-05-05,P030,Olmeca Blanco,tequila,3.148,False
2026-05-05,P031,Patron Silver,tequila,12.231,False
2026-05-05,P032,Don Julio Blanco,tequila,14.377,False
2026-05-05,P033,Aperol,aperitif,25.372,False
2026-05-05,P034,Campari,aperitif,4.915,False
2026-05-05,P035,Cointreau,liqueur,8.696,False
2026-05-05,P036,Kahlua,liqueur,15.606,False
2026-05-05,P037,Martini Rosso,vermouth,14.589,False
2026-05-05,P038,House Red Wine,wine,24.754,False
2026-05-05,P039,House White Wine,wine,17.708,False
2026-05-05,P040,Rose Wine,wine,19.0,False
2026-05-05,P041,Prosecco,wine,26.416,False
2026-05-05,P042,Chardonnay,wine,15.24,False
2026-05-05,P043,Coca-Cola,soft_drink,87.9,False
2026-05-05,P044,Coca-Cola Zero,soft_drink,5.6,False
2026-05-05,P045,Sprite,soft_drink,61.2,False
2026-05-05,P046,Tonic Water,soft_drink,58.72,False
2026-05-05,P047,Soda Water,soft_drink,52.2,False
2026-05-05,P048,Red Bull,soft_drink,54.8,False
2026-05-05,P049,Ginger Beer,soft_drink,40.2,False
2026-05-05,P050,Orange Juice,juice,4.0,False
2026-05-05,P051,Cranberry Juice,juice,4.0,False
2026-05-05,P052,Lime Juice,juice,7.573,False
2026-05-05,P053,Lemon Juice,juice,7.475,False
2026-05-05,P054,Sugar Syrup,cocktail_ingredient,8.807,False
2026-05-05,P055,Fresh Mint,cocktail_ingredient,3.388,False
2026-05-05,P056,Coffee Beans,cocktail_ingredient,4.231,False
2026-05-05,K001,Carlsberg 50L,draught_beer,3.491,False
2026-05-05,K002,Tuborg 50L,draught_beer,3.526,False
2026-05-05,K003,Carlsberg 30L,draught_beer,4.18,False
2026-05-05,K004,Malka 30L,draught_beer,2.968,False
2026-05-05,K005,Weihenstephan 30L,draught_beer,2.98,False
2026-05-06,P001,Carlsberg,beer,75.4,False
2026-05-06,P002,Heineken,beer,61.6,False
2026-05-06,P003,Corona,beer,57.2,False
2026-05-06,P004,Guinness,beer,30.6,False
2026-05-06,P005,Goldstar,beer,57.6,False
2026-05-06,P006,Maccabee,beer,31.0,False
2026-05-06,P007,Stella Artois,beer,27.4,False
2026-05-06,P008,Erdinger,beer,28.2,False
2026-05-06,P009,Bombay Sapphire,gin,13.938,False
2026-05-06,P010,Tanqueray,gin,8.461,False
2026-05-06,P011,Hendrick's,gin,14.185,False
2026-05-06,P012,Beefeater,gin,13.691,False
2026-05-06,P013,Gordon's,gin,10.506,False
2026-05-06,P014,Absolut,vodka,16.759,False
2026-05-06,P015,Finlandia,vodka,14.719,False
2026-05-06,P016,Grey Goose,vodka,14.796,False
2026-05-06,P017,Belvedere,vodka,3.92,False
2026-05-06,P018,Stolichnaya,vodka,2.977,False
2026-05-06,P019,Jameson,whiskey,8.502,False
2026-05-06,P020,Jack Daniel's,whiskey,11.876,False
2026-05-06,P021,Johnnie Walker Black,whiskey,14.366,False
2026-05-06,P022,Chivas Regal,whiskey,9.146,False
2026-05-06,P023,Maker's Mark,whiskey,14.806,False
2026-05-06,P024,Glenfiddich 12,whiskey,3.234,False
2026-05-06,P025,Bacardi Carta Blanca,rum,21.126,False
2026-05-06,P026,Havana Club 3,rum,8.975,False
2026-05-06,P027,Captain Morgan,rum,7.776,False
2026-05-06,P028,Diplomatico Reserva,rum,9.06,False
2026-05-06,P029,Jose Cuervo,tequila,1.682,False
2026-05-06,P030,Olmeca Blanco,tequila,3.062,False
2026-05-06,P031,Patron Silver,tequila,11.56,False
2026-05-06,P032,Don Julio Blanco,tequila,14.291,False
2026-05-06,P033,Aperol,aperitif,24.086,False
2026-05-06,P034,Campari,aperitif,4.358,False
2026-05-06,P035,Cointreau,liqueur,8.325,False
2026-05-06,P036,Kahlua,liqueur,15.149,False
2026-05-06,P037,Martini Rosso,vermouth,14.118,False
2026-05-06,P038,House Red Wine,wine,23.046,False
2026-05-06,P039,House White Wine,wine,16.244,False
2026-05-06,P040,Rose Wine,wine,18.8,False
2026-05-06,P041,Prosecco,wine,24.456,False
2026-05-06,P042,Chardonnay,wine,14.84,False
2026-05-06,P043,Coca-Cola,soft_drink,79.5,False
2026-05-06,P044,Coca-Cola Zero,soft_drink,0.0,True
2026-05-06,P045,Sprite,soft_drink,56.2,False
2026-05-06,P046,Tonic Water,soft_drink,53.02,False
2026-05-06,P047,Soda Water,soft_drink,46.1,False
2026-05-06,P048,Red Bull,soft_drink,50.8,False
2026-05-06,P049,Ginger Beer,soft_drink,38.2,False
2026-05-06,P050,Orange Juice,juice,4.0,False
2026-05-06,P051,Cranberry Juice,juice,4.0,False
2026-05-06,P052,Lime Juice,juice,7.088,False
2026-05-06,P053,Lemon Juice,juice,7.375,False
2026-05-06,P054,Sugar Syrup,cocktail_ingredient,8.542,False
2026-05-06,P055,Fresh Mint,cocktail_ingredient,3.289,False
2026-05-06,P056,Coffee Beans,cocktail_ingredient,4.141,False
2026-05-06,K001,Carlsberg 50L,draught_beer,5.226,False
2026-05-06,K002,Tuborg 50L,draught_beer,4.276,False
2026-05-06,K003,Carlsberg 30L,draught_beer,3.509,False
2026-05-06,K004,Malka 30L,draught_beer,5.472,False
2026-05-06,K005,Weihenstephan 30L,draught_beer,4.819,False
2026-05-07,P001,Carlsberg,beer,59.4,False
2026-05-07,P002,Heineken,beer,51.6,False
2026-05-07,P003,Corona,beer,46.2,False
2026-05-07,P004,Guinness,beer,24.6,False
2026-05-07,P005,Goldstar,beer,43.6,False
2026-05-07,P006,Maccabee,beer,23.0,False
2026-05-07,P007,Stella Artois,beer,42.4,False
2026-05-07,P008,Erdinger,beer,24.2,False
2026-05-07,P009,Bombay Sapphire,gin,13.51,False
2026-05-07,P010,Tanqueray,gin,8.204,False
2026-05-07,P011,Hendrick's,gin,13.285,False
2026-05-07,P012,Beefeater,gin,13.434,False
2026-05-07,P013,Gordon's,gin,8.188,False
2026-05-07,P014,Absolut,vodka,14.758,False
2026-05-07,P015,Finlandia,vodka,14.377,False
2026-05-07,P016,Grey Goose,vodka,14.282,False
2026-05-07,P017,Belvedere,vodka,3.663,False
2026-05-07,P018,Stolichnaya,vodka,2.805,False
2026-05-07,P019,Jameson,whiskey,7.559,False
2026-05-07,P020,Jack Daniel's,whiskey,11.104,False
2026-05-07,P021,Johnnie Walker Black,whiskey,13.938,False
2026-05-07,P022,Chivas Regal,whiskey,8.718,False
2026-05-07,P023,Maker's Mark,whiskey,14.634,False
2026-05-07,P024,Glenfiddich 12,whiskey,2.977,False
2026-05-07,P025,Bacardi Carta Blanca,rum,17.59,False
2026-05-07,P026,Havana Club 3,rum,8.633,False
2026-05-07,P027,Captain Morgan,rum,7.347,False
2026-05-07,P028,Diplomatico Reserva,rum,8.889,False
2026-05-07,P029,Jose Cuervo,tequila,13.159,False
2026-05-07,P030,Olmeca Blanco,tequila,2.805,False
2026-05-07,P031,Patron Silver,tequila,9.703,False
2026-05-07,P032,Don Julio Blanco,tequila,14.034,False
2026-05-07,P033,Aperol,aperitif,20.743,False
2026-05-07,P034,Campari,aperitif,3.372,False
2026-05-07,P035,Cointreau,liqueur,7.41,False
2026-05-07,P036,Kahlua,liqueur,14.492,False
2026-05-07,P037,Martini Rosso,vermouth,13.389,False
2026-05-07,P038,House Red Wine,wine,19.874,False
2026-05-07,P039,House White Wine,wine,12.828,False
2026-05-07,P040,Rose Wine,wine,17.6,False
2026-05-07,P041,Prosecco,wine,19.376,False
2026-05-07,P042,Chardonnay,wine,14.04,False
2026-05-07,P043,Coca-Cola,soft_drink,79.7,False
2026-05-07,P044,Coca-Cola Zero,soft_drink,108.0,False
2026-05-07,P045,Sprite,soft_drink,46.2,False
2026-05-07,P046,Tonic Water,soft_drink,62.92,False
2026-05-07,P047,Soda Water,soft_drink,55.94,False
2026-05-07,P048,Red Bull,soft_drink,42.8,False
2026-05-07,P049,Ginger Beer,soft_drink,34.2,False
2026-05-07,P050,Orange Juice,juice,4.0,False
2026-05-07,P051,Cranberry Juice,juice,4.0,False
2026-05-07,P052,Lime Juice,juice,11.838,False
2026-05-07,P053,Lemon Juice,juice,7.175,False
2026-05-07,P054,Sugar Syrup,cocktail_ingredient,8.012,False
2026-05-07,P055,Fresh Mint,cocktail_ingredient,3.055,False
2026-05-07,P056,Coffee Beans,cocktail_ingredient,4.015,False
2026-05-07,K001,Carlsberg 50L,draught_beer,4.678,False
2026-05-07,K002,Tuborg 50L,draught_beer,3.688,False
2026-05-07,K003,Carlsberg 30L,draught_beer,5.113,False
2026-05-07,K004,Malka 30L,draught_beer,4.613,False
2026-05-07,K005,Weihenstephan 30L,draught_beer,4.202,False
2026-05-08,P001,Carlsberg,beer,46.4,False
2026-05-08,P002,Heineken,beer,38.6,False
2026-05-08,P003,Corona,beer,37.2,False
2026-05-08,P004,Guinness,beer,19.6,False
2026-05-08,P005,Goldstar,beer,33.6,False
2026-05-08,P006,Maccabee,beer,16.0,False
2026-05-08,P007,Stella Artois,beer,36.4,False
2026-05-08,P008,Erdinger,beer,20.2,False
2026-05-08,P009,Bombay Sapphire,gin,13.253,False
2026-05-08,P010,Tanqueray,gin,7.861,False
2026-05-08,P011,Hendrick's,gin,12.514,False
2026-05-08,P012,Beefeater,gin,13.263,False
2026-05-08,P013,Gordon's,gin,18.349,False
2026-05-08,P014,Absolut,vodka,12.923,False
2026-05-08,P015,Finlandia,vodka,14.205,False
2026-05-08,P016,Grey Goose,vodka,13.939,False
2026-05-08,P017,Belvedere,vodka,3.491,False
2026-05-08,P018,Stolichnaya,vodka,2.548,False
2026-05-08,P019,Jameson,whiskey,6.702,False
2026-05-08,P020,Jack Daniel's,whiskey,10.333,False
2026-05-08,P021,Johnnie Walker Black,whiskey,13.423,False
2026-05-08,P022,Chivas Regal,whiskey,8.461,False
2026-05-08,P023,Maker's Mark,whiskey,14.463,False
2026-05-08,P024,Glenfiddich 12,whiskey,14.805,False
2026-05-08,P025,Bacardi Carta Blanca,rum,14.5,False
2026-05-08,P026,Havana Club 3,rum,8.29,False
2026-05-08,P027,Captain Morgan,rum,6.918,False
2026-05-08,P028,Diplomatico Reserva,rum,8.803,False
2026-05-08,P029,Jose Cuervo,tequila,12.662,False
2026-05-08,P030,Olmeca Blanco,tequila,14.634,False
2026-05-08,P031,Patron Silver,tequila,8.445,False
2026-05-08,P032,Don Julio Blanco,tequila,13.777,False
2026-05-08,P033,Aperol,aperitif,17.915,False
2026-05-08,P034,Campari,aperitif,26.515,False
2026-05-08,P035,Cointreau,liqueur,6.774,False
2026-05-08,P036,Kahlua,liqueur,13.863,False
2026-05-08,P037,Martini Rosso,vermouth,12.875,False
2026-05-08,P038,House Red Wine,wine,17.19,False
2026-05-08,P039,House White Wine,wine,21.9,False
2026-05-08,P040,Rose Wine,wine,16.2,False
2026-05-08,P041,Prosecco,wine,26.776,False
2026-05-08,P042,Chardonnay,wine,13.64,False
2026-05-08,P043,Coca-Cola,soft_drink,58.0,False
2026-05-08,P044,Coca-Cola Zero,soft_drink,98.0,False
2026-05-08,P045,Sprite,soft_drink,36.2,False
2026-05-08,P046,Tonic Water,soft_drink,50.02,False
2026-05-08,P047,Soda Water,soft_drink,44.38,False
2026-05-08,P048,Red Bull,soft_drink,32.8,False
2026-05-08,P049,Ginger Beer,soft_drink,30.2,False
2026-05-08,P050,Orange Juice,juice,4.0,False
2026-05-08,P051,Cranberry Juice,juice,4.0,False
2026-05-08,P052,Lime Juice,juice,10.843,False
2026-05-08,P053,Lemon Juice,juice,7.0,False
2026-05-08,P054,Sugar Syrup,cocktail_ingredient,7.507,False
2026-05-08,P055,Fresh Mint,cocktail_ingredient,2.848,False
2026-05-08,P056,Coffee Beans,cocktail_ingredient,3.871,False
2026-05-08,K001,Carlsberg 50L,draught_beer,4.187,False
2026-05-08,K002,Tuborg 50L,draught_beer,3.302,False
2026-05-08,K003,Carlsberg 30L,draught_beer,3.852,False
2026-05-08,K004,Malka 30L,draught_beer,3.928,False
2026-05-08,K005,Weihenstephan 30L,draught_beer,3.531,False
2026-05-09,P001,Carlsberg,beer,28.4,False
2026-05-09,P002,Heineken,beer,48.6,False
2026-05-09,P003,Corona,beer,47.2,False
2026-05-09,P004,Guinness,beer,37.6,False
2026-05-09,P005,Goldstar,beer,41.6,False
2026-05-09,P006,Maccabee,beer,33.0,False
2026-05-09,P007,Stella Artois,beer,50.4,False
2026-05-09,P008,Erdinger,beer,40.2,False
2026-05-09,P009,Bombay Sapphire,gin,12.824,False
2026-05-09,P010,Tanqueray,gin,7.518,False
2026-05-09,P011,Hendrick's,gin,11.528,False
2026-05-09,P012,Beefeater,gin,12.92,False
2026-05-09,P013,Gordon's,gin,15.822,False
2026-05-09,P014,Absolut,vodka,10.637,False
2026-05-09,P015,Finlandia,vodka,13.862,False
2026-05-09,P016,Grey Goose,vodka,13.425,False
2026-05-09,P017,Belvedere,vodka,3.234,False
2026-05-09,P018,Stolichnaya,vodka,14.206,False
2026-05-09,P019,Jameson,whiskey,5.674,False
2026-05-09,P020,Jack Daniel's,whiskey,9.133,False
2026-05-09,P021,Johnnie Walker Black,whiskey,12.995,False
2026-05-09,P022,Chivas Regal,whiskey,8.032,False
2026-05-09,P023,Maker's Mark,whiskey,14.206,False
2026-05-09,P024,Glenfiddich 12,whiskey,14.548,False
2026-05-09,P025,Bacardi Carta Blanca,rum,10.546,False
2026-05-09,P026,Havana Club 3,rum,8.033,False
2026-05-09,P027,Captain Morgan,rum,6.404,False
2026-05-09,P028,Diplomatico Reserva,rum,8.632,False
2026-05-09,P029,Jose Cuervo,tequila,11.93,False
2026-05-09,P030,Olmeca Blanco,tequila,14.377,False
2026-05-09,P031,Patron Silver,tequila,6.088,False
2026-05-09,P032,Don Julio Blanco,tequila,13.434,False
2026-05-09,P033,Aperol,aperitif,14.229,False
2026-05-09,P034,Campari,aperitif,25.615,False
2026-05-09,P035,Cointreau,liqueur,5.66,False
2026-05-09,P036,Kahlua,liqueur,13.063,False
2026-05-09,P037,Martini Rosso,vermouth,12.146,False
2026-05-09,P038,House Red Wine,wine,13.53,False
2026-05-09,P039,House White Wine,wine,18.728,False
2026-05-09,P040,Rose Wine,wine,14.6,False
2026-05-09,P041,Prosecco,wine,20.936,False
2026-05-09,P042,Chardonnay,wine,12.64,False
2026-05-09,P043,Coca-Cola,soft_drink,32.2,False
2026-05-09,P044,Coca-Cola Zero,soft_drink,82.0,False
2026-05-09,P045,Sprite,soft_drink,23.2,False
2026-05-09,P046,Tonic Water,soft_drink,35.92,False
2026-05-09,P047,Soda Water,soft_drink,32.68,False
2026-05-09,P048,Red Bull,soft_drink,21.8,False
2026-05-09,P049,Ginger Beer,soft_drink,25.2,False
2026-05-09,P050,Orange Juice,juice,4.0,False
2026-05-09,P051,Cranberry Juice,juice,4.0,False
2026-05-09,P052,Lime Juice,juice,9.308,False
2026-05-09,P053,Lemon Juice,juice,6.8,False
2026-05-09,P054,Sugar Syrup,cocktail_ingredient,6.882,False
2026-05-09,P055,Fresh Mint,cocktail_ingredient,2.587,False
2026-05-09,P056,Coffee Beans,cocktail_ingredient,3.7,False
2026-05-09,K001,Carlsberg 50L,draught_beer,4.196,False
2026-05-09,K002,Tuborg 50L,draught_beer,3.666,False
2026-05-09,K003,Carlsberg 30L,draught_beer,5.496,False
2026-05-09,K004,Malka 30L,draught_beer,5.016,False
2026-05-09,K005,Weihenstephan 30L,draught_beer,3.793,False
2026-05-10,P001,Carlsberg,beer,19.4,False
2026-05-10,P002,Heineken,beer,42.6,False
2026-05-10,P003,Corona,beer,41.2,False
2026-05-10,P004,Guinness,beer,33.6,False
2026-05-10,P005,Goldstar,beer,36.6,False
2026-05-10,P006,Maccabee,beer,29.0,False
2026-05-10,P007,Stella Artois,beer,46.4,False
2026-05-10,P008,Erdinger,beer,38.2,False
2026-05-10,P009,Bombay Sapphire,gin,12.653,False
2026-05-10,P010,Tanqueray,gin,7.346,False
2026-05-10,P011,Hendrick's,gin,11.014,False
2026-05-10,P012,Beefeater,gin,12.834,False
2026-05-10,P013,Gordon's,gin,14.314,False
2026-05-10,P014,Absolut,vodka,9.473,False
2026-05-10,P015,Finlandia,vodka,13.777,False
2026-05-10,P016,Grey Goose,vodka,13.168,False
2026-05-10,P017,Belvedere,vodka,3.149,False
2026-05-10,P018,Stolichnaya,vodka,14.034,False
2026-05-10,P019,Jameson,whiskey,5.331,False
2026-05-10,P020,Jack Daniel's,whiskey,8.704,False
2026-05-10,P021,Johnnie Walker Black,whiskey,12.823,False
2026-05-10,P022,Chivas Regal,whiskey,7.861,False
2026-05-10,P023,Maker's Mark,whiskey,14.12,False
2026-05-10,P024,Glenfiddich 12,whiskey,14.377,False
2026-05-10,P025,Bacardi Carta Blanca,rum,8.708,False
2026-05-10,P026,Havana Club 3,rum,7.775,False
2026-05-10,P027,Captain Morgan,rum,6.233,False
2026-05-10,P028,Diplomatico Reserva,rum,8.546,False
2026-05-10,P029,Jose Cuervo,tequila,11.486,False
2026-05-10,P030,Olmeca Blanco,tequila,14.291,False
2026-05-10,P031,Patron Silver,tequila,5.131,False
2026-05-10,P032,Don Julio Blanco,tequila,13.263,False
2026-05-10,P033,Aperol,aperitif,13.457,False
2026-05-10,P034,Campari,aperitif,25.186,False
2026-05-10,P035,Cointreau,liqueur,5.153,False
2026-05-10,P036,Kahlua,liqueur,12.578,False
2026-05-10,P037,Martini Rosso,vermouth,11.803,False
2026-05-10,P038,House Red Wine,wine,12.066,False
2026-05-10,P039,House White Wine,wine,16.776,False
2026-05-10,P040,Rose Wine,wine,14.2,False
2026-05-10,P041,Prosecco,wine,19.176,False
2026-05-10,P042,Chardonnay,wine,12.44,False
2026-05-10,P043,Coca-Cola,soft_drink,20.7,False
2026-05-10,P044,Coca-Cola Zero,soft_drink,73.0,False
2026-05-10,P045,Sprite,soft_drink,18.2,False
2026-05-10,P046,Tonic Water,soft_drink,27.62,False
2026-05-10,P047,Soda Water,soft_drink,27.28,False
2026-05-10,P048,Red Bull,soft_drink,17.8,False
2026-05-10,P049,Ginger Beer,soft_drink,23.2,False
2026-05-10,P050,Orange Juice,juice,4.0,False
2026-05-10,P051,Cranberry Juice,juice,4.0,False
2026-05-10,P052,Lime Juice,juice,8.578,False
2026-05-10,P053,Lemon Juice,juice,6.675,False
2026-05-10,P054,Sugar Syrup,cocktail_ingredient,6.532,False
2026-05-10,P055,Fresh Mint,cocktail_ingredient,2.443,False
2026-05-10,P056,Coffee Beans,cocktail_ingredient,3.601,False
2026-05-10,K001,Carlsberg 50L,draught_beer,3.826,False
2026-05-10,K002,Tuborg 50L,draught_beer,3.36,False
2026-05-10,K003,Carlsberg 30L,draught_beer,5.026,False
2026-05-10,K004,Malka 30L,draught_beer,4.439,False
2026-05-10,K005,Weihenstephan 30L,draught_beer,3.484,False
2026-05-11,P001,Carlsberg,beer,37.4,False
2026-05-11,P002,Heineken,beer,34.6,False
2026-05-11,P003,Corona,beer,33.2,False
2026-05-11,P004,Guinness,beer,30.6,False
2026-05-11,P005,Goldstar,beer,31.6,False
2026-05-11,P006,Maccabee,beer,26.0,False
2026-05-11,P007,Stella Artois,beer,44.4,False
2026-05-11,P008,Erdinger,beer,37.2,False
2026-05-11,P009,Bombay Sapphire,gin,12.481,False
2026-05-11,P010,Tanqueray,gin,7.089,False
2026-05-11,P011,Hendrick's,gin,10.543,False
2026-05-11,P012,Beefeater,gin,12.748,False
2026-05-11,P013,Gordon's,gin,13.208,False
2026-05-11,P014,Absolut,vodka,8.209,False
2026-05-11,P015,Finlandia,vodka,13.691,False
2026-05-11,P016,Grey Goose,vodka,12.996,False
2026-05-11,P017,Belvedere,vodka,3.063,False
2026-05-11,P018,Stolichnaya,vodka,13.863,False
2026-05-11,P019,Jameson,whiskey,4.817,False
2026-05-11,P020,Jack Daniel's,whiskey,8.104,False
2026-05-11,P021,Johnnie Walker Black,whiskey,12.566,False
2026-05-11,P022,Chivas Regal,whiskey,7.604,False
2026-05-11,P023,Maker's Mark,whiskey,13.949,False
2026-05-11,P024,Glenfiddich 12,whiskey,14.205,False
2026-05-11,P025,Bacardi Carta Blanca,rum,7.183,False
2026-05-11,P026,Havana Club 3,rum,7.604,False
2026-05-11,P027,Captain Morgan,rum,6.061,False
2026-05-11,P028,Diplomatico Reserva,rum,8.546,False
2026-05-11,P029,Jose Cuervo,tequila,11.198,False
2026-05-11,P030,Olmeca Blanco,tequila,14.12,False
2026-05-11,P031,Patron Silver,tequila,4.246,False
2026-05-11,P032,Don Julio Blanco,tequila,13.091,False
2026-05-11,P033,Aperol,aperitif,11.572,False
2026-05-11,P034,Campari,aperitif,24.629,False
2026-05-11,P035,Cointreau,liqueur,4.717,False
2026-05-11,P036,Kahlua,liqueur,12.149,False
2026-05-11,P037,Martini Rosso,vermouth,11.418,False
2026-05-11,P038,House Red Wine,wine,10.602,False
2026-05-11,P039,House White Wine,wine,14.336,False
2026-05-11,P040,Rose Wine,wine,13.2,False
2026-05-11,P041,Prosecco,wine,15.856,False
2026-05-11,P042,Chardonnay,wine,12.24,False
2026-05-11,P043,Coca-Cola,soft_drink,10.4,False
2026-05-11,P044,Coca-Cola Zero,soft_drink,67.0,False
2026-05-11,P045,Sprite,soft_drink,63.2,False
2026-05-11,P046,Tonic Water,soft_drink,70.52,False
2026-05-11,P047,Soda Water,soft_drink,21.46,False
2026-05-11,P048,Red Bull,soft_drink,61.8,False
2026-05-11,P049,Ginger Beer,soft_drink,21.2,False
2026-05-11,P050,Orange Juice,juice,4.0,False
2026-05-11,P051,Cranberry Juice,juice,4.0,False
2026-05-11,P052,Lime Juice,juice,7.953,False
2026-05-11,P053,Lemon Juice,juice,6.6,False
2026-05-11,P054,Sugar Syrup,cocktail_ingredient,6.247,False
2026-05-11,P055,Fresh Mint,cocktail_ingredient,8.326,False
2026-05-11,P056,Coffee Beans,cocktail_ingredient,3.52,False
2026-05-11,K001,Carlsberg 50L,draught_beer,3.391,False
2026-05-11,K002,Tuborg 50L,draught_beer,3.11,False
2026-05-11,K003,Carlsberg 30L,draught_beer,4.624,False
2026-05-11,K004,Malka 30L,draught_beer,4.184,False
2026-05-11,K005,Weihenstephan 30L,draught_beer,3.135,False
2026-05-12,P001,Carlsberg,beer,27.4,False
2026-05-12,P002,Heineken,beer,33.6,False
2026-05-12,P003,Corona,beer,30.2,False
2026-05-12,P004,Guinness,beer,28.6,False
2026-05-12,P005,Goldstar,beer,26.6,False
2026-05-12,P006,Maccabee,beer,25.0,False
2026-05-12,P007,Stella Artois,beer,37.4,False
2026-05-12,P008,Erdinger,beer,34.2,False
2026-05-12,P009,Bombay Sapphire,gin,12.31,False
2026-05-12,P010,Tanqueray,gin,7.004,False
2026-05-12,P011,Hendrick's,gin,10.071,False
2026-05-12,P012,Beefeater,gin,12.577,False
2026-05-12,P013,Gordon's,gin,11.944,False
2026-05-12,P014,Absolut,vodka,19.401,False
2026-05-12,P015,Finlandia,vodka,13.605,False
2026-05-12,P016,Grey Goose,vodka,12.825,False
2026-05-12,P017,Belvedere,vodka,2.892,False
2026-05-12,P018,Stolichnaya,vodka,13.777,False
2026-05-12,P019,Jameson,whiskey,16.559,False
2026-05-12,P020,Jack Daniel's,whiskey,7.333,False
2026-05-12,P021,Johnnie Walker Black,whiskey,12.395,False
2026-05-12,P022,Chivas Regal,whiskey,7.432,False
2026-05-12,P023,Maker's Mark,whiskey,13.863,False
2026-05-12,P024,Glenfiddich 12,whiskey,14.034,False
2026-05-12,P025,Bacardi Carta Blanca,rum,17.919,False
2026-05-12,P026,Havana Club 3,rum,7.518,False
2026-05-12,P027,Captain Morgan,rum,5.89,False
2026-05-12,P028,Diplomatico Reserva,rum,8.46,False
2026-05-12,P029,Jose Cuervo,tequila,11.015,False
2026-05-12,P030,Olmeca Blanco,tequila,13.948,False
2026-05-12,P031,Patron Silver,tequila,15.203,False
2026-05-12,P032,Don Julio Blanco,tequila,13.005,False
2026-05-12,P033,Aperol,aperitif,22.715,False
2026-05-12,P034,Campari,aperitif,24.158,False
2026-05-12,P035,Cointreau,liqueur,4.253,False
2026-05-12,P036,Kahlua,liqueur,11.863,False
2026-05-12,P037,Martini Rosso,vermouth,11.118,False
2026-05-12,P038,House Red Wine,wine,21.382,False
2026-05-12,P039,House White Wine,wine,24.628,False
2026-05-12,P040,Rose Wine,wine,12.6,False
2026-05-12,P041,Prosecco,wine,14.496,False
2026-05-12,P042,Chardonnay,wine,11.64,False
2026-05-12,P043,Coca-Cola,soft_drink,5.1,False
2026-05-12,P044,Coca-Cola Zero,soft_drink,62.0,False
2026-05-12,P045,Sprite,soft_drink,57.2,False
2026-05-12,P046,Tonic Water,soft_drink,64.52,False
2026-05-12,P047,Soda Water,soft_drink,64.78,False
2026-05-12,P048,Red Bull,soft_drink,57.8,False
2026-05-12,P049,Ginger Beer,soft_drink,20.2,False
2026-05-12,P050,Orange Juice,juice,4.0,False
2026-05-12,P051,Cranberry Juice,juice,4.0,False
2026-05-12,P052,Lime Juice,juice,7.373,False
2026-05-12,P053,Lemon Juice,juice,6.525,False
2026-05-12,P054,Sugar Syrup,cocktail_ingredient,6.027,False
2026-05-12,P055,Fresh Mint,cocktail_ingredient,8.236,False
2026-05-12,P056,Coffee Beans,cocktail_ingredient,3.457,False
2026-05-12,K001,Carlsberg 50L,draught_beer,3.077,False
2026-05-12,K002,Tuborg 50L,draught_beer,2.804,False
2026-05-12,K003,Carlsberg 30L,draught_beer,4.315,False
2026-05-12,K004,Malka 30L,draught_beer,3.848,False
2026-05-12,K005,Weihenstephan 30L,draught_beer,2.867,False
2026-05-13,P001,Carlsberg,beer,65.4,False
2026-05-13,P002,Heineken,beer,26.6,False
2026-05-13,P003,Corona,beer,45.2,False
2026-05-13,P004,Guinness,beer,24.6,False
2026-05-13,P005,Goldstar,beer,17.6,False
2026-05-13,P006,Maccabee,beer,44.0,False
2026-05-13,P007,Stella Artois,beer,56.4,False
2026-05-13,P008,Erdinger,beer,31.2,False
2026-05-13,P009,Bombay Sapphire,gin,12.053,False
2026-05-13,P010,Tanqueray,gin,6.747,False
2026-05-13,P011,Hendrick's,gin,9.685,False
2026-05-13,P012,Beefeater,gin,12.491,False
2026-05-13,P013,Gordon's,gin,10.663,False
2026-05-13,P014,Absolut,vodka,18.38,False
2026-05-13,P015,Finlandia,vodka,13.434,False
2026-05-13,P016,Grey Goose,vodka,12.653,False
2026-05-13,P017,Belvedere,vodka,2.806,False
2026-05-13,P018,Stolichnaya,vodka,13.691,False
2026-05-13,P019,Jameson,whiskey,15.96,False
2026-05-13,P020,Jack Daniel's,whiskey,6.904,False
2026-05-13,P021,Johnnie Walker Black,whiskey,12.138,False
2026-05-13,P022,Chivas Regal,whiskey,7.261,False
2026-05-13,P023,Maker's Mark,whiskey,13.691,False
2026-05-13,P024,Glenfiddich 12,whiskey,13.863,False
2026-05-13,P025,Bacardi Carta Blanca,rum,15.453,False
2026-05-13,P026,Havana Club 3,rum,7.347,False
2026-05-13,P027,Captain Morgan,rum,5.718,False
2026-05-13,P028,Diplomatico Reserva,rum,8.375,False
2026-05-13,P029,Jose Cuervo,tequila,10.675,False
2026-05-13,P030,Olmeca Blanco,tequila,13.777,False
2026-05-13,P031,Patron Silver,tequila,14.246,False
2026-05-13,P032,Don Julio Blanco,tequila,12.92,False
2026-05-13,P033,Aperol,aperitif,20.915,False
2026-05-13,P034,Campari,aperitif,23.686,False
2026-05-13,P035,Cointreau,liqueur,3.746,False
2026-05-13,P036,Kahlua,liqueur,11.492,False
2026-05-13,P037,Martini Rosso,vermouth,10.818,False
2026-05-13,P038,House Red Wine,wine,19.918,False
2026-05-13,P039,House White Wine,wine,22.432,False
2026-05-13,P040,Rose Wine,wine,11.8,False
2026-05-13,P041,Prosecco,wine,11.456,False
2026-05-13,P042,Chardonnay,wine,11.24,False
2026-05-13,P043,Coca-Cola,soft_drink,0.0,True
2026-05-13,P044,Coca-Cola Zero,soft_drink,56.0,False
2026-05-13,P045,Sprite,soft_drink,49.2,False
2026-05-13,P046,Tonic Water,soft_drink,58.72,False
2026-05-13,P047,Soda Water,soft_drink,57.12,False
2026-05-13,P048,Red Bull,soft_drink,51.8,False
2026-05-13,P049,Ginger Beer,soft_drink,18.2,False
2026-05-13,P050,Orange Juice,juice,4.0,False
2026-05-13,P051,Cranberry Juice,juice,4.0,False
2026-05-13,P052,Lime Juice,juice,6.493,False
2026-05-13,P053,Lemon Juice,juice,6.4,False
2026-05-13,P054,Sugar Syrup,cocktail_ingredient,5.627,False
2026-05-13,P055,Fresh Mint,cocktail_ingredient,8.038,False
2026-05-13,P056,Coffee Beans,cocktail_ingredient,3.394,False
2026-05-13,K001,Carlsberg 50L,draught_beer,4.457,False
2026-05-13,K002,Tuborg 50L,draught_beer,4.49,False
2026-05-13,K003,Carlsberg 30L,draught_beer,6.819,False
2026-05-13,K004,Malka 30L,draught_beer,5.244,False
2026-05-13,K005,Weihenstephan 30L,draught_beer,4.585,False
2026-05-14,P001,Carlsberg,beer,49.4,False
2026-05-14,P002,Heineken,beer,12.6,False
2026-05-14,P003,Corona,beer,34.2,False
2026-05-14,P004,Guinness,beer,18.6,False
2026-05-14,P005,Goldstar,beer,54.6,False
2026-05-14,P006,Maccabee,beer,37.0,False
2026-05-14,P007,Stella Artois,beer,49.4,False
2026-05-14,P008,Erdinger,beer,26.2,False
2026-05-14,P009,Bombay Sapphire,gin,11.71,False
2026-05-14,P010,Tanqueray,gin,6.404,False
2026-05-14,P011,Hendrick's,gin,8.871,False
2026-05-14,P012,Beefeater,gin,12.32,False
2026-05-14,P013,Gordon's,gin,8.476,False
2026-05-14,P014,Absolut,vodka,16.43,False
2026-05-14,P015,Finlandia,vodka,13.262,False
2026-05-14,P016,Grey Goose,vodka,12.225,False
2026-05-14,P017,Belvedere,vodka,2.635,False
2026-05-14,P018,Stolichnaya,vodka,13.52,False
2026-05-14,P019,Jameson,whiskey,15.188,False
2026-05-14,P020,Jack Daniel's,whiskey,6.133,False
2026-05-14,P021,Johnnie Walker Black,whiskey,11.623,False
2026-05-14,P022,Chivas Regal,whiskey,6.918,False
2026-05-14,P023,Maker's Mark,whiskey,13.52,False
2026-05-14,P024,Glenfiddich 12,whiskey,13.691,False
2026-05-14,P025,Bacardi Carta Blanca,rum,12.29,False
2026-05-14,P026,Havana Club 3,rum,7.004,False
2026-05-14,P027,Captain Morgan,rum,5.29,False
2026-05-14,P028,Diplomatico Reserva,rum,8.289,False
2026-05-14,P029,Jose Cuervo,tequila,10.074,False
2026-05-14,P030,Olmeca Blanco,tequila,13.605,False
2026-05-14,P031,Patron Silver,tequila,12.531,False
2026-05-14,P032,Don Julio Blanco,tequila,12.663,False
2026-05-14,P033,Aperol,aperitif,17.4,False
2026-05-14,P034,Campari,aperitif,22.872,False
2026-05-14,P035,Cointreau,liqueur,2.996,False
2026-05-14,P036,Kahlua,liqueur,10.721,False
2026-05-14,P037,Martini Rosso,vermouth,10.261,False
2026-05-14,P038,House Red Wine,wine,16.746,False
2026-05-14,P039,House White Wine,wine,19.504,False
2026-05-14,P040,Rose Wine,wine,10.4,False
2026-05-14,P041,Prosecco,wine,18.016,False
2026-05-14,P042,Chardonnay,wine,10.44,False
2026-05-14,P043,Coca-Cola,soft_drink,152.3,False
2026-05-14,P044,Coca-Cola Zero,soft_drink,70.0,False
2026-05-14,P045,Sprite,soft_drink,63.2,False
2026-05-14,P046,Tonic Water,soft_drink,46.62,False
2026-05-14,P047,Soda Water,soft_drink,44.66,False
2026-05-14,P048,Red Bull,soft_drink,43.8,False
2026-05-14,P049,Ginger Beer,soft_drink,38.2,False
2026-05-14,P050,Orange Juice,juice,4.0,False
2026-05-14,P051,Cranberry Juice,juice,4.0,False
2026-05-14,P052,Lime Juice,juice,11.278,False
2026-05-14,P053,Lemon Juice,juice,6.225,False
2026-05-14,P054,Sugar Syrup,cocktail_ingredient,5.042,False
2026-05-14,P055,Fresh Mint,cocktail_ingredient,7.795,False
2026-05-14,P056,Coffee Beans,cocktail_ingredient,3.232,False
2026-05-14,K001,Carlsberg 50L,draught_beer,3.749,False
2026-05-14,K002,Tuborg 50L,draught_beer,4.112,False
2026-05-14,K003,Carlsberg 30L,draught_beer,5.651,False
2026-05-14,K004,Malka 30L,draught_beer,4.439,False
2026-05-14,K005,Weihenstephan 30L,draught_beer,4.236,False
2026-05-15,P001,Carlsberg,beer,32.4,False
2026-05-15,P002,Heineken,beer,26.6,False
2026-05-15,P003,Corona,beer,24.2,False
2026-05-15,P004,Guinness,beer,12.6,False
2026-05-15,P005,Goldstar,beer,42.6,False
2026-05-15,P006,Maccabee,beer,30.0,False
2026-05-15,P007,Stella Artois,beer,39.4,False
2026-05-15,P008,Erdinger,beer,21.2,False
2026-05-15,P009,Bombay Sapphire,gin,11.024,False
2026-05-15,P010,Tanqueray,gin,6.061,False
2026-05-15,P011,Hendrick's,gin,7.928,False
2026-05-15,P012,Beefeater,gin,12.148,False
2026-05-15,P013,Gordon's,gin,18.166,False
2026-05-15,P014,Absolut,vodka,14.237,False
2026-05-15,P015,Finlandia,vodka,13.005,False
2026-05-15,P016,Grey Goose,vodka,11.796,False
2026-05-15,P017,Belvedere,vodka,14.292,False
2026-05-15,P018,Stolichnaya,vodka,13.177,False
2026-05-15,P019,Jameson,whiskey,14.074,False
2026-05-15,P020,Jack Daniel's,whiskey,5.447,False
2026-05-15,P021,Johnnie Walker Black,whiskey,11.195,False
2026-05-15,P022,Chivas Regal,whiskey,6.489,False
2026-05-15,P023,Maker's Mark,whiskey,13.263,False
2026-05-15,P024,Glenfiddich 12,whiskey,13.434,False
2026-05-15,P025,Bacardi Carta Blanca,rum,21.353,False
2026-05-15,P026,Havana Club 3,rum,6.661,False
2026-05-15,P027,Captain Morgan,rum,5.033,False
2026-05-15,P028,Diplomatico Reserva,rum,8.118,False
2026-05-15,P029,Jose Cuervo,tequila,9.525,False
2026-05-15,P030,Olmeca Blanco,tequila,13.348,False
2026-05-15,P031,Patron Silver,tequila,10.617,False
2026-05-15,P032,Don Julio Blanco,tequila,12.406,False
2026-05-15,P033,Aperol,aperitif,14.486,False
2026-05-15,P034,Campari,aperitif,21.929,False
2026-05-15,P035,Cointreau,liqueur,14.089,False
2026-05-15,P036,Kahlua,liqueur,9.978,False
2026-05-15,P037,Martini Rosso,vermouth,9.489,False
2026-05-15,P038,House Red Wine,wine,13.086,False
2026-05-15,P039,House White Wine,wine,16.576,False
2026-05-15,P040,Rose Wine,wine,8.8,False
2026-05-15,P041,Prosecco,wine,12.896,False
2026-05-15,P042,Chardonnay,wine,9.64,False
2026-05-15,P043,Coca-Cola,soft_drink,130.4,False
2026-05-15,P044,Coca-Cola Zero,soft_drink,59.0,False
2026-05-15,P045,Sprite,soft_drink,49.2,False
2026-05-15,P046,Tonic Water,soft_drink,36.72,False
2026-05-15,P047,Soda Water,soft_drink,33.8,False
2026-05-15,P048,Red Bull,soft_drink,32.8,False
2026-05-15,P049,Ginger Beer,soft_drink,33.2,False
2026-05-15,P050,Orange Juice,juice,4.0,False
2026-05-15,P051,Cranberry Juice,juice,4.0,False
2026-05-15,P052,Lime Juice,juice,9.993,False
2026-05-15,P053,Lemon Juice,juice,6.0,False
2026-05-15,P054,Sugar Syrup,cocktail_ingredient,4.497,False
2026-05-15,P055,Fresh Mint,cocktail_ingredient,7.57,False
2026-05-15,P056,Coffee Beans,cocktail_ingredient,3.079,False
2026-05-15,K001,Carlsberg 50L,draught_beer,3.088,False
2026-05-15,K002,Tuborg 50L,draught_beer,3.492,False
2026-05-15,K003,Carlsberg 30L,draught_beer,4.765,False
2026-05-15,K004,Malka 30L,draught_beer,3.486,False
2026-05-15,K005,Weihenstephan 30L,draught_beer,3.619,False
2026-05-16,P001,Carlsberg,beer,62.4,False
2026-05-16,P002,Heineken,beer,61.6,False
2026-05-16,P003,Corona,beer,11.2,False
2026-05-16,P004,Guinness,beer,30.6,False
2026-05-16,P005,Goldstar,beer,52.6,False
2026-05-16,P006,Maccabee,beer,47.0,False
2026-05-16,P007,Stella Artois,beer,53.4,False
2026-05-16,P008,Erdinger,beer,40.2,False
2026-05-16,P009,Bombay Sapphire,gin,10.51,False
2026-05-16,P010,Tanqueray,gin,5.632,False
2026-05-16,P011,Hendrick's,gin,6.857,False
2026-05-16,P012,Beefeater,gin,11.891,False
2026-05-16,P013,Gordon's,gin,15.63,False
2026-05-16,P014,Absolut,vodka,12.159,False
2026-05-16,P015,Finlandia,vodka,12.834,False
2026-05-16,P016,Grey Goose,vodka,11.282,False
2026-05-16,P017,Belvedere,vodka,14.034,False
2026-05-16,P018,Stolichnaya,vodka,12.92,False
2026-05-16,P019,Jameson,whiskey,13.302,False
2026-05-16,P020,Jack Daniel's,whiskey,4.504,False
2026-05-16,P021,Johnnie Walker Black,whiskey,10.766,False
2026-05-16,P022,Chivas Regal,whiskey,6.146,False
2026-05-16,P023,Maker's Mark,whiskey,13.006,False
2026-05-16,P024,Glenfiddich 12,whiskey,13.091,False
2026-05-16,P025,Bacardi Carta Blanca,rum,18.05,False
2026-05-16,P026,Havana Club 3,rum,6.061,False
2026-05-16,P027,Captain Morgan,rum,4.604,False
2026-05-16,P028,Diplomatico Reserva,rum,7.946,False
2026-05-16,P029,Jose Cuervo,tequila,8.976,False
2026-05-16,P030,Olmeca Blanco,tequila,13.091,False
2026-05-16,P031,Patron Silver,tequila,8.474,False
2026-05-16,P032,Don Julio Blanco,tequila,12.149,False
2026-05-16,P033,Aperol,aperitif,11.229,False
2026-05-16,P034,Campari,aperitif,20.858,False
2026-05-16,P035,Cointreau,liqueur,13.125,False
2026-05-16,P036,Kahlua,liqueur,9.206,False
2026-05-16,P037,Martini Rosso,vermouth,8.589,False
2026-05-16,P038,House Red Wine,wine,9.914,False
2026-05-16,P039,House White Wine,wine,13.16,False
2026-05-16,P040,Rose Wine,wine,7.6,False
2026-05-16,P041,Prosecco,wine,7.936,False
2026-05-16,P042,Chardonnay,wine,8.64,False
2026-05-16,P043,Coca-Cola,soft_drink,109.5,False
2026-05-16,P044,Coca-Cola Zero,soft_drink,47.0,False
2026-05-16,P045,Sprite,soft_drink,39.2,False
2026-05-16,P046,Tonic Water,soft_drink,24.32,False
2026-05-16,P047,Soda Water,soft_drink,23.46,False
2026-05-16,P048,Red Bull,soft_drink,21.8,False
2026-05-16,P049,Ginger Beer,soft_drink,28.2,False
2026-05-16,P050,Orange Juice,juice,4.0,False
2026-05-16,P051,Cranberry Juice,juice,4.0,False
2026-05-16,P052,Lime Juice,juice,8.573,False
2026-05-16,P053,Lemon Juice,juice,5.775,False
2026-05-16,P054,Sugar Syrup,cocktail_ingredient,3.897,False
2026-05-16,P055,Fresh Mint,cocktail_ingredient,7.318,False
2026-05-16,P056,Coffee Beans,cocktail_ingredient,2.917,False
2026-05-16,K001,Carlsberg 50L,draught_beer,4.315,False
2026-05-16,K002,Tuborg 50L,draught_beer,2.952,False
2026-05-16,K003,Carlsberg 30L,draught_beer,5.423,False
2026-05-16,K004,Malka 30L,draught_beer,5.654,False
2026-05-16,K005,Weihenstephan 30L,draught_beer,3.773,False
2026-05-17,P001,Carlsberg,beer,56.4,False
2026-05-17,P002,Heineken,beer,55.6,False
2026-05-17,P003,Corona,beer,4.2,False
2026-05-17,P004,Guinness,beer,27.6,False
2026-05-17,P005,Goldstar,beer,46.6,False
2026-05-17,P006,Maccabee,beer,44.0,False
2026-05-17,P007,Stella Artois,beer,50.4,False
2026-05-17,P008,Erdinger,beer,38.2,False
2026-05-17,P009,Bombay Sapphire,gin,10.338,False
2026-05-17,P010,Tanqueray,gin,5.461,False
2026-05-17,P011,Hendrick's,gin,6.428,False
2026-05-17,P012,Beefeater,gin,11.806,False
2026-05-17,P013,Gordon's,gin,14.411,False
2026-05-17,P014,Absolut,vodka,10.816,False
2026-05-17,P015,Finlandia,vodka,12.748,False
2026-05-17,P016,Grey Goose,vodka,11.025,False
2026-05-17,P017,Belvedere,vodka,13.949,False
2026-05-17,P018,Stolichnaya,vodka,12.748,False
2026-05-17,P019,Jameson,whiskey,12.702,False
2026-05-17,P020,Jack Daniel's,whiskey,4.247,False
2026-05-17,P021,Johnnie Walker Black,whiskey,10.681,False
2026-05-17,P022,Chivas Regal,whiskey,5.975,False
2026-05-17,P023,Maker's Mark,whiskey,12.92,False
2026-05-17,P024,Glenfiddich 12,whiskey,13.005,False
2026-05-17,P025,Bacardi Carta Blanca,rum,15.976,False
2026-05-17,P026,Havana Club 3,rum,5.804,False
2026-05-17,P027,Captain Morgan,rum,4.347,False
2026-05-17,P028,Diplomatico Reserva,rum,7.861,False
2026-05-17,P029,Jose Cuervo,tequila,8.453,False
2026-05-17,P030,Olmeca Blanco,tequila,12.92,False
2026-05-17,P031,Patron Silver,tequila,7.717,False
2026-05-17,P032,Don Julio Blanco,tequila,12.063,False
2026-05-17,P033,Aperol,aperitif,9.858,False
2026-05-17,P034,Campari,aperitif,20.429,False
2026-05-17,P035,Cointreau,liqueur,12.668,False
2026-05-17,P036,Kahlua,liqueur,8.835,False
2026-05-17,P037,Martini Rosso,vermouth,8.332,False
2026-05-17,P038,House Red Wine,wine,7.718,False
2026-05-17,P039,House White Wine,wine,11.94,False
2026-05-17,P040,Rose Wine,wine,7.2,False
2026-05-17,P041,Prosecco,wine,17.576,False
2026-05-17,P042,Chardonnay,wine,8.44,False
2026-05-17,P043,Coca-Cola,soft_drink,96.7,False
2026-05-17,P044,Coca-Cola Zero,soft_drink,38.0,False
2026-05-17,P045,Sprite,soft_drink,34.2,False
2026-05-17,P046,Tonic Water,soft_drink,17.92,False
2026-05-17,P047,Soda Water,soft_drink,18.4,False
2026-05-17,P048,Red Bull,soft_drink,17.8,False
2026-05-17,P049,Ginger Beer,soft_drink,26.2,False
2026-05-17,P050,Orange Juice,juice,4.0,False
2026-05-17,P051,Cranberry Juice,juice,4.0,False
2026-05-17,P052,Lime Juice,juice,7.888,False
2026-05-17,P053,Lemon Juice,juice,5.575,False
2026-05-17,P054,Sugar Syrup,cocktail_ingredient,3.512,False
2026-05-17,P055,Fresh Mint,cocktail_ingredient,7.147,False
2026-05-17,P056,Coffee Beans,cocktail_ingredient,2.827,False
2026-05-17,K001,Carlsberg 50L,draught_beer,3.905,False
2026-05-17,K002,Tuborg 50L,draught_beer,2.63,False
2026-05-17,K003,Carlsberg 30L,draught_beer,5.021,False
2026-05-17,K004,Malka 30L,draught_beer,5.05,False
2026-05-17,K005,Weihenstephan 30L,draught_beer,3.451,False
2026-05-18,P001,Carlsberg,beer,51.4,False
2026-05-18,P002,Heineken,beer,53.6,False
2026-05-18,P003,Corona,beer,48.2,False
2026-05-18,P004,Guinness,beer,26.6,False
2026-05-18,P005,Goldstar,beer,41.6,False
2026-05-18,P006,Maccabee,beer,42.0,False
2026-05-18,P007,Stella Artois,beer,48.4,False
2026-05-18,P008,Erdinger,beer,36.2,False
2026-05-18,P009,Bombay Sapphire,gin,10.253,False
2026-05-18,P010,Tanqueray,gin,5.289,False
2026-05-18,P011,Hendrick's,gin,6.085,False
2026-05-18,P012,Beefeater,gin,11.72,False
2026-05-18,P013,Gordon's,gin,13.591,False
2026-05-18,P014,Absolut,vodka,10.116,False
2026-05-18,P015,Finlandia,vodka,12.662,False
2026-05-18,P016,Grey Goose,vodka,10.768,False
2026-05-18,P017,Belvedere,vodka,13.863,False
2026-05-18,P018,Stolichnaya,vodka,12.663,False
2026-05-18,P019,Jameson,whiskey,12.274,False
2026-05-18,P020,Jack Daniel's,whiskey,3.904,False
2026-05-18,P021,Johnnie Walker Black,whiskey,10.509,False
2026-05-18,P022,Chivas Regal,whiskey,5.889,False
2026-05-18,P023,Maker's Mark,whiskey,12.835,False
2026-05-18,P024,Glenfiddich 12,whiskey,12.92,False
2026-05-18,P025,Bacardi Carta Blanca,rum,15.297,False
2026-05-18,P026,Havana Club 3,rum,5.718,False
2026-05-18,P027,Captain Morgan,rum,4.261,False
2026-05-18,P028,Diplomatico Reserva,rum,7.861,False
2026-05-18,P029,Jose Cuervo,tequila,8.192,False
2026-05-18,P030,Olmeca Blanco,tequila,12.834,False
2026-05-18,P031,Patron Silver,tequila,7.203,False
2026-05-18,P032,Don Julio Blanco,tequila,12.063,False
2026-05-18,P033,Aperol,aperitif,8.915,False
2026-05-18,P034,Campari,aperitif,20.258,False
2026-05-18,P035,Cointreau,liqueur,12.367,False
2026-05-18,P036,Kahlua,liqueur,8.549,False
2026-05-18,P037,Martini Rosso,vermouth,8.161,False
2026-05-18,P038,House Red Wine,wine,7.23,False
2026-05-18,P039,House White Wine,wine,11.208,False
2026-05-18,P040,Rose Wine,wine,7.0,False
2026-05-18,P041,Prosecco,wine,16.176,False
2026-05-18,P042,Chardonnay,wine,8.04,False
2026-05-18,P043,Coca-Cola,soft_drink,86.5,False
2026-05-18,P044,Coca-Cola Zero,soft_drink,57.0,False
2026-05-18,P045,Sprite,soft_drink,32.2,False
2026-05-18,P046,Tonic Water,soft_drink,64.72,False
2026-05-18,P047,Soda Water,soft_drink,63.08,False
2026-05-18,P048,Red Bull,soft_drink,61.8,False
2026-05-18,P049,Ginger Beer,soft_drink,26.2,False
2026-05-18,P050,Orange Juice,juice,4.0,False
2026-05-18,P051,Cranberry Juice,juice,4.0,False
2026-05-18,P052,Lime Juice,juice,7.558,False
2026-05-18,P053,Lemon Juice,juice,5.525,False
2026-05-18,P054,Sugar Syrup,cocktail_ingredient,9.352,False
2026-05-18,P055,Fresh Mint,cocktail_ingredient,7.093,False
2026-05-18,P056,Coffee Beans,cocktail_ingredient,2.764,False
2026-05-18,K001,Carlsberg 50L,draught_beer,3.599,False
2026-05-18,K002,Tuborg 50L,draught_beer,3.437,False
2026-05-18,K003,Carlsberg 30L,draught_beer,4.444,False
2026-05-18,K004,Malka 30L,draught_beer,4.849,False
2026-05-18,K005,Weihenstephan 30L,draught_beer,3.129,False
2026-05-19,P001,Carlsberg,beer,45.4,False
2026-05-19,P002,Heineken,beer,48.6,False
2026-05-19,P003,Corona,beer,42.2,False
2026-05-19,P004,Guinness,beer,24.6,False
2026-05-19,P005,Goldstar,beer,32.6,False
2026-05-19,P006,Maccabee,beer,40.0,False
2026-05-19,P007,Stella Artois,beer,44.4,False
2026-05-19,P008,Erdinger,beer,34.2,False
2026-05-19,P009,Bombay Sapphire,gin,10.081,False
2026-05-19,P010,Tanqueray,gin,5.118,False
2026-05-19,P011,Hendrick's,gin,5.871,False
2026-05-19,P012,Beefeater,gin,11.549,False
2026-05-19,P013,Gordon's,gin,12.668,False
2026-05-19,P014,Absolut,vodka,21.373,False
2026-05-19,P015,Finlandia,vodka,12.577,False
2026-05-19,P016,Grey Goose,vodka,10.596,False
2026-05-19,P017,Belvedere,vodka,13.777,False
2026-05-19,P018,Stolichnaya,vodka,12.577,False
2026-05-19,P019,Jameson,whiskey,12.017,False
2026-05-19,P020,Jack Daniel's,whiskey,3.647,False
2026-05-19,P021,Johnnie Walker Black,whiskey,10.252,False
2026-05-19,P022,Chivas Regal,whiskey,5.718,False
2026-05-19,P023,Maker's Mark,whiskey,12.749,False
2026-05-19,P024,Glenfiddich 12,whiskey,12.834,False
2026-05-19,P025,Bacardi Carta Blanca,rum,14.53,False
2026-05-19,P026,Havana Club 3,rum,5.547,False
2026-05-19,P027,Captain Morgan,rum,4.176,False
2026-05-19,P028,Diplomatico Reserva,rum,7.775,False
2026-05-19,P029,Jose Cuervo,tequila,7.878,False
2026-05-19,P030,Olmeca Blanco,tequila,12.748,False
2026-05-19,P031,Patron Silver,tequila,18.617,False
2026-05-19,P032,Don Julio Blanco,tequila,11.977,False
2026-05-19,P033,Aperol,aperitif,18.943,False
2026-05-19,P034,Campari,aperitif,20.044,False
2026-05-19,P035,Cointreau,liqueur,11.996,False
2026-05-19,P036,Kahlua,liqueur,8.435,False
2026-05-19,P037,Martini Rosso,vermouth,8.032,False
2026-05-19,P038,House Red Wine,wine,18.498,False
2026-05-19,P039,House White Wine,wine,21.988,False
2026-05-19,P040,Rose Wine,wine,6.6,False
2026-05-19,P041,Prosecco,wine,25.376,False
2026-05-19,P042,Chardonnay,wine,8.04,False
2026-05-19,P043,Coca-Cola,soft_drink,72.1,False
2026-05-19,P044,Coca-Cola Zero,soft_drink,55.0,False
2026-05-19,P045,Sprite,soft_drink,28.2,False
2026-05-19,P046,Tonic Water,soft_drink,61.62,False
2026-05-19,P047,Soda Water,soft_drink,59.4,False
2026-05-19,P048,Red Bull,soft_drink,57.8,False
2026-05-19,P049,Ginger Beer,soft_drink,25.2,False
2026-05-19,P050,Orange Juice,juice,4.0,False
2026-05-19,P051,Cranberry Juice,juice,4.0,False
2026-05-19,P052,Lime Juice,juice,7.248,False
2026-05-19,P053,Lemon Juice,juice,5.425,False
2026-05-19,P054,Sugar Syrup,cocktail_ingredient,9.252,False
2026-05-19,P055,Fresh Mint,cocktail_ingredient,7.057,False
2026-05-19,P056,Coffee Beans,cocktail_ingredient,2.728,False
2026-05-19,K001,Carlsberg 50L,draught_beer,3.405,False
2026-05-19,K002,Tuborg 50L,draught_beer,3.268,False
2026-05-19,K003,Carlsberg 30L,draught_beer,4.068,False
2026-05-19,K004,Malka 30L,draught_beer,4.728,False
2026-05-19,K005,Weihenstephan 30L,draught_beer,3.008,False
2026-05-20,P001,Carlsberg,beer,86.4,False
2026-05-20,P002,Heineken,beer,65.6,False
2026-05-20,P003,Corona,beer,60.2,False
2026-05-20,P004,Guinness,beer,45.6,False
2026-05-20,P005,Goldstar,beer,72.6,False
2026-05-20,P006,Maccabee,beer,34.0,False
2026-05-20,P007,Stella Artois,beer,39.4,False
2026-05-20,P008,Erdinger,beer,32.2,False
2026-05-20,P009,Bombay Sapphire,gin,9.738,False
2026-05-20,P010,Tanqueray,gin,4.861,False
2026-05-20,P011,Hendrick's,gin,5.357,False
2026-05-20,P012,Beefeater,gin,11.377,False
2026-05-20,P013,Gordon's,gin,11.038,False
2026-05-20,P014,Absolut,vodka,20.023,False
2026-05-20,P015,Finlandia,vodka,12.405,False
2026-05-20,P016,Grey Goose,vodka,10.339,False
2026-05-20,P017,Belvedere,vodka,13.606,False
2026-05-20,P018,Stolichnaya,vodka,12.406,False
2026-05-20,P019,Jameson,whiskey,11.417,False
2026-05-20,P020,Jack Daniel's,whiskey,2.962,False
2026-05-20,P021,Johnnie Walker Black,whiskey,9.995,False
2026-05-20,P022,Chivas Regal,whiskey,5.461,False
2026-05-20,P023,Maker's Mark,whiskey,12.577,False
2026-05-20,P024,Glenfiddich 12,whiskey,12.663,False
2026-05-20,P025,Bacardi Carta Blanca,rum,12.482,False
2026-05-20,P026,Havana Club 3,rum,5.375,False
2026-05-20,P027,Captain Morgan,rum,3.918,False
2026-05-20,P028,Diplomatico Reserva,rum,7.689,False
2026-05-20,P029,Jose Cuervo,tequila,7.59,False
2026-05-20,P030,Olmeca Blanco,tequila,12.577,False
2026-05-20,P031,Patron Silver,tequila,17.288,False
2026-05-20,P032,Don Julio Blanco,tequila,11.806,False
2026-05-20,P033,Aperol,aperitif,17.058,False
2026-05-20,P034,Campari,aperitif,19.272,False
2026-05-20,P035,Cointreau,liqueur,11.418,False
2026-05-20,P036,Kahlua,liqueur,7.921,False
2026-05-20,P037,Martini Rosso,vermouth,7.604,False
2026-05-20,P038,House Red Wine,wine,16.79,False
2026-05-20,P039,House White Wine,wine,19.304,False
2026-05-20,P040,Rose Wine,wine,6.0,False
2026-05-20,P041,Prosecco,wine,22.296,False
2026-05-20,P042,Chardonnay,wine,7.44,False
2026-05-20,P043,Coca-Cola,soft_drink,58.8,False
2026-05-20,P044,Coca-Cola Zero,soft_drink,46.0,False
2026-05-20,P045,Sprite,soft_drink,46.2,False
2026-05-20,P046,Tonic Water,soft_drink,54.72,False
2026-05-20,P047,Soda Water,soft_drink,50.98,False
2026-05-20,P048,Red Bull,soft_drink,51.8,False
2026-05-20,P049,Ginger Beer,soft_drink,23.2,False
2026-05-20,P050,Orange Juice,juice,4.0,False
2026-05-20,P051,Cranberry Juice,juice,4.0,False
2026-05-20,P052,Lime Juice,juice,6.323,False
2026-05-20,P053,Lemon Juice,juice,5.35,False
2026-05-20,P054,Sugar Syrup,cocktail_ingredient,8.847,False
2026-05-20,P055,Fresh Mint,cocktail_ingredient,6.886,False
2026-05-20,P056,Coffee Beans,cocktail_ingredient,2.62,False
2026-05-20,K001,Carlsberg 50L,draught_beer,2.793,False
2026-05-20,K002,Tuborg 50L,draught_beer,5.051,False
2026-05-20,K003,Carlsberg 30L,draught_beer,6.155,False
2026-05-20,K004,Malka 30L,draught_beer,5.352,False
2026-05-20,K005,Weihenstephan 30L,draught_beer,4.525,False
2026-05-21,P001,Carlsberg,beer,78.4,False
2026-05-21,P002,Heineken,beer,57.6,False
2026-05-21,P003,Corona,beer,51.2,False
2026-05-21,P004,Guinness,beer,41.6,False
2026-05-21,P005,Goldstar,beer,64.6,False
2026-05-21,P006,Maccabee,beer,31.0,False
2026-05-21,P007,Stella Artois,beer,33.4,False
2026-05-21,P008,Erdinger,beer,28.2,False
2026-05-21,P009,Bombay Sapphire,gin,9.31,False
2026-05-21,P010,Tanqueray,gin,4.604,False
2026-05-21,P011,Hendrick's,gin,4.8,False
2026-05-21,P012,Beefeater,gin,11.12,False
2026-05-21,P013,Gordon's,gin,9.269,False
2026-05-21,P014,Absolut,vodka,18.73,False
2026-05-21,P015,Finlandia,vodka,12.32,False
2026-05-21,P016,Grey Goose,vodka,9.996,False
2026-05-21,P017,Belvedere,vodka,13.435,False
2026-05-21,P018,Stolichnaya,vodka,12.234,False
2026-05-21,P019,Jameson,whiskey,10.731,False
2026-05-21,P020,Jack Daniel's,whiskey,14.276,False
2026-05-21,P021,Johnnie Walker Black,whiskey,9.566,False
2026-05-21,P022,Chivas Regal,whiskey,5.204,False
2026-05-21,P023,Maker's Mark,whiskey,12.32,False
2026-05-21,P024,Glenfiddich 12,whiskey,12.491,False
2026-05-21,P025,Bacardi Carta Blanca,rum,10.277,False
2026-05-21,P026,Havana Club 3,rum,5.118,False
2026-05-21,P027,Captain Morgan,rum,3.661,False
2026-05-21,P028,Diplomatico Reserva,rum,7.603,False
2026-05-21,P029,Jose Cuervo,tequila,7.094,False
2026-05-21,P030,Olmeca Blanco,tequila,12.32,False
2026-05-21,P031,Patron Silver,tequila,16.317,False
2026-05-21,P032,Don Julio Blanco,tequila,11.634,False
2026-05-21,P033,Aperol,aperitif,14.4,False
2026-05-21,P034,Campari,aperitif,18.715,False
2026-05-21,P035,Cointreau,liqueur,10.896,False
2026-05-21,P036,Kahlua,liqueur,7.435,False
2026-05-21,P037,Martini Rosso,vermouth,7.132,False
2026-05-21,P038,House Red Wine,wine,13.862,False
2026-05-21,P039,House White Wine,wine,16.62,False
2026-05-21,P040,Rose Wine,wine,17.0,False
2026-05-21,P041,Prosecco,wine,18.576,False
2026-05-21,P042,Chardonnay,wine,6.84,False
2026-05-21,P043,Coca-Cola,soft_drink,96.1,False
2026-05-21,P044,Coca-Cola Zero,soft_drink,63.0,False
2026-05-21,P045,Sprite,soft_drink,61.2,False
2026-05-21,P046,Tonic Water,soft_drink,70.42,False
2026-05-21,P047,Soda Water,soft_drink,66.5,False
2026-05-21,P048,Red Bull,soft_drink,45.8,False
2026-05-21,P049,Ginger Beer,soft_drink,20.2,False
2026-05-21,P050,Orange Juice,juice,4.0,False
2026-05-21,P051,Cranberry Juice,juice,4.0,False
2026-05-21,P052,Lime Juice,juice,11.623,False
2026-05-21,P053,Lemon Juice,juice,5.175,False
2026-05-21,P054,Sugar Syrup,cocktail_ingredient,8.497,False
2026-05-21,P055,Fresh Mint,cocktail_ingredient,6.742,False
2026-05-21,P056,Coffee Beans,cocktail_ingredient,8.521,False
2026-05-21,K001,Carlsberg 50L,draught_beer,2.318,False
2026-05-21,K002,Tuborg 50L,draught_beer,4.64,False
2026-05-21,K003,Carlsberg 30L,draught_beer,5.511,False
2026-05-21,K004,Malka 30L,draught_beer,4.842,False
2026-05-21,K005,Weihenstephan 30L,draught_beer,4.002,False
2026-05-22,P001,Carlsberg,beer,60.4,False
2026-05-22,P002,Heineken,beer,41.6,False
2026-05-22,P003,Corona,beer,36.2,False
2026-05-22,P004,Guinness,beer,34.6,False
2026-05-22,P005,Goldstar,beer,47.6,False
2026-05-22,P006,Maccabee,beer,22.0,False
2026-05-22,P007,Stella Artois,beer,21.4,False
2026-05-22,P008,Erdinger,beer,22.2,False
2026-05-22,P009,Bombay Sapphire,gin,8.624,False
2026-05-22,P010,Tanqueray,gin,4.175,False
2026-05-22,P011,Hendrick's,gin,15.471,False
2026-05-22,P012,Beefeater,gin,10.863,False
2026-05-22,P013,Gordon's,gin,17.827,False
2026-05-22,P014,Absolut,vodka,15.808,False
2026-05-22,P015,Finlandia,vodka,11.977,False
2026-05-22,P016,Grey Goose,vodka,9.311,False
2026-05-22,P017,Belvedere,vodka,13.092,False
2026-05-22,P018,Stolichnaya,vodka,11.891,False
2026-05-22,P019,Jameson,whiskey,9.531,False
2026-05-22,P020,Jack Daniel's,whiskey,12.99,False
2026-05-22,P021,Johnnie Walker Black,whiskey,8.881,False
2026-05-22,P022,Chivas Regal,whiskey,4.689,False
2026-05-22,P023,Maker's Mark,whiskey,11.977,False
2026-05-22,P024,Glenfiddich 12,whiskey,12.148,False
2026-05-22,P025,Bacardi Carta Blanca,rum,18.016,False
2026-05-22,P026,Havana Club 3,rum,4.604,False
2026-05-22,P027,Captain Morgan,rum,3.147,False
2026-05-22,P028,Diplomatico Reserva,rum,7.432,False
2026-05-22,P029,Jose Cuervo,tequila,6.179,False
2026-05-22,P030,Olmeca Blanco,tequila,11.977,False
2026-05-22,P031,Patron Silver,tequila,13.874,False
2026-05-22,P032,Don Julio Blanco,tequila,11.291,False
2026-05-22,P033,Aperol,aperitif,22.115,False
2026-05-22,P034,Campari,aperitif,17.301,False
2026-05-22,P035,Cointreau,liqueur,9.717,False
2026-05-22,P036,Kahlua,liqueur,6.349,False
2026-05-22,P037,Martini Rosso,vermouth,6.146,False
2026-05-22,P038,House Red Wine,wine,20.982,False
2026-05-22,P039,House White Wine,wine,23.496,False
2026-05-22,P040,Rose Wine,wine,15.0,False
2026-05-22,P041,Prosecco,wine,23.496,False
2026-05-22,P042,Chardonnay,wine,5.84,False
2026-05-22,P043,Coca-Cola,soft_drink,64.0,False
2026-05-22,P044,Coca-Cola Zero,soft_drink,49.0,False
2026-05-22,P045,Sprite,soft_drink,45.2,False
2026-05-22,P046,Tonic Water,soft_drink,49.52,False
2026-05-22,P047,Soda Water,soft_drink,50.54,False
2026-05-22,P048,Red Bull,soft_drink,32.8,False
2026-05-22,P049,Ginger Beer,soft_drink,15.2,False
2026-05-22,P050,Orange Juice,juice,4.0,False
2026-05-22,P051,Cranberry Juice,juice,4.0,False
2026-05-22,P052,Lime Juice,juice,9.913,False
2026-05-22,P053,Lemon Juice,juice,4.9,False
2026-05-22,P054,Sugar Syrup,cocktail_ingredient,7.697,False
2026-05-22,P055,Fresh Mint,cocktail_ingredient,6.418,False
2026-05-22,P056,Coffee Beans,cocktail_ingredient,8.287,False
2026-05-22,K001,Carlsberg 50L,draught_beer,1.296,False
2026-05-22,K002,Tuborg 50L,draught_beer,4.02,False
2026-05-22,K003,Carlsberg 30L,draught_beer,3.86,False
2026-05-22,K004,Malka 30L,draught_beer,3.581,False
2026-05-22,K005,Weihenstephan 30L,draught_beer,3.21,False
2026-05-23,P001,Carlsberg,beer,69.4,False
2026-05-23,P002,Heineken,beer,54.6,False
2026-05-23,P003,Corona,beer,50.2,False
2026-05-23,P004,Guinness,beer,30.6,False
2026-05-23,P005,Goldstar,beer,59.6,False
2026-05-23,P006,Maccabee,beer,42.0,False
2026-05-23,P007,Stella Artois,beer,39.4,False
2026-05-23,P008,Erdinger,beer,19.2,False
2026-05-23,P009,Bombay Sapphire,gin,8.281,False
2026-05-23,P010,Tanqueray,gin,3.918,False
2026-05-23,P011,Hendrick's,gin,14.785,False
2026-05-23,P012,Beefeater,gin,10.691,False
2026-05-23,P013,Gordon's,gin,16.128,False
2026-05-23,P014,Absolut,vodka,13.987,False
2026-05-23,P015,Finlandia,vodka,11.805,False
2026-05-23,P016,Grey Goose,vodka,8.968,False
2026-05-23,P017,Belvedere,vodka,12.92,False
2026-05-23,P018,Stolichnaya,vodka,11.634,False
2026-05-23,P019,Jameson,whiskey,8.76,False
2026-05-23,P020,Jack Daniel's,whiskey,12.39,False
2026-05-23,P021,Johnnie Walker Black,whiskey,8.452,False
2026-05-23,P022,Chivas Regal,whiskey,4.347,False
2026-05-23,P023,Maker's Mark,whiskey,11.806,False
2026-05-23,P024,Glenfiddich 12,whiskey,12.063,False
2026-05-23,P025,Bacardi Carta Blanca,rum,14.922,False
2026-05-23,P026,Havana Club 3,rum,4.433,False
2026-05-23,P027,Captain Morgan,rum,2.719,False
2026-05-23,P028,Diplomatico Reserva,rum,7.346,False
2026-05-23,P029,Jose Cuervo,tequila,5.734,False
2026-05-23,P030,Olmeca Blanco,tequila,11.806,False
2026-05-23,P031,Patron Silver,tequila,12.388,False
2026-05-23,P032,Don Julio Blanco,tequila,11.12,False
2026-05-23,P033,Aperol,aperitif,19.972,False
2026-05-23,P034,Campari,aperitif,16.615,False
2026-05-23,P035,Cointreau,liqueur,9.068,False
2026-05-23,P036,Kahlua,liqueur,5.663,False
2026-05-23,P037,Martini Rosso,vermouth,5.632,False
2026-05-23,P038,House Red Wine,wine,18.542,False
2026-05-23,P039,House White Wine,wine,21.056,False
2026-05-23,P040,Rose Wine,wine,14.0,False
2026-05-23,P041,Prosecco,wine,19.856,False
2026-05-23,P042,Chardonnay,wine,4.84,False
2026-05-23,P043,Coca-Cola,soft_drink,49.5,False
2026-05-23,P044,Coca-Cola Zero,soft_drink,40.0,False
2026-05-23,P045,Sprite,soft_drink,34.2,False
2026-05-23,P046,Tonic Water,soft_drink,38.92,False
2026-05-23,P047,Soda Water,soft_drink,39.86,False
2026-05-23,P048,Red Bull,soft_drink,23.8,False
2026-05-23,P049,Ginger Beer,soft_drink,13.2,False
2026-05-23,P050,Orange Juice,juice,4.0,False
2026-05-23,P051,Cranberry Juice,juice,4.0,False
2026-05-23,P052,Lime Juice,juice,8.733,False
2026-05-23,P053,Lemon Juice,juice,4.775,False
2026-05-23,P054,Sugar Syrup,cocktail_ingredient,7.097,False
2026-05-23,P055,Fresh Mint,cocktail_ingredient,6.166,False
2026-05-23,P056,Coffee Beans,cocktail_ingredient,8.125,False
2026-05-23,K001,Carlsberg 50L,draught_beer,6.732,False
2026-05-23,K002,Tuborg 50L,draught_beer,4.569,False
2026-05-23,K003,Carlsberg 30L,draught_beer,6.096,False
2026-05-23,K004,Malka 30L,draught_beer,4.816,False
2026-05-23,K005,Weihenstephan 30L,draught_beer,4.968,False
2026-05-24,P001,Carlsberg,beer,57.4,False
2026-05-24,P002,Heineken,beer,44.6,False
2026-05-24,P003,Corona,beer,44.2,False
2026-05-24,P004,Guinness,beer,28.6,False
2026-05-24,P005,Goldstar,beer,54.6,False
2026-05-24,P006,Maccabee,beer,39.0,False
2026-05-24,P007,Stella Artois,beer,36.4,False
2026-05-24,P008,Erdinger,beer,17.2,False
2026-05-24,P009,Bombay Sapphire,gin,7.938,False
2026-05-24,P010,Tanqueray,gin,3.747,False
2026-05-24,P011,Hendrick's,gin,14.314,False
2026-05-24,P012,Beefeater,gin,10.606,False
2026-05-24,P013,Gordon's,gin,14.899,False
2026-05-24,P014,Absolut,vodka,12.994,False
2026-05-24,P015,Finlandia,vodka,11.72,False
2026-05-24,P016,Grey Goose,vodka,8.711,False
2026-05-24,P017,Belvedere,vodka,12.749,False
2026-05-24,P018,Stolichnaya,vodka,11.549,False
2026-05-24,P019,Jameson,whiskey,8.331,False
2026-05-24,P020,Jack Daniel's,whiskey,12.133,False
2026-05-24,P021,Johnnie Walker Black,whiskey,8.281,False
2026-05-24,P022,Chivas Regal,whiskey,4.175,False
2026-05-24,P023,Maker's Mark,whiskey,11.635,False
2026-05-24,P024,Glenfiddich 12,whiskey,11.977,False
2026-05-24,P025,Bacardi Carta Blanca,rum,13.362,False
2026-05-24,P026,Havana Club 3,rum,4.261,False
2026-05-24,P027,Captain Morgan,rum,2.633,False
2026-05-24,P028,Diplomatico Reserva,rum,7.261,False
2026-05-24,P029,Jose Cuervo,tequila,5.394,False
2026-05-24,P030,Olmeca Blanco,tequila,11.634,False
2026-05-24,P031,Patron Silver,tequila,11.66,False
2026-05-24,P032,Don Julio Blanco,tequila,11.034,False
2026-05-24,P033,Aperol,aperitif,18.772,False
2026-05-24,P034,Campari,aperitif,16.058,False
2026-05-24,P035,Cointreau,liqueur,8.617,False
2026-05-24,P036,Kahlua,liqueur,5.263,False
2026-05-24,P037,Martini Rosso,vermouth,5.247,False
2026-05-24,P038,House Red Wine,wine,17.078,False
2026-05-24,P039,House White Wine,wine,19.592,False
2026-05-24,P040,Rose Wine,wine,13.2,False
2026-05-24,P041,Prosecco,wine,17.696,False
2026-05-24,P042,Chardonnay,wine,4.24,False
2026-05-24,P043,Coca-Cola,soft_drink,41.0,False
2026-05-24,P044,Coca-Cola Zero,soft_drink,35.0,False
2026-05-24,P045,Sprite,soft_drink,30.2,False
2026-05-24,P046,Tonic Water,soft_drink,32.22,False
2026-05-24,P047,Soda Water,soft_drink,35.4,False
2026-05-24,P048,Red Bull,soft_drink,17.8,False
2026-05-24,P049,Ginger Beer,soft_drink,10.2,False
2026-05-24,P050,Orange Juice,juice,4.0,False
2026-05-24,P051,Cranberry Juice,juice,4.0,False
2026-05-24,P052,Lime Juice,juice,8.113,False
2026-05-24,P053,Lemon Juice,juice,4.65,False
2026-05-24,P054,Sugar Syrup,cocktail_ingredient,6.777,False
2026-05-24,P055,Fresh Mint,cocktail_ingredient,6.04,False
2026-05-24,P056,Coffee Beans,cocktail_ingredient,8.026,False
2026-05-24,K001,Carlsberg 50L,draught_beer,6.305,False
2026-05-24,K002,Tuborg 50L,draught_beer,4.255,False
2026-05-24,K003,Carlsberg 30L,draught_beer,5.532,False
2026-05-24,K004,Malka 30L,draught_beer,4.454,False
2026-05-24,K005,Weihenstephan 30L,draught_beer,4.686,False
2026-05-25,P001,Carlsberg,beer,51.4,False
2026-05-25,P002,Heineken,beer,39.6,False
2026-05-25,P003,Corona,beer,41.2,False
2026-05-25,P004,Guinness,beer,27.6,False
2026-05-25,P005,Goldstar,beer,47.6,False
2026-05-25,P006,Maccabee,beer,37.0,False
2026-05-25,P007,Stella Artois,beer,33.4,False
2026-05-25,P008,Erdinger,beer,16.2,False
2026-05-25,P009,Bombay Sapphire,gin,7.681,False
2026-05-25,P010,Tanqueray,gin,3.575,False
2026-05-25,P011,Hendrick's,gin,14.1,False
2026-05-25,P012,Beefeater,gin,10.52,False
2026-05-25,P013,Gordon's,gin,14.446,False
2026-05-25,P014,Absolut,vodka,12.265,False
2026-05-25,P015,Finlandia,vodka,11.634,False
2026-05-25,P016,Grey Goose,vodka,8.454,False
2026-05-25,P017,Belvedere,vodka,12.663,False
2026-05-25,P018,Stolichnaya,vodka,11.463,False
2026-05-25,P019,Jameson,whiskey,7.902,False
2026-05-25,P020,Jack Daniel's,whiskey,11.704,False
2026-05-25,P021,Johnnie Walker Black,whiskey,8.109,False
2026-05-25,P022,Chivas Regal,whiskey,3.918,False
2026-05-25,P023,Maker's Mark,whiskey,11.549,False
2026-05-25,P024,Glenfiddich 12,whiskey,11.806,False
2026-05-25,P025,Bacardi Carta Blanca,rum,12.77,False
2026-05-25,P026,Havana Club 3,rum,4.09,False
2026-05-25,P027,Captain Morgan,rum,2.461,False
2026-05-25,P028,Diplomatico Reserva,rum,7.175,False
2026-05-25,P029,Jose Cuervo,tequila,5.238,False
2026-05-25,P030,Olmeca Blanco,tequila,11.549,False
2026-05-25,P031,Patron Silver,tequila,11.403,False
2026-05-25,P032,Don Julio Blanco,tequila,10.949,False
2026-05-25,P033,Aperol,aperitif,18.429,False
2026-05-25,P034,Campari,aperitif,15.844,False
2026-05-25,P035,Cointreau,liqueur,8.575,False
2026-05-25,P036,Kahlua,liqueur,5.092,False
2026-05-25,P037,Martini Rosso,vermouth,5.032,False
2026-05-25,P038,House Red Wine,wine,16.102,False
2026-05-25,P039,House White Wine,wine,18.86,False
2026-05-25,P040,Rose Wine,wine,12.8,False
2026-05-25,P041,Prosecco,wine,17.056,False
2026-05-25,P042,Chardonnay,wine,3.84,False
2026-05-25,P043,Coca-Cola,soft_drink,102.8,False
2026-05-25,P044,Coca-Cola Zero,soft_drink,55.0,False
2026-05-25,P045,Sprite,soft_drink,49.2,False
2026-05-25,P046,Tonic Water,soft_drink,77.92,False
2026-05-25,P047,Soda Water,soft_drink,56.68,False
2026-05-25,P048,Red Bull,soft_drink,64.8,False
2026-05-25,P049,Ginger Beer,soft_drink,33.2,False
2026-05-25,P050,Orange Juice,juice,4.0,False
2026-05-25,P051,Cranberry Juice,juice,4.0,False
2026-05-25,P052,Lime Juice,juice,7.988,False
2026-05-25,P053,Lemon Juice,juice,4.6,False
2026-05-25,P054,Sugar Syrup,cocktail_ingredient,6.672,False
2026-05-25,P055,Fresh Mint,cocktail_ingredient,5.995,False
2026-05-25,P056,Coffee Beans,cocktail_ingredient,7.999,False
2026-05-25,K001,Carlsberg 50L,draught_beer,6.12,False
2026-05-25,K002,Tuborg 50L,draught_beer,4.062,False
2026-05-25,K003,Carlsberg 30L,draught_beer,5.237,False
2026-05-25,K004,Malka 30L,draught_beer,4.078,False
2026-05-25,K005,Weihenstephan 30L,draught_beer,4.378,False
2026-05-26,P001,Carlsberg,beer,45.4,False
2026-05-26,P002,Heineken,beer,34.6,False
2026-05-26,P003,Corona,beer,34.2,False
2026-05-26,P004,Guinness,beer,24.6,False
2026-05-26,P005,Goldstar,beer,40.6,False
2026-05-26,P006,Maccabee,beer,35.0,False
2026-05-26,P007,Stella Artois,beer,29.4,False
2026-05-26,P008,Erdinger,beer,15.2,False
2026-05-26,P009,Bombay Sapphire,gin,7.596,False
2026-05-26,P010,Tanqueray,gin,3.49,False
2026-05-26,P011,Hendrick's,gin,13.843,False
2026-05-26,P012,Beefeater,gin,10.349,False
2026-05-26,P013,Gordon's,gin,13.086,False
2026-05-26,P014,Absolut,vodka,11.337,False
2026-05-26,P015,Finlandia,vodka,11.548,False
2026-05-26,P016,Grey Goose,vodka,8.368,False
2026-05-26,P017,Belvedere,vodka,12.578,False
2026-05-26,P018,Stolichnaya,vodka,11.377,False
2026-05-26,P019,Jameson,whiskey,7.731,False
2026-05-26,P020,Jack Daniel's,whiskey,11.447,False
2026-05-26,P021,Johnnie Walker Black,whiskey,7.852,False
2026-05-26,P022,Chivas Regal,whiskey,3.747,False
2026-05-26,P023,Maker's Mark,whiskey,11.463,False
2026-05-26,P024,Glenfiddich 12,whiskey,11.806,False
2026-05-26,P025,Bacardi Carta Blanca,rum,11.619,False
2026-05-26,P026,Havana Club 3,rum,3.833,False
2026-05-26,P027,Captain Morgan,rum,14.29,False
2026-05-26,P028,Diplomatico Reserva,rum,7.175,False
2026-05-26,P029,Jose Cuervo,tequila,4.872,False
2026-05-26,P030,Olmeca Blanco,tequila,11.463,False
2026-05-26,P031,Patron Silver,tequila,10.96,False
2026-05-26,P032,Don Julio Blanco,tequila,10.863,False
2026-05-26,P033,Aperol,aperitif,16.886,False
2026-05-26,P034,Campari,aperitif,15.586,False
2026-05-26,P035,Cointreau,liqueur,8.303,False
2026-05-26,P036,Kahlua,liqueur,4.778,False
2026-05-26,P037,Martini Rosso,vermouth,4.947,False
2026-05-26,P038,House Red Wine,wine,15.126,False
2026-05-26,P039,House White Wine,wine,17.64,False
2026-05-26,P040,Rose Wine,wine,12.2,False
2026-05-26,P041,Prosecco,wine,26.536,False
2026-05-26,P042,Chardonnay,wine,15.24,False
2026-05-26,P043,Coca-Cola,soft_drink,87.6,False
2026-05-26,P044,Coca-Cola Zero,soft_drink,53.0,False
2026-05-26,P045,Sprite,soft_drink,43.2,False
2026-05-26,P046,Tonic Water,soft_drink,70.22,False
2026-05-26,P047,Soda Water,soft_drink,51.64,False
2026-05-26,P048,Red Bull,soft_drink,61.8,False
2026-05-26,P049,Ginger Beer,soft_drink,31.2,False
2026-05-26,P050,Orange Juice,juice,4.0,False
2026-05-26,P051,Cranberry Juice,juice,4.0,False
2026-05-26,P052,Lime Juice,juice,7.613,False
2026-05-26,P053,Lemon Juice,juice,4.55,False
2026-05-26,P054,Sugar Syrup,cocktail_ingredient,6.457,False
2026-05-26,P055,Fresh Mint,cocktail_ingredient,5.914,False
2026-05-26,P056,Coffee Beans,cocktail_ingredient,7.927,False
2026-05-26,K001,Carlsberg 50L,draught_beer,5.766,False
2026-05-26,K002,Tuborg 50L,draught_beer,3.812,False
2026-05-26,K003,Carlsberg 30L,draught_beer,4.78,False
2026-05-26,K004,Malka 30L,draught_beer,3.407,False
2026-05-26,K005,Weihenstephan 30L,draught_beer,4.163,False
2026-05-27,P001,Carlsberg,beer,83.4,False
2026-05-27,P002,Heineken,beer,49.6,False
2026-05-27,P003,Corona,beer,51.2,False
2026-05-27,P004,Guinness,beer,21.6,False
2026-05-27,P005,Goldstar,beer,57.6,False
2026-05-27,P006,Maccabee,beer,30.0,False
2026-05-27,P007,Stella Artois,beer,48.4,False
2026-05-27,P008,Erdinger,beer,36.2,False
2026-05-27,P009,Bombay Sapphire,gin,7.424,False
2026-05-27,P010,Tanqueray,gin,3.318,False
2026-05-27,P011,Hendrick's,gin,13.157,False
2026-05-27,P012,Beefeater,gin,10.263,False
2026-05-27,P013,Gordon's,gin,12.102,False
2026-05-27,P014,Absolut,vodka,10.144,False
2026-05-27,P015,Finlandia,vodka,11.463,False
2026-05-27,P016,Grey Goose,vodka,8.196,False
2026-05-27,P017,Belvedere,vodka,12.406,False
2026-05-27,P018,Stolichnaya,vodka,11.291,False
2026-05-27,P019,Jameson,whiskey,7.131,False
2026-05-27,P020,Jack Daniel's,whiskey,10.933,False
2026-05-27,P021,Johnnie Walker Black,whiskey,7.424,False
2026-05-27,P022,Chivas Regal,whiskey,3.49,False
2026-05-27,P023,Maker's Mark,whiskey,11.292,False
2026-05-27,P024,Glenfiddich 12,whiskey,11.634,False
2026-05-27,P025,Bacardi Carta Blanca,rum,9.328,False
2026-05-27,P026,Havana Club 3,rum,3.576,False
2026-05-27,P027,Captain Morgan,rum,14.033,False
2026-05-27,P028,Diplomatico Reserva,rum,7.089,False
2026-05-27,P029,Jose Cuervo,tequila,4.427,False
2026-05-27,P030,Olmeca Blanco,tequila,11.291,False
2026-05-27,P031,Patron Silver,tequila,9.931,False
2026-05-27,P032,Don Julio Blanco,tequila,10.606,False
2026-05-27,P033,Aperol,aperitif,15.6,False
2026-05-27,P034,Campari,aperitif,14.815,False
2026-05-27,P035,Cointreau,liqueur,7.768,False
2026-05-27,P036,Kahlua,liqueur,4.406,False
2026-05-27,P037,Martini Rosso,vermouth,4.346,False
2026-05-27,P038,House Red Wine,wine,13.906,False
2026-05-27,P039,House White Wine,wine,16.42,False
2026-05-27,P040,Rose Wine,wine,11.4,False
2026-05-27,P041,Prosecco,wine,24.056,False
2026-05-27,P042,Chardonnay,wine,14.64,False
2026-05-27,P043,Coca-Cola,soft_drink,79.1,False
2026-05-27,P044,Coca-Cola Zero,soft_drink,43.0,False
2026-05-27,P045,Sprite,soft_drink,38.2,False
2026-05-27,P046,Tonic Water,soft_drink,61.72,False
2026-05-27,P047,Soda Water,soft_drink,44.4,False
2026-05-27,P048,Red Bull,soft_drink,55.8,False
2026-05-27,P049,Ginger Beer,soft_drink,27.2,False
2026-05-27,P050,Orange Juice,juice,4.0,False
2026-05-27,P051,Cranberry Juice,juice,4.0,False
2026-05-27,P052,Lime Juice,juice,6.753,False
2026-05-27,P053,Lemon Juice,juice,4.425,False
2026-05-27,P054,Sugar Syrup,cocktail_ingredient,6.057,False
2026-05-27,P055,Fresh Mint,cocktail_ingredient,5.734,False
2026-05-27,P056,Coffee Beans,cocktail_ingredient,7.837,False
2026-05-27,K001,Carlsberg 50L,draught_beer,5.508,False
2026-05-27,K002,Tuborg 50L,draught_beer,3.369,False
2026-05-27,K003,Carlsberg 30L,draught_beer,6.029,False
2026-05-27,K004,Malka 30L,draught_beer,5.816,False
2026-05-27,K005,Weihenstephan 30L,draught_beer,4.881,False
2026-05-28,P001,Carlsberg,beer,68.4,False
2026-05-28,P002,Heineken,beer,38.6,False
2026-05-28,P003,Corona,beer,43.2,False
2026-05-28,P004,Guinness,beer,17.6,False
2026-05-28,P005,Goldstar,beer,48.6,False
2026-05-28,P006,Maccabee,beer,25.0,False
2026-05-28,P007,Stella Artois,beer,40.4,False
2026-05-28,P008,Erdinger,beer,33.2,False
2026-05-28,P009,Bombay Sapphire,gin,6.995,False
2026-05-28,P010,Tanqueray,gin,3.061,False
2026-05-28,P011,Hendrick's,gin,12.6,False
2026-05-28,P012,Beefeater,gin,10.092,False
2026-05-28,P013,Gordon's,gin,10.045,False
2026-05-28,P014,Absolut,vodka,8.63,False
2026-05-28,P015,Finlandia,vodka,11.291,False
2026-05-28,P016,Grey Goose,vodka,7.768,False
2026-05-28,P017,Belvedere,vodka,12.149,False
2026-05-28,P018,Stolichnaya,vodka,11.034,False
2026-05-28,P019,Jameson,whiskey,6.617,False
2026-05-28,P020,Jack Daniel's,whiskey,10.247,False
2026-05-28,P021,Johnnie Walker Black,whiskey,6.995,False
2026-05-28,P022,Chivas Regal,whiskey,3.147,False
2026-05-28,P023,Maker's Mark,whiskey,11.12,False
2026-05-28,P024,Glenfiddich 12,whiskey,11.463,False
2026-05-28,P025,Bacardi Carta Blanca,rum,18.33,False
2026-05-28,P026,Havana Club 3,rum,3.233,False
2026-05-28,P027,Captain Morgan,rum,13.776,False
2026-05-28,P028,Diplomatico Reserva,rum,7.003,False
2026-05-28,P029,Jose Cuervo,tequila,3.8,False
2026-05-28,P030,Olmeca Blanco,tequila,11.12,False
2026-05-28,P031,Patron Silver,tequila,8.603,False
2026-05-28,P032,Don Julio Blanco,tequila,10.349,False
2026-05-28,P033,Aperol,aperitif,12.6,False
2026-05-28,P034,Campari,aperitif,14.172,False
2026-05-28,P035,Cointreau,liqueur,7.082,False
2026-05-28,P036,Kahlua,liqueur,3.864,False
2026-05-28,P037,Martini Rosso,vermouth,3.961,False
2026-05-28,P038,House Red Wine,wine,10.734,False
2026-05-28,P039,House White Wine,wine,13.248,False
2026-05-28,P040,Rose Wine,wine,10.4,False
2026-05-28,P041,Prosecco,wine,19.616,False
2026-05-28,P042,Chardonnay,wine,14.04,False
2026-05-28,P043,Coca-Cola,soft_drink,89.3,False
2026-05-28,P044,Coca-Cola Zero,soft_drink,56.0,False
2026-05-28,P045,Sprite,soft_drink,55.2,False
2026-05-28,P046,Tonic Water,soft_drink,52.52,False
2026-05-28,P047,Soda Water,soft_drink,57.36,False
2026-05-28,P048,Red Bull,soft_drink,46.8,False
2026-05-28,P049,Ginger Beer,soft_drink,23.2,False
2026-05-28,P050,Orange Juice,juice,4.0,False
2026-05-28,P051,Cranberry Juice,juice,4.0,False
2026-05-28,P052,Lime Juice,juice,11.653,False
2026-05-28,P053,Lemon Juice,juice,4.225,False
2026-05-28,P054,Sugar Syrup,cocktail_ingredient,5.537,False
2026-05-28,P055,Fresh Mint,cocktail_ingredient,5.5,False
2026-05-28,P056,Coffee Beans,cocktail_ingredient,7.72,False
2026-05-28,K001,Carlsberg 50L,draught_beer,4.888,False
2026-05-28,K002,Tuborg 50L,draught_beer,2.95,False
2026-05-28,K003,Carlsberg 30L,draught_beer,5.197,False
2026-05-28,K004,Malka 30L,draught_beer,4.984,False
2026-05-28,K005,Weihenstephan 30L,draught_beer,4.465,False
2026-05-29,P001,Carlsberg,beer,51.4,False
2026-05-29,P002,Heineken,beer,25.6,False
2026-05-29,P003,Corona,beer,33.2,False
2026-05-29,P004,Guinness,beer,11.6,False
2026-05-29,P005,Goldstar,beer,37.6,False
2026-05-29,P006,Maccabee,beer,18.0,False
2026-05-29,P007,Stella Artois,beer,32.4,False
2026-05-29,P008,Erdinger,beer,29.2,False
2026-05-29,P009,Bombay Sapphire,gin,6.567,False
2026-05-29,P010,Tanqueray,gin,14.633,False
2026-05-29,P011,Hendrick's,gin,11.357,False
2026-05-29,P012,Beefeater,gin,9.92,False
2026-05-29,P013,Gordon's,gin,19.797,False
2026-05-29,P014,Absolut,vodka,18.458,False
2026-05-29,P015,Finlandia,vodka,11.034,False
2026-05-29,P016,Grey Goose,vodka,7.339,False
2026-05-29,P017,Belvedere,vodka,11.978,False
2026-05-29,P018,Stolichnaya,vodka,10.777,False
2026-05-29,P019,Jameson,whiskey,17.674,False
2026-05-29,P020,Jack Daniel's,whiskey,9.647,False
2026-05-29,P021,Johnnie Walker Black,whiskey,6.566,False
2026-05-29,P022,Chivas Regal,whiskey,14.89,False
2026-05-29,P023,Maker's Mark,whiskey,10.863,False
2026-05-29,P024,Glenfiddich 12,whiskey,11.291,False
2026-05-29,P025,Bacardi Carta Blanca,rum,15.245,False
2026-05-29,P026,Havana Club 3,rum,14.804,False
2026-05-29,P027,Captain Morgan,rum,13.433,False
2026-05-29,P028,Diplomatico Reserva,rum,6.918,False
2026-05-29,P029,Jose Cuervo,tequila,15.172,False
2026-05-29,P030,Olmeca Blanco,tequila,10.863,False
2026-05-29,P031,Patron Silver,tequila,18.617,False
2026-05-29,P032,Don Julio Blanco,tequila,10.092,False
2026-05-29,P033,Aperol,aperitif,21.686,False
2026-05-29,P034,Campari,aperitif,13.101,False
2026-05-29,P035,Cointreau,liqueur,6.168,False
2026-05-29,P036,Kahlua,liqueur,15.121,False
2026-05-29,P037,Martini Rosso,vermouth,3.147,False
2026-05-29,P038,House Red Wine,wine,19.806,False
2026-05-29,P039,House White Wine,wine,21.588,False
2026-05-29,P040,Rose Wine,wine,9.2,False
2026-05-29,P041,Prosecco,wine,14.816,False
2026-05-29,P042,Chardonnay,wine,13.04,False
2026-05-29,P043,Coca-Cola,soft_drink,69.5,False
2026-05-29,P044,Coca-Cola Zero,soft_drink,43.0,False
2026-05-29,P045,Sprite,soft_drink,42.2,False
2026-05-29,P046,Tonic Water,soft_drink,37.02,False
2026-05-29,P047,Soda Water,soft_drink,45.32,False
2026-05-29,P048,Red Bull,soft_drink,34.8,False
2026-05-29,P049,Ginger Beer,soft_drink,20.2,False
2026-05-29,P050,Orange Juice,juice,4.0,False
2026-05-29,P051,Cranberry Juice,juice,4.0,False
2026-05-29,P052,Lime Juice,juice,10.288,False
2026-05-29,P053,Lemon Juice,juice,4.025,False
2026-05-29,P054,Sugar Syrup,cocktail_ingredient,4.962,False
2026-05-29,P055,Fresh Mint,cocktail_ingredient,5.257,False
2026-05-29,P056,Coffee Beans,cocktail_ingredient,7.567,False
2026-05-29,K001,Carlsberg 50L,draught_beer,4.228,False
2026-05-29,K002,Tuborg 50L,draught_beer,3.451,False
2026-05-29,K003,Carlsberg 30L,draught_beer,3.949,False
2026-05-29,K004,Malka 30L,draught_beer,4.246,False
2026-05-29,K005,Weihenstephan 30L,draught_beer,3.902,False
2026-05-30,P001,Carlsberg,beer,62.4,False
2026-05-30,P002,Heineken,beer,64.6,False
2026-05-30,P003,Corona,beer,49.2,False
2026-05-30,P004,Guinness,beer,56.6,False
2026-05-30,P005,Goldstar,beer,52.6,False
2026-05-30,P006,Maccabee,beer,38.0,False
2026-05-30,P007,Stella Artois,beer,49.4,False
2026-05-30,P008,Erdinger,beer,25.2,False
2026-05-30,P009,Bombay Sapphire,gin,6.224,False
2026-05-30,P010,Tanqueray,gin,14.375,False
2026-05-30,P011,Hendrick's,gin,10.671,False
2026-05-30,P012,Beefeater,gin,9.835,False
2026-05-30,P013,Gordon's,gin,17.95,False
2026-05-30,P014,Absolut,vodka,16.915,False
2026-05-30,P015,Finlandia,vodka,10.777,False
2026-05-30,P016,Grey Goose,vodka,6.996,False
2026-05-30,P017,Belvedere,vodka,11.806,False
2026-05-30,P018,Stolichnaya,vodka,10.606,False
2026-05-30,P019,Jameson,whiskey,16.817,False
2026-05-30,P020,Jack Daniel's,whiskey,9.047,False
2026-05-30,P021,Johnnie Walker Black,whiskey,6.223,False
2026-05-30,P022,Chivas Regal,whiskey,14.633,False
2026-05-30,P023,Maker's Mark,whiskey,10.692,False
2026-05-30,P024,Glenfiddich 12,whiskey,11.034,False
2026-05-30,P025,Bacardi Carta Blanca,rum,12.787,False
2026-05-30,P026,Havana Club 3,rum,14.547,False
2026-05-30,P027,Captain Morgan,rum,13.261,False
2026-05-30,P028,Diplomatico Reserva,rum,6.832,False
2026-05-30,P029,Jose Cuervo,tequila,14.545,False
2026-05-30,P030,Olmeca Blanco,tequila,10.692,False
2026-05-30,P031,Patron Silver,tequila,17.445,False
2026-05-30,P032,Don Julio Blanco,tequila,9.92,False
2026-05-30,P033,Aperol,aperitif,19.029,False
2026-05-30,P034,Campari,aperitif,12.415,False
2026-05-30,P035,Cointreau,liqueur,5.51,False
2026-05-30,P036,Kahlua,liqueur,14.521,False
2026-05-30,P037,Martini Rosso,vermouth,2.632,False
2026-05-30,P038,House Red Wine,wine,16.878,False
2026-05-30,P039,House White Wine,wine,18.66,False
2026-05-30,P040,Rose Wine,wine,8.4,False
2026-05-30,P041,Prosecco,wine,22.656,False
2026-05-30,P042,Chardonnay,wine,12.44,False
2026-05-30,P043,Coca-Cola,soft_drink,54.7,False
2026-05-30,P044,Coca-Cola Zero,soft_drink,31.0,False
2026-05-30,P045,Sprite,soft_drink,33.2,False
2026-05-30,P046,Tonic Water,soft_drink,23.82,False
2026-05-30,P047,Soda Water,soft_drink,34.12,False
2026-05-30,P048,Red Bull,soft_drink,29.8,False
2026-05-30,P049,Ginger Beer,soft_drink,17.2,False
2026-05-30,P050,Orange Juice,juice,4.0,False
2026-05-30,P051,Cranberry Juice,juice,4.0,False
2026-05-30,P052,Lime Juice,juice,9.343,False
2026-05-30,P053,Lemon Juice,juice,3.825,False
2026-05-30,P054,Sugar Syrup,cocktail_ingredient,4.497,False
2026-05-30,P055,Fresh Mint,cocktail_ingredient,5.068,False
2026-05-30,P056,Coffee Beans,cocktail_ingredient,7.432,False
2026-05-30,K001,Carlsberg 50L,draught_beer,4.696,False
2026-05-30,K002,Tuborg 50L,draught_beer,4.049,False
2026-05-30,K003,Carlsberg 30L,draught_beer,6.399,False
2026-05-30,K004,Malka 30L,draught_beer,5.481,False
2026-05-30,K005,Weihenstephan 30L,draught_beer,4.472,False
2026-05-31,P001,Carlsberg,beer,52.4,False
2026-05-31,P002,Heineken,beer,57.6,False
2026-05-31,P003,Corona,beer,43.2,False
2026-05-31,P004,Guinness,beer,54.6,False
2026-05-31,P005,Goldstar,beer,42.6,False
2026-05-31,P006,Maccabee,beer,33.0,False
2026-05-31,P007,Stella Artois,beer,43.4,False
2026-05-31,P008,Erdinger,beer,22.2,False
2026-05-31,P009,Bombay Sapphire,gin,6.053,False
2026-05-31,P010,Tanqueray,gin,14.204,False
2026-05-31,P011,Hendrick's,gin,10.2,False
2026-05-31,P012,Beefeater,gin,9.663,False
2026-05-31,P013,Gordon's,gin,16.459,False
2026-05-31,P014,Absolut,vodka,15.708,False
2026-05-31,P015,Finlandia,vodka,10.605,False
2026-05-31,P016,Grey Goose,vodka,6.739,False
2026-05-31,P017,Belvedere,vodka,11.635,False
2026-05-31,P018,Stolichnaya,vodka,10.434,False
2026-05-31,P019,Jameson,whiskey,16.217,False
2026-05-31,P020,Jack Daniel's,whiskey,8.533,False
2026-05-31,P021,Johnnie Walker Black,whiskey,5.966,False
2026-05-31,P022,Chivas Regal,whiskey,14.461,False
2026-05-31,P023,Maker's Mark,whiskey,10.521,False
2026-05-31,P024,Glenfiddich 12,whiskey,10.863,False
2026-05-31,P025,Bacardi Carta Blanca,rum,10.025,False
2026-05-31,P026,Havana Club 3,rum,14.376,False
2026-05-31,P027,Captain Morgan,rum,13.09,False
2026-05-31,P028,Diplomatico Reserva,rum,6.746,False
2026-05-31,P029,Jose Cuervo,tequila,14.153,False
2026-05-31,P030,Olmeca Blanco,tequila,10.52,False
2026-05-31,P031,Patron Silver,tequila,16.26,False
2026-05-31,P032,Don Julio Blanco,tequila,9.749,False
2026-05-31,P033,Aperol,aperitif,17.743,False
2026-05-31,P034,Campari,aperitif,11.858,False
2026-05-31,P035,Cointreau,liqueur,4.903,False
2026-05-31,P036,Kahlua,liqueur,14.035,False
2026-05-31,P037,Martini Rosso,vermouth,2.247,False
2026-05-31,P038,House Red Wine,wine,13.95,False
2026-05-31,P039,House White Wine,wine,15.976,False
2026-05-31,P040,Rose Wine,wine,7.4,False
2026-05-31,P041,Prosecco,wine,20.496,False
2026-05-31,P042,Chardonnay,wine,11.84,False
2026-05-31,P043,Coca-Cola,soft_drink,39.0,False
2026-05-31,P044,Coca-Cola Zero,soft_drink,20.0,False
2026-05-31,P045,Sprite,soft_drink,29.2,False
2026-05-31,P046,Tonic Water,soft_drink,16.12,False
2026-05-31,P047,Soda Water,soft_drink,24.22,False
2026-05-31,P048,Red Bull,soft_drink,20.8,False
2026-05-31,P049,Ginger Beer,soft_drink,15.2,False
2026-05-31,P050,Orange Juice,juice,4.0,False
2026-05-31,P051,Cranberry Juice,juice,4.0,False
2026-05-31,P052,Lime Juice,juice,8.303,False
2026-05-31,P053,Lemon Juice,juice,3.65,False
2026-05-31,P054,Sugar Syrup,cocktail_ingredient,3.997,False
2026-05-31,P055,Fresh Mint,cocktail_ingredient,4.834,False
2026-05-31,P056,Coffee Beans,cocktail_ingredient,7.333,False
2026-05-31,K001,Carlsberg 50L,draught_beer,4.141,False
2026-05-31,K002,Tuborg 50L,draught_beer,3.791,False
2026-05-31,K003,Carlsberg 30L,draught_beer,5.593,False
2026-05-31,K004,Malka 30L,draught_beer,4.971,False
2026-05-31,K005,Weihenstephan 30L,draught_beer,4.056,False
2026-06-01,P001,Carlsberg,beer,48.4,False
2026-06-01,P002,Heineken,beer,47.6,False
2026-06-01,P003,Corona,beer,38.2,False
2026-06-01,P004,Guinness,beer,53.6,False
2026-06-01,P005,Goldstar,beer,36.6,False
2026-06-01,P006,Maccabee,beer,30.0,False
2026-06-01,P007,Stella Artois,beer,40.4,False
2026-06-01,P008,Erdinger,beer,19.2,False
2026-06-01,P009,Bombay Sapphire,gin,6.053,False
2026-06-01,P010,Tanqueray,gin,14.033,False
2026-06-01,P011,Hendrick's,gin,9.557,False
2026-06-01,P012,Beefeater,gin,9.492,False
2026-06-01,P013,Gordon's,gin,15.013,False
2026-06-01,P014,Absolut,vodka,14.523,False
2026-06-01,P015,Finlandia,vodka,10.52,False
2026-06-01,P016,Grey Goose,vodka,6.482,False
2026-06-01,P017,Belvedere,vodka,11.463,False
2026-06-01,P018,Stolichnaya,vodka,10.263,False
2026-06-01,P019,Jameson,whiskey,15.96,False
2026-06-01,P020,Jack Daniel's,whiskey,8.19,False
2026-06-01,P021,Johnnie Walker Black,whiskey,5.795,False
2026-06-01,P022,Chivas Regal,whiskey,14.375,False
2026-06-01,P023,Maker's Mark,whiskey,10.349,False
2026-06-01,P024,Glenfiddich 12,whiskey,10.691,False
2026-06-01,P025,Bacardi Carta Blanca,rum,8.596,False
2026-06-01,P026,Havana Club 3,rum,14.119,False
2026-06-01,P027,Captain Morgan,rum,12.919,False
2026-06-01,P028,Diplomatico Reserva,rum,6.661,False
2026-06-01,P029,Jose Cuervo,tequila,13.787,False
2026-06-01,P030,Olmeca Blanco,tequila,10.434,False
2026-06-01,P031,Patron Silver,tequila,15.36,False
2026-06-01,P032,Don Julio Blanco,tequila,9.663,False
2026-06-01,P033,Aperol,aperitif,16.715,False
2026-06-01,P034,Campari,aperitif,11.387,False
2026-06-01,P035,Cointreau,liqueur,4.518,False
2026-06-01,P036,Kahlua,liqueur,13.635,False
2026-06-01,P037,Martini Rosso,vermouth,1.775,False
2026-06-01,P038,House Red Wine,wine,11.998,False
2026-06-01,P039,House White Wine,wine,13.78,False
2026-06-01,P040,Rose Wine,wine,6.8,False
2026-06-01,P041,Prosecco,wine,18.496,False
2026-06-01,P042,Chardonnay,wine,11.44,False
2026-06-01,P043,Coca-Cola,soft_drink,97.4,False
2026-06-01,P044,Coca-Cola Zero,soft_drink,63.0,False
2026-06-01,P045,Sprite,soft_drink,49.2,False
2026-06-01,P046,Tonic Water,soft_drink,57.12,False
2026-06-01,P047,Soda Water,soft_drink,18.3,False
2026-06-01,P048,Red Bull,soft_drink,40.8,False
2026-06-01,P049,Ginger Beer,soft_drink,37.2,False
2026-06-01,P050,Orange Juice,juice,4.0,False
2026-06-01,P051,Cranberry Juice,juice,4.0,False
2026-06-01,P052,Lime Juice,juice,7.758,False
2026-06-01,P053,Lemon Juice,juice,3.5,False
2026-06-01,P054,Sugar Syrup,cocktail_ingredient,9.722,False
2026-06-01,P055,Fresh Mint,cocktail_ingredient,4.735,False
2026-06-01,P056,Coffee Beans,cocktail_ingredient,7.234,False
2026-06-01,K001,Carlsberg 50L,draught_beer,3.746,False
2026-06-01,K002,Tuborg 50L,draught_beer,3.485,False
2026-06-01,K003,Carlsberg 30L,draught_beer,4.936,False
2026-06-01,K004,Malka 30L,draught_beer,4.408,False
2026-06-01,K005,Weihenstephan 30L,draught_beer,3.748,False
2026-06-02,P001,Carlsberg,beer,42.4,False
2026-06-02,P002,Heineken,beer,42.6,False
2026-06-02,P003,Corona,beer,33.2,False
2026-06-02,P004,Guinness,beer,51.6,False
2026-06-02,P005,Goldstar,beer,30.6,False
2026-06-02,P006,Maccabee,beer,26.0,False
2026-06-02,P007,Stella Artois,beer,38.4,False
2026-06-02,P008,Erdinger,beer,18.2,False
2026-06-02,P009,Bombay Sapphire,gin,5.881,False
2026-06-02,P010,Tanqueray,gin,13.861,False
2026-06-02,P011,Hendrick's,gin,9.0,False
2026-06-02,P012,Beefeater,gin,9.406,False
2026-06-02,P013,Gordon's,gin,13.688,False
2026-06-02,P014,Absolut,vodka,13.723,False
2026-06-02,P015,Finlandia,vodka,10.348,False
2026-06-02,P016,Grey Goose,vodka,6.311,False
2026-06-02,P017,Belvedere,vodka,11.378,False
2026-06-02,P018,Stolichnaya,vodka,10.177,False
2026-06-02,P019,Jameson,whiskey,15.531,False
2026-06-02,P020,Jack Daniel's,whiskey,7.933,False
2026-06-02,P021,Johnnie Walker Black,whiskey,5.538,False
2026-06-02,P022,Chivas Regal,whiskey,14.204,False
2026-06-02,P023,Maker's Mark,whiskey,10.178,False
2026-06-02,P024,Glenfiddich 12,whiskey,10.52,False
2026-06-02,P025,Bacardi Carta Blanca,rum,19.428,False
2026-06-02,P026,Havana Club 3,rum,14.033,False
2026-06-02,P027,Captain Morgan,rum,12.833,False
2026-06-02,P028,Diplomatico Reserva,rum,6.575,False
2026-06-02,P029,Jose Cuervo,tequila,13.473,False
2026-06-02,P030,Olmeca Blanco,tequila,10.349,False
2026-06-02,P031,Patron Silver,tequila,14.546,False
2026-06-02,P032,Don Julio Blanco,tequila,9.492,False
2026-06-02,P033,Aperol,aperitif,15.515,False
2026-06-02,P034,Campari,aperitif,10.915,False
2026-06-02,P035,Cointreau,liqueur,16.089,False
2026-06-02,P036,Kahlua,liqueur,13.406,False
2026-06-02,P037,Martini Rosso,vermouth,13.389,False
2026-06-02,P038,House Red Wine,wine,22.046,False
2026-06-02,P039,House White Wine,wine,24.56,False
2026-06-02,P040,Rose Wine,wine,18.2,False
2026-06-02,P041,Prosecco,wine,28.576,False
2026-06-02,P042,Chardonnay,wine,11.04,False
2026-06-02,P043,Coca-Cola,soft_drink,92.0,False
2026-06-02,P044,Coca-Cola Zero,soft_drink,57.0,False
2026-06-02,P045,Sprite,soft_drink,45.2,False
2026-06-02,P046,Tonic Water,soft_drink,49.72,False
2026-06-02,P047,Soda Water,soft_drink,13.32,False
2026-06-02,P048,Red Bull,soft_drink,35.8,False
2026-06-02,P049,Ginger Beer,soft_drink,35.2,False
2026-06-02,P050,Orange Juice,juice,4.0,False
2026-06-02,P051,Cranberry Juice,juice,4.0,False
2026-06-02,P052,Lime Juice,juice,7.213,False
2026-06-02,P053,Lemon Juice,juice,3.4,False
2026-06-02,P054,Sugar Syrup,cocktail_ingredient,9.507,False
2026-06-02,P055,Fresh Mint,cocktail_ingredient,4.636,False
2026-06-02,P056,Coffee Beans,cocktail_ingredient,7.189,False
2026-06-02,K001,Carlsberg 50L,draught_beer,3.328,False
2026-06-02,K002,Tuborg 50L,draught_beer,3.235,False
2026-06-02,K003,Carlsberg 30L,draught_beer,4.574,False
2026-06-02,K004,Malka 30L,draught_beer,4.166,False
2026-06-02,K005,Weihenstephan 30L,draught_beer,3.587,False
2026-06-03,P001,Carlsberg,beer,34.4,False
2026-06-03,P002,Heineken,beer,63.6,False
2026-06-03,P003,Corona,beer,52.2,False
2026-06-03,P004,Guinness,beer,50.6,False
2026-06-03,P005,Goldstar,beer,70.6,False
2026-06-03,P006,Maccabee,beer,45.0,False
2026-06-03,P007,Stella Artois,beer,57.4,False
2026-06-03,P008,Erdinger,beer,41.2,False
2026-06-03,P009,Bombay Sapphire,gin,5.71,False
2026-06-03,P010,Tanqueray,gin,13.604,False
2026-06-03,P011,Hendrick's,gin,8.7,False
2026-06-03,P012,Beefeater,gin,9.32,False
2026-06-03,P013,Gordon's,gin,12.764,False
2026-06-03,P014,Absolut,vodka,12.951,False
2026-06-03,P015,Finlandia,vodka,10.177,False
2026-06-03,P016,Grey Goose,vodka,6.054,False
2026-06-03,P017,Belvedere,vodka,11.206,False
2026-06-03,P018,Stolichnaya,vodka,10.092,False
2026-06-03,P019,Jameson,whiskey,14.931,False
2026-06-03,P020,Jack Daniel's,whiskey,7.419,False
2026-06-03,P021,Johnnie Walker Black,whiskey,5.281,False
2026-06-03,P022,Chivas Regal,whiskey,14.033,False
2026-06-03,P023,Maker's Mark,whiskey,10.092,False
2026-06-03,P024,Glenfiddich 12,whiskey,10.349,False
2026-06-03,P025,Bacardi Carta Blanca,rum,18.348,False
2026-06-03,P026,Havana Club 3,rum,13.861,False
2026-06-03,P027,Captain Morgan,rum,12.747,False
2026-06-03,P028,Diplomatico Reserva,rum,6.489,False
2026-06-03,P029,Jose Cuervo,tequila,13.159,False
2026-06-03,P030,Olmeca Blanco,tequila,10.263,False
2026-06-03,P031,Patron Silver,tequila,13.646,False
2026-06-03,P032,Don Julio Blanco,tequila,9.406,False
2026-06-03,P033,Aperol,aperitif,14.486,False
2026-06-03,P034,Campari,aperitif,10.701,False
2026-06-03,P035,Cointreau,liqueur,15.66,False
2026-06-03,P036,Kahlua,liqueur,13.149,False
2026-06-03,P037,Martini Rosso,vermouth,13.175,False
2026-06-03,P038,House Red Wine,wine,20.582,False
2026-06-03,P039,House White Wine,wine,23.34,False
2026-06-03,P040,Rose Wine,wine,17.6,False
2026-06-03,P041,Prosecco,wine,26.456,False
2026-06-03,P042,Chardonnay,wine,10.64,False
2026-06-03,P043,Coca-Cola,soft_drink,82.6,False
2026-06-03,P044,Coca-Cola Zero,soft_drink,49.0,False
2026-06-03,P045,Sprite,soft_drink,41.2,False
2026-06-03,P046,Tonic Water,soft_drink,43.62,False
2026-06-03,P047,Soda Water,soft_drink,57.46,False
2026-06-03,P048,Red Bull,soft_drink,29.8,False
2026-06-03,P049,Ginger Beer,soft_drink,34.2,False
2026-06-03,P050,Orange Juice,juice,4.0,False
2026-06-03,P051,Cranberry Juice,juice,4.0,False
2026-06-03,P052,Lime Juice,juice,6.693,False
2026-06-03,P053,Lemon Juice,juice,3.3,False
2026-06-03,P054,Sugar Syrup,cocktail_ingredient,9.297,False
2026-06-03,P055,Fresh Mint,cocktail_ingredient,4.546,False
2026-06-03,P056,Coffee Beans,cocktail_ingredient,7.135,False
2026-06-03,K001,Carlsberg 50L,draught_beer,5.167,False
2026-06-03,K002,Tuborg 50L,draught_beer,4.938,False
2026-06-03,K003,Carlsberg 30L,draught_beer,6.399,False
2026-06-03,K004,Malka 30L,draught_beer,5.576,False
2026-06-03,K005,Weihenstephan 30L,draught_beer,4.278,False
2026-06-04,P001,Carlsberg,beer,18.4,False
2026-06-04,P002,Heineken,beer,48.6,False
2026-06-04,P003,Corona,beer,39.2,False
2026-06-04,P004,Guinness,beer,42.6,False
2026-06-04,P005,Goldstar,beer,56.6,False
2026-06-04,P006,Maccabee,beer,37.0,False
2026-06-04,P007,Stella Artois,beer,47.4,False
2026-06-04,P008,Erdinger,beer,36.2,False
2026-06-04,P009,Bombay Sapphire,gin,5.367,False
2026-06-04,P010,Tanqueray,gin,13.175,False
2026-06-04,P011,Hendrick's,gin,7.5,False
2026-06-04,P012,Beefeater,gin,9.063,False
2026-06-04,P013,Gordon's,gin,10.255,False
2026-06-04,P014,Absolut,vodka,10.28,False
2026-06-04,P015,Finlandia,vodka,9.92,False
2026-06-04,P016,Grey Goose,vodka,5.539,False
2026-06-04,P017,Belvedere,vodka,10.863,False
2026-06-04,P018,Stolichnaya,vodka,9.835,False
2026-06-04,P019,Jameson,whiskey,13.731,False
2026-06-04,P020,Jack Daniel's,whiskey,6.476,False
2026-06-04,P021,Johnnie Walker Black,whiskey,4.766,False
2026-06-04,P022,Chivas Regal,whiskey,13.69,False
2026-06-04,P023,Maker's Mark,whiskey,9.835,False
2026-06-04,P024,Glenfiddich 12,whiskey,10.092,False
2026-06-04,P025,Bacardi Carta Blanca,rum,14.496,False
2026-06-04,P026,Havana Club 3,rum,13.433,False
2026-06-04,P027,Captain Morgan,rum,12.319,False
2026-06-04,P028,Diplomatico Reserva,rum,6.318,False
2026-06-04,P029,Jose Cuervo,tequila,12.375,False
2026-06-04,P030,Olmeca Blanco,tequila,10.006,False
2026-06-04,P031,Patron Silver,tequila,11.588,False
2026-06-04,P032,Don Julio Blanco,tequila,9.063,False
2026-06-04,P033,Aperol,aperitif,11.057,False
2026-06-04,P034,Campari,aperitif,9.672,False
2026-06-04,P035,Cointreau,liqueur,14.589,False
2026-06-04,P036,Kahlua,liqueur,12.264,False
2026-06-04,P037,Martini Rosso,vermouth,12.489,False
2026-06-04,P038,House Red Wine,wine,16.922,False
2026-06-04,P039,House White Wine,wine,18.704,False
2026-06-04,P040,Rose Wine,wine,15.8,False
2026-06-04,P041,Prosecco,wine,20.976,False
2026-06-04,P042,Chardonnay,wine,9.64,False
2026-06-04,P043,Coca-Cola,soft_drink,83.6,False
2026-06-04,P044,Coca-Cola Zero,soft_drink,58.0,False
2026-06-04,P045,Sprite,soft_drink,30.2,False
2026-06-04,P046,Tonic Water,soft_drink,52.12,False
2026-06-04,P047,Soda Water,soft_drink,43.34,False
2026-06-04,P048,Red Bull,soft_drink,44.8,False
2026-06-04,P049,Ginger Beer,soft_drink,30.2,False
2026-06-04,P050,Orange Juice,juice,4.0,False
2026-06-04,P051,Cranberry Juice,juice,4.0,False
2026-06-04,P052,Lime Juice,juice,5.123,False
2026-06-04,P053,Lemon Juice,juice,3.05,False
2026-06-04,P054,Sugar Syrup,cocktail_ingredient,8.567,False
2026-06-04,P055,Fresh Mint,cocktail_ingredient,4.24,False
2026-06-04,P056,Coffee Beans,cocktail_ingredient,6.937,False
2026-06-04,K001,Carlsberg 50L,draught_beer,4.345,False
2026-06-04,K002,Tuborg 50L,draught_beer,4.269,False
2026-06-04,K003,Carlsberg 30L,draught_beer,5.178,False
2026-06-04,K004,Malka 30L,draught_beer,4.596,False
2026-06-04,K005,Weihenstephan 30L,draught_beer,3.486,False
2026-06-05,P001,Carlsberg,beer,45.4,False
2026-06-05,P002,Heineken,beer,33.6,False
2026-06-05,P003,Corona,beer,25.2,False
2026-06-05,P004,Guinness,beer,35.6,False
2026-06-05,P005,Goldstar,beer,41.6,False
2026-06-05,P006,Maccabee,beer,28.0,False
2026-06-05,P007,Stella Artois,beer,33.4,False
2026-06-05,P008,Erdinger,beer,32.2,False
2026-06-05,P009,Bombay Sapphire,gin,4.767,False
2026-06-05,P010,Tanqueray,gin,12.747,False
2026-06-05,P011,Hendrick's,gin,6.128,False
2026-06-05,P012,Beefeater,gin,8.72,False
2026-06-05,P013,Gordon's,gin,19.222,False
2026-06-05,P014,Absolut,vodka,19.144,False
2026-06-05,P015,Finlandia,vodka,9.663,False
2026-06-05,P016,Grey Goose,vodka,4.854,False
2026-06-05,P017,Belvedere,vodka,10.606,False
2026-06-05,P018,Stolichnaya,vodka,9.492,False
2026-06-05,P019,Jameson,whiskey,12.36,False
2026-06-05,P020,Jack Daniel's,whiskey,5.362,False
2026-06-05,P021,Johnnie Walker Black,whiskey,4.081,False
2026-06-05,P022,Chivas Regal,whiskey,13.175,False
2026-06-05,P023,Maker's Mark,whiskey,9.492,False
2026-06-05,P024,Glenfiddich 12,whiskey,9.749,False
2026-06-05,P025,Bacardi Carta Blanca,rum,10.4,False
2026-06-05,P026,Havana Club 3,rum,13.09,False
2026-06-05,P027,Captain Morgan,rum,11.719,False
2026-06-05,P028,Diplomatico Reserva,rum,6.146,False
2026-06-05,P029,Jose Cuervo,tequila,11.539,False
2026-06-05,P030,Olmeca Blanco,tequila,9.749,False
2026-06-05,P031,Patron Silver,tequila,9.146,False
2026-06-05,P032,Don Julio Blanco,tequila,8.72,False
2026-06-05,P033,Aperol,aperitif,19.029,False
2026-06-05,P034,Campari,aperitif,8.301,False
2026-06-05,P035,Cointreau,liqueur,13.389,False
2026-06-05,P036,Kahlua,liqueur,11.321,False
2026-06-05,P037,Martini Rosso,vermouth,11.461,False
2026-06-05,P038,House Red Wine,wine,12.042,False
2026-06-05,P039,House White Wine,wine,15.044,False
2026-06-05,P040,Rose Wine,wine,13.6,False
2026-06-05,P041,Prosecco,wine,27.056,False
2026-06-05,P042,Chardonnay,wine,8.84,False
2026-06-05,P043,Coca-Cola,soft_drink,57.4,False
2026-06-05,P044,Coca-Cola Zero,soft_drink,41.0,False
2026-06-05,P045,Sprite,soft_drink,17.2,False
2026-06-05,P046,Tonic Water,soft_drink,34.72,False
2026-06-05,P047,Soda Water,soft_drink,24.68,False
2026-06-05,P048,Red Bull,soft_drink,30.8,False
2026-06-05,P049,Ginger Beer,soft_drink,25.2,False
2026-06-05,P050,Orange Juice,juice,4.0,False
2026-06-05,P051,Cranberry Juice,juice,4.0,False
2026-06-05,P052,Lime Juice,juice,9.438,False
2026-06-05,P053,Lemon Juice,juice,2.75,False
2026-06-05,P054,Sugar Syrup,cocktail_ingredient,7.802,False
2026-06-05,P055,Fresh Mint,cocktail_ingredient,3.925,False
2026-06-05,P056,Coffee Beans,cocktail_ingredient,6.721,False
2026-06-05,K001,Carlsberg 50L,draught_beer,3.363,False
2026-06-05,K002,Tuborg 50L,draught_beer,3.569,False
2026-06-05,K003,Carlsberg 30L,draught_beer,3.809,False
2026-06-05,K004,Malka 30L,draught_beer,3.737,False
2026-06-05,K005,Weihenstephan 30L,draught_beer,2.681,False
2026-06-06,P001,Carlsberg,beer,31.4,False
2026-06-06,P002,Heineken,beer,42.6,False
2026-06-06,P003,Corona,beer,11.2,False
2026-06-06,P004,Guinness,beer,27.6,False
2026-06-06,P005,Goldstar,beer,50.6,False
2026-06-06,P006,Maccabee,beer,42.0,False
2026-06-06,P007,Stella Artois,beer,45.4,False
2026-06-06,P008,Erdinger,beer,27.2,False
2026-06-06,P009,Bombay Sapphire,gin,4.167,False
2026-06-06,P010,Tanqueray,gin,12.233,False
2026-06-06,P011,Hendrick's,gin,4.928,False
2026-06-06,P012,Beefeater,gin,8.463,False
2026-06-06,P013,Gordon's,gin,16.251,False
2026-06-06,P014,Absolut,vodka,15.866,False
2026-06-06,P015,Finlandia,vodka,9.32,False
2026-06-06,P016,Grey Goose,vodka,4.254,False
2026-06-06,P017,Belvedere,vodka,10.349,False
2026-06-06,P018,Stolichnaya,vodka,9.149,False
2026-06-06,P019,Jameson,whiskey,10.988,False
2026-06-06,P020,Jack Daniel's,whiskey,4.333,False
2026-06-06,P021,Johnnie Walker Black,whiskey,3.395,False
2026-06-06,P022,Chivas Regal,whiskey,12.661,False
2026-06-06,P023,Maker's Mark,whiskey,9.149,False
2026-06-06,P024,Glenfiddich 12,whiskey,9.406,False
2026-06-06,P025,Bacardi Carta Blanca,rum,17.773,False
2026-06-06,P026,Havana Club 3,rum,12.576,False
2026-06-06,P027,Captain Morgan,rum,11.204,False
2026-06-06,P028,Diplomatico Reserva,rum,5.975,False
2026-06-06,P029,Jose Cuervo,tequila,10.519,False
2026-06-06,P030,Olmeca Blanco,tequila,9.406,False
2026-06-06,P031,Patron Silver,tequila,6.631,False
2026-06-06,P032,Don Julio Blanco,tequila,8.377,False
2026-06-06,P033,Aperol,aperitif,15.086,False
2026-06-06,P034,Campari,aperitif,6.929,False
2026-06-06,P035,Cointreau,liqueur,12.182,False
2026-06-06,P036,Kahlua,liqueur,10.264,False
2026-06-06,P037,Martini Rosso,vermouth,10.518,False
2026-06-06,P038,House Red Wine,wine,7.406,False
2026-06-06,P039,House White Wine,wine,9.432,False
2026-06-06,P040,Rose Wine,wine,12.0,False
2026-06-06,P041,Prosecco,wine,20.536,False
2026-06-06,P042,Chardonnay,wine,7.64,False
2026-06-06,P043,Coca-Cola,soft_drink,30.3,False
2026-06-06,P044,Coca-Cola Zero,soft_drink,26.0,False
2026-06-06,P045,Sprite,soft_drink,28.2,False
2026-06-06,P046,Tonic Water,soft_drink,18.72,False
2026-06-06,P047,Soda Water,soft_drink,7.54,False
2026-06-06,P048,Red Bull,soft_drink,15.8,False
2026-06-06,P049,Ginger Beer,soft_drink,18.2,False
2026-06-06,P050,Orange Juice,juice,4.0,False
2026-06-06,P051,Cranberry Juice,juice,4.0,False
2026-06-06,P052,Lime Juice,juice,7.623,False
2026-06-06,P053,Lemon Juice,juice,2.475,False
2026-06-06,P054,Sugar Syrup,cocktail_ingredient,6.967,False
2026-06-06,P055,Fresh Mint,cocktail_ingredient,3.574,False
2026-06-06,P056,Coffee Beans,cocktail_ingredient,6.496,False
2026-06-06,K001,Carlsberg 50L,draught_beer,4.204,False
2026-06-06,K002,Tuborg 50L,draught_beer,3.772,False
2026-06-06,K003,Carlsberg 30L,draught_beer,5.306,False
2026-06-06,K004,Malka 30L,draught_beer,4.69,False
2026-06-06,K005,Weihenstephan 30L,draught_beer,3.956,False
2026-06-07,P001,Carlsberg,beer,77.4,False
2026-06-07,P002,Heineken,beer,35.6,False
2026-06-07,P003,Corona,beer,49.2,False
2026-06-07,P004,Guinness,beer,24.6,False
2026-06-07,P005,Goldstar,beer,45.6,False
2026-06-07,P006,Maccabee,beer,38.0,False
2026-06-07,P007,Stella Artois,beer,41.4,False
2026-06-07,P008,Erdinger,beer,23.2,False
2026-06-07,P009,Bombay Sapphire,gin,3.995,False
2026-06-07,P010,Tanqueray,gin,12.061,False
2026-06-07,P011,Hendrick's,gin,4.414,False
2026-06-07,P012,Beefeater,gin,8.377,False
2026-06-07,P013,Gordon's,gin,14.752,False
2026-06-07,P014,Absolut,vodka,14.416,False
2026-06-07,P015,Finlandia,vodka,9.234,False
2026-06-07,P016,Grey Goose,vodka,3.997,False
2026-06-07,P017,Belvedere,vodka,10.178,False
2026-06-07,P018,Stolichnaya,vodka,8.977,False
2026-06-07,P019,Jameson,whiskey,10.388,False
2026-06-07,P020,Jack Daniel's,whiskey,3.904,False
2026-06-07,P021,Johnnie Walker Black,whiskey,3.052,False
2026-06-07,P022,Chivas Regal,whiskey,12.404,False
2026-06-07,P023,Maker's Mark,whiskey,8.978,False
2026-06-07,P024,Glenfiddich 12,whiskey,9.32,False
2026-06-07,P025,Bacardi Carta Blanca,rum,16.135,False
2026-06-07,P026,Havana Club 3,rum,12.404,False
2026-06-07,P027,Captain Morgan,rum,10.947,False
2026-06-07,P028,Diplomatico Reserva,rum,5.889,False
2026-06-07,P029,Jose Cuervo,tequila,10.205,False
2026-06-07,P030,Olmeca Blanco,tequila,9.32,False
2026-06-07,P031,Patron Silver,tequila,5.517,False
2026-06-07,P032,Don Julio Blanco,tequila,8.292,False
2026-06-07,P033,Aperol,aperitif,13.457,False
2026-06-07,P034,Campari,aperitif,6.415,False
2026-06-07,P035,Cointreau,liqueur,11.668,False
2026-06-07,P036,Kahlua,liqueur,9.864,False
2026-06-07,P037,Martini Rosso,vermouth,10.089,False
2026-06-07,P038,House Red Wine,wine,5.698,False
2026-06-07,P039,House White Wine,wine,6.504,False
2026-06-07,P040,Rose Wine,wine,11.4,False
2026-06-07,P041,Prosecco,wine,18.016,False
2026-06-07,P042,Chardonnay,wine,7.24,False
2026-06-07,P043,Coca-Cola,soft_drink,19.9,False
2026-06-07,P044,Coca-Cola Zero,soft_drink,20.0,False
2026-06-07,P045,Sprite,soft_drink,22.2,False
2026-06-07,P046,Tonic Water,soft_drink,8.72,False
2026-06-07,P047,Soda Water,soft_drink,0.0,True
2026-06-07,P048,Red Bull,soft_drink,10.8,False
2026-06-07,P049,Ginger Beer,soft_drink,15.2,False
2026-06-07,P050,Orange Juice,juice,4.0,False
2026-06-07,P051,Cranberry Juice,juice,4.0,False
2026-06-07,P052,Lime Juice,juice,6.913,False
2026-06-07,P053,Lemon Juice,juice,2.375,False
2026-06-07,P054,Sugar Syrup,cocktail_ingredient,6.647,False
2026-06-07,P055,Fresh Mint,cocktail_ingredient,3.448,False
2026-06-07,P056,Coffee Beans,cocktail_ingredient,6.397,False
2026-06-07,K001,Carlsberg 50L,draught_beer,3.809,False
2026-06-07,K002,Tuborg 50L,draught_beer,3.417,False
2026-06-07,K003,Carlsberg 30L,draught_beer,4.689,False
2026-06-07,K004,Malka 30L,draught_beer,4.033,False
2026-06-07,K005,Weihenstephan 30L,draught_beer,3.674,False
2026-06-08,P001,Carlsberg,beer,68.4,False
2026-06-08,P002,Heineken,beer,27.6,False
2026-06-08,P003,Corona,beer,42.2,False
2026-06-08,P004,Guinness,beer,21.6,False
2026-06-08,P005,Goldstar,beer,38.6,False
2026-06-08,P006,Maccabee,beer,35.0,False
2026-06-08,P007,Stella Artois,beer,34.4,False
2026-06-08,P008,Erdinger,beer,20.2,False
2026-06-08,P009,Bombay Sapphire,gin,3.738,False
2026-06-08,P010,Tanqueray,gin,11.89,False
2026-06-08,P011,Hendrick's,gin,3.943,False
2026-06-08,P012,Beefeater,gin,8.206,False
2026-06-08,P013,Gordon's,gin,13.323,False
2026-06-08,P014,Absolut,vodka,13.017,False
2026-06-08,P015,Finlandia,vodka,9.063,False
2026-06-08,P016,Grey Goose,vodka,3.654,False
2026-06-08,P017,Belvedere,vodka,10.006,False
2026-06-08,P018,Stolichnaya,vodka,8.806,False
2026-06-08,P019,Jameson,whiskey,9.617,False
2026-06-08,P020,Jack Daniel's,whiskey,3.561,False
2026-06-08,P021,Johnnie Walker Black,whiskey,2.881,False
2026-06-08,P022,Chivas Regal,whiskey,12.233,False
2026-06-08,P023,Maker's Mark,whiskey,8.892,False
2026-06-08,P024,Glenfiddich 12,whiskey,9.149,False
2026-06-08,P025,Bacardi Carta Blanca,rum,14.27,False
2026-06-08,P026,Havana Club 3,rum,12.233,False
2026-06-08,P027,Captain Morgan,rum,10.776,False
2026-06-08,P028,Diplomatico Reserva,rum,5.804,False
2026-06-08,P029,Jose Cuervo,tequila,9.735,False
2026-06-08,P030,Olmeca Blanco,tequila,9.149,False
2026-06-08,P031,Patron Silver,tequila,4.917,False
2026-06-08,P032,Don Julio Blanco,tequila,8.206,False
2026-06-08,P033,Aperol,aperitif,11.572,False
2026-06-08,P034,Campari,aperitif,5.944,False
2026-06-08,P035,Cointreau,liqueur,11.282,False
2026-06-08,P036,Kahlua,liqueur,9.378,False
2026-06-08,P037,Martini Rosso,vermouth,9.704,False
2026-06-08,P038,House Red Wine,wine,3.99,False
2026-06-08,P039,House White Wine,wine,3.82,False
2026-06-08,P040,Rose Wine,wine,10.4,False
2026-06-08,P041,Prosecco,wine,15.216,False
2026-06-08,P042,Chardonnay,wine,6.64,False
2026-06-08,P043,Coca-Cola,soft_drink,84.3,False
2026-06-08,P044,Coca-Cola Zero,soft_drink,60.0,False
2026-06-08,P045,Sprite,soft_drink,64.2,False
2026-06-08,P046,Tonic Water,soft_drink,70.42,False
2026-06-08,P047,Soda Water,soft_drink,64.88,False
2026-06-08,P048,Red Bull,soft_drink,53.8,False
2026-06-08,P049,Ginger Beer,soft_drink,36.2,False
2026-06-08,P050,Orange Juice,juice,4.0,False
2026-06-08,P051,Cranberry Juice,juice,4.0,False
2026-06-08,P052,Lime Juice,juice,12.333,False
2026-06-08,P053,Lemon Juice,juice,8.225,False
2026-06-08,P054,Sugar Syrup,cocktail_ingredient,6.297,False
2026-06-08,P055,Fresh Mint,cocktail_ingredient,3.304,False
2026-06-08,P056,Coffee Beans,cocktail_ingredient,6.298,False
2026-06-08,K001,Carlsberg 50L,draught_beer,3.406,False
2026-06-08,K002,Tuborg 50L,draught_beer,3.095,False
2026-06-08,K003,Carlsberg 30L,draught_beer,4.407,False
2026-06-08,K004,Malka 30L,draught_beer,3.617,False
2026-06-08,K005,Weihenstephan 30L,draught_beer,3.446,False
2026-06-09,P001,Carlsberg,beer,57.4,False
2026-06-09,P002,Heineken,beer,20.6,False
2026-06-09,P003,Corona,beer,35.2,False
2026-06-09,P004,Guinness,beer,17.6,False
2026-06-09,P005,Goldstar,beer,31.6,False
2026-06-09,P006,Maccabee,beer,31.0,False
2026-06-09,P007,Stella Artois,beer,29.4,False
2026-06-09,P008,Erdinger,beer,17.2,False
2026-06-09,P009,Bombay Sapphire,gin,15.481,False
2026-06-09,P010,Tanqueray,gin,11.633,False
2026-06-09,P011,Hendrick's,gin,15.386,False
2026-06-09,P012,Beefeater,gin,8.035,False
2026-06-09,P013,Gordon's,gin,11.78,False
2026-06-09,P014,Absolut,vodka,11.087,False
2026-06-09,P015,Finlandia,vodka,8.891,False
2026-06-09,P016,Grey Goose,vodka,15.311,False
2026-06-09,P017,Belvedere,vodka,9.835,False
2026-06-09,P018,Stolichnaya,vodka,8.635,False
2026-06-09,P019,Jameson,whiskey,8.674,False
2026-06-09,P020,Jack Daniel's,whiskey,15.133,False
2026-06-09,P021,Johnnie Walker Black,whiskey,14.452,False
2026-06-09,P022,Chivas Regal,whiskey,11.976,False
2026-06-09,P023,Maker's Mark,whiskey,8.721,False
2026-06-09,P024,Glenfiddich 12,whiskey,8.977,False
2026-06-09,P025,Bacardi Carta Blanca,rum,23.926,False
2026-06-09,P026,Havana Club 3,rum,11.89,False
2026-06-09,P027,Captain Morgan,rum,10.519,False
2026-06-09,P028,Diplomatico Reserva,rum,5.718,False
2026-06-09,P029,Jose Cuervo,tequila,9.238,False
2026-06-09,P030,Olmeca Blanco,tequila,9.063,False
2026-06-09,P031,Patron Silver,tequila,15.531,False
2026-06-09,P032,Don Julio Blanco,tequila,8.034,False
2026-06-09,P033,Aperol,aperitif,22.115,False
2026-06-09,P034,Campari,aperitif,5.387,False
2026-06-09,P035,Cointreau,liqueur,10.56,False
2026-06-09,P036,Kahlua,liqueur,8.892,False
2026-06-09,P037,Martini Rosso,vermouth,9.318,False
2026-06-09,P038,House Red Wine,wine,25.55,False
2026-06-09,P039,House White Wine,wine,25.136,False
2026-06-09,P040,Rose Wine,wine,9.0,False
2026-06-09,P041,Prosecco,wine,12.616,False
2026-06-09,P042,Chardonnay,wine,6.04,False
2026-06-09,P043,Coca-Cola,soft_drink,69.6,False
2026-06-09,P044,Coca-Cola Zero,soft_drink,52.0,False
2026-06-09,P045,Sprite,soft_drink,56.2,False
2026-06-09,P046,Tonic Water,soft_drink,61.82,False
2026-06-09,P047,Soda Water,soft_drink,57.58,False
2026-06-09,P048,Red Bull,soft_drink,46.8,False
2026-06-09,P049,Ginger Beer,soft_drink,33.2,False
2026-06-09,P050,Orange Juice,juice,4.0,False
2026-06-09,P051,Cranberry Juice,juice,4.0,False
2026-06-09,P052,Lime Juice,juice,11.323,False
2026-06-09,P053,Lemon Juice,juice,8.05,False
2026-06-09,P054,Sugar Syrup,cocktail_ingredient,5.887,False
2026-06-09,P055,Fresh Mint,cocktail_ingredient,3.124,False
2026-06-09,P056,Coffee Beans,cocktail_ingredient,6.199,False
2026-06-09,K001,Carlsberg 50L,draught_beer,3.108,False
2026-06-09,K002,Tuborg 50L,draught_beer,2.821,False
2026-06-09,K003,Carlsberg 30L,draught_beer,3.87,False
2026-06-09,K004,Malka 30L,draught_beer,2.959,False
2026-06-09,K005,Weihenstephan 30L,draught_beer,2.99,False
2026-06-10,P001,Carlsberg,beer,73.4,False
2026-06-10,P002,Heineken,beer,59.6,False
2026-06-10,P003,Corona,beer,30.2,False
2026-06-10,P004,Guinness,beer,38.6,False
2026-06-10,P005,Goldstar,beer,71.6,False
2026-06-10,P006,Maccabee,beer,52.0,False
2026-06-10,P007,Stella Artois,beer,46.4,False
2026-06-10,P008,Erdinger,beer,39.2,False
2026-06-10,P009,Bombay Sapphire,gin,15.224,False
2026-06-10,P010,Tanqueray,gin,11.461,False
2026-06-10,P011,Hendrick's,gin,14.871,False
2026-06-10,P012,Beefeater,gin,7.949,False
2026-06-10,P013,Gordon's,gin,10.743,False
2026-06-10,P014,Absolut,vodka,9.511,False
2026-06-10,P015,Finlandia,vodka,8.806,False
2026-06-10,P016,Grey Goose,vodka,15.139,False
2026-06-10,P017,Belvedere,vodka,9.664,False
2026-06-10,P018,Stolichnaya,vodka,8.549,False
2026-06-10,P019,Jameson,whiskey,8.16,False
2026-06-10,P020,Jack Daniel's,whiskey,14.618,False
2026-06-10,P021,Johnnie Walker Black,whiskey,14.195,False
2026-06-10,P022,Chivas Regal,whiskey,11.718,False
2026-06-10,P023,Maker's Mark,whiskey,8.635,False
2026-06-10,P024,Glenfiddich 12,whiskey,8.892,False
2026-06-10,P025,Bacardi Carta Blanca,rum,21.372,False
2026-06-10,P026,Havana Club 3,rum,11.633,False
2026-06-10,P027,Captain Morgan,rum,10.176,False
2026-06-10,P028,Diplomatico Reserva,rum,5.632,False
2026-06-10,P029,Jose Cuervo,tequila,8.794,False
2026-06-10,P030,Olmeca Blanco,tequila,8.892,False
2026-06-10,P031,Patron Silver,tequila,14.874,False
2026-06-10,P032,Don Julio Blanco,tequila,7.863,False
2026-06-10,P033,Aperol,aperitif,20.058,False
2026-06-10,P034,Campari,aperitif,4.958,False
2026-06-10,P035,Cointreau,liqueur,10.139,False
2026-06-10,P036,Kahlua,liqueur,8.406,False
2026-06-10,P037,Martini Rosso,vermouth,8.975,False
2026-06-10,P038,House Red Wine,wine,24.086,False
2026-06-10,P039,House White Wine,wine,23.428,False
2026-06-10,P040,Rose Wine,wine,8.2,False
2026-06-10,P041,Prosecco,wine,21.296,False
2026-06-10,P042,Chardonnay,wine,5.64,False
2026-06-10,P043,Coca-Cola,soft_drink,58.1,False
2026-06-10,P044,Coca-Cola Zero,soft_drink,41.0,False
2026-06-10,P045,Sprite,soft_drink,46.2,False
2026-06-10,P046,Tonic Water,soft_drink,56.42,False
2026-06-10,P047,Soda Water,soft_drink,50.56,False
2026-06-10,P048,Red Bull,soft_drink,43.8,False
2026-06-10,P049,Ginger Beer,soft_drink,32.2,False
2026-06-10,P050,Orange Juice,juice,4.0,False
2026-06-10,P051,Cranberry Juice,juice,4.0,False
2026-06-10,P052,Lime Juice,juice,10.508,False
2026-06-10,P053,Lemon Juice,juice,7.925,False
2026-06-10,P054,Sugar Syrup,cocktail_ingredient,5.432,False
2026-06-10,P055,Fresh Mint,cocktail_ingredient,2.917,False
2026-06-10,P056,Coffee Beans,cocktail_ingredient,6.1,False
2026-06-10,K001,Carlsberg 50L,draught_beer,4.666,False
2026-06-10,K002,Tuborg 50L,draught_beer,4.435,False
2026-06-10,K003,Carlsberg 30L,draught_beer,6.266,False
2026-06-10,K004,Malka 30L,draught_beer,5.369,False
2026-06-10,K005,Weihenstephan 30L,draught_beer,4.695,False
2026-06-11,P001,Carlsberg,beer,57.4,False
2026-06-11,P002,Heineken,beer,45.6,False
2026-06-11,P003,Corona,beer,44.2,False
2026-06-11,P004,Guinness,beer,33.6,False
2026-06-11,P005,Goldstar,beer,58.6,False
2026-06-11,P006,Maccabee,beer,45.0,False
2026-06-11,P007,Stella Artois,beer,38.4,False
2026-06-11,P008,Erdinger,beer,35.2,False
2026-06-11,P009,Bombay Sapphire,gin,14.881,False
2026-06-11,P010,Tanqueray,gin,11.118,False
2026-06-11,P011,Hendrick's,gin,14.1,False
2026-06-11,P012,Beefeater,gin,7.778,False
2026-06-11,P013,Gordon's,gin,8.774,False
2026-06-11,P014,Absolut,vodka,7.522,False
2026-06-11,P015,Finlandia,vodka,8.549,False
2026-06-11,P016,Grey Goose,vodka,13.711,False
2026-06-11,P017,Belvedere,vodka,9.406,False
2026-06-11,P018,Stolichnaya,vodka,8.292,False
2026-06-11,P019,Jameson,whiskey,7.217,False
2026-06-11,P020,Jack Daniel's,whiskey,13.933,False
2026-06-11,P021,Johnnie Walker Black,whiskey,13.681,False
2026-06-11,P022,Chivas Regal,whiskey,11.547,False
2026-06-11,P023,Maker's Mark,whiskey,8.463,False
2026-06-11,P024,Glenfiddich 12,whiskey,8.634,False
2026-06-11,P025,Bacardi Carta Blanca,rum,18.723,False
2026-06-11,P026,Havana Club 3,rum,11.29,False
2026-06-11,P027,Captain Morgan,rum,9.833,False
2026-06-11,P028,Diplomatico Reserva,rum,5.547,False
2026-06-11,P029,Jose Cuervo,tequila,8.166,False
2026-06-11,P030,Olmeca Blanco,tequila,8.635,False
2026-06-11,P031,Patron Silver,tequila,13.317,False
2026-06-11,P032,Don Julio Blanco,tequila,7.606,False
2026-06-11,P033,Aperol,aperitif,17.829,False
2026-06-11,P034,Campari,aperitif,4.101,False
2026-06-11,P035,Cointreau,liqueur,9.31,False
2026-06-11,P036,Kahlua,liqueur,7.778,False
2026-06-11,P037,Martini Rosso,vermouth,8.375,False
2026-06-11,P038,House Red Wine,wine,21.402,False
2026-06-11,P039,House White Wine,wine,20.744,False
2026-06-11,P040,Rose Wine,wine,6.8,False
2026-06-11,P041,Prosecco,wine,17.856,False
2026-06-11,P042,Chardonnay,wine,4.64,False
2026-06-11,P043,Coca-Cola,soft_drink,259.3,False
2026-06-11,P044,Coca-Cola Zero,soft_drink,54.0,False
2026-06-11,P045,Sprite,soft_drink,61.2,False
2026-06-11,P046,Tonic Water,soft_drink,68.52,False
2026-06-11,P047,Soda Water,soft_drink,63.6,False
2026-06-11,P048,Red Bull,soft_drink,58.8,False
2026-06-11,P049,Ginger Beer,soft_drink,28.2,False
2026-06-11,P050,Orange Juice,juice,4.0,False
2026-06-11,P051,Cranberry Juice,juice,4.0,False
2026-06-11,P052,Lime Juice,juice,9.448,False
2026-06-11,P053,Lemon Juice,juice,7.725,False
2026-06-11,P054,Sugar Syrup,cocktail_ingredient,4.942,False
2026-06-11,P055,Fresh Mint,cocktail_ingredient,8.719,False
2026-06-11,P056,Coffee Beans,cocktail_ingredient,5.956,False
2026-06-11,K001,Carlsberg 50L,draught_beer,4.021,False
2026-06-11,K002,Tuborg 50L,draught_beer,3.839,False
2026-06-11,K003,Carlsberg 30L,draught_beer,5.407,False
2026-06-11,K004,Malka 30L,draught_beer,4.751,False
2026-06-11,K005,Weihenstephan 30L,draught_beer,4.037,False
2026-06-12,P001,Carlsberg,beer,41.4,False
2026-06-12,P002,Heineken,beer,33.6,False
2026-06-12,P003,Corona,beer,31.2,False
2026-06-12,P004,Guinness,beer,26.6,False
2026-06-12,P005,Goldstar,beer,42.6,False
2026-06-12,P006,Maccabee,beer,37.0,False
2026-06-12,P007,Stella Artois,beer,30.4,False
2026-06-12,P008,Erdinger,beer,31.2,False
2026-06-12,P009,Bombay Sapphire,gin,0.3,False
2026-06-12,P010,Tanqueray,gin,10.775,False
2026-06-12,P011,Hendrick's,gin,13.114,False
2026-06-12,P012,Beefeater,gin,7.521,False
2026-06-12,P013,Gordon's,gin,18.534,False
2026-06-12,P014,Absolut,vodka,17.086,False
2026-06-12,P015,Finlandia,vodka,8.291,False
2026-06-12,P016,Grey Goose,vodka,13.196,False
2026-06-12,P017,Belvedere,vodka,9.149,False
2026-06-12,P018,Stolichnaya,vodka,8.035,False
2026-06-12,P019,Jameson,whiskey,5.245,False
2026-06-12,P020,Jack Daniel's,whiskey,13.161,False
2026-06-12,P021,Johnnie Walker Black,whiskey,13.252,False
2026-06-12,P022,Chivas Regal,whiskey,11.204,False
2026-06-12,P023,Maker's Mark,whiskey,8.206,False
2026-06-12,P024,Glenfiddich 12,whiskey,8.377,False
2026-06-12,P025,Bacardi Carta Blanca,rum,15.473,False
2026-06-12,P026,Havana Club 3,rum,9.947,False
2026-06-12,P027,Captain Morgan,rum,9.404,False
2026-06-12,P028,Diplomatico Reserva,rum,5.461,False
2026-06-12,P029,Jose Cuervo,tequila,7.565,False
2026-06-12,P030,Olmeca Blanco,tequila,8.378,False
2026-06-12,P031,Patron Silver,tequila,11.246,False
2026-06-12,P032,Don Julio Blanco,tequila,7.435,False
2026-06-12,P033,Aperol,aperitif,14.486,False
2026-06-12,P034,Campari,aperitif,15.287,False
2026-06-12,P035,Cointreau,liqueur,8.418,False
2026-06-12,P036,Kahlua,liqueur,7.035,False
2026-06-12,P037,Martini Rosso,vermouth,7.646,False
2026-06-12,P038,House Red Wine,wine,18.474,False
2026-06-12,P039,House White Wine,wine,17.084,False
2026-06-12,P040,Rose Wine,wine,17.6,False
2026-06-12,P041,Prosecco,wine,24.576,False
2026-06-12,P042,Chardonnay,wine,3.84,False
2026-06-12,P043,Coca-Cola,soft_drink,239.6,False
2026-06-12,P044,Coca-Cola Zero,soft_drink,38.0,False
2026-06-12,P045,Sprite,soft_drink,51.2,False
2026-06-12,P046,Tonic Water,soft_drink,57.32,False
2026-06-12,P047,Soda Water,soft_drink,51.2,False
2026-06-12,P048,Red Bull,soft_drink,46.8,False
2026-06-12,P049,Ginger Beer,soft_drink,23.2,False
2026-06-12,P050,Orange Juice,juice,4.0,False
2026-06-12,P051,Cranberry Juice,juice,4.0,False
2026-06-12,P052,Lime Juice,juice,8.058,False
2026-06-12,P053,Lemon Juice,juice,7.55,False
2026-06-12,P054,Sugar Syrup,cocktail_ingredient,4.352,False
2026-06-12,P055,Fresh Mint,cocktail_ingredient,8.467,False
2026-06-12,P056,Coffee Beans,cocktail_ingredient,5.803,False
2026-06-12,K001,Carlsberg 50L,draught_beer,3.248,False
2026-06-12,K002,Tuborg 50L,draught_beer,3.396,False
2026-06-12,K003,Carlsberg 30L,draught_beer,4.173,False
2026-06-12,K004,Malka 30L,draught_beer,4.013,False
2026-06-12,K005,Weihenstephan 30L,draught_beer,3.0,False
2026-06-13,P001,Carlsberg,beer,76.4,False
2026-06-13,P002,Heineken,beer,44.6,False
2026-06-13,P003,Corona,beer,44.2,False
2026-06-13,P004,Guinness,beer,46.6,False
2026-06-13,P005,Goldstar,beer,57.6,False
2026-06-13,P006,Maccabee,beer,31.0,False
2026-06-13,P007,Stella Artois,beer,48.4,False
2026-06-13,P008,Erdinger,beer,28.2,False
2026-06-13,P009,Bombay Sapphire,gin,0.0,True
2026-06-13,P010,Tanqueray,gin,10.433,False
2026-06-13,P011,Hendrick's,gin,12.3,False
2026-06-13,P012,Beefeater,gin,7.263,False
2026-06-13,P013,Gordon's,gin,16.504,False
2026-06-13,P014,Absolut,vodka,14.582,False
2026-06-13,P015,Finlandia,vodka,8.034,False
2026-06-13,P016,Grey Goose,vodka,12.768,False
2026-06-13,P017,Belvedere,vodka,8.978,False
2026-06-13,P018,Stolichnaya,vodka,7.778,False
2026-06-13,P019,Jameson,whiskey,4.474,False
2026-06-13,P020,Jack Daniel's,whiskey,12.39,False
2026-06-13,P021,Johnnie Walker Black,whiskey,12.138,False
2026-06-13,P022,Chivas Regal,whiskey,10.861,False
2026-06-13,P023,Maker's Mark,whiskey,8.035,False
2026-06-13,P024,Glenfiddich 12,whiskey,8.12,False
2026-06-13,P025,Bacardi Carta Blanca,rum,12.466,False
2026-06-13,P026,Havana Club 3,rum,9.604,False
2026-06-13,P027,Captain Morgan,rum,9.147,False
2026-06-13,P028,Diplomatico Reserva,rum,5.375,False
2026-06-13,P029,Jose Cuervo,tequila,7.068,False
2026-06-13,P030,Olmeca Blanco,tequila,8.12,False
2026-06-13,P031,Patron Silver,tequila,8.131,False
2026-06-13,P032,Don Julio Blanco,tequila,7.178,False
2026-06-13,P033,Aperol,aperitif,11.743,False
2026-06-13,P034,Campari,aperitif,14.387,False
2026-06-13,P035,Cointreau,liqueur,7.468,False
2026-06-13,P036,Kahlua,liqueur,6.349,False
2026-06-13,P037,Martini Rosso,vermouth,7.003,False
2026-06-13,P038,House Red Wine,wine,15.058,False
2026-06-13,P039,House White Wine,wine,14.4,False
2026-06-13,P040,Rose Wine,wine,16.2,False
2026-06-13,P041,Prosecco,wine,20.416,False
2026-06-13,P042,Chardonnay,wine,15.04,False
2026-06-13,P043,Coca-Cola,soft_drink,220.9,False
2026-06-13,P044,Coca-Cola Zero,soft_drink,30.0,False
2026-06-13,P045,Sprite,soft_drink,39.2,False
2026-06-13,P046,Tonic Water,soft_drink,44.12,False
2026-06-13,P047,Soda Water,soft_drink,42.64,False
2026-06-13,P048,Red Bull,soft_drink,37.8,False
2026-06-13,P049,Ginger Beer,soft_drink,19.2,False
2026-06-13,P050,Orange Juice,juice,4.0,False
2026-06-13,P051,Cranberry Juice,juice,4.0,False
2026-06-13,P052,Lime Juice,juice,6.798,False
2026-06-13,P053,Lemon Juice,juice,7.375,False
2026-06-13,P054,Sugar Syrup,cocktail_ingredient,3.812,False
2026-06-13,P055,Fresh Mint,cocktail_ingredient,8.251,False
2026-06-13,P056,Coffee Beans,cocktail_ingredient,5.641,False
2026-06-13,K001,Carlsberg 50L,draught_beer,4.475,False
2026-06-13,K002,Tuborg 50L,draught_beer,3.841,False
2026-06-13,K003,Carlsberg 30L,draught_beer,1.15,False
2026-06-13,K004,Malka 30L,draught_beer,5.181,False
2026-06-13,K005,Weihenstephan 30L,draught_beer,4.638,False
2026-06-14,P001,Carlsberg,beer,60.4,False
2026-06-14,P002,Heineken,beer,32.6,False
2026-06-14,P003,Corona,beer,33.2,False
2026-06-14,P004,Guinness,beer,40.6,False
2026-06-14,P005,Goldstar,beer,42.6,False
2026-06-14,P006,Maccabee,beer,24.0,False
2026-06-14,P007,Stella Artois,beer,40.4,False
2026-06-14,P008,Erdinger,beer,24.2,False
2026-06-14,P009,Bombay Sapphire,gin,0.0,True
2026-06-14,P010,Tanqueray,gin,10.09,False
2026-06-14,P011,Hendrick's,gin,11.4,False
2026-06-14,P012,Beefeater,gin,7.092,False
2026-06-14,P013,Gordon's,gin,14.116,False
2026-06-14,P014,Absolut,vodka,12.739,False
2026-06-14,P015,Finlandia,vodka,7.777,False
2026-06-14,P016,Grey Goose,vodka,12.254,False
2026-06-14,P017,Belvedere,vodka,8.721,False
2026-06-14,P018,Stolichnaya,vodka,7.521,False
2026-06-14,P019,Jameson,whiskey,3.617,False
2026-06-14,P020,Jack Daniel's,whiskey,11.533,False
2026-06-14,P021,Johnnie Walker Black,whiskey,11.624,False
2026-06-14,P022,Chivas Regal,whiskey,10.518,False
2026-06-14,P023,Maker's Mark,whiskey,7.864,False
2026-06-14,P024,Glenfiddich 12,whiskey,7.863,False
2026-06-14,P025,Bacardi Carta Blanca,rum,9.155,False
2026-06-14,P026,Havana Club 3,rum,9.176,False
2026-06-14,P027,Captain Morgan,rum,8.804,False
2026-06-14,P028,Diplomatico Reserva,rum,5.29,False
2026-06-14,P029,Jose Cuervo,tequila,6.388,False
2026-06-14,P030,Olmeca Blanco,tequila,7.863,False
2026-06-14,P031,Patron Silver,tequila,6.431,False
2026-06-14,P032,Don Julio Blanco,tequila,6.92,False
2026-06-14,P033,Aperol,aperitif,8.829,False
2026-06-14,P034,Campari,aperitif,13.487,False
2026-06-14,P035,Cointreau,liqueur,6.539,False
2026-06-14,P036,Kahlua,liqueur,5.663,False
2026-06-14,P037,Martini Rosso,vermouth,6.361,False
2026-06-14,P038,House Red Wine,wine,11.886,False
2026-06-14,P039,House White Wine,wine,11.472,False
2026-06-14,P040,Rose Wine,wine,15.0,False
2026-06-14,P041,Prosecco,wine,15.616,False
2026-06-14,P042,Chardonnay,wine,14.24,False
2026-06-14,P043,Coca-Cola,soft_drink,204.9,False
2026-06-14,P044,Coca-Cola Zero,soft_drink,16.0,False
2026-06-14,P045,Sprite,soft_drink,27.2,False
2026-06-14,P046,Tonic Water,soft_drink,30.32,False
2026-06-14,P047,Soda Water,soft_drink,30.36,False
2026-06-14,P048,Red Bull,soft_drink,27.8,False
2026-06-14,P049,Ginger Beer,soft_drink,14.2,False
2026-06-14,P050,Orange Juice,juice,4.0,False
2026-06-14,P051,Cranberry Juice,juice,4.0,False
2026-06-14,P052,Lime Juice,juice,5.503,False
2026-06-14,P053,Lemon Juice,juice,7.125,False
2026-06-14,P054,Sugar Syrup,cocktail_ingredient,3.227,False
2026-06-14,P055,Fresh Mint,cocktail_ingredient,7.99,False
2026-06-14,P056,Coffee Beans,cocktail_ingredient,5.506,False
2026-06-14,K001,Carlsberg 50L,draught_beer,3.711,False
2026-06-14,K002,Tuborg 50L,draught_beer,3.204,False
2026-06-14,K003,Carlsberg 30L,draught_beer,0.063,False
2026-06-14,K004,Malka 30L,draught_beer,4.295,False
2026-06-14,K005,Weihenstephan 30L,draught_beer,4.02,False
2026-06-15,P001,Carlsberg,beer,48.4,False
2026-06-15,P002,Heineken,beer,23.6,False
2026-06-15,P003,Corona,beer,26.2,False
2026-06-15,P004,Guinness,beer,36.6,False
2026-06-15,P005,Goldstar,beer,34.6,False
2026-06-15,P006,Maccabee,beer,20.0,False
2026-06-15,P007,Stella Artois,beer,34.4,False
2026-06-15,P008,Erdinger,beer,21.2,False
2026-06-15,P009,Bombay Sapphire,gin,0.0,True
2026-06-15,P010,Tanqueray,gin,9.833,False
2026-06-15,P011,Hendrick's,gin,10.886,False
2026-06-15,P012,Beefeater,gin,6.835,False
2026-06-15,P013,Gordon's,gin,12.783,False
2026-06-15,P014,Absolut,vodka,11.29,False
2026-06-15,P015,Finlandia,vodka,7.606,False
2026-06-15,P016,Grey Goose,vodka,11.911,False
2026-06-15,P017,Belvedere,vodka,8.55,False
2026-06-15,P018,Stolichnaya,vodka,7.349,False
2026-06-15,P019,Jameson,whiskey,3.017,False
2026-06-15,P020,Jack Daniel's,whiskey,11.19,False
2026-06-15,P021,Johnnie Walker Black,whiskey,11.452,False
2026-06-15,P022,Chivas Regal,whiskey,10.261,False
2026-06-15,P023,Maker's Mark,whiskey,7.692,False
2026-06-15,P024,Glenfiddich 12,whiskey,7.692,False
2026-06-15,P025,Bacardi Carta Blanca,rum,7.491,False
2026-06-15,P026,Havana Club 3,rum,8.918,False
2026-06-15,P027,Captain Morgan,rum,8.633,False
2026-06-15,P028,Diplomatico Reserva,rum,5.204,False
2026-06-15,P029,Jose Cuervo,tequila,6.049,False
2026-06-15,P030,Olmeca Blanco,tequila,7.692,False
2026-06-15,P031,Patron Silver,tequila,5.246,False
2026-06-15,P032,Don Julio Blanco,tequila,6.835,False
2026-06-15,P033,Aperol,aperitif,6.943,False
2026-06-15,P034,Campari,aperitif,13.058,False
2026-06-15,P035,Cointreau,liqueur,5.975,False
2026-06-15,P036,Kahlua,liqueur,5.292,False
2026-06-15,P037,Martini Rosso,vermouth,6.018,False
2026-06-15,P038,House Red Wine,wine,10.422,False
2026-06-15,P039,House White Wine,wine,8.544,False
2026-06-15,P040,Rose Wine,wine,14.2,False
2026-06-15,P041,Prosecco,wine,12.816,False
2026-06-15,P042,Chardonnay,wine,13.64,False
2026-06-15,P043,Coca-Cola,soft_drink,194.4,False
2026-06-15,P044,Coca-Cola Zero,soft_drink,56.0,False
2026-06-15,P045,Sprite,soft_drink,44.2,False
2026-06-15,P046,Tonic Water,soft_drink,68.62,False
2026-06-15,P047,Soda Water,soft_drink,47.48,False
2026-06-15,P048,Red Bull,soft_drink,44.8,False
2026-06-15,P049,Ginger Beer,soft_drink,12.2,False
2026-06-15,P050,Orange Juice,juice,4.0,False
2026-06-15,P051,Cranberry Juice,juice,4.0,False
2026-06-15,P052,Lime Juice,juice,10.763,False
2026-06-15,P053,Lemon Juice,juice,7.0,False
2026-06-15,P054,Sugar Syrup,cocktail_ingredient,2.917,False
2026-06-15,P055,Fresh Mint,cocktail_ingredient,7.864,False
2026-06-15,P056,Coffee Beans,cocktail_ingredient,5.416,False
2026-06-15,K001,Carlsberg 50L,draught_beer,3.171,False
2026-06-15,K002,Tuborg 50L,draught_beer,2.931,False
2026-06-15,K003,Carlsberg 30L,draught_beer,0.0,True
2026-06-15,K004,Malka 30L,draught_beer,3.665,False
2026-06-15,K005,Weihenstephan 30L,draught_beer,3.752,False
2026-06-16,P001,Carlsberg,beer,30.4,False
2026-06-16,P002,Heineken,beer,9.6,False
2026-06-16,P003,Corona,beer,15.2,False
2026-06-16,P004,Guinness,beer,31.6,False
2026-06-16,P005,Goldstar,beer,23.6,False
2026-06-16,P006,Maccabee,beer,13.0,False
2026-06-16,P007,Stella Artois,beer,26.4,False
2026-06-16,P008,Erdinger,beer,17.2,False
2026-06-16,P009,Bombay Sapphire,gin,11.571,False
2026-06-16,P010,Tanqueray,gin,9.575,False
2026-06-16,P011,Hendrick's,gin,10.071,False
2026-06-16,P012,Beefeater,gin,6.578,False
2026-06-16,P013,Gordon's,gin,10.595,False
2026-06-16,P014,Absolut,vodka,9.44,False
2026-06-16,P015,Finlandia,vodka,7.349,False
2026-06-16,P016,Grey Goose,vodka,11.568,False
2026-06-16,P017,Belvedere,vodka,8.292,False
2026-06-16,P018,Stolichnaya,vodka,7.092,False
2026-06-16,P019,Jameson,whiskey,14.331,False
2026-06-16,P020,Jack Daniel's,whiskey,10.419,False
2026-06-16,P021,Johnnie Walker Black,whiskey,11.195,False
2026-06-16,P022,Chivas Regal,whiskey,9.833,False
2026-06-16,P023,Maker's Mark,whiskey,7.435,False
2026-06-16,P024,Glenfiddich 12,whiskey,7.435,False
2026-06-16,P025,Bacardi Carta Blanca,rum,15.996,False
2026-06-16,P026,Havana Club 3,rum,8.576,False
2026-06-16,P027,Captain Morgan,rum,8.29,False
2026-06-16,P028,Diplomatico Reserva,rum,5.118,False
2026-06-16,P029,Jose Cuervo,tequila,5.395,False
2026-06-16,P030,Olmeca Blanco,tequila,7.521,False
2026-06-16,P031,Patron Silver,tequila,15.674,False
2026-06-16,P032,Don Julio Blanco,tequila,6.663,False
2026-06-16,P033,Aperol,aperitif,15.943,False
2026-06-16,P034,Campari,aperitif,12.244,False
2026-06-16,P035,Cointreau,liqueur,5.239,False
2026-06-16,P036,Kahlua,liqueur,4.549,False
2026-06-16,P037,Martini Rosso,vermouth,5.375,False
2026-06-16,P038,House Red Wine,wine,19.982,False
2026-06-16,P039,House White Wine,wine,16.396,False
2026-06-16,P040,Rose Wine,wine,12.8,False
2026-06-16,P041,Prosecco,wine,20.016,False
2026-06-16,P042,Chardonnay,wine,12.84,False
2026-06-16,P043,Coca-Cola,soft_drink,172.5,False
2026-06-16,P044,Coca-Cola Zero,soft_drink,43.0,False
2026-06-16,P045,Sprite,soft_drink,35.2,False
2026-06-16,P046,Tonic Water,soft_drink,56.42,False
2026-06-16,P047,Soda Water,soft_drink,36.2,False
2026-06-16,P048,Red Bull,soft_drink,33.8,False
2026-06-16,P049,Ginger Beer,soft_drink,8.2,False
2026-06-16,P050,Orange Juice,juice,4.0,False
2026-06-16,P051,Cranberry Juice,juice,4.0,False
2026-06-16,P052,Lime Juice,juice,9.558,False
2026-06-16,P053,Lemon Juice,juice,6.775,False
2026-06-16,P054,Sugar Syrup,cocktail_ingredient,2.312,False
2026-06-16,P055,Fresh Mint,cocktail_ingredient,7.603,False
2026-06-16,P056,Coffee Beans,cocktail_ingredient,5.263,False
2026-06-16,K001,Carlsberg 50L,draught_beer,2.519,False
2026-06-16,K002,Tuborg 50L,draught_beer,2.528,False
2026-06-16,K003,Carlsberg 30L,draught_beer,0.0,True
2026-06-16,K004,Malka 30L,draught_beer,2.86,False
2026-06-16,K005,Weihenstephan 30L,draught_beer,3.175,False
2026-06-17,P001,Carlsberg,beer,66.4,False
2026-06-17,P002,Heineken,beer,47.6,False
2026-06-17,P003,Corona,beer,54.2,False
2026-06-17,P004,Guinness,beer,27.6,False
2026-06-17,P005,Goldstar,beer,59.6,False
2026-06-17,P006,Maccabee,beer,30.0,False
2026-06-17,P007,Stella Artois,beer,43.4,False
2026-06-17,P008,Erdinger,beer,38.2,False
2026-06-17,P009,Bombay Sapphire,gin,11.229,False
2026-06-17,P010,Tanqueray,gin,9.233,False
2026-06-17,P011,Hendrick's,gin,9.386,False
2026-06-17,P012,Beefeater,gin,6.321,False
2026-06-17,P013,Gordon's,gin,8.356,False
2026-06-17,P014,Absolut,vodka,7.918,False
2026-06-17,P015,Finlandia,vodka,7.177,False
2026-06-17,P016,Grey Goose,vodka,11.311,False
2026-06-17,P017,Belvedere,vodka,8.121,False
2026-06-17,P018,Stolichnaya,vodka,6.921,False
2026-06-17,P019,Jameson,whiskey,13.388,False
2026-06-17,P020,Jack Daniel's,whiskey,9.819,False
2026-06-17,P021,Johnnie Walker Black,whiskey,10.767,False
2026-06-17,P022,Chivas Regal,whiskey,9.575,False
2026-06-17,P023,Maker's Mark,whiskey,7.178,False
2026-06-17,P024,Glenfiddich 12,whiskey,7.178,False
2026-06-17,P025,Bacardi Carta Blanca,rum,13.094,False
2026-06-17,P026,Havana Club 3,rum,8.233,False
2026-06-17,P027,Captain Morgan,rum,8.033,False
2026-06-17,P028,Diplomatico Reserva,rum,4.947,False
2026-06-17,P029,Jose Cuervo,tequila,4.794,False
2026-06-17,P030,Olmeca Blanco,tequila,7.349,False
2026-06-17,P031,Patron Silver,tequila,14.274,False
2026-06-17,P032,Don Julio Blanco,tequila,6.492,False
2026-06-17,P033,Aperol,aperitif,13.886,False
2026-06-17,P034,Campari,aperitif,11.472,False
2026-06-17,P035,Cointreau,liqueur,4.546,False
2026-06-17,P036,Kahlua,liqueur,4.035,False
2026-06-17,P037,Martini Rosso,vermouth,4.861,False
2026-06-17,P038,House Red Wine,wine,17.542,False
2026-06-17,P039,House White Wine,wine,13.712,False
2026-06-17,P040,Rose Wine,wine,11.8,False
2026-06-17,P041,Prosecco,wine,16.816,False
2026-06-17,P042,Chardonnay,wine,12.04,False
2026-06-17,P043,Coca-Cola,soft_drink,155.8,False
2026-06-17,P044,Coca-Cola Zero,soft_drink,33.0,False
2026-06-17,P045,Sprite,soft_drink,25.2,False
2026-06-17,P046,Tonic Water,soft_drink,44.22,False
2026-06-17,P047,Soda Water,soft_drink,25.12,False
2026-06-17,P048,Red Bull,soft_drink,23.8,False
2026-06-17,P049,Ginger Beer,soft_drink,29.2,False
2026-06-17,P050,Orange Juice,juice,4.0,False
2026-06-17,P051,Cranberry Juice,juice,4.0,False
2026-06-17,P052,Lime Juice,juice,8.478,False
2026-06-17,P053,Lemon Juice,juice,6.6,False
2026-06-17,P054,Sugar Syrup,cocktail_ingredient,7.832,False
2026-06-17,P055,Fresh Mint,cocktail_ingredient,7.387,False
2026-06-17,P056,Coffee Beans,cocktail_ingredient,5.155,False
2026-06-17,K001,Carlsberg 50L,draught_beer,5.011,False
2026-06-17,K002,Tuborg 50L,draught_beer,4.061,False
2026-06-17,K003,Carlsberg 30L,draught_beer,6.181,False
2026-06-17,K004,Malka 30L,draught_beer,5.309,False
2026-06-17,K005,Weihenstephan 30L,draught_beer,4.772,False
2026-06-18,P001,Carlsberg,beer,53.4,False
2026-06-18,P002,Heineken,beer,36.6,False
2026-06-18,P003,Corona,beer,43.2,False
2026-06-18,P004,Guinness,beer,22.6,False
2026-06-18,P005,Goldstar,beer,49.6,False
2026-06-18,P006,Maccabee,beer,27.0,False
2026-06-18,P007,Stella Artois,beer,35.4,False
2026-06-18,P008,Erdinger,beer,34.2,False
2026-06-18,P009,Bombay Sapphire,gin,10.886,False
2026-06-18,P010,Tanqueray,gin,8.976,False
2026-06-18,P011,Hendrick's,gin,8.657,False
2026-06-18,P012,Beefeater,gin,6.149,False
2026-06-18,P013,Gordon's,gin,6.386,False
2026-06-18,P014,Absolut,vodka,5.975,False
2026-06-18,P015,Finlandia,vodka,7.006,False
2026-06-18,P016,Grey Goose,vodka,10.882,False
2026-06-18,P017,Belvedere,vodka,7.95,False
2026-06-18,P018,Stolichnaya,vodka,6.749,False
2026-06-18,P019,Jameson,whiskey,12.531,False
2026-06-18,P020,Jack Daniel's,whiskey,9.047,False
2026-06-18,P021,Johnnie Walker Black,whiskey,10.252,False
2026-06-18,P022,Chivas Regal,whiskey,9.233,False
2026-06-18,P023,Maker's Mark,whiskey,7.007,False
2026-06-18,P024,Glenfiddich 12,whiskey,7.006,False
2026-06-18,P025,Bacardi Carta Blanca,rum,10.881,False
2026-06-18,P026,Havana Club 3,rum,7.89,False
2026-06-18,P027,Captain Morgan,rum,7.604,False
2026-06-18,P028,Diplomatico Reserva,rum,4.861,False
2026-06-18,P029,Jose Cuervo,tequila,4.271,False
2026-06-18,P030,Olmeca Blanco,tequila,7.178,False
2026-06-18,P031,Patron Silver,tequila,13.174,False
2026-06-18,P032,Don Julio Blanco,tequila,6.235,False
2026-06-18,P033,Aperol,aperitif,11.915,False
2026-06-18,P034,Campari,aperitif,10.744,False
2026-06-18,P035,Cointreau,liqueur,3.917,False
2026-06-18,P036,Kahlua,liqueur,3.406,False
2026-06-18,P037,Martini Rosso,vermouth,4.389,False
2026-06-18,P038,House Red Wine,wine,14.858,False
2026-06-18,P039,House White Wine,wine,10.784,False
2026-06-18,P040,Rose Wine,wine,10.4,False
2026-06-18,P041,Prosecco,wine,13.616,False
2026-06-18,P042,Chardonnay,wine,11.44,False
2026-06-18,P043,Coca-Cola,soft_drink,138.0,False
2026-06-18,P044,Coca-Cola Zero,soft_drink,45.0,False
2026-06-18,P045,Sprite,soft_drink,15.2,False
2026-06-18,P046,Tonic Water,soft_drink,58.32,False
2026-06-18,P047,Soda Water,soft_drink,63.88,False
2026-06-18,P048,Red Bull,soft_drink,38.8,False
2026-06-18,P049,Ginger Beer,soft_drink,26.2,False
2026-06-18,P050,Orange Juice,juice,4.0,False
2026-06-18,P051,Cranberry Juice,juice,4.0,False
2026-06-18,P052,Lime Juice,juice,7.663,False
2026-06-18,P053,Lemon Juice,juice,6.4,False
2026-06-18,P054,Sugar Syrup,cocktail_ingredient,7.417,False
2026-06-18,P055,Fresh Mint,cocktail_ingredient,7.234,False
2026-06-18,P056,Coffee Beans,cocktail_ingredient,5.011,False
2026-06-18,K001,Carlsberg 50L,draught_beer,4.375,False
2026-06-18,K002,Tuborg 50L,draught_beer,3.586,False
2026-06-18,K003,Carlsberg 30L,draught_beer,5.336,False
2026-06-18,K004,Malka 30L,draught_beer,4.397,False
2026-06-18,K005,Weihenstephan 30L,draught_beer,4.316,False
2026-06-19,P001,Carlsberg,beer,32.4,False
2026-06-19,P002,Heineken,beer,20.6,False
2026-06-19,P003,Corona,beer,28.2,False
2026-06-19,P004,Guinness,beer,14.6,False
2026-06-19,P005,Goldstar,beer,31.6,False
2026-06-19,P006,Maccabee,beer,16.0,False
2026-06-19,P007,Stella Artois,beer,23.4,False
2026-06-19,P008,Erdinger,beer,28.2,False
2026-06-19,P009,Bombay Sapphire,gin,10.286,False
2026-06-19,P010,Tanqueray,gin,8.547,False
2026-06-19,P011,Hendrick's,gin,7.5,False
2026-06-19,P012,Beefeater,gin,5.806,False
2026-06-19,P013,Gordon's,gin,15.476,False
2026-06-19,P014,Absolut,vodka,15.404,False
2026-06-19,P015,Finlandia,vodka,6.749,False
2026-06-19,P016,Grey Goose,vodka,10.282,False
2026-06-19,P017,Belvedere,vodka,7.607,False
2026-06-19,P018,Stolichnaya,vodka,6.406,False
2026-06-19,P019,Jameson,whiskey,11.331,False
2026-06-19,P020,Jack Daniel's,whiskey,7.847,False
2026-06-19,P021,Johnnie Walker Black,whiskey,9.738,False
2026-06-19,P022,Chivas Regal,whiskey,8.718,False
2026-06-19,P023,Maker's Mark,whiskey,6.664,False
2026-06-19,P024,Glenfiddich 12,whiskey,6.663,False
2026-06-19,P025,Bacardi Carta Blanca,rum,18.193,False
2026-06-19,P026,Havana Club 3,rum,7.375,False
2026-06-19,P027,Captain Morgan,rum,7.09,False
2026-06-19,P028,Diplomatico Reserva,rum,4.69,False
2026-06-19,P029,Jose Cuervo,tequila,15.434,False
2026-06-19,P030,Olmeca Blanco,tequila,6.835,False
2026-06-19,P031,Patron Silver,tequila,11.088,False
2026-06-19,P032,Don Julio Blanco,tequila,5.892,False
2026-06-19,P033,Aperol,aperitif,19.8,False
2026-06-19,P034,Campari,aperitif,9.501,False
2026-06-19,P035,Cointreau,liqueur,14.946,False
2026-06-19,P036,Kahlua,liqueur,14.378,False
2026-06-19,P037,Martini Rosso,vermouth,3.575,False
2026-06-19,P038,House Red Wine,wine,22.466,False
2026-06-19,P039,House White Wine,wine,17.66,False
2026-06-19,P040,Rose Wine,wine,8.8,False
2026-06-19,P041,Prosecco,wine,18.976,False
2026-06-19,P042,Chardonnay,wine,10.24,False
2026-06-19,P043,Coca-Cola,soft_drink,104.8,False
2026-06-19,P044,Coca-Cola Zero,soft_drink,24.0,False
2026-06-19,P045,Sprite,soft_drink,1.2,False
2026-06-19,P046,Tonic Water,soft_drink,42.62,False
2026-06-19,P047,Soda Water,soft_drink,46.2,False
2026-06-19,P048,Red Bull,soft_drink,25.8,False
2026-06-19,P049,Ginger Beer,soft_drink,19.2,False
2026-06-19,P050,Orange Juice,juice,4.0,False
2026-06-19,P051,Cranberry Juice,juice,4.0,False
2026-06-19,P052,Lime Juice,juice,5.928,False
2026-06-19,P053,Lemon Juice,juice,6.1,False
2026-06-19,P054,Sugar Syrup,cocktail_ingredient,6.532,False
2026-06-19,P055,Fresh Mint,cocktail_ingredient,6.847,False
2026-06-19,P056,Coffee Beans,cocktail_ingredient,4.795,False
2026-06-19,K001,Carlsberg 50L,draught_beer,3.2,False
2026-06-19,K002,Tuborg 50L,draught_beer,3.063,False
2026-06-19,K003,Carlsberg 30L,draught_beer,3.94,False
2026-06-19,K004,Malka 30L,draught_beer,3.39,False
2026-06-19,K005,Weihenstephan 30L,draught_beer,3.43,False
2026-06-20,P001,Carlsberg,beer,63.4,False
2026-06-20,P002,Heineken,beer,57.6,False
2026-06-20,P003,Corona,beer,15.2,False
2026-06-20,P004,Guinness,beer,32.6,False
2026-06-20,P005,Goldstar,beer,65.6,False
2026-06-20,P006,Maccabee,beer,32.0,False
2026-06-20,P007,Stella Artois,beer,39.4,False
2026-06-20,P008,Erdinger,beer,23.2,False
2026-06-20,P009,Bombay Sapphire,gin,9.857,False
2026-06-20,P010,Tanqueray,gin,8.29,False
2026-06-20,P011,Hendrick's,gin,6.814,False
2026-06-20,P012,Beefeater,gin,5.635,False
2026-06-20,P013,Gordon's,gin,13.262,False
2026-06-20,P014,Absolut,vodka,13.804,False
2026-06-20,P015,Finlandia,vodka,6.492,False
2026-06-20,P016,Grey Goose,vodka,9.768,False
2026-06-20,P017,Belvedere,vodka,7.35,False
2026-06-20,P018,Stolichnaya,vodka,6.149,False
2026-06-20,P019,Jameson,whiskey,10.303,False
2026-06-20,P020,Jack Daniel's,whiskey,6.99,False
2026-06-20,P021,Johnnie Walker Black,whiskey,9.309,False
2026-06-20,P022,Chivas Regal,whiskey,8.375,False
2026-06-20,P023,Maker's Mark,whiskey,6.407,False
2026-06-20,P024,Glenfiddich 12,whiskey,6.406,False
2026-06-20,P025,Bacardi Carta Blanca,rum,15.09,False
2026-06-20,P026,Havana Club 3,rum,7.033,False
2026-06-20,P027,Captain Morgan,rum,6.747,False
2026-06-20,P028,Diplomatico Reserva,rum,4.604,False
2026-06-20,P029,Jose Cuervo,tequila,14.807,False
2026-06-20,P030,Olmeca Blanco,tequila,6.578,False
2026-06-20,P031,Patron Silver,tequila,9.303,False
2026-06-20,P032,Don Julio Blanco,tequila,5.635,False
2026-06-20,P033,Aperol,aperitif,16.457,False
2026-06-20,P034,Campari,aperitif,8.729,False
2026-06-20,P035,Cointreau,liqueur,14.146,False
2026-06-20,P036,Kahlua,liqueur,13.749,False
2026-06-20,P037,Martini Rosso,vermouth,3.061,False
2026-06-20,P038,House Red Wine,wine,20.27,False
2026-06-20,P039,House White Wine,wine,14.0,False
2026-06-20,P040,Rose Wine,wine,7.6,False
2026-06-20,P041,Prosecco,wine,13.376,False
2026-06-20,P042,Chardonnay,wine,9.44,False
2026-06-20,P043,Coca-Cola,soft_drink,89.0,False
2026-06-20,P044,Coca-Cola Zero,soft_drink,10.0,False
2026-06-20,P045,Sprite,soft_drink,40.2,False
2026-06-20,P046,Tonic Water,soft_drink,29.52,False
2026-06-20,P047,Soda Water,soft_drink,33.98,False
2026-06-20,P048,Red Bull,soft_drink,18.8,False
2026-06-20,P049,Ginger Beer,soft_drink,15.2,False
2026-06-20,P050,Orange Juice,juice,4.0,False
2026-06-20,P051,Cranberry Juice,juice,4.0,False
2026-06-20,P052,Lime Juice,juice,4.708,False
2026-06-20,P053,Lemon Juice,juice,5.9,False
2026-06-20,P054,Sugar Syrup,cocktail_ingredient,6.012,False
2026-06-20,P055,Fresh Mint,cocktail_ingredient,6.613,False
2026-06-20,P056,Coffee Beans,cocktail_ingredient,4.678,False
2026-06-20,K001,Carlsberg 50L,draught_beer,4.419,False
2026-06-20,K002,Tuborg 50L,draught_beer,4.668,False
2026-06-20,K003,Carlsberg 30L,draught_beer,6.081,False
2026-06-20,K004,Malka 30L,draught_beer,5.692,False
2026-06-20,K005,Weihenstephan 30L,draught_beer,4.746,False
