count_id,date,product_id,product_name,reported_stock,counted_by,station
CNT000001,2025-09-03,P001,Carlsberg,154.4,Maya,both
CNT000002,2025-09-03,P002,Heineken,115.6,Maya,both
CNT000003,2025-09-03,P003,Corona,108.2,Maya,both
CNT000004,2025-09-03,P004,Guinness,52.6,Maya,both
CNT000005,2025-09-03,P005,Goldstar,121.6,Maya,both
CNT000006,2025-09-03,P006,Maccabee,67.0,Maya,both
CNT000007,2025-09-03,P007,Stella Artois,80.26,Maya,both
CNT000008,2025-09-03,P008,Erdinger,41.2,Maya,both
CNT000009,2025-09-03,P009,Bombay Sapphire,4.59,Maya,both
CNT000010,2025-09-03,P010,Tanqueray,3.57,Maya,both
CNT000011,2025-09-03,P011,Hendrick's,8.66,Maya,both
CNT000012,2025-09-03,P012,Beefeater,3.66,Maya,both
CNT000013,2025-09-03,P013,Gordon's,21.54,Maya,both
CNT000014,2025-09-03,P014,Absolut,18.78,Maya,both
CNT000015,2025-09-03,P015,Finlandia,3.57,Maya,both
CNT000016,2025-09-03,P016,Grey Goose,4.54,Maya,both
CNT000017,2025-09-03,P017,Belvedere,3.74,Maya,both
CNT000018,2025-09-03,P018,Stolichnaya,3.66,Maya,both
CNT000019,2025-09-03,P019,Jameson,9.45,Maya,both
CNT000020,2025-09-03,P020,Jack Daniel's,7.61,Maya,both
CNT000021,2025-09-03,P021,Johnnie Walker Black,4.77,Maya,both
CNT000022,2025-09-03,P022,Chivas Regal,3.4,Maya,both
CNT000023,2025-09-03,P023,Maker's Mark,3.66,Maya,both
CNT000024,2025-09-03,P024,Glenfiddich 12,3.74,Maya,inside
CNT000025,2025-09-03,P025,Bacardi Carta Blanca,30.14,Maya,both
CNT000026,2025-09-03,P026,Havana Club 3,3.49,Maya,both
CNT000027,2025-09-03,P027,Captain Morgan,3.49,Maya,both
CNT000028,2025-09-03,P028,Diplomatico Reserva,3.83,Maya,both
CNT000029,2025-09-03,P029,Jose Cuervo,6.2,Maya,both
CNT000030,2025-09-03,P030,Olmeca Blanco,3.74,Maya,both
CNT000031,2025-09-03,P031,Patron Silver,16.63,Maya,inside
CNT000032,2025-09-03,P032,Don Julio Blanco,3.57,Maya,both
CNT000033,2025-09-03,P033,Aperol,29.4,Maya,outside
CNT000034,2025-09-03,P034,Campari,8.43,Maya,both
CNT000035,2025-09-03,P035,Cointreau,8.19,Maya,both
CNT000036,2025-09-03,P036,Kahlua,6.81,Maya,both
CNT000037,2025-09-03,P037,Martini Rosso,6.36,Maya,inside
CNT000038,2025-09-03,P038,House Red Wine,28.45,Maya,both
CNT000039,2025-09-03,P039,House White Wine,32.45,Maya,both
CNT000040,2025-09-03,P040,Rose Wine,13.2,Maya,both
CNT000041,2025-09-03,P041,Prosecco,47.18,Maya,both
CNT000042,2025-09-03,P042,Chardonnay,8.04,Maya,both
CNT000043,2025-09-03,P043,Coca-Cola,193.64,Maya,both
CNT000044,2025-09-03,P044,Coca-Cola Zero,119.6,Maya,both
CNT000045,2025-09-03,P045,Sprite,104.2,Maya,both
CNT000046,2025-09-03,P046,Tonic Water,122.6,Maya,both
CNT000047,2025-09-03,P047,Soda Water,115.26,Maya,both
CNT000048,2025-09-03,P048,Red Bull,90.8,Maya,both
CNT000049,2025-09-03,P049,Ginger Beer,40.2,Maya,both
CNT000050,2025-09-03,P050,Orange Juice,4.0,Maya,both
CNT000051,2025-09-03,P051,Cranberry Juice,4.0,Maya,both
CNT000052,2025-09-03,P052,Lime Juice,12.0,Maya,both
CNT000053,2025-09-03,P053,Lemon Juice,3.7,Maya,both
CNT000054,2025-09-03,P054,Sugar Syrup,5.46,Maya,both
CNT000055,2025-09-03,P055,Fresh Mint,3.69,Maya,both
CNT000056,2025-09-03,P056,Coffee Beans,3.86,Maya,inside
CNT000057,2025-09-03,K001,Carlsberg 50L,5.34,Maya,inside
CNT000058,2025-09-03,K002,Tuborg 50L,3.51,Maya,inside
CNT000059,2025-09-03,K003,Carlsberg 30L,7.11,Maya,outside
CNT000060,2025-09-03,K004,Malka 30L,5.26,Maya,outside
CNT000061,2025-09-03,K005,Weihenstephan 30L,4.76,Maya,outside
CNT000062,2025-09-07,P001,Carlsberg,117.4,Yael,both
CNT000063,2025-09-07,P002,Heineken,74.6,Yael,both
CNT000064,2025-09-07,P003,Corona,75.2,Yael,both
CNT000065,2025-09-07,P004,Guinness,32.6,Yael,both
CNT000066,2025-09-07,P005,Goldstar,81.6,Yael,both
CNT000067,2025-09-07,P006,Maccabee,43.0,Yael,both
CNT000068,2025-09-07,P007,Stella Artois,54.4,Yael,both
CNT000069,2025-09-07,P008,Erdinger,28.2,Yael,both
CNT000070,2025-09-07,P009,Bombay Sapphire,3.05,Yael,both
CNT000071,2025-09-07,P010,Tanqueray,14.54,Yael,both
CNT000072,2025-09-07,P011,Hendrick's,6.04,Yael,both
CNT000073,2025-09-07,P012,Beefeater,2.71,Yael,both
CNT000074,2025-09-07,P013,Gordon's,14.83,Yael,both
CNT000075,2025-09-07,P014,Absolut,12.7,Yael,both
CNT000076,2025-09-07,P015,Finlandia,2.63,Yael,both
CNT000077,2025-09-07,P016,Grey Goose,3.22,Yael,both
CNT000078,2025-09-07,P017,Belvedere,2.97,Yael,both
CNT000079,2025-09-07,P018,Stolichnaya,2.8,Yael,both
CNT000080,2025-09-07,P019,Jameson,5.87,Yael,both
CNT000081,2025-09-07,P020,Jack Daniel's,4.87,Yael,both
CNT000082,2025-09-07,P021,Johnnie Walker Black,3.22,Yael,both
CNT000083,2025-09-07,P022,Chivas Regal,14.29,Yael,both
CNT000084,2025-09-07,P023,Maker's Mark,2.8,Yael,both
CNT000085,2025-09-07,P024,Glenfiddich 12,2.97,Yael,inside
CNT000086,2025-09-07,P025,Bacardi Carta Blanca,20.18,Yael,both
CNT000087,2025-09-07,P026,Havana Club 3,14.37,Yael,both
CNT000088,2025-09-07,P027,Captain Morgan,14.29,Yael,both
CNT000089,2025-09-07,P028,Diplomatico Reserva,3.31,Yael,both
CNT000090,2025-09-07,P029,Jose Cuervo,4.05,Yael,both
CNT000091,2025-09-07,P030,Olmeca Blanco,2.91,Yael,both
CNT000092,2025-09-07,P031,Patron Silver,10.93,Yael,inside
CNT000093,2025-09-07,P032,Don Julio Blanco,2.8,Yael,both
CNT000094,2025-09-07,P033,Aperol,19.97,Yael,outside
CNT000095,2025-09-07,P034,Campari,5.96,Yael,both
CNT000096,2025-09-07,P035,Cointreau,5.5,Yael,both
CNT000097,2025-09-07,P036,Kahlua,4.72,Yael,both
CNT000098,2025-09-07,P037,Martini Rosso,4.52,Yael,inside
CNT000099,2025-09-07,P038,House Red Wine,19.67,Yael,both
CNT000100,2025-09-07,P039,House White Wine,20.01,Yael,both
CNT000101,2025-09-07,P040,Rose Wine,7.2,Yael,both
CNT000102,2025-09-07,P041,Prosecco,31.62,Yael,both
CNT000103,2025-09-07,P042,Chardonnay,5.84,Yael,both
CNT000104,2025-09-07,P043,Coca-Cola,124.14,Yael,both
CNT000105,2025-09-07,P044,Coca-Cola Zero,87.6,Yael,both
CNT000106,2025-09-07,P045,Sprite,68.2,Yael,both
CNT000107,2025-09-07,P046,Tonic Water,77.92,Yael,both
CNT000108,2025-09-07,P047,Soda Water,81.1,Yael,both
CNT000109,2025-09-07,P048,Red Bull,61.8,Yael,both
CNT000110,2025-09-07,P049,Ginger Beer,24.2,Yael,both
CNT000111,2025-09-07,P050,Orange Juice,4.0,Yael,both
CNT000112,2025-09-07,P051,Cranberry Juice,4.0,Yael,both
CNT000113,2025-09-07,P052,Lime Juice,8.13,Yael,both
CNT000114,2025-09-07,P053,Lemon Juice,3.08,Yael,both
CNT000115,2025-09-07,P054,Sugar Syrup,3.68,Yael,both
CNT000116,2025-09-07,P055,Fresh Mint,2.94,Yael,both
CNT000117,2025-09-07,P056,Coffee Beans,3.29,Yael,inside
CNT000118,2025-09-07,K001,Carlsberg 50L,4.47,Yael,inside
CNT000119,2025-09-07,K002,Tuborg 50L,3.79,Yael,inside
CNT000120,2025-09-07,K003,Carlsberg 30L,4.97,Yael,outside
CNT000121,2025-09-07,K004,Malka 30L,4.25,Yael,outside
CNT000122,2025-09-07,K005,Weihenstephan 30L,3.8,Yael,outside
CNT000123,2025-09-10,P001,Carlsberg,82.4,Yael,both
CNT000124,2025-09-10,P002,Heineken,54.6,Yael,both
CNT000125,2025-09-10,P003,Corona,51.2,Yael,both
CNT000126,2025-09-10,P004,Guinness,20.6,Yael,both
CNT000127,2025-09-10,P005,Goldstar,60.6,Yael,both
CNT000128,2025-09-10,P006,Maccabee,31.0,Yael,both
CNT000129,2025-09-10,P007,Stella Artois,43.4,Yael,both
CNT000130,2025-09-10,P008,Erdinger,21.2,Yael,both
CNT000131,2025-09-10,P009,Bombay Sapphire,14.45,Yael,both
CNT000132,2025-09-10,P010,Tanqueray,14.03,Yael,both
CNT000133,2025-09-10,P011,Hendrick's,16.16,Yael,both
CNT000134,2025-09-10,P012,Beefeater,14.29,Yael,both
CNT000135,2025-09-10,P013,Gordon's,11.3,Yael,both
CNT000136,2025-09-10,P014,Absolut,9.38,Yael,both
CNT000137,2025-09-10,P015,Finlandia,14.29,Yael,both
CNT000138,2025-09-10,P016,Grey Goose,14.37,Yael,both
CNT000139,2025-09-10,P017,Belvedere,14.71,Yael,both
CNT000140,2025-09-10,P018,Stolichnaya,14.57,Yael,both
CNT000141,2025-09-10,P019,Jameson,17.07,Yael,both
CNT000142,2025-09-10,P020,Jack Daniel's,3.41,Yael,both
CNT000143,2025-09-10,P021,Johnnie Walker Black,14.17,Yael,both
CNT000144,2025-09-10,P022,Chivas Regal,13.6,Yael,both
CNT000145,2025-09-10,P023,Maker's Mark,14.37,Yael,both
CNT000146,2025-09-10,P024,Glenfiddich 12,14.54,Yael,inside
CNT000147,2025-09-10,P025,Bacardi Carta Blanca,14.49,Yael,both
CNT000148,2025-09-10,P026,Havana Club 3,13.77,Yael,both
CNT000149,2025-09-10,P027,Captain Morgan,13.86,Yael,both
CNT000150,2025-09-10,P028,Diplomatico Reserva,3.06,Yael,both
CNT000151,2025-09-10,P029,Jose Cuervo,15.06,Yael,both
CNT000152,2025-09-10,P030,Olmeca Blanco,14.71,Yael,both
CNT000153,2025-09-10,P031,Patron Silver,7.82,Yael,inside
CNT000154,2025-09-10,P032,Don Julio Blanco,14.29,Yael,both
CNT000155,2025-09-10,P033,Aperol,14.49,Yael,outside
CNT000156,2025-09-10,P034,Campari,16.24,Yael,both
CNT000157,2025-09-10,P035,Cointreau,4.0,Yael,both
CNT000158,2025-09-10,P036,Kahlua,3.35,Yael,both
CNT000159,2025-09-10,P037,Martini Rosso,3.15,Yael,inside
CNT000160,2025-09-10,P038,House Red Wine,15.03,Yael,both
CNT000161,2025-09-10,P039,House White Wine,25.66,Yael,both
CNT000162,2025-09-10,P040,Rose Wine,5.2,Yael,both
CNT000163,2025-09-10,P041,Prosecco,23.22,Yael,both
CNT000164,2025-09-10,P042,Chardonnay,16.24,Yael,both
CNT000165,2025-09-10,P043,Coca-Cola,94.04,Yael,both
CNT000166,2025-09-10,P044,Coca-Cola Zero,63.6,Yael,both
CNT000167,2025-09-10,P045,Sprite,44.95,Yael,both
CNT000168,2025-09-10,P046,Tonic Water,56.72,Yael,both
CNT000169,2025-09-10,P047,Soda Water,58.0,Yael,both
CNT000170,2025-09-10,P048,Red Bull,46.8,Yael,both
CNT000171,2025-09-10,P049,Ginger Beer,17.2,Yael,both
CNT000172,2025-09-10,P050,Orange Juice,4.0,Yael,both
CNT000173,2025-09-10,P051,Cranberry Juice,4.0,Yael,both
CNT000174,2025-09-10,P052,Lime Juice,5.74,Yael,both
CNT000175,2025-09-10,P053,Lemon Juice,2.8,Yael,both
CNT000176,2025-09-10,P054,Sugar Syrup,8.63,Yael,both
CNT000177,2025-09-10,P055,Fresh Mint,8.4,Yael,both
CNT000178,2025-09-10,P056,Coffee Beans,3.02,Yael,inside
CNT000179,2025-09-10,K001,Carlsberg 50L,5.44,Yael,inside
CNT000180,2025-09-10,K002,Tuborg 50L,4.76,Yael,inside
CNT000181,2025-09-10,K003,Carlsberg 30L,5.97,Yael,outside
CNT000182,2025-09-10,K004,Malka 30L,6.02,Yael,outside
CNT000183,2025-09-10,K005,Weihenstephan 30L,4.85,Yael,outside
CNT000184,2025-09-14,P001,Carlsberg,57.4,Tomer,both
CNT000185,2025-09-14,P002,Heineken,34.6,Tomer,both
CNT000186,2025-09-14,P003,Corona,37.2,Tomer,both
CNT000187,2025-09-14,P004,Guinness,25.6,Tomer,both
CNT000188,2025-09-14,P005,Goldstar,47.6,Tomer,both
CNT000189,2025-09-14,P006,Maccabee,10.0,Tomer,both
CNT000190,2025-09-14,P007,Stella Artois,36.4,Tomer,both
CNT000191,2025-09-14,P008,Erdinger,31.2,Tomer,both
CNT000192,2025-09-14,P009,Bombay Sapphire,12.73,Tomer,both
CNT000193,2025-09-14,P010,Tanqueray,12.83,Tomer,both
CNT000194,2025-09-14,P011,Hendrick's,13.2,Tomer,both
CNT000195,2025-09-14,P012,Beefeater,13.34,Tomer,both
CNT000196,2025-09-14,P013,Gordon's,16.08,Tomer,both
CNT000197,2025-09-14,P014,Absolut,15.04,Tomer,both
CNT000198,2025-09-14,P015,Finlandia,13.51,Tomer,both
CNT000199,2025-09-14,P016,Grey Goose,12.65,Tomer,both
CNT000200,2025-09-14,P017,Belvedere,13.86,Tomer,both
CNT000201,2025-09-14,P018,Stolichnaya,13.51,Tomer,both
CNT000202,2025-09-14,P019,Jameson,13.56,Tomer,both
CNT000203,2025-09-14,P020,Jack Daniel's,12.5,Tomer,both
CNT000204,2025-09-14,P021,Johnnie Walker Black,12.65,Tomer,both
CNT000205,2025-09-14,P022,Chivas Regal,12.49,Tomer,both
CNT000206,2025-09-14,P023,Maker's Mark,13.69,Tomer,both
CNT000207,2025-09-14,P024,Glenfiddich 12,13.69,Tomer,inside
CNT000208,2025-09-14,P025,Bacardi Carta Blanca,16.09,Tomer,both
CNT000209,2025-09-14,P026,Havana Club 3,12.66,Tomer,both
CNT000210,2025-09-14,P027,Captain Morgan,12.74,Tomer,both
CNT000211,2025-09-14,P028,Diplomatico Reserva,2.71,Tomer,both
CNT000212,2025-09-14,P029,Jose Cuervo,13.05,Tomer,both
CNT000213,2025-09-14,P030,Olmeca Blanco,13.94,Tomer,both
CNT000214,2025-09-14,P031,Patron Silver,13.96,Tomer,inside
CNT000215,2025-09-14,P032,Don Julio Blanco,13.43,Tomer,both
CNT000216,2025-09-14,P033,Aperol,17.31,Tomer,outside
CNT000217,2025-09-14,P034,Campari,13.37,Tomer,both
CNT000218,2025-09-14,P035,Cointreau,13.04,Tomer,both
CNT000219,2025-09-14,P036,Kahlua,12.83,Tomer,both
CNT000220,2025-09-14,P037,Martini Rosso,13.05,Tomer,inside
CNT000221,2025-09-14,P038,House Red Wine,16.54,Tomer,both
CNT000222,2025-09-14,P039,House White Wine,13.71,Tomer,both
CNT000223,2025-09-14,P040,Rose Wine,12.71,Tomer,both
CNT000224,2025-09-14,P041,Prosecco,20.54,Tomer,both
CNT000225,2025-09-14,P042,Chardonnay,13.17,Tomer,both
CNT000226,2025-09-14,P043,Coca-Cola,28.14,Tomer,both
CNT000227,2025-09-14,P044,Coca-Cola Zero,24.6,Tomer,both
CNT000228,2025-09-14,P045,Sprite,34.2,Tomer,both
CNT000229,2025-09-14,P046,Tonic Water,37.02,Tomer,both
CNT000230,2025-09-14,P047,Soda Water,18.68,Tomer,both
CNT000231,2025-09-14,P048,Red Bull,12.8,Tomer,both
CNT000232,2025-09-14,P049,Ginger Beer,26.2,Tomer,both
CNT000233,2025-09-14,P050,Orange Juice,4.12,Tomer,both
CNT000234,2025-09-14,P051,Cranberry Juice,4.0,Tomer,both
CNT000235,2025-09-14,P052,Lime Juice,7.6,Tomer,both
CNT000236,2025-09-14,P053,Lemon Juice,8.34,Tomer,both
CNT000237,2025-09-14,P054,Sugar Syrup,6.74,Tomer,both
CNT000238,2025-09-14,P055,Fresh Mint,7.69,Tomer,both
CNT000239,2025-09-14,P056,Coffee Beans,2.52,Tomer,inside
CNT000240,2025-09-14,K001,Carlsberg 50L,4.37,Tomer,inside
CNT000241,2025-09-14,K002,Tuborg 50L,3.9,Tomer,inside
CNT000242,2025-09-14,K003,Carlsberg 30L,5.44,Tomer,outside
CNT000243,2025-09-14,K004,Malka 30L,4.38,Tomer,outside
CNT000244,2025-09-14,K005,Weihenstephan 30L,3.41,Tomer,outside
CNT000245,2025-09-17,P001,Carlsberg,82.4,Tomer,both
CNT000246,2025-09-17,P002,Heineken,66.6,Tomer,both
CNT000247,2025-09-17,P003,Corona,19.2,Tomer,both
CNT000248,2025-09-17,P004,Guinness,40.6,Tomer,both
CNT000249,2025-09-17,P005,Goldstar,49.41,Tomer,both
CNT000250,2025-09-17,P006,Maccabee,50.0,Tomer,both
CNT000251,2025-09-17,P007,Stella Artois,50.29,Tomer,both
CNT000252,2025-09-17,P008,Erdinger,26.2,Tomer,both
CNT000253,2025-09-17,P009,Bombay Sapphire,12.33,Tomer,both
CNT000254,2025-09-17,P010,Tanqueray,12.4,Tomer,both
CNT000255,2025-09-17,P011,Hendrick's,11.5,Tomer,both
CNT000256,2025-09-17,P012,Beefeater,12.91,Tomer,both
CNT000257,2025-09-17,P013,Gordon's,12.28,Tomer,both
CNT000258,2025-09-17,P014,Absolut,12.08,Tomer,both
CNT000259,2025-09-17,P015,Finlandia,13.17,Tomer,both
CNT000260,2025-09-17,P016,Grey Goose,11.88,Tomer,both
CNT000261,2025-09-17,P017,Belvedere,13.43,Tomer,both
CNT000262,2025-09-17,P018,Stolichnaya,13.17,Tomer,both
CNT000263,2025-09-17,P019,Jameson,12.45,Tomer,both
CNT000264,2025-09-17,P020,Jack Daniel's,10.95,Tomer,both
CNT000265,2025-09-17,P021,Johnnie Walker Black,12.05,Tomer,both
CNT000266,2025-09-17,P022,Chivas Regal,12.06,Tomer,both
CNT000267,2025-09-17,P023,Maker's Mark,13.34,Tomer,both
CNT000268,2025-09-17,P024,Glenfiddich 12,13.26,Tomer,inside
CNT000269,2025-09-17,P025,Bacardi Carta Blanca,23.26,Tomer,both
CNT000270,2025-09-17,P026,Havana Club 3,12.06,Tomer,both
CNT000271,2025-09-17,P027,Captain Morgan,12.23,Tomer,both
CNT000272,2025-09-17,P028,Diplomatico Reserva,2.46,Tomer,both
CNT000273,2025-09-17,P029,Jose Cuervo,11.95,Tomer,both
CNT000274,2025-09-17,P030,Olmeca Blanco,13.51,Tomer,both
CNT000275,2025-09-17,P031,Patron Silver,11.17,Tomer,inside
CNT000276,2025-09-17,P032,Don Julio Blanco,13.0,Tomer,both
CNT000277,2025-09-17,P033,Aperol,12.69,Tomer,outside
CNT000278,2025-09-17,P034,Campari,12.2,Tomer,both
CNT000279,2025-09-17,P035,Cointreau,11.62,Tomer,both
CNT000280,2025-09-17,P036,Kahlua,11.69,Tomer,both
CNT000281,2025-09-17,P037,Martini Rosso,12.06,Tomer,inside
CNT000282,2025-09-17,P038,House Red Wine,24.15,Tomer,both
CNT000283,2025-09-17,P039,House White Wine,20.58,Tomer,both
CNT000284,2025-09-17,P040,Rose Wine,11.4,Tomer,both
CNT000285,2025-09-17,P041,Prosecco,25.22,Tomer,both
CNT000286,2025-09-17,P042,Chardonnay,12.04,Tomer,both
CNT000287,2025-09-17,P043,Coca-Cola,70.14,Tomer,both
CNT000288,2025-09-17,P044,Coca-Cola Zero,56.6,Tomer,both
CNT000289,2025-09-17,P045,Sprite,44.2,Tomer,both
CNT000290,2025-09-17,P046,Tonic Water,41.52,Tomer,both
CNT000291,2025-09-17,P047,Soda Water,51.64,Tomer,both
CNT000292,2025-09-17,P048,Red Bull,50.8,Tomer,both
CNT000293,2025-09-17,P049,Ginger Beer,20.2,Tomer,both
CNT000294,2025-09-17,P050,Orange Juice,4.0,Tomer,both
CNT000295,2025-09-17,P051,Cranberry Juice,4.09,Tomer,both
CNT000296,2025-09-17,P052,Lime Juice,5.51,Tomer,both
CNT000297,2025-09-17,P053,Lemon Juice,7.83,Tomer,both
CNT000298,2025-09-17,P054,Sugar Syrup,5.8,Tomer,both
CNT000299,2025-09-17,P055,Fresh Mint,7.29,Tomer,both
CNT000300,2025-09-17,P056,Coffee Beans,8.27,Tomer,inside
CNT000301,2025-09-17,K001,Carlsberg 50L,5.51,Tomer,inside
CNT000302,2025-09-17,K002,Tuborg 50L,4.89,Tomer,inside
CNT000303,2025-09-17,K003,Carlsberg 30L,4.2,Tomer,outside
CNT000304,2025-09-17,K004,Malka 30L,6.11,Tomer,outside
CNT000305,2025-09-17,K005,Weihenstephan 30L,4.47,Tomer,outside
CNT000306,2025-09-21,P001,Carlsberg,44.4,Yael,both
CNT000307,2025-09-21,P002,Heineken,37.45,Yael,both
CNT000308,2025-09-21,P003,Corona,44.2,Yael,both
CNT000309,2025-09-21,P004,Guinness,17.6,Yael,both
CNT000310,2025-09-21,P005,Goldstar,47.3,Yael,both
CNT000311,2025-09-21,P006,Maccabee,23.0,Yael,both
CNT000312,2025-09-21,P007,Stella Artois,43.4,Yael,both
CNT000313,2025-09-21,P008,Erdinger,32.2,Yael,both
CNT000314,2025-09-21,P009,Bombay Sapphire,10.59,Yael,both
CNT000315,2025-09-21,P010,Tanqueray,10.77,Yael,both
CNT000316,2025-09-21,P011,Hendrick's,8.31,Yael,both
CNT000317,2025-09-21,P012,Beefeater,11.89,Yael,both
CNT000318,2025-09-21,P013,Gordon's,14.87,Yael,both
CNT000319,2025-09-21,P014,Absolut,4.04,Yael,both
CNT000320,2025-09-21,P015,Finlandia,12.14,Yael,both
CNT000321,2025-09-21,P016,Grey Goose,9.74,Yael,both
CNT000322,2025-09-21,P017,Belvedere,12.49,Yael,both
CNT000323,2025-09-21,P018,Stolichnaya,12.23,Yael,both
CNT000324,2025-09-21,P019,Jameson,8.93,Yael,both
CNT000325,2025-09-21,P020,Jack Daniel's,7.44,Yael,both
CNT000326,2025-09-21,P021,Johnnie Walker Black,10.08,Yael,both
CNT000327,2025-09-21,P022,Chivas Regal,10.69,Yael,both
CNT000328,2025-09-21,P023,Maker's Mark,12.52,Yael,both
CNT000329,2025-09-21,P024,Glenfiddich 12,12.31,Yael,inside
CNT000330,2025-09-21,P025,Bacardi Carta Blanca,10.39,Yael,both
CNT000331,2025-09-21,P026,Havana Club 3,10.49,Yael,both
CNT000332,2025-09-21,P027,Captain Morgan,10.51,Yael,both
CNT000333,2025-09-21,P028,Diplomatico Reserva,13.94,Yael,both
CNT000334,2025-09-21,P029,Jose Cuervo,9.15,Yael,both
CNT000335,2025-09-21,P030,Olmeca Blanco,12.49,Yael,both
CNT000336,2025-09-21,P031,Patron Silver,4.35,Yael,inside
CNT000337,2025-09-21,P032,Don Julio Blanco,12.06,Yael,both
CNT000338,2025-09-21,P033,Aperol,12.26,Yael,outside
CNT000339,2025-09-21,P034,Campari,8.31,Yael,both
CNT000340,2025-09-21,P035,Cointreau,8.18,Yael,both
CNT000341,2025-09-21,P036,Kahlua,8.75,Yael,both
CNT000342,2025-09-21,P037,Martini Rosso,9.7,Yael,inside
CNT000343,2025-09-21,P038,House Red Wine,10.65,Yael,both
CNT000344,2025-09-21,P039,House White Wine,18.92,Yael,both
CNT000345,2025-09-21,P040,Rose Wine,5.6,Yael,both
CNT000346,2025-09-21,P041,Prosecco,17.22,Yael,both
CNT000347,2025-09-21,P042,Chardonnay,9.24,Yael,both
CNT000348,2025-09-21,P043,Coca-Cola,13.34,Yael,both
CNT000349,2025-09-21,P044,Coca-Cola Zero,6.6,Yael,both
CNT000350,2025-09-21,P045,Sprite,19.2,Yael,both
CNT000351,2025-09-21,P046,Tonic Water,13.62,Yael,both
CNT000352,2025-09-21,P047,Soda Water,27.88,Yael,both
CNT000353,2025-09-21,P048,Red Bull,10.8,Yael,both
CNT000354,2025-09-21,P049,Ginger Beer,25.2,Yael,both
CNT000355,2025-09-21,P050,Orange Juice,5.0,Yael,both
CNT000356,2025-09-21,P051,Cranberry Juice,4.0,Yael,both
CNT000357,2025-09-21,P052,Lime Juice,6.59,Yael,both
CNT000358,2025-09-21,P053,Lemon Juice,6.88,Yael,both
CNT000359,2025-09-21,P054,Sugar Syrup,3.45,Yael,both
CNT000360,2025-09-21,P055,Fresh Mint,6.32,Yael,both
CNT000361,2025-09-21,P056,Coffee Beans,7.62,Yael,inside
CNT000362,2025-09-21,K001,Carlsberg 50L,3.64,Yael,inside
CNT000363,2025-09-21,K002,Tuborg 50L,3.95,Yael,inside
CNT000364,2025-09-21,K003,Carlsberg 30L,6.92,Yael,outside
CNT000365,2025-09-21,K004,Malka 30L,4.96,Yael,outside
CNT000366,2025-09-21,K005,Weihenstephan 30L,4.28,Yael,outside
CNT000367,2025-09-24,P001,Carlsberg,67.4,Maya,both
CNT000368,2025-09-24,P002,Heineken,65.6,Maya,both
CNT000369,2025-09-24,P003,Corona,53.2,Maya,both
CNT000370,2025-09-24,P004,Guinness,33.6,Maya,both
CNT000371,2025-09-24,P005,Goldstar,52.6,Maya,both
CNT000372,2025-09-24,P006,Maccabee,12.0,Maya,both
CNT000373,2025-09-24,P007,Stella Artois,51.4,Maya,both
CNT000374,2025-09-24,P008,Erdinger,25.2,Maya,both
CNT000375,2025-09-24,P009,Bombay Sapphire,9.91,Maya,both
CNT000376,2025-09-24,P010,Tanqueray,10.26,Maya,both
CNT000377,2025-09-24,P011,Hendrick's,7.16,Maya,both
CNT000378,2025-09-24,P012,Beefeater,11.54,Maya,both
CNT000379,2025-09-24,P013,Gordon's,11.2,Maya,both
CNT000380,2025-09-24,P014,Absolut,13.01,Maya,both
CNT000381,2025-09-24,P015,Finlandia,11.63,Maya,both
CNT000382,2025-09-24,P016,Grey Goose,9.14,Maya,both
CNT000383,2025-09-24,P017,Belvedere,12.06,Maya,both
CNT000384,2025-09-24,P018,Stolichnaya,11.8,Maya,both
CNT000385,2025-09-24,P019,Jameson,7.39,Maya,both
CNT000386,2025-09-24,P020,Jack Daniel's,5.98,Maya,both
CNT000387,2025-09-24,P021,Johnnie Walker Black,9.22,Maya,both
CNT000388,2025-09-24,P022,Chivas Regal,9.94,Maya,both
CNT000389,2025-09-24,P023,Maker's Mark,11.89,Maya,both
CNT000390,2025-09-24,P024,Glenfiddich 12,11.97,Maya,inside
CNT000391,2025-09-24,P025,Bacardi Carta Blanca,19.22,Maya,both
CNT000392,2025-09-24,P026,Havana Club 3,10.17,Maya,both
CNT000393,2025-09-24,P027,Captain Morgan,9.91,Maya,both
CNT000394,2025-09-24,P028,Diplomatico Reserva,13.69,Maya,both
CNT000395,2025-09-24,P029,Jose Cuervo,7.95,Maya,both
CNT000396,2025-09-24,P030,Olmeca Blanco,12.14,Maya,both
CNT000397,2025-09-24,P031,Patron Silver,13.82,Maya,inside
CNT000398,2025-09-24,P032,Don Julio Blanco,12.63,Maya,both
CNT000399,2025-09-24,P033,Aperol,18.94,Maya,outside
CNT000400,2025-09-24,P034,Campari,7.07,Maya,both
CNT000401,2025-09-24,P035,Cointreau,6.92,Maya,both
CNT000402,2025-09-24,P036,Kahlua,7.61,Maya,both
CNT000403,2025-09-24,P037,Martini Rosso,8.89,Maya,inside
CNT000404,2025-09-24,P038,House Red Wine,18.58,Maya,both
CNT000405,2025-09-24,P039,House White Wine,15.02,Maya,both
CNT000406,2025-09-24,P040,Rose Wine,15.6,Maya,both
CNT000407,2025-09-24,P041,Prosecco,21.14,Maya,both
CNT000408,2025-09-24,P042,Chardonnay,8.24,Maya,both
CNT000409,2025-09-24,P043,Coca-Cola,0.0,Maya,both
CNT000410,2025-09-24,P044,Coca-Cola Zero,62.6,Maya,both
CNT000411,2025-09-24,P045,Sprite,49.2,Maya,both
CNT000412,2025-09-24,P046,Tonic Water,44.02,Maya,both
CNT000413,2025-09-24,P047,Soda Water,58.88,Maya,both
CNT000414,2025-09-24,P048,Red Bull,43.8,Maya,both
CNT000415,2025-09-24,P049,Ginger Beer,18.2,Maya,both
CNT000416,2025-09-24,P050,Orange Juice,4.0,Maya,both
CNT000417,2025-09-24,P051,Cranberry Juice,4.0,Maya,both
CNT000418,2025-09-24,P052,Lime Juice,11.2,Maya,both
CNT000419,2025-09-24,P053,Lemon Juice,6.5,Maya,both
CNT000420,2025-09-24,P054,Sugar Syrup,8.83,Maya,both
CNT000421,2025-09-24,P055,Fresh Mint,6.11,Maya,both
CNT000422,2025-09-24,P056,Coffee Beans,7.36,Maya,inside
CNT000423,2025-09-24,K001,Carlsberg 50L,4.53,Maya,inside
CNT000424,2025-09-24,K002,Tuborg 50L,4.09,Maya,inside
CNT000425,2025-09-24,K003,Carlsberg 30L,6.15,Maya,outside
CNT000426,2025-09-24,K004,Malka 30L,5.41,Maya,outside
CNT000427,2025-09-24,K005,Weihenstephan 30L,3.45,Maya,outside
CNT000428,2025-09-28,P001,Carlsberg,56.4,Maya,both
CNT000429,2025-09-28,P002,Heineken,42.6,Maya,both
CNT000430,2025-09-28,P003,Corona,58.2,Maya,both
CNT000431,2025-09-28,P004,Guinness,41.6,Maya,both
CNT000432,2025-09-28,P005,Goldstar,58.6,Maya,both
CNT000433,2025-09-28,P006,Maccabee,36.0,Maya,both
CNT000434,2025-09-28,P007,Stella Artois,43.4,Maya,both
CNT000435,2025-09-28,P008,Erdinger,34.2,Maya,both
CNT000436,2025-09-28,P009,Bombay Sapphire,8.37,Maya,both
CNT000437,2025-09-28,P010,Tanqueray,8.8,Maya,both
CNT000438,2025-09-28,P011,Hendrick's,4.03,Maya,both
CNT000439,2025-09-28,P012,Beefeater,10.77,Maya,both
CNT000440,2025-09-28,P013,Gordon's,14.79,Maya,both
CNT000441,2025-09-28,P014,Absolut,5.77,Maya,both
CNT000442,2025-09-28,P015,Finlandia,10.77,Maya,both
CNT000443,2025-09-28,P016,Grey Goose,7.34,Maya,both
CNT000444,2025-09-28,P017,Belvedere,11.2,Maya,both
CNT000445,2025-09-28,P018,Stolichnaya,10.94,Maya,both
CNT000446,2025-09-28,P019,Jameson,15.96,Maya,both
CNT000447,2025-09-28,P020,Jack Daniel's,15.24,Maya,both
CNT000448,2025-09-28,P021,Johnnie Walker Black,7.42,Maya,both
CNT000449,2025-09-28,P022,Chivas Regal,8.41,Maya,both
CNT000450,2025-09-28,P023,Maker's Mark,11.11,Maya,both
CNT000451,2025-09-28,P024,Glenfiddich 12,11.12,Maya,inside
CNT000452,2025-09-28,P025,Bacardi Carta Blanca,8.96,Maya,both
CNT000453,2025-09-28,P026,Havana Club 3,8.79,Maya,both
CNT000454,2025-09-28,P027,Captain Morgan,8.63,Maya,both
CNT000455,2025-09-28,P028,Diplomatico Reserva,13.26,Maya,both
CNT000456,2025-09-28,P029,Jose Cuervo,5.68,Maya,both
CNT000457,2025-09-28,P030,Olmeca Blanco,11.29,Maya,both
CNT000458,2025-09-28,P031,Patron Silver,7.25,Maya,inside
CNT000459,2025-09-28,P032,Don Julio Blanco,10.77,Maya,both
CNT000460,2025-09-28,P033,Aperol,8.49,Maya,outside
CNT000461,2025-09-28,P034,Campari,3.86,Maya,both
CNT000462,2025-09-28,P035,Cointreau,3.8,Maya,both
CNT000463,2025-09-28,P036,Kahlua,5.01,Maya,both
CNT000464,2025-09-28,P037,Martini Rosso,6.62,Maya,inside
CNT000465,2025-09-28,P038,House Red Wine,19.11,Maya,both
CNT000466,2025-09-28,P039,House White Wine,14.57,Maya,both
CNT000467,2025-09-28,P040,Rose Wine,11.2,Maya,both
CNT000468,2025-09-28,P041,Prosecco,17.1,Maya,both
CNT000469,2025-09-28,P042,Chardonnay,5.04,Maya,both
CNT000470,2025-09-28,P043,Coca-Cola,121.3,Maya,both
CNT000471,2025-09-28,P044,Coca-Cola Zero,25.6,Maya,both
CNT000472,2025-09-28,P045,Sprite,31.32,Maya,both
CNT000473,2025-09-28,P046,Tonic Water,16.42,Maya,both
CNT000474,2025-09-28,P047,Soda Water,13.9,Maya,both
CNT000475,2025-09-28,P048,Red Bull,29.8,Maya,both
CNT000476,2025-09-28,P049,Ginger Beer,26.2,Maya,both
CNT000477,2025-09-28,P050,Orange Juice,4.0,Maya,both
CNT000478,2025-09-28,P051,Cranberry Juice,4.1,Maya,both
CNT000479,2025-09-28,P052,Lime Juice,6.78,Maya,both
CNT000480,2025-09-28,P053,Lemon Juice,5.83,Maya,both
CNT000481,2025-09-28,P054,Sugar Syrup,6.93,Maya,both
CNT000482,2025-09-28,P055,Fresh Mint,5.32,Maya,both
CNT000483,2025-09-28,P056,Coffee Beans,6.84,Maya,inside
CNT000484,2025-09-28,K001,Carlsberg 50L,4.76,Maya,inside
CNT000485,2025-09-28,K002,Tuborg 50L,4.22,Maya,inside
CNT000486,2025-09-28,K003,Carlsberg 30L,5.61,Maya,outside
CNT000487,2025-09-28,K004,Malka 30L,4.19,Maya,outside
CNT000488,2025-09-28,K005,Weihenstephan 30L,4.31,Maya,outside
CNT000489,2025-10-01,P001,Carlsberg,67.4,Yael,both
CNT000490,2025-10-01,P002,Heineken,53.6,Yael,both
CNT000491,2025-10-01,P003,Corona,43.2,Yael,both
CNT000492,2025-10-01,P004,Guinness,34.6,Yael,both
CNT000493,2025-10-01,P005,Goldstar,44.6,Yael,both
CNT000494,2025-10-01,P006,Maccabee,54.0,Yael,both
CNT000495,2025-10-01,P007,Stella Artois,29.4,Yael,both
CNT000496,2025-10-01,P008,Erdinger,28.2,Yael,both
CNT000497,2025-10-01,P009,Bombay Sapphire,7.77,Yael,both
CNT000498,2025-10-01,P010,Tanqueray,8.46,Yael,both
CNT000499,2025-10-01,P011,Hendrick's,14.96,Yael,both
CNT000500,2025-10-01,P012,Beefeater,10.43,Yael,both
CNT000501,2025-10-01,P013,Gordon's,11.9,Yael,both
CNT000502,2025-10-01,P014,Absolut,15.14,Yael,both
CNT000503,2025-10-01,P015,Finlandia,10.6,Yael,both
CNT000504,2025-10-01,P016,Grey Goose,6.91,Yael,both
CNT000505,2025-10-01,P017,Belvedere,10.86,Yael,both
CNT000506,2025-10-01,P018,Stolichnaya,10.6,Yael,both
CNT000507,2025-10-01,P019,Jameson,15.27,Yael,both
CNT000508,2025-10-01,P020,Jack Daniel's,13.87,Yael,both
CNT000509,2025-10-01,P021,Johnnie Walker Black,6.55,Yael,both
CNT000510,2025-10-01,P022,Chivas Regal,8.29,Yael,both
CNT000511,2025-10-01,P023,Maker's Mark,10.77,Yael,both
CNT000512,2025-10-01,P024,Glenfiddich 12,10.94,Yael,inside
CNT000513,2025-10-01,P025,Bacardi Carta Blanca,5.42,Yael,both
CNT000514,2025-10-01,P026,Havana Club 3,8.54,Yael,both
CNT000515,2025-10-01,P027,Captain Morgan,8.11,Yael,both
CNT000516,2025-10-01,P028,Diplomatico Reserva,13.0,Yael,both
CNT000517,2025-10-01,P029,Jose Cuervo,4.95,Yael,both
CNT000518,2025-10-01,P030,Olmeca Blanco,11.03,Yael,both
CNT000519,2025-10-01,P031,Patron Silver,17.39,Yael,inside
CNT000520,2025-10-01,P032,Don Julio Blanco,10.6,Yael,both
CNT000521,2025-10-01,P033,Aperol,16.8,Yael,outside
CNT000522,2025-10-01,P034,Campari,14.87,Yael,both
CNT000523,2025-10-01,P035,Cointreau,14.71,Yael,both
CNT000524,2025-10-01,P036,Kahlua,4.12,Yael,both
CNT000525,2025-10-01,P037,Martini Rosso,5.89,Yael,inside
CNT000526,2025-10-01,P038,House Red Wine,15.45,Yael,both
CNT000527,2025-10-01,P039,House White Wine,23.83,Yael,both
CNT000528,2025-10-01,P040,Rose Wine,9.6,Yael,both
CNT000529,2025-10-01,P041,Prosecco,21.78,Yael,both
CNT000530,2025-10-01,P042,Chardonnay,16.04,Yael,both
CNT000531,2025-10-01,P043,Coca-Cola,94.1,Yael,both
CNT000532,2025-10-01,P044,Coca-Cola Zero,60.6,Yael,both
CNT000533,2025-10-01,P045,Sprite,36.2,Yael,both
CNT000534,2025-10-01,P046,Tonic Water,44.42,Yael,both
CNT000535,2025-10-01,P047,Soda Water,49.08,Yael,both
CNT000536,2025-10-01,P048,Red Bull,42.87,Yael,both
CNT000537,2025-10-01,P049,Ginger Beer,22.2,Yael,both
CNT000538,2025-10-01,P050,Orange Juice,4.0,Yael,both
CNT000539,2025-10-01,P051,Cranberry Juice,4.0,Yael,both
CNT000540,2025-10-01,P052,Lime Juice,11.48,Yael,both
CNT000541,2025-10-01,P053,Lemon Juice,5.53,Yael,both
CNT000542,2025-10-01,P054,Sugar Syrup,6.29,Yael,both
CNT000543,2025-10-01,P055,Fresh Mint,5.07,Yael,both
CNT000544,2025-10-01,P056,Coffee Beans,6.64,Yael,inside
CNT000545,2025-10-01,K001,Carlsberg 50L,4.66,Yael,inside
CNT000546,2025-10-01,K002,Tuborg 50L,4.62,Yael,inside
CNT000547,2025-10-01,K003,Carlsberg 30L,6.57,Yael,outside
CNT000548,2025-10-01,K004,Malka 30L,5.99,Yael,outside
CNT000549,2025-10-01,K005,Weihenstephan 30L,4.78,Yael,outside
CNT000550,2025-10-05,P001,Carlsberg,63.4,Maya,both
CNT000551,2025-10-05,P002,Heineken,56.6,Maya,both
CNT000552,2025-10-05,P003,Corona,74.2,Maya,both
CNT000553,2025-10-05,P004,Guinness,41.6,Maya,both
CNT000554,2025-10-05,P005,Goldstar,49.6,Maya,both
CNT000555,2025-10-05,P006,Maccabee,29.0,Maya,both
CNT000556,2025-10-05,P007,Stella Artois,50.4,Maya,both
CNT000557,2025-10-05,P008,Erdinger,39.2,Maya,both
CNT000558,2025-10-05,P009,Bombay Sapphire,5.97,Maya,both
CNT000559,2025-10-05,P010,Tanqueray,7.34,Maya,both
CNT000560,2025-10-05,P011,Hendrick's,12.18,Maya,both
CNT000561,2025-10-05,P012,Beefeater,9.66,Maya,both
CNT000562,2025-10-05,P013,Gordon's,15.64,Maya,both
CNT000563,2025-10-05,P014,Absolut,8.54,Maya,both
CNT000564,2025-10-05,P015,Finlandia,9.74,Maya,both
CNT000565,2025-10-05,P016,Grey Goose,5.29,Maya,both
CNT000566,2025-10-05,P017,Belvedere,9.17,Maya,both
CNT000567,2025-10-05,P018,Stolichnaya,9.83,Maya,both
CNT000568,2025-10-05,P019,Jameson,11.93,Maya,both
CNT000569,2025-10-05,P020,Jack Daniel's,11.21,Maya,both
CNT000570,2025-10-05,P021,Johnnie Walker Black,5.19,Maya,both
CNT000571,2025-10-05,P022,Chivas Regal,6.91,Maya,both
CNT000572,2025-10-05,P023,Maker's Mark,9.92,Maya,both
CNT000573,2025-10-05,P024,Glenfiddich 12,10.26,Maya,inside
CNT000574,2025-10-05,P025,Bacardi Carta Blanca,19.84,Maya,both
CNT000575,2025-10-05,P026,Havana Club 3,7.17,Maya,both
CNT000576,2025-10-05,P027,Captain Morgan,6.83,Maya,both
CNT000577,2025-10-05,P028,Diplomatico Reserva,12.57,Maya,both
CNT000578,2025-10-05,P029,Jose Cuervo,14.86,Maya,both
CNT000579,2025-10-05,P030,Olmeca Blanco,10.17,Maya,both
CNT000580,2025-10-05,P031,Patron Silver,11.15,Maya,inside
CNT000581,2025-10-05,P032,Don Julio Blanco,9.74,Maya,both
CNT000582,2025-10-05,P033,Aperol,8.14,Maya,outside
CNT000583,2025-10-05,P034,Campari,11.79,Maya,both
CNT000584,2025-10-05,P035,Cointreau,11.68,Maya,both
CNT000585,2025-10-05,P036,Kahlua,13.55,Maya,both
CNT000586,2025-10-05,P037,Martini Rosso,3.66,Maya,inside
CNT000587,2025-10-05,P038,House Red Wine,17.69,Maya,both
CNT000588,2025-10-05,P039,House White Wine,11.44,Maya,both
CNT000589,2025-10-05,P040,Rose Wine,17.2,Maya,both
CNT000590,2025-10-05,P041,Prosecco,19.9,Maya,both
CNT000591,2025-10-05,P042,Chardonnay,13.24,Maya,both
CNT000592,2025-10-05,P043,Coca-Cola,28.3,Maya,both
CNT000593,2025-10-05,P044,Coca-Cola Zero,17.78,Maya,both
CNT000594,2025-10-05,P045,Sprite,15.2,Maya,both
CNT000595,2025-10-05,P046,Tonic Water,29.82,Maya,both
CNT000596,2025-10-05,P047,Soda Water,39.08,Maya,both
CNT000597,2025-10-05,P048,Red Bull,30.8,Maya,both
CNT000598,2025-10-05,P049,Ginger Beer,7.2,Maya,both
CNT000599,2025-10-05,P050,Orange Juice,4.3,Maya,both
CNT000600,2025-10-05,P051,Cranberry Juice,4.0,Maya,both
CNT000601,2025-10-05,P052,Lime Juice,7.3,Maya,both
CNT000602,2025-10-05,P053,Lemon Juice,4.83,Maya,both
CNT000603,2025-10-05,P054,Sugar Syrup,4.41,Maya,both
CNT000604,2025-10-05,P055,Fresh Mint,4.32,Maya,both
CNT000605,2025-10-05,P056,Coffee Beans,6.08,Maya,inside
CNT000606,2025-10-05,K001,Carlsberg 50L,4.42,Maya,inside
CNT000607,2025-10-05,K002,Tuborg 50L,4.0,Maya,inside
CNT000608,2025-10-05,K003,Carlsberg 30L,4.72,Maya,outside
CNT000609,2025-10-05,K004,Malka 30L,4.99,Maya,outside
CNT000610,2025-10-05,K005,Weihenstephan 30L,3.79,Maya,outside
CNT000611,2025-10-08,P001,Carlsberg,64.4,Tomer,both
CNT000612,2025-10-08,P002,Heineken,69.6,Tomer,both
CNT000613,2025-10-08,P003,Corona,55.2,Tomer,both
CNT000614,2025-10-08,P004,Guinness,30.6,Tomer,both
CNT000615,2025-10-08,P005,Goldstar,58.6,Tomer,both
CNT000616,2025-10-08,P006,Maccabee,42.0,Tomer,both
CNT000617,2025-10-08,P007,Stella Artois,41.4,Tomer,both
CNT000618,2025-10-08,P008,Erdinger,36.2,Tomer,both
CNT000619,2025-10-08,P009,Bombay Sapphire,5.19,Tomer,both
CNT000620,2025-10-08,P010,Tanqueray,6.91,Tomer,both
CNT000621,2025-10-08,P011,Hendrick's,10.84,Tomer,both
CNT000622,2025-10-08,P012,Beefeater,9.4,Tomer,both
CNT000623,2025-10-08,P013,Gordon's,12.7,Tomer,both
CNT000624,2025-10-08,P014,Absolut,18.52,Tomer,both
CNT000625,2025-10-08,P015,Finlandia,9.4,Tomer,both
CNT000626,2025-10-08,P016,Grey Goose,4.59,Tomer,both
CNT000627,2025-10-08,P017,Belvedere,10.0,Tomer,both
CNT000628,2025-10-08,P018,Stolichnaya,9.49,Tomer,both
CNT000629,2025-10-08,P019,Jameson,10.82,Tomer,both
CNT000630,2025-10-08,P020,Jack Daniel's,10.27,Tomer,both
CNT000631,2025-10-08,P021,Johnnie Walker Black,4.59,Tomer,both
CNT000632,2025-10-08,P022,Chivas Regal,6.49,Tomer,both
CNT000633,2025-10-08,P023,Maker's Mark,9.36,Tomer,both
CNT000634,2025-10-08,P024,Glenfiddich 12,10.09,Tomer,inside
CNT000635,2025-10-08,P025,Bacardi Carta Blanca,16.06,Tomer,both
CNT000636,2025-10-08,P026,Havana Club 3,6.74,Tomer,both
CNT000637,2025-10-08,P027,Captain Morgan,6.31,Tomer,both
CNT000638,2025-10-08,P028,Diplomatico Reserva,12.57,Tomer,both
CNT000639,2025-10-08,P029,Jose Cuervo,14.02,Tomer,both
CNT000640,2025-10-08,P030,Olmeca Blanco,9.91,Tomer,both
CNT000641,2025-10-08,P031,Patron Silver,8.55,Tomer,inside
CNT000642,2025-10-08,P032,Don Julio Blanco,9.49,Tomer,both
CNT000643,2025-10-08,P033,Aperol,16.89,Tomer,outside
CNT000644,2025-10-08,P034,Campari,10.67,Tomer,both
CNT000645,2025-10-08,P035,Cointreau,10.54,Tomer,both
CNT000646,2025-10-08,P036,Kahlua,12.83,Tomer,both
CNT000647,2025-10-08,P037,Martini Rosso,14.8,Tomer,inside
CNT000648,2025-10-08,P038,House Red Wine,9.3,Tomer,both
CNT000649,2025-10-08,P039,House White Wine,19.78,Tomer,both
CNT000650,2025-10-08,P040,Rose Wine,15.8,Tomer,both
CNT000651,2025-10-08,P041,Prosecco,26.74,Tomer,both
CNT000652,2025-10-08,P042,Chardonnay,12.64,Tomer,both
CNT000653,2025-10-08,P043,Coca-Cola,84.1,Tomer,both
CNT000654,2025-10-08,P044,Coca-Cola Zero,50.6,Tomer,both
CNT000655,2025-10-08,P045,Sprite,49.2,Tomer,both
CNT000656,2025-10-08,P046,Tonic Water,62.52,Tomer,both
CNT000657,2025-10-08,P047,Soda Water,50.9,Tomer,both
CNT000658,2025-10-08,P048,Red Bull,45.8,Tomer,both
CNT000659,2025-10-08,P049,Ginger Beer,27.2,Tomer,both
CNT000660,2025-10-08,P050,Orange Juice,4.0,Tomer,both
CNT000661,2025-10-08,P051,Cranberry Juice,4.0,Tomer,both
CNT000662,2025-10-08,P052,Lime Juice,11.5,Tomer,both
CNT000663,2025-10-08,P053,Lemon Juice,4.53,Tomer,both
CNT000664,2025-10-08,P054,Sugar Syrup,3.7,Tomer,both
CNT000665,2025-10-08,P055,Fresh Mint,4.01,Tomer,both
CNT000666,2025-10-08,P056,Coffee Beans,5.91,Tomer,inside
CNT000667,2025-10-08,K001,Carlsberg 50L,4.8,Tomer,inside
CNT000668,2025-10-08,K002,Tuborg 50L,3.44,Tomer,inside
CNT000669,2025-10-08,K003,Carlsberg 30L,7.26,Tomer,outside
CNT000670,2025-10-08,K004,Malka 30L,5.88,Tomer,outside
CNT000671,2025-10-08,K005,Weihenstephan 30L,3.12,Tomer,outside
CNT000672,2025-10-12,P001,Carlsberg,64.4,Muriel,both
CNT000673,2025-10-12,P002,Heineken,55.6,Muriel,both
CNT000674,2025-10-12,P003,Corona,41.2,Muriel,both
CNT000675,2025-10-12,P004,Guinness,12.6,Muriel,both
CNT000676,2025-10-12,P005,Goldstar,62.6,Muriel,both
CNT000677,2025-10-12,P006,Maccabee,42.0,Muriel,both
CNT000678,2025-10-12,P007,Stella Artois,36.4,Muriel,both
CNT000679,2025-10-12,P008,Erdinger,20.2,Muriel,both
CNT000680,2025-10-12,P009,Bombay Sapphire,3.48,Muriel,both
CNT000681,2025-10-12,P010,Tanqueray,5.71,Muriel,both
CNT000682,2025-10-12,P011,Hendrick's,7.56,Muriel,both
CNT000683,2025-10-12,P012,Beefeater,8.44,Muriel,both
CNT000684,2025-10-12,P013,Gordon's,17.75,Muriel,both
CNT000685,2025-10-12,P014,Absolut,12.01,Muriel,both
CNT000686,2025-10-12,P015,Finlandia,8.8,Muriel,both
CNT000687,2025-10-12,P016,Grey Goose,3.14,Muriel,both
CNT000688,2025-10-12,P017,Belvedere,9.32,Muriel,both
CNT000689,2025-10-12,P018,Stolichnaya,8.31,Muriel,both
CNT000690,2025-10-12,P019,Jameson,7.73,Muriel,both
CNT000691,2025-10-12,P020,Jack Daniel's,7.61,Muriel,both
CNT000692,2025-10-12,P021,Johnnie Walker Black,14.88,Muriel,both
CNT000693,2025-10-12,P022,Chivas Regal,5.54,Muriel,both
CNT000694,2025-10-12,P023,Maker's Mark,8.8,Muriel,both
CNT000695,2025-10-12,P024,Glenfiddich 12,9.14,Muriel,inside
CNT000696,2025-10-12,P025,Bacardi Carta Blanca,18.57,Muriel,both
CNT000697,2025-10-12,P026,Havana Club 3,5.46,Muriel,both
CNT000698,2025-10-12,P027,Captain Morgan,5.29,Muriel,both
CNT000699,2025-10-12,P028,Diplomatico Reserva,12.23,Muriel,both
CNT000700,2025-10-12,P029,Jose Cuervo,11.9,Muriel,both
CNT000701,2025-10-12,P030,Olmeca Blanco,9.1,Muriel,both
CNT000702,2025-10-12,P031,Patron Silver,14.56,Muriel,inside
CNT000703,2025-10-12,P032,Don Julio Blanco,8.72,Muriel,both
CNT000704,2025-10-12,P033,Aperol,19.63,Muriel,outside
CNT000705,2025-10-12,P034,Campari,7.41,Muriel,both
CNT000706,2025-10-12,P035,Cointreau,7.66,Muriel,both
CNT000707,2025-10-12,P036,Kahlua,10.32,Muriel,both
CNT000708,2025-10-12,P037,Martini Rosso,12.49,Muriel,inside
CNT000709,2025-10-12,P038,House Red Wine,17.0,Muriel,both
CNT000710,2025-10-12,P039,House White Wine,20.56,Muriel,both
CNT000711,2025-10-12,P040,Rose Wine,11.2,Muriel,both
CNT000712,2025-10-12,P041,Prosecco,23.54,Muriel,both
CNT000713,2025-10-12,P042,Chardonnay,9.84,Muriel,both
CNT000714,2025-10-12,P043,Coca-Cola,37.2,Muriel,both
CNT000715,2025-10-12,P044,Coca-Cola Zero,33.6,Muriel,both
CNT000716,2025-10-12,P045,Sprite,39.2,Muriel,both
CNT000717,2025-10-12,P046,Tonic Water,19.02,Muriel,both
CNT000718,2025-10-12,P047,Soda Water,40.48,Muriel,both
CNT000719,2025-10-12,P048,Red Bull,9.8,Muriel,both
CNT000720,2025-10-12,P049,Ginger Beer,11.2,Muriel,both
CNT000721,2025-10-12,P050,Orange Juice,4.0,Muriel,both
CNT000722,2025-10-12,P051,Cranberry Juice,4.0,Muriel,both
CNT000723,2025-10-12,P052,Lime Juice,7.47,Muriel,both
CNT000724,2025-10-12,P053,Lemon Juice,3.8,Muriel,both
CNT000725,2025-10-12,P054,Sugar Syrup,7.9,Muriel,both
CNT000726,2025-10-12,P055,Fresh Mint,3.56,Muriel,both
CNT000727,2025-10-12,P056,Coffee Beans,5.38,Muriel,inside
CNT000728,2025-10-12,K001,Carlsberg 50L,5.07,Muriel,inside
CNT000729,2025-10-12,K002,Tuborg 50L,4.61,Muriel,inside
CNT000730,2025-10-12,K003,Carlsberg 30L,3.34,Muriel,outside
CNT000731,2025-10-12,K004,Malka 30L,4.52,Muriel,outside
CNT000732,2025-10-12,K005,Weihenstephan 30L,4.16,Muriel,outside
CNT000733,2025-10-15,P001,Carlsberg,60.4,Maya,both
CNT000734,2025-10-15,P002,Heineken,52.6,Maya,both
CNT000735,2025-10-15,P003,Corona,46.2,Maya,both
CNT000736,2025-10-15,P004,Guinness,27.6,Maya,both
CNT000737,2025-10-15,P005,Goldstar,67.6,Maya,both
CNT000738,2025-10-15,P006,Maccabee,30.0,Maya,both
CNT000739,2025-10-15,P007,Stella Artois,45.4,Maya,both
CNT000740,2025-10-15,P008,Erdinger,37.2,Maya,both
CNT000741,2025-10-15,P009,Bombay Sapphire,14.54,Maya,both
CNT000742,2025-10-15,P010,Tanqueray,5.11,Maya,both
CNT000743,2025-10-15,P011,Hendrick's,5.96,Maya,both
CNT000744,2025-10-15,P012,Beefeater,7.89,Maya,both
CNT000745,2025-10-15,P013,Gordon's,13.81,Maya,both
CNT000746,2025-10-15,P014,Absolut,8.22,Maya,both
CNT000747,2025-10-15,P015,Finlandia,8.46,Maya,both
CNT000748,2025-10-15,P016,Grey Goose,14.37,Maya,both
CNT000749,2025-10-15,P017,Belvedere,8.97,Maya,both
CNT000750,2025-10-15,P018,Stolichnaya,8.2,Maya,both
CNT000751,2025-10-15,P019,Jameson,18.45,Maya,both
CNT000752,2025-10-15,P020,Jack Daniel's,6.15,Maya,both
CNT000753,2025-10-15,P021,Johnnie Walker Black,14.11,Maya,both
CNT000754,2025-10-15,P022,Chivas Regal,5.11,Maya,both
CNT000755,2025-10-15,P023,Maker's Mark,8.46,Maya,both
CNT000756,2025-10-15,P024,Glenfiddich 12,8.72,Maya,inside
CNT000757,2025-10-15,P025,Bacardi Carta Blanca,13.69,Maya,both
CNT000758,2025-10-15,P026,Havana Club 3,4.69,Maya,both
CNT000759,2025-10-15,P027,Captain Morgan,4.77,Maya,both
CNT000760,2025-10-15,P028,Diplomatico Reserva,11.97,Maya,both
CNT000761,2025-10-15,P029,Jose Cuervo,10.7,Maya,both
CNT000762,2025-10-15,P030,Olmeca Blanco,8.95,Maya,both
CNT000763,2025-10-15,P031,Patron Silver,12.3,Maya,inside
CNT000764,2025-10-15,P032,Don Julio Blanco,8.37,Maya,both
CNT000765,2025-10-15,P033,Aperol,15.0,Maya,outside
CNT000766,2025-10-15,P034,Campari,5.79,Maya,both
CNT000767,2025-10-15,P035,Cointreau,6.47,Maya,both
CNT000768,2025-10-15,P036,Kahlua,9.01,Maya,both
CNT000769,2025-10-15,P037,Martini Rosso,11.2,Maya,inside
CNT000770,2025-10-15,P038,House Red Wine,24.37,Maya,both
CNT000771,2025-10-15,P039,House White Wine,15.68,Maya,both
CNT000772,2025-10-15,P040,Rose Wine,9.38,Maya,both
CNT000773,2025-10-15,P041,Prosecco,28.02,Maya,both
CNT000774,2025-10-15,P042,Chardonnay,8.44,Maya,both
CNT000775,2025-10-15,P043,Coca-Cola,74.8,Maya,both
CNT000776,2025-10-15,P044,Coca-Cola Zero,37.6,Maya,both
CNT000777,2025-10-15,P045,Sprite,42.2,Maya,both
CNT000778,2025-10-15,P046,Tonic Water,47.82,Maya,both
CNT000779,2025-10-15,P047,Soda Water,46.8,Maya,both
CNT000780,2025-10-15,P048,Red Bull,43.8,Maya,both
CNT000781,2025-10-15,P049,Ginger Beer,28.2,Maya,both
CNT000782,2025-10-15,P050,Orange Juice,4.28,Maya,both
CNT000783,2025-10-15,P051,Cranberry Juice,3.73,Maya,both
CNT000784,2025-10-15,P052,Lime Juice,5.78,Maya,both
CNT000785,2025-10-15,P053,Lemon Juice,3.45,Maya,both
CNT000786,2025-10-15,P054,Sugar Syrup,6.98,Maya,both
CNT000787,2025-10-15,P055,Fresh Mint,2.85,Maya,both
CNT000788,2025-10-15,P056,Coffee Beans,5.1,Maya,inside
CNT000789,2025-10-15,K001,Carlsberg 50L,4.96,Maya,inside
CNT000790,2025-10-15,K002,Tuborg 50L,3.87,Maya,inside
CNT000791,2025-10-15,K003,Carlsberg 30L,5.61,Maya,outside
CNT000792,2025-10-15,K004,Malka 30L,4.16,Maya,outside
CNT000793,2025-10-15,K005,Weihenstephan 30L,4.1,Maya,outside
CNT000794,2025-10-19,P001,Carlsberg,53.4,Shir,both
CNT000795,2025-10-19,P002,Heineken,59.6,Shir,both
CNT000796,2025-10-19,P003,Corona,59.2,Shir,both
CNT000797,2025-10-19,P004,Guinness,36.6,Shir,both
CNT000798,2025-10-19,P005,Goldstar,57.6,Shir,both
CNT000799,2025-10-19,P006,Maccabee,31.0,Shir,both
CNT000800,2025-10-19,P007,Stella Artois,43.4,Shir,both
CNT000801,2025-10-19,P008,Erdinger,24.2,Shir,both
CNT000802,2025-10-19,P009,Bombay Sapphire,13.08,Shir,both
CNT000803,2025-10-19,P010,Tanqueray,3.91,Shir,both
CNT000804,2025-10-19,P011,Hendrick's,15.39,Shir,both
CNT000805,2025-10-19,P012,Beefeater,7.43,Shir,both
CNT000806,2025-10-19,P013,Gordon's,6.83,Shir,both
CNT000807,2025-10-19,P014,Absolut,14.12,Shir,both
CNT000808,2025-10-19,P015,Finlandia,7.69,Shir,both
CNT000809,2025-10-19,P016,Grey Goose,12.74,Shir,both
CNT000810,2025-10-19,P017,Belvedere,8.29,Shir,both
CNT000811,2025-10-19,P018,Stolichnaya,7.43,Shir,both
CNT000812,2025-10-19,P019,Jameson,15.62,Shir,both
CNT000813,2025-10-19,P020,Jack Daniel's,3.67,Shir,both
CNT000814,2025-10-19,P021,Johnnie Walker Black,12.65,Shir,both
CNT000815,2025-10-19,P022,Chivas Regal,4.0,Shir,both
CNT000816,2025-10-19,P023,Maker's Mark,7.77,Shir,both
CNT000817,2025-10-19,P024,Glenfiddich 12,7.94,Shir,inside
CNT000818,2025-10-19,P025,Bacardi Carta Blanca,16.74,Shir,both
CNT000819,2025-10-19,P026,Havana Club 3,3.66,Shir,both
CNT000820,2025-10-19,P027,Captain Morgan,3.66,Shir,both
CNT000821,2025-10-19,P028,Diplomatico Reserva,11.63,Shir,both
CNT000822,2025-10-19,P029,Jose Cuervo,8.79,Shir,both
CNT000823,2025-10-19,P030,Olmeca Blanco,8.03,Shir,both
CNT000824,2025-10-19,P031,Patron Silver,7.0,Shir,inside
CNT000825,2025-10-19,P032,Don Julio Blanco,7.6,Shir,both
CNT000826,2025-10-19,P033,Aperol,18.26,Shir,outside
CNT000827,2025-10-19,P034,Campari,3.39,Shir,both
CNT000828,2025-10-19,P035,Cointreau,3.85,Shir,both
CNT000829,2025-10-19,P036,Kahlua,6.52,Shir,both
CNT000830,2025-10-19,P037,Martini Rosso,9.4,Shir,inside
CNT000831,2025-10-19,P038,House Red Wine,16.07,Shir,both
CNT000832,2025-10-19,P039,House White Wine,15.72,Shir,both
CNT000833,2025-10-19,P040,Rose Wine,16.2,Shir,both
CNT000834,2025-10-19,P041,Prosecco,14.46,Shir,both
CNT000835,2025-10-19,P042,Chardonnay,5.84,Shir,both
CNT000836,2025-10-19,P043,Coca-Cola,37.3,Shir,both
CNT000837,2025-10-19,P044,Coca-Cola Zero,22.6,Shir,both
CNT000838,2025-10-19,P045,Sprite,29.2,Shir,both
CNT000839,2025-10-19,P046,Tonic Water,28.82,Shir,both
CNT000840,2025-10-19,P047,Soda Water,34.4,Shir,both
CNT000841,2025-10-19,P048,Red Bull,38.8,Shir,both
CNT000842,2025-10-19,P049,Ginger Beer,15.2,Shir,both
CNT000843,2025-10-19,P050,Orange Juice,4.0,Shir,both
CNT000844,2025-10-19,P051,Cranberry Juice,4.0,Shir,both
CNT000845,2025-10-19,P052,Lime Juice,8.05,Shir,both
CNT000846,2025-10-19,P053,Lemon Juice,2.83,Shir,both
CNT000847,2025-10-19,P054,Sugar Syrup,5.27,Shir,both
CNT000848,2025-10-19,P055,Fresh Mint,8.22,Shir,both
CNT000849,2025-10-19,P056,Coffee Beans,4.59,Shir,inside
CNT000850,2025-10-19,K001,Carlsberg 50L,4.72,Shir,inside
CNT000851,2025-10-19,K002,Tuborg 50L,4.33,Shir,inside
CNT000852,2025-10-19,K003,Carlsberg 30L,5.21,Shir,outside
CNT000853,2025-10-19,K004,Malka 30L,4.87,Shir,outside
CNT000854,2025-10-19,K005,Weihenstephan 30L,4.5,Shir,outside
CNT000855,2025-10-22,P001,Carlsberg,83.4,Maya,both
CNT000856,2025-10-22,P002,Heineken,67.6,Maya,both
CNT000857,2025-10-22,P003,Corona,43.2,Maya,both
CNT000858,2025-10-22,P004,Guinness,27.6,Maya,both
CNT000859,2025-10-22,P005,Goldstar,58.6,Maya,both
CNT000860,2025-10-22,P006,Maccabee,43.0,Maya,both
CNT000861,2025-10-22,P007,Stella Artois,54.63,Maya,both
CNT000862,2025-10-22,P008,Erdinger,43.2,Maya,both
CNT000863,2025-10-22,P009,Bombay Sapphire,12.52,Maya,both
CNT000864,2025-10-22,P010,Tanqueray,3.4,Maya,both
CNT000865,2025-10-22,P011,Hendrick's,14.1,Maya,both
CNT000866,2025-10-22,P012,Beefeater,7.0,Maya,both
CNT000867,2025-10-22,P013,Gordon's,15.0,Maya,both
CNT000868,2025-10-22,P014,Absolut,10.71,Maya,both
CNT000869,2025-10-22,P015,Finlandia,7.34,Maya,both
CNT000870,2025-10-22,P016,Grey Goose,11.97,Maya,both
CNT000871,2025-10-22,P017,Belvedere,8.03,Maya,both
CNT000872,2025-10-22,P018,Stolichnaya,6.92,Maya,both
CNT000873,2025-10-22,P019,Jameson,14.42,Maya,both
CNT000874,2025-10-22,P020,Jack Daniel's,14.38,Maya,both
CNT000875,2025-10-22,P021,Johnnie Walker Black,11.71,Maya,both
CNT000876,2025-10-22,P022,Chivas Regal,3.57,Maya,both
CNT000877,2025-10-22,P023,Maker's Mark,7.34,Maya,both
CNT000878,2025-10-22,P024,Glenfiddich 12,7.83,Maya,inside
CNT000879,2025-10-22,P025,Bacardi Carta Blanca,24.44,Maya,both
CNT000880,2025-10-22,P026,Havana Club 3,14.97,Maya,both
CNT000881,2025-10-22,P027,Captain Morgan,3.23,Maya,both
CNT000882,2025-10-22,P028,Diplomatico Reserva,11.24,Maya,both
CNT000883,2025-10-22,P029,Jose Cuervo,7.56,Maya,both
CNT000884,2025-10-22,P030,Olmeca Blanco,7.69,Maya,both
CNT000885,2025-10-22,P031,Patron Silver,16.85,Maya,inside
CNT000886,2025-10-22,P032,Don Julio Blanco,7.34,Maya,both
CNT000887,2025-10-22,P033,Aperol,13.37,Maya,outside
CNT000888,2025-10-22,P034,Campari,13.19,Maya,both
CNT000889,2025-10-22,P035,Cointreau,14.62,Maya,both
CNT000890,2025-10-22,P036,Kahlua,5.23,Maya,both
CNT000891,2025-10-22,P037,Martini Rosso,8.37,Maya,inside
CNT000892,2025-10-22,P038,House Red Wine,22.7,Maya,both
CNT000893,2025-10-22,P039,House White Wine,20.16,Maya,both
CNT000894,2025-10-22,P040,Rose Wine,13.6,Maya,both
CNT000895,2025-10-22,P041,Prosecco,18.54,Maya,both
CNT000896,2025-10-22,P042,Chardonnay,16.64,Maya,both
CNT000897,2025-10-22,P043,Coca-Cola,72.8,Maya,both
CNT000898,2025-10-22,P044,Coca-Cola Zero,48.6,Maya,both
CNT000899,2025-10-22,P045,Sprite,34.93,Maya,both
CNT000900,2025-10-22,P046,Tonic Water,7.32,Maya,both
CNT000901,2025-10-22,P047,Soda Water,42.26,Maya,both
CNT000902,2025-10-22,P048,Red Bull,53.8,Maya,both
CNT000903,2025-10-22,P049,Ginger Beer,34.2,Maya,both
CNT000904,2025-10-22,P050,Orange Juice,4.0,Maya,both
CNT000905,2025-10-22,P051,Cranberry Juice,4.0,Maya,both
CNT000906,2025-10-22,P052,Lime Juice,6.51,Maya,both
CNT000907,2025-10-22,P053,Lemon Juice,8.45,Maya,both
CNT000908,2025-10-22,P054,Sugar Syrup,4.43,Maya,both
CNT000909,2025-10-22,P055,Fresh Mint,7.92,Maya,both
CNT000910,2025-10-22,P056,Coffee Beans,4.55,Maya,inside
CNT000911,2025-10-22,K001,Carlsberg 50L,4.76,Maya,inside
CNT000912,2025-10-22,K002,Tuborg 50L,4.5,Maya,inside
CNT000913,2025-10-22,K003,Carlsberg 30L,3.63,Maya,outside
CNT000914,2025-10-22,K004,Malka 30L,5.63,Maya,outside
CNT000915,2025-10-22,K005,Weihenstephan 30L,4.31,Maya,outside
CNT000916,2025-10-26,P001,Carlsberg,67.4,Shir,both
CNT000917,2025-10-26,P002,Heineken,55.6,Shir,both
CNT000918,2025-10-26,P003,Corona,57.2,Shir,both
CNT000919,2025-10-26,P004,Guinness,34.6,Shir,both
CNT000920,2025-10-26,P005,Goldstar,55.6,Shir,both
CNT000921,2025-10-26,P006,Maccabee,44.0,Shir,both
CNT000922,2025-10-26,P007,Stella Artois,30.4,Shir,both
CNT000923,2025-10-26,P008,Erdinger,33.2,Shir,both
CNT000924,2025-10-26,P009,Bombay Sapphire,11.19,Shir,both
CNT000925,2025-10-26,P010,Tanqueray,14.37,Shir,both
CNT000926,2025-10-26,P011,Hendrick's,11.4,Shir,both
CNT000927,2025-10-26,P012,Beefeater,6.49,Shir,both
CNT000928,2025-10-26,P013,Gordon's,8.61,Shir,both
CNT000929,2025-10-26,P014,Absolut,17.18,Shir,both
CNT000930,2025-10-26,P015,Finlandia,6.66,Shir,both
CNT000931,2025-10-26,P016,Grey Goose,10.68,Shir,both
CNT000932,2025-10-26,P017,Belvedere,7.52,Shir,both
CNT000933,2025-10-26,P018,Stolichnaya,6.14,Shir,both
CNT000934,2025-10-26,P019,Jameson,11.76,Shir,both
CNT000935,2025-10-26,P020,Jack Daniel's,11.86,Shir,both
CNT000936,2025-10-26,P021,Johnnie Walker Black,10.34,Shir,both
CNT000937,2025-10-26,P022,Chivas Regal,14.63,Shir,both
CNT000938,2025-10-26,P023,Maker's Mark,6.57,Shir,both
CNT000939,2025-10-26,P024,Glenfiddich 12,7.0,Shir,inside
CNT000940,2025-10-26,P025,Bacardi Carta Blanca,16.04,Shir,both
CNT000941,2025-10-26,P026,Havana Club 3,13.94,Shir,both
CNT000942,2025-10-26,P027,Captain Morgan,14.37,Shir,both
CNT000943,2025-10-26,P028,Diplomatico Reserva,11.03,Shir,both
CNT000944,2025-10-26,P029,Jose Cuervo,5.63,Shir,both
CNT000945,2025-10-26,P030,Olmeca Blanco,7.0,Shir,both
CNT000946,2025-10-26,P031,Patron Silver,12.39,Shir,inside
CNT000947,2025-10-26,P032,Don Julio Blanco,6.57,Shir,both
CNT000948,2025-10-26,P033,Aperol,17.31,Shir,outside
CNT000949,2025-10-26,P034,Campari,11.57,Shir,both
CNT000950,2025-10-26,P035,Cointreau,12.68,Shir,both
CNT000951,2025-10-26,P036,Kahlua,3.09,Shir,both
CNT000952,2025-10-26,P037,Martini Rosso,6.36,Shir,inside
CNT000953,2025-10-26,P038,House Red Wine,13.73,Shir,both
CNT000954,2025-10-26,P039,House White Wine,22.64,Shir,both
CNT000955,2025-10-26,P040,Rose Wine,9.4,Shir,both
CNT000956,2025-10-26,P041,Prosecco,5.78,Shir,both
CNT000957,2025-10-26,P042,Chardonnay,14.88,Shir,both
CNT000958,2025-10-26,P043,Coca-Cola,38.6,Shir,both
CNT000959,2025-10-26,P044,Coca-Cola Zero,34.6,Shir,both
CNT000960,2025-10-26,P045,Sprite,30.2,Shir,both
CNT000961,2025-10-26,P046,Tonic Water,94.12,Shir,both
CNT000962,2025-10-26,P047,Soda Water,34.52,Shir,both
CNT000963,2025-10-26,P048,Red Bull,24.8,Shir,both
CNT000964,2025-10-26,P049,Ginger Beer,22.2,Shir,both
CNT000965,2025-10-26,P050,Orange Juice,4.0,Shir,both
CNT000966,2025-10-26,P051,Cranberry Juice,4.19,Shir,both
CNT000967,2025-10-26,P052,Lime Juice,9.18,Shir,both
CNT000968,2025-10-26,P053,Lemon Juice,7.9,Shir,both
CNT000969,2025-10-26,P054,Sugar Syrup,2.82,Shir,both
CNT000970,2025-10-26,P055,Fresh Mint,7.26,Shir,both
CNT000971,2025-10-26,P056,Coffee Beans,3.83,Shir,inside
CNT000972,2025-10-26,K001,Carlsberg 50L,4.7,Shir,inside
CNT000973,2025-10-26,K002,Tuborg 50L,3.98,Shir,inside
CNT000974,2025-10-26,K003,Carlsberg 30L,5.83,Shir,outside
CNT000975,2025-10-26,K004,Malka 30L,4.62,Shir,outside
CNT000976,2025-10-26,K005,Weihenstephan 30L,3.76,Shir,outside
CNT000977,2025-10-29,P001,Carlsberg,62.4,Muriel,both
CNT000978,2025-10-29,P002,Heineken,57.6,Muriel,both
CNT000979,2025-10-29,P003,Corona,59.2,Muriel,both
CNT000980,2025-10-29,P004,Guinness,23.79,Muriel,both
CNT000981,2025-10-29,P005,Goldstar,60.6,Muriel,both
CNT000982,2025-10-29,P006,Maccabee,34.0,Muriel,both
CNT000983,2025-10-29,P007,Stella Artois,40.4,Muriel,both
CNT000984,2025-10-29,P008,Erdinger,26.2,Muriel,both
CNT000985,2025-10-29,P009,Bombay Sapphire,10.42,Muriel,both
CNT000986,2025-10-29,P010,Tanqueray,13.77,Muriel,both
CNT000987,2025-10-29,P011,Hendrick's,9.69,Muriel,both
CNT000988,2025-10-29,P012,Beefeater,6.14,Muriel,both
CNT000989,2025-10-29,P013,Gordon's,17.36,Muriel,both
CNT000990,2025-10-29,P014,Absolut,15.14,Muriel,both
CNT000991,2025-10-29,P015,Finlandia,6.23,Muriel,both
CNT000992,2025-10-29,P016,Grey Goose,9.91,Muriel,both
CNT000993,2025-10-29,P017,Belvedere,7.09,Muriel,both
CNT000994,2025-10-29,P018,Stolichnaya,5.72,Muriel,both
CNT000995,2025-10-29,P019,Jameson,10.05,Muriel,both
CNT000996,2025-10-29,P020,Jack Daniel's,10.61,Muriel,both
CNT000997,2025-10-29,P021,Johnnie Walker Black,9.57,Muriel,both
CNT000998,2025-10-29,P022,Chivas Regal,14.12,Muriel,both
CNT000999,2025-10-29,P023,Maker's Mark,6.23,Muriel,both
CNT001000,2025-10-29,P024,Glenfiddich 12,6.57,Muriel,inside
CNT001001,2025-10-29,P025,Bacardi Carta Blanca,22.92,Muriel,both
CNT001002,2025-10-29,P026,Havana Club 3,13.43,Muriel,both
CNT001003,2025-10-29,P027,Captain Morgan,13.69,Muriel,both
CNT001004,2025-10-29,P028,Diplomatico Reserva,10.86,Muriel,both
CNT001005,2025-10-29,P029,Jose Cuervo,4.53,Muriel,both
CNT001006,2025-10-29,P030,Olmeca Blanco,6.57,Muriel,both
CNT001007,2025-10-29,P031,Patron Silver,9.2,Muriel,inside
CNT001008,2025-10-29,P032,Don Julio Blanco,6.14,Muriel,both
CNT001009,2025-10-29,P033,Aperol,12.86,Muriel,outside
CNT001010,2025-10-29,P034,Campari,10.03,Muriel,both
CNT001011,2025-10-29,P035,Cointreau,11.05,Muriel,both
CNT001012,2025-10-29,P036,Kahlua,14.06,Muriel,both
CNT001013,2025-10-29,P037,Martini Rosso,5.25,Muriel,inside
CNT001014,2025-10-29,P038,House Red Wine,20.79,Muriel,both
CNT001015,2025-10-29,P039,House White Wine,18.25,Muriel,both
CNT001016,2025-10-29,P040,Rose Wine,7.4,Muriel,both
CNT001017,2025-10-29,P041,Prosecco,21.98,Muriel,both
CNT001018,2025-10-29,P042,Chardonnay,13.44,Muriel,both
CNT001019,2025-10-29,P043,Coca-Cola,80.2,Muriel,both
CNT001020,2025-10-29,P044,Coca-Cola Zero,35.6,Muriel,both
CNT001021,2025-10-29,P045,Sprite,38.2,Muriel,both
CNT001022,2025-10-29,P046,Tonic Water,74.82,Muriel,both
CNT001023,2025-10-29,P047,Soda Water,40.42,Muriel,both
CNT001024,2025-10-29,P048,Red Bull,33.8,Muriel,both
CNT001025,2025-10-29,P049,Ginger Beer,15.2,Muriel,both
CNT001026,2025-10-29,P050,Orange Juice,4.0,Muriel,both
CNT001027,2025-10-29,P051,Cranberry Juice,4.0,Muriel,both
CNT001028,2025-10-29,P052,Lime Juice,7.07,Muriel,both
CNT001029,2025-10-29,P053,Lemon Juice,7.55,Muriel,both
CNT001030,2025-10-29,P054,Sugar Syrup,7.91,Muriel,both
CNT001031,2025-10-29,P055,Fresh Mint,6.86,Muriel,both
CNT001032,2025-10-29,P056,Coffee Beans,3.62,Muriel,inside
CNT001033,2025-10-29,K001,Carlsberg 50L,4.5,Muriel,inside
CNT001034,2025-10-29,K002,Tuborg 50L,4.02,Muriel,inside
CNT001035,2025-10-29,K003,Carlsberg 30L,5.8,Muriel,outside
CNT001036,2025-10-29,K004,Malka 30L,5.56,Muriel,outside
CNT001037,2025-10-29,K005,Weihenstephan 30L,5.18,Muriel,outside
CNT001038,2025-11-02,P001,Carlsberg,69.4,Muriel,both
CNT001039,2025-11-02,P002,Heineken,50.6,Muriel,both
CNT001040,2025-11-02,P003,Corona,56.2,Muriel,both
CNT001041,2025-11-02,P004,Guinness,30.6,Muriel,both
CNT001042,2025-11-02,P005,Goldstar,58.6,Muriel,both
CNT001043,2025-11-02,P006,Maccabee,41.0,Muriel,both
CNT001044,2025-11-02,P007,Stella Artois,39.4,Muriel,both
CNT001045,2025-11-02,P008,Erdinger,39.2,Muriel,both
CNT001046,2025-11-02,P009,Bombay Sapphire,9.22,Muriel,both
CNT001047,2025-11-02,P010,Tanqueray,12.91,Muriel,both
CNT001048,2025-11-02,P011,Hendrick's,6.21,Muriel,both
CNT001049,2025-11-02,P012,Beefeater,5.46,Muriel,both
CNT001050,2025-11-02,P013,Gordon's,10.93,Muriel,both
CNT001051,2025-11-02,P014,Absolut,8.74,Muriel,both
CNT001052,2025-11-02,P015,Finlandia,5.54,Muriel,both
CNT001053,2025-11-02,P016,Grey Goose,8.37,Muriel,both
CNT001054,2025-11-02,P017,Belvedere,6.51,Muriel,both
CNT001055,2025-11-02,P018,Stolichnaya,5.12,Muriel,both
CNT001056,2025-11-02,P019,Jameson,7.22,Muriel,both
CNT001057,2025-11-02,P020,Jack Daniel's,8.47,Muriel,both
CNT001058,2025-11-02,P021,Johnnie Walker Black,8.11,Muriel,both
CNT001059,2025-11-02,P022,Chivas Regal,13.09,Muriel,both
CNT001060,2025-11-02,P023,Maker's Mark,5.63,Muriel,both
CNT001061,2025-11-02,P024,Glenfiddich 12,5.97,Muriel,inside
CNT001062,2025-11-02,P025,Bacardi Carta Blanca,13.82,Muriel,both
CNT001063,2025-11-02,P026,Havana Club 3,12.4,Muriel,both
CNT001064,2025-11-02,P027,Captain Morgan,12.66,Muriel,both
CNT001065,2025-11-02,P028,Diplomatico Reserva,10.52,Muriel,both
CNT001066,2025-11-02,P029,Jose Cuervo,14.96,Muriel,both
CNT001067,2025-11-02,P030,Olmeca Blanco,5.72,Muriel,both
CNT001068,2025-11-02,P031,Patron Silver,16.46,Muriel,inside
CNT001069,2025-11-02,P032,Don Julio Blanco,5.37,Muriel,both
CNT001070,2025-11-02,P033,Aperol,16.54,Muriel,outside
CNT001071,2025-11-02,P034,Campari,7.41,Muriel,both
CNT001072,2025-11-02,P035,Cointreau,8.7,Muriel,both
CNT001073,2025-11-02,P036,Kahlua,11.92,Muriel,both
CNT001074,2025-11-02,P037,Martini Rosso,3.4,Muriel,inside
CNT001075,2025-11-02,P038,House Red Wine,12.5,Muriel,both
CNT001076,2025-11-02,P039,House White Wine,19.41,Muriel,both
CNT001077,2025-11-02,P040,Rose Wine,28.4,Muriel,both
CNT001078,2025-11-02,P041,Prosecco,21.06,Muriel,both
CNT001079,2025-11-02,P042,Chardonnay,11.24,Muriel,both
CNT001080,2025-11-02,P043,Coca-Cola,45.8,Muriel,both
CNT001081,2025-11-02,P044,Coca-Cola Zero,21.6,Muriel,both
CNT001082,2025-11-02,P045,Sprite,30.2,Muriel,both
CNT001083,2025-11-02,P046,Tonic Water,38.32,Muriel,both
CNT001084,2025-11-02,P047,Soda Water,30.9,Muriel,both
CNT001085,2025-11-02,P048,Red Bull,29.57,Muriel,both
CNT001086,2025-11-02,P049,Ginger Beer,30.2,Muriel,both
CNT001087,2025-11-02,P050,Orange Juice,4.0,Muriel,both
CNT001088,2025-11-02,P051,Cranberry Juice,4.0,Muriel,both
CNT001089,2025-11-02,P052,Lime Juice,9.56,Muriel,both
CNT001090,2025-11-02,P053,Lemon Juice,6.95,Muriel,both
CNT001091,2025-11-02,P054,Sugar Syrup,6.26,Muriel,both
CNT001092,2025-11-02,P055,Fresh Mint,6.15,Muriel,both
CNT001093,2025-11-02,P056,Coffee Beans,3.19,Muriel,inside
CNT001094,2025-11-02,K001,Carlsberg 50L,4.32,Muriel,inside
CNT001095,2025-11-02,K002,Tuborg 50L,4.64,Muriel,inside
CNT001096,2025-11-02,K003,Carlsberg 30L,6.12,Muriel,outside
CNT001097,2025-11-02,K004,Malka 30L,5.14,Muriel,outside
CNT001098,2025-11-02,K005,Weihenstephan 30L,4.59,Muriel,outside
CNT001099,2025-11-05,P001,Carlsberg,70.4,Maya,both
CNT001100,2025-11-05,P002,Heineken,37.6,Maya,both
CNT001101,2025-11-05,P003,Corona,48.01,Maya,both
CNT001102,2025-11-05,P004,Guinness,23.6,Maya,both
CNT001103,2025-11-05,P005,Goldstar,68.6,Maya,both
CNT001104,2025-11-05,P006,Maccabee,52.0,Maya,both
CNT001105,2025-11-05,P007,Stella Artois,53.4,Maya,both
CNT001106,2025-11-05,P008,Erdinger,36.2,Maya,both
CNT001107,2025-11-05,P009,Bombay Sapphire,8.54,Maya,both
CNT001108,2025-11-05,P010,Tanqueray,12.57,Maya,both
CNT001109,2025-11-05,P011,Hendrick's,5.31,Maya,both
CNT001110,2025-11-05,P012,Beefeater,5.12,Maya,both
CNT001111,2025-11-05,P013,Gordon's,20.74,Maya,both
CNT001112,2025-11-05,P014,Absolut,18.18,Maya,both
CNT001113,2025-11-05,P015,Finlandia,5.12,Maya,both
CNT001114,2025-11-05,P016,Grey Goose,7.68,Maya,both
CNT001115,2025-11-05,P017,Belvedere,5.97,Maya,both
CNT001116,2025-11-05,P018,Stolichnaya,4.64,Maya,both
CNT001117,2025-11-05,P019,Jameson,18.09,Maya,both
CNT001118,2025-11-05,P020,Jack Daniel's,7.18,Maya,both
CNT001119,2025-11-05,P021,Johnnie Walker Black,7.42,Maya,both
CNT001120,2025-11-05,P022,Chivas Regal,12.51,Maya,both
CNT001121,2025-11-05,P023,Maker's Mark,5.37,Maya,both
CNT001122,2025-11-05,P024,Glenfiddich 12,5.54,Maya,inside
CNT001123,2025-11-05,P025,Bacardi Carta Blanca,22.21,Maya,both
CNT001124,2025-11-05,P026,Havana Club 3,11.89,Maya,both
CNT001125,2025-11-05,P027,Captain Morgan,12.14,Maya,both
CNT001126,2025-11-05,P028,Diplomatico Reserva,10.34,Maya,both
CNT001127,2025-11-05,P029,Jose Cuervo,14.07,Maya,both
CNT001128,2025-11-05,P030,Olmeca Blanco,5.37,Maya,both
CNT001129,2025-11-05,P031,Patron Silver,14.25,Maya,inside
CNT001130,2025-11-05,P032,Don Julio Blanco,5.29,Maya,both
CNT001131,2025-11-05,P033,Aperol,12.26,Maya,outside
CNT001132,2025-11-05,P034,Campari,6.17,Maya,both
CNT001133,2025-11-05,P035,Cointreau,7.69,Maya,both
CNT001134,2025-11-05,P036,Kahlua,11.01,Maya,both
CNT001135,2025-11-05,P037,Martini Rosso,14.76,Maya,inside
CNT001136,2025-11-05,P038,House Red Wine,20.84,Maya,both
CNT001137,2025-11-05,P039,House White Wine,16.15,Maya,both
CNT001138,2025-11-05,P040,Rose Wine,26.6,Maya,both
CNT001139,2025-11-05,P041,Prosecco,26.34,Maya,both
CNT001140,2025-11-05,P042,Chardonnay,10.24,Maya,both
CNT001141,2025-11-05,P043,Coca-Cola,79.8,Maya,both
CNT001142,2025-11-05,P044,Coca-Cola Zero,53.6,Maya,both
CNT001143,2025-11-05,P045,Sprite,37.2,Maya,both
CNT001144,2025-11-05,P046,Tonic Water,40.12,Maya,both
CNT001145,2025-11-05,P047,Soda Water,37.54,Maya,both
CNT001146,2025-11-05,P048,Red Bull,40.8,Maya,both
CNT001147,2025-11-05,P049,Ginger Beer,25.2,Maya,both
CNT001148,2025-11-05,P050,Orange Juice,4.0,Maya,both
CNT001149,2025-11-05,P051,Cranberry Juice,4.0,Maya,both
CNT001150,2025-11-05,P052,Lime Juice,8.06,Maya,both
CNT001151,2025-11-05,P053,Lemon Juice,6.76,Maya,both
CNT001152,2025-11-05,P054,Sugar Syrup,5.61,Maya,both
CNT001153,2025-11-05,P055,Fresh Mint,5.88,Maya,both
CNT001154,2025-11-05,P056,Coffee Beans,3.01,Maya,inside
CNT001155,2025-11-05,K001,Carlsberg 50L,3.75,Maya,inside
CNT001156,2025-11-05,K002,Tuborg 50L,4.8,Maya,inside
CNT001157,2025-11-05,K003,Carlsberg 30L,6.71,Maya,outside
CNT001158,2025-11-05,K004,Malka 30L,5.07,Maya,outside
CNT001159,2025-11-05,K005,Weihenstephan 30L,3.76,Maya,outside
CNT001160,2025-11-09,P001,Carlsberg,44.4,Tomer,both
CNT001161,2025-11-09,P002,Heineken,45.6,Tomer,both
CNT001162,2025-11-09,P003,Corona,37.2,Tomer,both
CNT001163,2025-11-09,P004,Guinness,55.6,Tomer,both
CNT001164,2025-11-09,P005,Goldstar,45.6,Tomer,both
CNT001165,2025-11-09,P006,Maccabee,30.0,Tomer,both
CNT001166,2025-11-09,P007,Stella Artois,24.4,Tomer,both
CNT001167,2025-11-09,P008,Erdinger,21.2,Tomer,both
CNT001168,2025-11-09,P009,Bombay Sapphire,7.01,Tomer,both
CNT001169,2025-11-09,P010,Tanqueray,11.37,Tomer,both
CNT001170,2025-11-09,P011,Hendrick's,14.6,Tomer,both
CNT001171,2025-11-09,P012,Beefeater,4.43,Tomer,both
CNT001172,2025-11-09,P013,Gordon's,12.95,Tomer,both
CNT001173,2025-11-09,P014,Absolut,12.11,Tomer,both
CNT001174,2025-11-09,P015,Finlandia,4.52,Tomer,both
CNT001175,2025-11-09,P016,Grey Goose,6.48,Tomer,both
CNT001176,2025-11-09,P017,Belvedere,6.12,Tomer,both
CNT001177,2025-11-09,P018,Stolichnaya,4.09,Tomer,both
CNT001178,2025-11-09,P019,Jameson,15.1,Tomer,both
CNT001179,2025-11-09,P020,Jack Daniel's,4.44,Tomer,both
CNT001180,2025-11-09,P021,Johnnie Walker Black,6.05,Tomer,both
CNT001181,2025-11-09,P022,Chivas Regal,11.46,Tomer,both
CNT001182,2025-11-09,P023,Maker's Mark,4.69,Tomer,both
CNT001183,2025-11-09,P024,Glenfiddich 12,4.86,Tomer,inside
CNT001184,2025-11-09,P025,Bacardi Carta Blanca,12.43,Tomer,both
CNT001185,2025-11-09,P026,Havana Club 3,10.93,Tomer,both
CNT001186,2025-11-09,P027,Captain Morgan,10.94,Tomer,both
CNT001187,2025-11-09,P028,Diplomatico Reserva,9.92,Tomer,both
CNT001188,2025-11-09,P029,Jose Cuervo,12.28,Tomer,both
CNT001189,2025-11-09,P030,Olmeca Blanco,4.69,Tomer,both
CNT001190,2025-11-09,P031,Patron Silver,8.72,Tomer,inside
CNT001191,2025-11-09,P032,Don Julio Blanco,4.43,Tomer,both
CNT001192,2025-11-09,P033,Aperol,14.66,Tomer,outside
CNT001193,2025-11-09,P034,Campari,3.6,Tomer,both
CNT001194,2025-11-09,P035,Cointreau,5.12,Tomer,both
CNT001195,2025-11-09,P036,Kahlua,8.69,Tomer,both
CNT001196,2025-11-09,P037,Martini Rosso,12.79,Tomer,inside
CNT001197,2025-11-09,P038,House Red Wine,12.05,Tomer,both
CNT001198,2025-11-09,P039,House White Wine,17.85,Tomer,both
CNT001199,2025-11-09,P040,Rose Wine,23.0,Tomer,both
CNT001200,2025-11-09,P041,Prosecco,23.02,Tomer,both
CNT001201,2025-11-09,P042,Chardonnay,6.94,Tomer,both
CNT001202,2025-11-09,P043,Coca-Cola,45.4,Tomer,both
CNT001203,2025-11-09,P044,Coca-Cola Zero,43.6,Tomer,both
CNT001204,2025-11-09,P045,Sprite,17.2,Tomer,both
CNT001205,2025-11-09,P046,Tonic Water,25.52,Tomer,both
CNT001206,2025-11-09,P047,Soda Water,23.27,Tomer,both
CNT001207,2025-11-09,P048,Red Bull,34.8,Tomer,both
CNT001208,2025-11-09,P049,Ginger Beer,12.2,Tomer,both
CNT001209,2025-11-09,P050,Orange Juice,4.0,Tomer,both
CNT001210,2025-11-09,P051,Cranberry Juice,4.0,Tomer,both
CNT001211,2025-11-09,P052,Lime Juice,4.18,Tomer,both
CNT001212,2025-11-09,P053,Lemon Juice,6.1,Tomer,both
CNT001213,2025-11-09,P054,Sugar Syrup,3.73,Tomer,both
CNT001214,2025-11-09,P055,Fresh Mint,5.1,Tomer,both
CNT001215,2025-11-09,P056,Coffee Beans,2.49,Tomer,inside
CNT001216,2025-11-09,K001,Carlsberg 50L,4.49,Tomer,inside
CNT001217,2025-11-09,K002,Tuborg 50L,4.25,Tomer,inside
CNT001218,2025-11-09,K003,Carlsberg 30L,6.14,Tomer,outside
CNT001219,2025-11-09,K004,Malka 30L,4.52,Tomer,outside
CNT001220,2025-11-09,K005,Weihenstephan 30L,4.89,Tomer,outside
CNT001221,2025-11-12,P001,Carlsberg,69.4,Maya,both
CNT001222,2025-11-12,P002,Heineken,49.6,Maya,both
CNT001223,2025-11-12,P003,Corona,69.2,Maya,both
CNT001224,2025-11-12,P004,Guinness,48.6,Maya,both
CNT001225,2025-11-12,P005,Goldstar,54.6,Maya,both
CNT001226,2025-11-12,P006,Maccabee,44.1,Maya,both
CNT001227,2025-11-12,P007,Stella Artois,34.4,Maya,both
CNT001228,2025-11-12,P008,Erdinger,40.2,Maya,both
CNT001229,2025-11-12,P009,Bombay Sapphire,6.14,Maya,both
CNT001230,2025-11-12,P010,Tanqueray,10.77,Maya,both
CNT001231,2025-11-12,P011,Hendrick's,13.41,Maya,both
CNT001232,2025-11-12,P012,Beefeater,4.09,Maya,both
CNT001233,2025-11-12,P013,Gordon's,10.0,Maya,both
CNT001234,2025-11-12,P014,Absolut,9.39,Maya,both
CNT001235,2025-11-12,P015,Finlandia,4.17,Maya,both
CNT001236,2025-11-12,P016,Grey Goose,5.97,Maya,both
CNT001237,2025-11-12,P017,Belvedere,4.77,Maya,both
CNT001238,2025-11-12,P018,Stolichnaya,3.74,Maya,both
CNT001239,2025-11-12,P019,Jameson,14.16,Maya,both
CNT001240,2025-11-12,P020,Jack Daniel's,15.41,Maya,both
CNT001241,2025-11-12,P021,Johnnie Walker Black,5.37,Maya,both
CNT001242,2025-11-12,P022,Chivas Regal,11.12,Maya,both
CNT001243,2025-11-12,P023,Maker's Mark,4.26,Maya,both
CNT001244,2025-11-12,P024,Glenfiddich 12,4.6,Maya,inside
CNT001245,2025-11-12,P025,Bacardi Carta Blanca,19.51,Maya,both
CNT001246,2025-11-12,P026,Havana Club 3,10.26,Maya,both
CNT001247,2025-11-12,P027,Captain Morgan,10.34,Maya,both
CNT001248,2025-11-12,P028,Diplomatico Reserva,9.74,Maya,both
CNT001249,2025-11-12,P029,Jose Cuervo,11.3,Maya,both
CNT001250,2025-11-12,P030,Olmeca Blanco,4.34,Maya,both
CNT001251,2025-11-12,P031,Patron Silver,18.53,Maya,inside
CNT001252,2025-11-12,P032,Don Julio Blanco,4.0,Maya,both
CNT001253,2025-11-12,P033,Aperol,22.54,Maya,outside
CNT001254,2025-11-12,P034,Campari,14.61,Maya,both
CNT001255,2025-11-12,P035,Cointreau,3.96,Maya,both
CNT001256,2025-11-12,P036,Kahlua,7.75,Maya,both
CNT001257,2025-11-12,P037,Martini Rosso,11.97,Maya,inside
CNT001258,2025-11-12,P038,House Red Wine,20.25,Maya,both
CNT001259,2025-11-12,P039,House White Wine,25.22,Maya,both
CNT001260,2025-11-12,P040,Rose Wine,21.2,Maya,both
CNT001261,2025-11-12,P041,Prosecco,28.18,Maya,both
CNT001262,2025-11-12,P042,Chardonnay,6.04,Maya,both
CNT001263,2025-11-12,P043,Coca-Cola,65.4,Maya,both
CNT001264,2025-11-12,P044,Coca-Cola Zero,49.6,Maya,both
CNT001265,2025-11-12,P045,Sprite,46.2,Maya,both
CNT001266,2025-11-12,P046,Tonic Water,52.52,Maya,both
CNT001267,2025-11-12,P047,Soda Water,51.36,Maya,both
CNT001268,2025-11-12,P048,Red Bull,47.8,Maya,both
CNT001269,2025-11-12,P049,Ginger Beer,32.25,Maya,both
CNT001270,2025-11-12,P050,Orange Juice,4.0,Maya,both
CNT001271,2025-11-12,P051,Cranberry Juice,4.0,Maya,both
CNT001272,2025-11-12,P052,Lime Juice,8.11,Maya,both
CNT001273,2025-11-12,P053,Lemon Juice,5.85,Maya,both
CNT001274,2025-11-12,P054,Sugar Syrup,8.88,Maya,both
CNT001275,2025-11-12,P055,Fresh Mint,4.71,Maya,both
CNT001276,2025-11-12,P056,Coffee Beans,8.3,Maya,inside
CNT001277,2025-11-12,K001,Carlsberg 50L,4.68,Maya,inside
CNT001278,2025-11-12,K002,Tuborg 50L,4.48,Maya,inside
CNT001279,2025-11-12,K003,Carlsberg 30L,6.16,Maya,outside
CNT001280,2025-11-12,K004,Malka 30L,5.62,Maya,outside
CNT001281,2025-11-12,K005,Weihenstephan 30L,3.93,Maya,outside
CNT001282,2025-11-16,P001,Carlsberg,67.4,Muriel,both
CNT001283,2025-11-16,P002,Heineken,61.6,Muriel,both
CNT001284,2025-11-16,P003,Corona,57.2,Muriel,both
CNT001285,2025-11-16,P004,Guinness,29.5,Muriel,both
CNT001286,2025-11-16,P005,Goldstar,61.6,Muriel,both
CNT001287,2025-11-16,P006,Maccabee,46.0,Muriel,both
CNT001288,2025-11-16,P007,Stella Artois,32.4,Muriel,both
CNT001289,2025-11-16,P008,Erdinger,26.2,Muriel,both
CNT001290,2025-11-16,P009,Bombay Sapphire,4.68,Muriel,both
CNT001291,2025-11-16,P010,Tanqueray,9.57,Muriel,both
CNT001292,2025-11-16,P011,Hendrick's,10.76,Muriel,both
CNT001293,2025-11-16,P012,Beefeater,3.32,Muriel,both
CNT001294,2025-11-16,P013,Gordon's,3.26,Muriel,both
CNT001295,2025-11-16,P014,Absolut,15.52,Muriel,both
CNT001296,2025-11-16,P015,Finlandia,3.4,Muriel,both
CNT001297,2025-11-16,P016,Grey Goose,4.51,Muriel,both
CNT001298,2025-11-16,P017,Belvedere,4.09,Muriel,both
CNT001299,2025-11-16,P018,Stolichnaya,3.06,Muriel,both
CNT001300,2025-11-16,P019,Jameson,10.65,Muriel,both
CNT001301,2025-11-16,P020,Jack Daniel's,12.58,Muriel,both
CNT001302,2025-11-16,P021,Johnnie Walker Black,3.82,Muriel,both
CNT001303,2025-11-16,P022,Chivas Regal,10.09,Muriel,both
CNT001304,2025-11-16,P023,Maker's Mark,3.49,Muriel,both
CNT001305,2025-11-16,P024,Glenfiddich 12,3.74,Muriel,inside
CNT001306,2025-11-16,P025,Bacardi Carta Blanca,10.05,Muriel,both
CNT001307,2025-11-16,P026,Havana Club 3,9.23,Muriel,both
CNT001308,2025-11-16,P027,Captain Morgan,9.23,Muriel,both
CNT001309,2025-11-16,P028,Diplomatico Reserva,9.32,Muriel,both
CNT001310,2025-11-16,P029,Jose Cuervo,9.17,Muriel,both
CNT001311,2025-11-16,P030,Olmeca Blanco,3.66,Muriel,both
CNT001312,2025-11-16,P031,Patron Silver,13.56,Muriel,inside
CNT001313,2025-11-16,P032,Don Julio Blanco,3.23,Muriel,both
CNT001314,2025-11-16,P033,Aperol,13.29,Muriel,outside
CNT001315,2025-11-16,P034,Campari,11.79,Muriel,both
CNT001316,2025-11-16,P035,Cointreau,13.62,Muriel,both
CNT001317,2025-11-16,P036,Kahlua,5.38,Muriel,both
CNT001318,2025-11-16,P037,Martini Rosso,9.92,Muriel,inside
CNT001319,2025-11-16,P038,House Red Wine,10.88,Muriel,both
CNT001320,2025-11-16,P039,House White Wine,15.94,Muriel,both
CNT001321,2025-11-16,P040,Rose Wine,16.8,Muriel,both
CNT001322,2025-11-16,P041,Prosecco,12.98,Muriel,both
CNT001323,2025-11-16,P042,Chardonnay,15.84,Muriel,both
CNT001324,2025-11-16,P043,Coca-Cola,55.3,Muriel,both
CNT001325,2025-11-16,P044,Coca-Cola Zero,24.6,Muriel,both
CNT001326,2025-11-16,P045,Sprite,42.2,Muriel,both
CNT001327,2025-11-16,P046,Tonic Water,39.42,Muriel,both
CNT001328,2025-11-16,P047,Soda Water,39.58,Muriel,both
CNT001329,2025-11-16,P048,Red Bull,17.8,Muriel,both
CNT001330,2025-11-16,P049,Ginger Beer,20.2,Muriel,both
CNT001331,2025-11-16,P050,Orange Juice,4.0,Muriel,both
CNT001332,2025-11-16,P051,Cranberry Juice,4.0,Muriel,both
CNT001333,2025-11-16,P052,Lime Juice,4.39,Muriel,both
CNT001334,2025-11-16,P053,Lemon Juice,5.33,Muriel,both
CNT001335,2025-11-16,P054,Sugar Syrup,7.29,Muriel,both
CNT001336,2025-11-16,P055,Fresh Mint,3.96,Muriel,both
CNT001337,2025-11-16,P056,Coffee Beans,7.83,Muriel,inside
CNT001338,2025-11-16,K001,Carlsberg 50L,4.47,Muriel,inside
CNT001339,2025-11-16,K002,Tuborg 50L,3.99,Muriel,inside
CNT001340,2025-11-16,K003,Carlsberg 30L,5.18,Muriel,outside
CNT001341,2025-11-16,K004,Malka 30L,5.15,Muriel,outside
CNT001342,2025-11-16,K005,Weihenstephan 30L,4.17,Muriel,outside
CNT001343,2025-11-19,P001,Carlsberg,75.4,Tomer,both
CNT001344,2025-11-19,P002,Heineken,68.6,Tomer,both
CNT001345,2025-11-19,P003,Corona,72.2,Tomer,both
CNT001346,2025-11-19,P004,Guinness,47.6,Tomer,both
CNT001347,2025-11-19,P005,Goldstar,66.6,Tomer,both
CNT001348,2025-11-19,P006,Maccabee,38.0,Tomer,both
CNT001349,2025-11-19,P007,Stella Artois,23.4,Tomer,both
CNT001350,2025-11-19,P008,Erdinger,22.2,Tomer,both
CNT001351,2025-11-19,P009,Bombay Sapphire,3.99,Tomer,both
CNT001352,2025-11-19,P010,Tanqueray,9.14,Tomer,both
CNT001353,2025-11-19,P011,Hendrick's,9.47,Tomer,both
CNT001354,2025-11-19,P012,Beefeater,2.97,Tomer,both
CNT001355,2025-11-19,P013,Gordon's,12.24,Tomer,both
CNT001356,2025-11-19,P014,Absolut,13.07,Tomer,both
CNT001357,2025-11-19,P015,Finlandia,3.06,Tomer,both
CNT001358,2025-11-19,P016,Grey Goose,4.17,Tomer,both
CNT001359,2025-11-19,P017,Belvedere,3.83,Tomer,both
CNT001360,2025-11-19,P018,Stolichnaya,14.8,Tomer,both
CNT001361,2025-11-19,P019,Jameson,9.25,Tomer,both
CNT001362,2025-11-19,P020,Jack Daniel's,11.43,Tomer,both
CNT001363,2025-11-19,P021,Johnnie Walker Black,15.05,Tomer,both
CNT001364,2025-11-19,P022,Chivas Regal,9.57,Tomer,both
CNT001365,2025-11-19,P023,Maker's Mark,3.32,Tomer,both
CNT001366,2025-11-19,P024,Glenfiddich 12,3.49,Tomer,inside
CNT001367,2025-11-19,P025,Bacardi Carta Blanca,19.08,Tomer,both
CNT001368,2025-11-19,P026,Havana Club 3,8.8,Tomer,both
CNT001369,2025-11-19,P027,Captain Morgan,8.54,Tomer,both
CNT001370,2025-11-19,P028,Diplomatico Reserva,9.06,Tomer,both
CNT001371,2025-11-19,P029,Jose Cuervo,8.63,Tomer,both
CNT001372,2025-11-19,P030,Olmeca Blanco,3.32,Tomer,both
CNT001373,2025-11-19,P031,Patron Silver,11.43,Tomer,inside
CNT001374,2025-11-19,P032,Don Julio Blanco,2.89,Tomer,both
CNT001375,2025-11-19,P033,Aperol,21.26,Tomer,outside
CNT001376,2025-11-19,P034,Campari,10.41,Tomer,both
CNT001377,2025-11-19,P035,Cointreau,12.63,Tomer,both
CNT001378,2025-11-19,P036,Kahlua,4.63,Tomer,both
CNT001379,2025-11-19,P037,Martini Rosso,8.89,Tomer,inside
CNT001380,2025-11-19,P038,House Red Wine,21.93,Tomer,both
CNT001381,2025-11-19,P039,House White Wine,11.31,Tomer,both
CNT001382,2025-11-19,P040,Rose Wine,15.4,Tomer,both
CNT001383,2025-11-19,P041,Prosecco,30.82,Tomer,both
CNT001384,2025-11-19,P042,Chardonnay,15.24,Tomer,both
CNT001385,2025-11-19,P043,Coca-Cola,85.4,Tomer,both
CNT001386,2025-11-19,P044,Coca-Cola Zero,52.49,Tomer,both
CNT001387,2025-11-19,P045,Sprite,55.2,Tomer,both
CNT001388,2025-11-19,P046,Tonic Water,48.42,Tomer,both
CNT001389,2025-11-19,P047,Soda Water,46.54,Tomer,both
CNT001390,2025-11-19,P048,Red Bull,51.8,Tomer,both
CNT001391,2025-11-19,P049,Ginger Beer,39.2,Tomer,both
CNT001392,2025-11-19,P050,Orange Juice,3.79,Tomer,both
CNT001393,2025-11-19,P051,Cranberry Juice,3.87,Tomer,both
CNT001394,2025-11-19,P052,Lime Juice,9.07,Tomer,both
CNT001395,2025-11-19,P053,Lemon Juice,5.1,Tomer,both
CNT001396,2025-11-19,P054,Sugar Syrup,6.54,Tomer,both
CNT001397,2025-11-19,P055,Fresh Mint,3.75,Tomer,both
CNT001398,2025-11-19,P056,Coffee Beans,7.65,Tomer,inside
CNT001399,2025-11-19,K001,Carlsberg 50L,5.21,Tomer,inside
CNT001400,2025-11-19,K002,Tuborg 50L,5.67,Tomer,inside
CNT001401,2025-11-19,K003,Carlsberg 30L,5.82,Tomer,outside
CNT001402,2025-11-19,K004,Malka 30L,6.21,Tomer,outside
CNT001403,2025-11-19,K005,Weihenstephan 30L,4.59,Tomer,outside
CNT001404,2025-11-23,P001,Carlsberg,56.4,Shir,both
CNT001405,2025-11-23,P002,Heineken,58.6,Shir,both
CNT001406,2025-11-23,P003,Corona,45.2,Shir,both
CNT001407,2025-11-23,P004,Guinness,29.6,Shir,both
CNT001408,2025-11-23,P005,Goldstar,61.6,Shir,both
CNT001409,2025-11-23,P006,Maccabee,41.0,Shir,both
CNT001410,2025-11-23,P007,Stella Artois,48.4,Shir,both
CNT001411,2025-11-23,P008,Erdinger,33.2,Shir,both
CNT001412,2025-11-23,P009,Bombay Sapphire,14.62,Shir,both
CNT001413,2025-11-23,P010,Tanqueray,8.2,Shir,both
CNT001414,2025-11-23,P011,Hendrick's,6.81,Shir,both
CNT001415,2025-11-23,P012,Beefeater,14.29,Shir,both
CNT001416,2025-11-23,P013,Gordon's,18.77,Shir,both
CNT001417,2025-11-23,P014,Absolut,7.55,Shir,both
CNT001418,2025-11-23,P015,Finlandia,14.37,Shir,both
CNT001419,2025-11-23,P016,Grey Goose,14.71,Shir,both
CNT001420,2025-11-23,P017,Belvedere,3.06,Shir,both
CNT001421,2025-11-23,P018,Stolichnaya,14.2,Shir,both
CNT001422,2025-11-23,P019,Jameson,8.47,Shir,both
CNT001423,2025-11-23,P020,Jack Daniel's,9.22,Shir,both
CNT001424,2025-11-23,P021,Johnnie Walker Black,13.68,Shir,both
CNT001425,2025-11-23,P022,Chivas Regal,8.37,Shir,both
CNT001426,2025-11-23,P023,Maker's Mark,2.63,Shir,both
CNT001427,2025-11-23,P024,Glenfiddich 12,2.97,Shir,inside
CNT001428,2025-11-23,P025,Bacardi Carta Blanca,10.52,Shir,both
CNT001429,2025-11-23,P026,Havana Club 3,7.94,Shir,both
CNT001430,2025-11-23,P027,Captain Morgan,7.52,Shir,both
CNT001431,2025-11-23,P028,Diplomatico Reserva,8.72,Shir,both
CNT001432,2025-11-23,P029,Jose Cuervo,6.96,Shir,both
CNT001433,2025-11-23,P030,Olmeca Blanco,2.72,Shir,both
CNT001434,2025-11-23,P031,Patron Silver,6.54,Shir,inside
CNT001435,2025-11-23,P032,Don Julio Blanco,14.3,Shir,both
CNT001436,2025-11-23,P033,Aperol,13.03,Shir,outside
CNT001437,2025-11-23,P034,Campari,7.59,Shir,both
CNT001438,2025-11-23,P035,Cointreau,10.23,Shir,both
CNT001439,2025-11-23,P036,Kahlua,2.61,Shir,both
CNT001440,2025-11-23,P037,Martini Rosso,6.92,Shir,inside
CNT001441,2025-11-23,P038,House Red Wine,13.36,Shir,both
CNT001442,2025-11-23,P039,House White Wine,15.99,Shir,both
CNT001443,2025-11-23,P040,Rose Wine,10.4,Shir,both
CNT001444,2025-11-23,P041,Prosecco,17.86,Shir,both
CNT001445,2025-11-23,P042,Chardonnay,12.64,Shir,both
CNT001446,2025-11-23,P043,Coca-Cola,53.0,Shir,both
CNT001447,2025-11-23,P044,Coca-Cola Zero,44.6,Shir,both
CNT001448,2025-11-23,P045,Sprite,25.2,Shir,both
CNT001449,2025-11-23,P046,Tonic Water,35.22,Shir,both
CNT001450,2025-11-23,P047,Soda Water,37.8,Shir,both
CNT001451,2025-11-23,P048,Red Bull,25.98,Shir,both
CNT001452,2025-11-23,P049,Ginger Beer,28.2,Shir,both
CNT001453,2025-11-23,P050,Orange Juice,4.0,Shir,both
CNT001454,2025-11-23,P051,Cranberry Juice,4.0,Shir,both
CNT001455,2025-11-23,P052,Lime Juice,5.62,Shir,both
CNT001456,2025-11-23,P053,Lemon Juice,4.5,Shir,both
CNT001457,2025-11-23,P054,Sugar Syrup,4.98,Shir,both
CNT001458,2025-11-23,P055,Fresh Mint,3.09,Shir,both
CNT001459,2025-11-23,P056,Coffee Beans,7.22,Shir,inside
CNT001460,2025-11-23,K001,Carlsberg 50L,4.69,Shir,inside
CNT001461,2025-11-23,K002,Tuborg 50L,4.07,Shir,inside
CNT001462,2025-11-23,K003,Carlsberg 30L,5.65,Shir,outside
CNT001463,2025-11-23,K004,Malka 30L,4.62,Shir,outside
CNT001464,2025-11-23,K005,Weihenstephan 30L,4.01,Shir,outside
CNT001465,2025-11-26,P001,Carlsberg,89.4,Muriel,both
CNT001466,2025-11-26,P002,Heineken,65.6,Muriel,both
CNT001467,2025-11-26,P003,Corona,32.2,Muriel,both
CNT001468,2025-11-26,P004,Guinness,47.6,Muriel,both
CNT001469,2025-11-26,P005,Goldstar,48.6,Muriel,both
CNT001470,2025-11-26,P006,Maccabee,30.0,Muriel,both
CNT001471,2025-11-26,P007,Stella Artois,39.4,Muriel,both
CNT001472,2025-11-26,P008,Erdinger,28.2,Muriel,both
CNT001473,2025-11-26,P009,Bombay Sapphire,14.02,Muriel,both
CNT001474,2025-11-26,P010,Tanqueray,7.69,Muriel,both
CNT001475,2025-11-26,P011,Hendrick's,5.31,Muriel,both
CNT001476,2025-11-26,P012,Beefeater,14.03,Muriel,both
CNT001477,2025-11-26,P013,Gordon's,15.41,Muriel,both
CNT001478,2025-11-26,P014,Absolut,16.39,Muriel,both
CNT001479,2025-11-26,P015,Finlandia,14.03,Muriel,both
CNT001480,2025-11-26,P016,Grey Goose,14.28,Muriel,both
CNT001481,2025-11-26,P017,Belvedere,14.8,Muriel,both
CNT001482,2025-11-26,P018,Stolichnaya,13.77,Muriel,both
CNT001483,2025-11-26,P019,Jameson,18.02,Muriel,both
CNT001484,2025-11-26,P020,Jack Daniel's,8.26,Muriel,both
CNT001485,2025-11-26,P021,Johnnie Walker Black,13.17,Muriel,both
CNT001486,2025-11-26,P022,Chivas Regal,7.94,Muriel,both
CNT001487,2025-11-26,P023,Maker's Mark,14.37,Muriel,both
CNT001488,2025-11-26,P024,Glenfiddich 12,14.8,Muriel,inside
CNT001489,2025-11-26,P025,Bacardi Carta Blanca,18.46,Muriel,both
CNT001490,2025-11-26,P026,Havana Club 3,7.43,Muriel,both
CNT001491,2025-11-26,P027,Captain Morgan,7.0,Muriel,both
CNT001492,2025-11-26,P028,Diplomatico Reserva,8.18,Muriel,both
CNT001493,2025-11-26,P029,Jose Cuervo,6.12,Muriel,both
CNT001494,2025-11-26,P030,Olmeca Blanco,14.29,Muriel,both
CNT001495,2025-11-26,P031,Patron Silver,16.76,Muriel,inside
CNT001496,2025-11-26,P032,Don Julio Blanco,13.77,Muriel,both
CNT001497,2025-11-26,P033,Aperol,21.26,Muriel,outside
CNT001498,2025-11-26,P034,Campari,6.17,Muriel,both
CNT001499,2025-11-26,P035,Cointreau,9.17,Muriel,both
CNT001500,2025-11-26,P036,Kahlua,13.78,Muriel,both
CNT001501,2025-11-26,P037,Martini Rosso,5.85,Muriel,inside
CNT001502,2025-11-26,P038,House Red Wine,21.7,Muriel,both
CNT001503,2025-11-26,P039,House White Wine,22.62,Muriel,both
CNT001504,2025-11-26,P040,Rose Wine,8.8,Muriel,both
CNT001505,2025-11-26,P041,Prosecco,23.9,Muriel,both
CNT001506,2025-11-26,P042,Chardonnay,11.64,Muriel,both
CNT001507,2025-11-26,P043,Coca-Cola,80.8,Muriel,both
CNT001508,2025-11-26,P044,Coca-Cola Zero,56.6,Muriel,both
CNT001509,2025-11-26,P045,Sprite,61.2,Muriel,both
CNT001510,2025-11-26,P046,Tonic Water,41.42,Muriel,both
CNT001511,2025-11-26,P047,Soda Water,50.8,Muriel,both
CNT001512,2025-11-26,P048,Red Bull,34.8,Muriel,both
CNT001513,2025-11-26,P049,Ginger Beer,21.2,Muriel,both
CNT001514,2025-11-26,P050,Orange Juice,4.0,Muriel,both
CNT001515,2025-11-26,P051,Cranberry Juice,4.0,Muriel,both
CNT001516,2025-11-26,P052,Lime Juice,10.28,Muriel,both
CNT001517,2025-11-26,P053,Lemon Juice,4.2,Muriel,both
CNT001518,2025-11-26,P054,Sugar Syrup,4.31,Muriel,both
CNT001519,2025-11-26,P055,Fresh Mint,2.81,Muriel,both
CNT001520,2025-11-26,P056,Coffee Beans,6.04,Muriel,inside
CNT001521,2025-11-26,K001,Carlsberg 50L,5.01,Muriel,inside
CNT001522,2025-11-26,K002,Tuborg 50L,4.37,Muriel,inside
CNT001523,2025-11-26,K003,Carlsberg 30L,7.19,Muriel,outside
CNT001524,2025-11-26,K004,Malka 30L,5.5,Muriel,outside
CNT001525,2025-11-26,K005,Weihenstephan 30L,4.15,Muriel,outside
CNT001526,2025-11-30,P001,Carlsberg,69.4,Maya,both
CNT001527,2025-11-30,P002,Heineken,56.6,Maya,both
CNT001528,2025-11-30,P003,Corona,56.2,Maya,both
CNT001529,2025-11-30,P004,Guinness,33.6,Maya,both
CNT001530,2025-11-30,P005,Goldstar,88.6,Maya,both
CNT001531,2025-11-30,P006,Maccabee,35.0,Maya,both
CNT001532,2025-11-30,P007,Stella Artois,40.4,Maya,both
CNT001533,2025-11-30,P008,Erdinger,17.2,Maya,both
CNT001534,2025-11-30,P009,Bombay Sapphire,12.99,Maya,both
CNT001535,2025-11-30,P010,Tanqueray,6.92,Maya,both
CNT001536,2025-11-30,P011,Hendrick's,14.74,Maya,both
CNT001537,2025-11-30,P012,Beefeater,13.34,Maya,both
CNT001538,2025-11-30,P013,Gordon's,9.5,Maya,both
CNT001539,2025-11-30,P014,Absolut,11.22,Maya,both
CNT001540,2025-11-30,P015,Finlandia,13.64,Maya,both
CNT001541,2025-11-30,P016,Grey Goose,13.17,Maya,both
CNT001542,2025-11-30,P017,Belvedere,14.2,Maya,both
CNT001543,2025-11-30,P018,Stolichnaya,13.09,Maya,both
CNT001544,2025-11-30,P019,Jameson,15.45,Maya,both
CNT001545,2025-11-30,P020,Jack Daniel's,6.22,Maya,both
CNT001546,2025-11-30,P021,Johnnie Walker Black,11.88,Maya,both
CNT001547,2025-11-30,P022,Chivas Regal,7.09,Maya,both
CNT001548,2025-11-30,P023,Maker's Mark,13.69,Maya,both
CNT001549,2025-11-30,P024,Glenfiddich 12,14.2,Maya,inside
CNT001550,2025-11-30,P025,Bacardi Carta Blanca,10.89,Maya,both
CNT001551,2025-11-30,P026,Havana Club 3,6.57,Maya,both
CNT001552,2025-11-30,P027,Captain Morgan,6.14,Maya,both
CNT001553,2025-11-30,P028,Diplomatico Reserva,8.2,Maya,both
CNT001554,2025-11-30,P029,Jose Cuervo,4.47,Maya,both
CNT001555,2025-11-30,P030,Olmeca Blanco,13.69,Maya,both
CNT001556,2025-11-30,P031,Patron Silver,12.07,Maya,inside
CNT001557,2025-11-30,P032,Don Julio Blanco,13.09,Maya,both
CNT001558,2025-11-30,P033,Aperol,14.14,Maya,outside
CNT001559,2025-11-30,P034,Campari,15.94,Maya,both
CNT001560,2025-11-30,P035,Cointreau,6.95,Maya,both
CNT001561,2025-11-30,P036,Kahlua,11.69,Maya,both
CNT001562,2025-11-30,P037,Martini Rosso,4.22,Maya,inside
CNT001563,2025-11-30,P038,House Red Wine,14.87,Maya,both
CNT001564,2025-11-30,P039,House White Wine,13.35,Maya,both
CNT001565,2025-11-30,P040,Rose Wine,16.8,Maya,both
CNT001566,2025-11-30,P041,Prosecco,24.14,Maya,both
CNT001567,2025-11-30,P042,Chardonnay,9.84,Maya,both
CNT001568,2025-11-30,P043,Coca-Cola,51.7,Maya,both
CNT001569,2025-11-30,P044,Coca-Cola Zero,22.6,Maya,both
CNT001570,2025-11-30,P045,Sprite,26.2,Maya,both
CNT001571,2025-11-30,P046,Tonic Water,33.02,Maya,both
CNT001572,2025-11-30,P047,Soda Water,41.54,Maya,both
CNT001573,2025-11-30,P048,Red Bull,33.91,Maya,both
CNT001574,2025-11-30,P049,Ginger Beer,9.2,Maya,both
CNT001575,2025-11-30,P050,Orange Juice,4.0,Maya,both
CNT001576,2025-11-30,P051,Cranberry Juice,4.0,Maya,both
CNT001577,2025-11-30,P052,Lime Juice,6.93,Maya,both
CNT001578,2025-11-30,P053,Lemon Juice,3.67,Maya,both
CNT001579,2025-11-30,P054,Sugar Syrup,8.6,Maya,both
CNT001580,2025-11-30,P055,Fresh Mint,8.15,Maya,both
CNT001581,2025-11-30,P056,Coffee Beans,6.58,Maya,inside
CNT001582,2025-11-30,K001,Carlsberg 50L,6.14,Maya,inside
CNT001583,2025-11-30,K002,Tuborg 50L,3.97,Maya,inside
CNT001584,2025-11-30,K003,Carlsberg 30L,5.3,Maya,outside
CNT001585,2025-11-30,K004,Malka 30L,5.31,Maya,outside
CNT001586,2025-11-30,K005,Weihenstephan 30L,4.74,Maya,outside
CNT001587,2025-12-03,P001,Carlsberg,77.4,Muriel,both
CNT001588,2025-12-03,P002,Heineken,65.6,Muriel,both
CNT001589,2025-12-03,P003,Corona,67.2,Muriel,both
CNT001590,2025-12-03,P004,Guinness,29.6,Muriel,both
CNT001591,2025-12-03,P005,Goldstar,71.6,Muriel,both
CNT001592,2025-12-03,P006,Maccabee,26.95,Muriel,both
CNT001593,2025-12-03,P007,Stella Artois,28.4,Muriel,both
CNT001594,2025-12-03,P008,Erdinger,13.2,Muriel,both
CNT001595,2025-12-03,P009,Bombay Sapphire,12.39,Muriel,both
CNT001596,2025-12-03,P010,Tanqueray,6.49,Muriel,both
CNT001597,2025-12-03,P011,Hendrick's,13.84,Muriel,both
CNT001598,2025-12-03,P012,Beefeater,13.0,Muriel,both
CNT001599,2025-12-03,P013,Gordon's,19.32,Muriel,both
CNT001600,2025-12-03,P014,Absolut,9.54,Muriel,both
CNT001601,2025-12-03,P015,Finlandia,13.17,Muriel,both
CNT001602,2025-12-03,P016,Grey Goose,12.82,Muriel,both
CNT001603,2025-12-03,P017,Belvedere,14.24,Muriel,both
CNT001604,2025-12-03,P018,Stolichnaya,12.74,Muriel,both
CNT001605,2025-12-03,P019,Jameson,14.75,Muriel,both
CNT001606,2025-12-03,P020,Jack Daniel's,5.19,Muriel,both
CNT001607,2025-12-03,P021,Johnnie Walker Black,11.19,Muriel,both
CNT001608,2025-12-03,P022,Chivas Regal,6.66,Muriel,both
CNT001609,2025-12-03,P023,Maker's Mark,13.43,Muriel,both
CNT001610,2025-12-03,P024,Glenfiddich 12,13.95,Muriel,inside
CNT001611,2025-12-03,P025,Bacardi Carta Blanca,17.13,Muriel,both
CNT001612,2025-12-03,P026,Havana Club 3,6.06,Muriel,both
CNT001613,2025-12-03,P027,Captain Morgan,5.97,Muriel,both
CNT001614,2025-12-03,P028,Diplomatico Reserva,8.03,Muriel,both
CNT001615,2025-12-03,P029,Jose Cuervo,15.46,Muriel,both
CNT001616,2025-12-03,P030,Olmeca Blanco,13.52,Muriel,both
CNT001617,2025-12-03,P031,Patron Silver,9.49,Muriel,inside
CNT001618,2025-12-03,P032,Don Julio Blanco,12.74,Muriel,both
CNT001619,2025-12-03,P033,Aperol,23.83,Muriel,outside
CNT001620,2025-12-03,P034,Campari,15.04,Muriel,both
CNT001621,2025-12-03,P035,Cointreau,5.95,Muriel,both
CNT001622,2025-12-03,P036,Kahlua,10.81,Muriel,both
CNT001623,2025-12-03,P037,Martini Rosso,3.57,Muriel,inside
CNT001624,2025-12-03,P038,House Red Wine,23.04,Muriel,both
CNT001625,2025-12-03,P039,House White Wine,20.47,Muriel,both
CNT001626,2025-12-03,P040,Rose Wine,15.4,Muriel,both
CNT001627,2025-12-03,P041,Prosecco,32.1,Muriel,both
CNT001628,2025-12-03,P042,Chardonnay,9.04,Muriel,both
CNT001629,2025-12-03,P043,Coca-Cola,73.8,Muriel,both
CNT001630,2025-12-03,P044,Coca-Cola Zero,10.6,Muriel,both
CNT001631,2025-12-03,P045,Sprite,68.2,Muriel,both
CNT001632,2025-12-03,P046,Tonic Water,65.82,Muriel,both
CNT001633,2025-12-03,P047,Soda Water,52.38,Muriel,both
CNT001634,2025-12-03,P048,Red Bull,42.8,Muriel,both
CNT001635,2025-12-03,P049,Ginger Beer,28.2,Muriel,both
CNT001636,2025-12-03,P050,Orange Juice,4.0,Muriel,both
CNT001637,2025-12-03,P051,Cranberry Juice,4.0,Muriel,both
CNT001638,2025-12-03,P052,Lime Juice,11.26,Muriel,both
CNT001639,2025-12-03,P053,Lemon Juice,3.45,Muriel,both
CNT001640,2025-12-03,P054,Sugar Syrup,9.09,Muriel,both
CNT001641,2025-12-03,P055,Fresh Mint,8.16,Muriel,both
CNT001642,2025-12-03,P056,Coffee Beans,6.48,Muriel,inside
CNT001643,2025-12-03,K001,Carlsberg 50L,4.22,Muriel,inside
CNT001644,2025-12-03,K002,Tuborg 50L,4.35,Muriel,inside
CNT001645,2025-12-03,K003,Carlsberg 30L,6.13,Muriel,outside
CNT001646,2025-12-03,K004,Malka 30L,5.38,Muriel,outside
CNT001647,2025-12-03,K005,Weihenstephan 30L,4.27,Muriel,outside
CNT001648,2025-12-07,P001,Carlsberg,63.29,Tomer,both
CNT001649,2025-12-07,P002,Heineken,51.6,Tomer,both
CNT001650,2025-12-07,P003,Corona,55.2,Tomer,both
CNT001651,2025-12-07,P004,Guinness,38.6,Tomer,both
CNT001652,2025-12-07,P005,Goldstar,56.6,Tomer,both
CNT001653,2025-12-07,P006,Maccabee,34.0,Tomer,both
CNT001654,2025-12-07,P007,Stella Artois,49.4,Tomer,both
CNT001655,2025-12-07,P008,Erdinger,47.2,Tomer,both
CNT001656,2025-12-07,P009,Bombay Sapphire,10.85,Tomer,both
CNT001657,2025-12-07,P010,Tanqueray,5.37,Tomer,both
CNT001658,2025-12-07,P011,Hendrick's,11.31,Tomer,both
CNT001659,2025-12-07,P012,Beefeater,12.32,Tomer,both
CNT001660,2025-12-07,P013,Gordon's,12.28,Tomer,both
CNT001661,2025-12-07,P014,Absolut,16.3,Tomer,both
CNT001662,2025-12-07,P015,Finlandia,12.57,Tomer,both
CNT001663,2025-12-07,P016,Grey Goose,11.45,Tomer,both
CNT001664,2025-12-07,P017,Belvedere,13.17,Tomer,both
CNT001665,2025-12-07,P018,Stolichnaya,12.06,Tomer,both
CNT001666,2025-12-07,P019,Jameson,12.1,Tomer,both
CNT001667,2025-12-07,P020,Jack Daniel's,14.7,Tomer,both
CNT001668,2025-12-07,P021,Johnnie Walker Black,9.99,Tomer,both
CNT001669,2025-12-07,P022,Chivas Regal,5.63,Tomer,both
CNT001670,2025-12-07,P023,Maker's Mark,12.75,Tomer,both
CNT001671,2025-12-07,P024,Glenfiddich 12,13.35,Tomer,inside
CNT001672,2025-12-07,P025,Bacardi Carta Blanca,10.63,Tomer,both
CNT001673,2025-12-07,P026,Havana Club 3,4.94,Tomer,both
CNT001674,2025-12-07,P027,Captain Morgan,4.86,Tomer,both
CNT001675,2025-12-07,P028,Diplomatico Reserva,7.6,Tomer,both
CNT001676,2025-12-07,P029,Jose Cuervo,13.6,Tomer,both
CNT001677,2025-12-07,P030,Olmeca Blanco,12.65,Tomer,both
CNT001678,2025-12-07,P031,Patron Silver,16.62,Tomer,inside
CNT001679,2025-12-07,P032,Don Julio Blanco,12.06,Tomer,both
CNT001680,2025-12-07,P033,Aperol,16.03,Tomer,outside
CNT001681,2025-12-07,P034,Campari,12.9,Tomer,both
CNT001682,2025-12-07,P035,Cointreau,3.27,Tomer,both
CNT001683,2025-12-07,P036,Kahlua,9.18,Tomer,both
CNT001684,2025-12-07,P037,Martini Rosso,13.73,Tomer,inside
CNT001685,2025-12-07,P038,House Red Wine,13.69,Tomer,both
CNT001686,2025-12-07,P039,House White Wine,11.2,Tomer,both
CNT001687,2025-12-07,P040,Rose Wine,11.8,Tomer,both
CNT001688,2025-12-07,P041,Prosecco,19.18,Tomer,both
CNT001689,2025-12-07,P042,Chardonnay,6.44,Tomer,both
CNT001690,2025-12-07,P043,Coca-Cola,34.5,Tomer,both
CNT001691,2025-12-07,P044,Coca-Cola Zero,72.6,Tomer,both
CNT001692,2025-12-07,P045,Sprite,37.2,Tomer,both
CNT001693,2025-12-07,P046,Tonic Water,26.26,Tomer,both
CNT001694,2025-12-07,P047,Soda Water,44.32,Tomer,both
CNT001695,2025-12-07,P048,Red Bull,37.62,Tomer,both
CNT001696,2025-12-07,P049,Ginger Beer,15.2,Tomer,both
CNT001697,2025-12-07,P050,Orange Juice,4.0,Tomer,both
CNT001698,2025-12-07,P051,Cranberry Juice,4.0,Tomer,both
CNT001699,2025-12-07,P052,Lime Juice,7.98,Tomer,both
CNT001700,2025-12-07,P053,Lemon Juice,2.88,Tomer,both
CNT001701,2025-12-07,P054,Sugar Syrup,6.78,Tomer,both
CNT001702,2025-12-07,P055,Fresh Mint,7.51,Tomer,both
CNT001703,2025-12-07,P056,Coffee Beans,6.11,Tomer,inside
CNT001704,2025-12-07,K001,Carlsberg 50L,3.05,Tomer,inside
CNT001705,2025-12-07,K002,Tuborg 50L,4.4,Tomer,inside
CNT001706,2025-12-07,K003,Carlsberg 30L,5.76,Tomer,outside
CNT001707,2025-12-07,K004,Malka 30L,5.17,Tomer,outside
CNT001708,2025-12-07,K005,Weihenstephan 30L,2.93,Tomer,outside
CNT001709,2025-12-10,P001,Carlsberg,65.4,Roei,both
CNT001710,2025-12-10,P002,Heineken,59.6,Roei,both
CNT001711,2025-12-10,P003,Corona,66.2,Roei,both
CNT001712,2025-12-10,P004,Guinness,31.6,Roei,both
CNT001713,2025-12-10,P005,Goldstar,64.6,Roei,both
CNT001714,2025-12-10,P006,Maccabee,50.0,Roei,both
CNT001715,2025-12-10,P007,Stella Artois,41.4,Roei,both
CNT001716,2025-12-10,P008,Erdinger,43.2,Roei,both
CNT001717,2025-12-10,P009,Bombay Sapphire,10.25,Roei,both
CNT001718,2025-12-10,P010,Tanqueray,4.94,Roei,both
CNT001719,2025-12-10,P011,Hendrick's,10.24,Roei,both
CNT001720,2025-12-10,P012,Beefeater,11.97,Roei,both
CNT001721,2025-12-10,P013,Gordon's,9.91,Roei,both
CNT001722,2025-12-10,P014,Absolut,13.25,Roei,both
CNT001723,2025-12-10,P015,Finlandia,12.32,Roei,both
CNT001724,2025-12-10,P016,Grey Goose,10.94,Roei,both
CNT001725,2025-12-10,P017,Belvedere,13.0,Roei,both
CNT001726,2025-12-10,P018,Stolichnaya,11.72,Roei,both
CNT001727,2025-12-10,P019,Jameson,11.16,Roei,both
CNT001728,2025-12-10,P020,Jack Daniel's,13.68,Roei,both
CNT001729,2025-12-10,P021,Johnnie Walker Black,9.39,Roei,both
CNT001730,2025-12-10,P022,Chivas Regal,5.03,Roei,both
CNT001731,2025-12-10,P023,Maker's Mark,12.49,Roei,both
CNT001732,2025-12-10,P024,Glenfiddich 12,13.92,Roei,inside
CNT001733,2025-12-10,P025,Bacardi Carta Blanca,19.43,Roei,both
CNT001734,2025-12-10,P026,Havana Club 3,4.52,Roei,both
CNT001735,2025-12-10,P027,Captain Morgan,4.43,Roei,both
CNT001736,2025-12-10,P028,Diplomatico Reserva,7.52,Roei,both
CNT001737,2025-12-10,P029,Jose Cuervo,12.74,Roei,both
CNT001738,2025-12-10,P030,Olmeca Blanco,12.57,Roei,both
CNT001739,2025-12-10,P031,Patron Silver,14.47,Roei,inside
CNT001740,2025-12-10,P032,Don Julio Blanco,11.72,Roei,both
CNT001741,2025-12-10,P033,Aperol,12.51,Roei,outside
CNT001742,2025-12-10,P034,Campari,11.61,Roei,both
CNT001743,2025-12-10,P035,Cointreau,14.13,Roei,both
CNT001744,2025-12-10,P036,Kahlua,8.01,Roei,both
CNT001745,2025-12-10,P037,Martini Rosso,12.75,Roei,inside
CNT001746,2025-12-10,P038,House Red Wine,22.77,Roei,both
CNT001747,2025-12-10,P039,House White Wine,20.02,Roei,both
CNT001748,2025-12-10,P040,Rose Wine,9.8,Roei,both
CNT001749,2025-12-10,P041,Prosecco,25.46,Roei,both
CNT001750,2025-12-10,P042,Chardonnay,17.44,Roei,both
CNT001751,2025-12-10,P043,Coca-Cola,83.2,Roei,both
CNT001752,2025-12-10,P044,Coca-Cola Zero,57.6,Roei,both
CNT001753,2025-12-10,P045,Sprite,29.2,Roei,both
CNT001754,2025-12-10,P046,Tonic Water,61.02,Roei,both
CNT001755,2025-12-10,P047,Soda Water,54.52,Roei,both
CNT001756,2025-12-10,P048,Red Bull,46.8,Roei,both
CNT001757,2025-12-10,P049,Ginger Beer,32.2,Roei,both
CNT001758,2025-12-10,P050,Orange Juice,4.0,Roei,both
CNT001759,2025-12-10,P051,Cranberry Juice,4.0,Roei,both
CNT001760,2025-12-10,P052,Lime Juice,6.84,Roei,both
CNT001761,2025-12-10,P053,Lemon Juice,8.55,Roei,both
CNT001762,2025-12-10,P054,Sugar Syrup,6.19,Roei,both
CNT001763,2025-12-10,P055,Fresh Mint,7.12,Roei,both
CNT001764,2025-12-10,P056,Coffee Beans,6.08,Roei,inside
CNT001765,2025-12-10,K001,Carlsberg 50L,5.19,Roei,inside
CNT001766,2025-12-10,K002,Tuborg 50L,4.57,Roei,inside
CNT001767,2025-12-10,K003,Carlsberg 30L,5.69,Roei,outside
CNT001768,2025-12-10,K004,Malka 30L,5.16,Roei,outside
CNT001769,2025-12-10,K005,Weihenstephan 30L,4.35,Roei,outside
CNT001770,2025-12-14,P001,Carlsberg,54.4,Maya,both
CNT001771,2025-12-14,P002,Heineken,56.6,Maya,both
CNT001772,2025-12-14,P003,Corona,66.2,Maya,both
CNT001773,2025-12-14,P004,Guinness,44.6,Maya,both
CNT001774,2025-12-14,P005,Goldstar,62.6,Maya,both
CNT001775,2025-12-14,P006,Maccabee,33.1,Maya,both
CNT001776,2025-12-14,P007,Stella Artois,22.4,Maya,both
CNT001777,2025-12-14,P008,Erdinger,34.2,Maya,both
CNT001778,2025-12-14,P009,Bombay Sapphire,8.97,Maya,both
CNT001779,2025-12-14,P010,Tanqueray,4.09,Maya,both
CNT001780,2025-12-14,P011,Hendrick's,8.01,Maya,both
CNT001781,2025-12-14,P012,Beefeater,11.46,Maya,both
CNT001782,2025-12-14,P013,Gordon's,16.2,Maya,both
CNT001783,2025-12-14,P014,Absolut,8.43,Maya,both
CNT001784,2025-12-14,P015,Finlandia,11.8,Maya,both
CNT001785,2025-12-14,P016,Grey Goose,10.0,Maya,both
CNT001786,2025-12-14,P017,Belvedere,12.4,Maya,both
CNT001787,2025-12-14,P018,Stolichnaya,11.12,Maya,both
CNT001788,2025-12-14,P019,Jameson,9.1,Maya,both
CNT001789,2025-12-14,P020,Jack Daniel's,11.53,Maya,both
CNT001790,2025-12-14,P021,Johnnie Walker Black,8.19,Maya,both
CNT001791,2025-12-14,P022,Chivas Regal,4.17,Maya,both
CNT001792,2025-12-14,P023,Maker's Mark,11.97,Maya,both
CNT001793,2025-12-14,P024,Glenfiddich 12,12.15,Maya,inside
CNT001794,2025-12-14,P025,Bacardi Carta Blanca,11.84,Maya,both
CNT001795,2025-12-14,P026,Havana Club 3,3.66,Maya,both
CNT001796,2025-12-14,P027,Captain Morgan,3.49,Maya,both
CNT001797,2025-12-14,P028,Diplomatico Reserva,8.17,Maya,both
CNT001798,2025-12-14,P029,Jose Cuervo,11.25,Maya,both
CNT001799,2025-12-14,P030,Olmeca Blanco,12.06,Maya,both
CNT001800,2025-12-14,P031,Patron Silver,10.49,Maya,inside
CNT001801,2025-12-14,P032,Don Julio Blanco,11.12,Maya,both
CNT001802,2025-12-14,P033,Aperol,18.34,Maya,outside
CNT001803,2025-12-14,P034,Campari,9.56,Maya,both
CNT001804,2025-12-14,P035,Cointreau,11.97,Maya,both
CNT001805,2025-12-14,P036,Kahlua,6.29,Maya,both
CNT001806,2025-12-14,P037,Martini Rosso,11.12,Maya,inside
CNT001807,2025-12-14,P038,House Red Wine,15.45,Maya,both
CNT001808,2025-12-14,P039,House White Wine,23.73,Maya,both
CNT001809,2025-12-14,P040,Rose Wine,19.0,Maya,both
CNT001810,2025-12-14,P041,Prosecco,27.5,Maya,both
CNT001811,2025-12-14,P042,Chardonnay,15.84,Maya,both
CNT001812,2025-12-14,P043,Coca-Cola,46.7,Maya,both
CNT001813,2025-12-14,P044,Coca-Cola Zero,26.6,Maya,both
CNT001814,2025-12-14,P045,Sprite,50.2,Maya,both
CNT001815,2025-12-14,P046,Tonic Water,28.82,Maya,both
CNT001816,2025-12-14,P047,Soda Water,24.34,Maya,both
CNT001817,2025-12-14,P048,Red Bull,27.95,Maya,both
CNT001818,2025-12-14,P049,Ginger Beer,20.2,Maya,both
CNT001819,2025-12-14,P050,Orange Juice,4.0,Maya,both
CNT001820,2025-12-14,P051,Cranberry Juice,4.0,Maya,both
CNT001821,2025-12-14,P052,Lime Juice,9.74,Maya,both
CNT001822,2025-12-14,P053,Lemon Juice,7.92,Maya,both
CNT001823,2025-12-14,P054,Sugar Syrup,4.75,Maya,both
CNT001824,2025-12-14,P055,Fresh Mint,6.49,Maya,both
CNT001825,2025-12-14,P056,Coffee Beans,5.52,Maya,inside
CNT001826,2025-12-14,K001,Carlsberg 50L,4.58,Maya,inside
CNT001827,2025-12-14,K002,Tuborg 50L,4.37,Maya,inside
CNT001828,2025-12-14,K003,Carlsberg 30L,5.37,Maya,outside
CNT001829,2025-12-14,K004,Malka 30L,4.8,Maya,outside
CNT001830,2025-12-14,K005,Weihenstephan 30L,2.77,Maya,outside
CNT001831,2025-12-17,P001,Carlsberg,61.4,Roei,both
CNT001832,2025-12-17,P002,Heineken,61.6,Roei,both
CNT001833,2025-12-17,P003,Corona,53.2,Roei,both
CNT001834,2025-12-17,P004,Guinness,42.6,Roei,both
CNT001835,2025-12-17,P005,Goldstar,71.6,Roei,both
CNT001836,2025-12-17,P006,Maccabee,51.0,Roei,both
CNT001837,2025-12-17,P007,Stella Artois,39.4,Roei,both
CNT001838,2025-12-17,P008,Erdinger,29.2,Roei,both
CNT001839,2025-12-17,P009,Bombay Sapphire,8.54,Roei,both
CNT001840,2025-12-17,P010,Tanqueray,4.0,Roei,both
CNT001841,2025-12-17,P011,Hendrick's,7.07,Roei,both
CNT001842,2025-12-17,P012,Beefeater,11.2,Roei,both
CNT001843,2025-12-17,P013,Gordon's,14.66,Roei,both
CNT001844,2025-12-17,P014,Absolut,17.69,Roei,both
CNT001845,2025-12-17,P015,Finlandia,11.55,Roei,both
CNT001846,2025-12-17,P016,Grey Goose,9.31,Roei,both
CNT001847,2025-12-17,P017,Belvedere,12.06,Roei,both
CNT001848,2025-12-17,P018,Stolichnaya,10.77,Roei,both
CNT001849,2025-12-17,P019,Jameson,8.16,Roei,both
CNT001850,2025-12-17,P020,Jack Daniel's,10.59,Roei,both
CNT001851,2025-12-17,P021,Johnnie Walker Black,7.59,Roei,both
CNT001852,2025-12-17,P022,Chivas Regal,4.74,Roei,both
CNT001853,2025-12-17,P023,Maker's Mark,11.8,Roei,both
CNT001854,2025-12-17,P024,Glenfiddich 12,11.97,Roei,inside
CNT001855,2025-12-17,P025,Bacardi Carta Blanca,20.57,Roei,both
CNT001856,2025-12-17,P026,Havana Club 3,3.32,Roei,both
CNT001857,2025-12-17,P027,Captain Morgan,15.06,Roei,both
CNT001858,2025-12-17,P028,Diplomatico Reserva,7.09,Roei,both
CNT001859,2025-12-17,P029,Jose Cuervo,10.73,Roei,both
CNT001860,2025-12-17,P030,Olmeca Blanco,11.8,Roei,both
CNT001861,2025-12-17,P031,Patron Silver,8.8,Roei,inside
CNT001862,2025-12-17,P032,Don Julio Blanco,11.03,Roei,both
CNT001863,2025-12-17,P033,Aperol,15.69,Roei,outside
CNT001864,2025-12-17,P034,Campari,8.61,Roei,both
CNT001865,2025-12-17,P035,Cointreau,11.14,Roei,both
CNT001866,2025-12-17,P036,Kahlua,5.35,Roei,both
CNT001867,2025-12-17,P037,Martini Rosso,10.43,Roei,inside
CNT001868,2025-12-17,P038,House Red Wine,24.52,Roei,both
CNT001869,2025-12-17,P039,House White Wine,20.56,Roei,both
CNT001870,2025-12-17,P040,Rose Wine,17.4,Roei,both
CNT001871,2025-12-17,P041,Prosecco,23.74,Roei,both
CNT001872,2025-12-17,P042,Chardonnay,14.84,Roei,both
CNT001873,2025-12-17,P043,Coca-Cola,62.9,Roei,both
CNT001874,2025-12-17,P044,Coca-Cola Zero,57.6,Roei,both
CNT001875,2025-12-17,P045,Sprite,66.2,Roei,both
CNT001876,2025-12-17,P046,Tonic Water,66.42,Roei,both
CNT001877,2025-12-17,P047,Soda Water,59.6,Roei,both
CNT001878,2025-12-17,P048,Red Bull,45.8,Roei,both
CNT001879,2025-12-17,P049,Ginger Beer,40.2,Roei,both
CNT001880,2025-12-17,P050,Orange Juice,4.0,Roei,both
CNT001881,2025-12-17,P051,Cranberry Juice,4.0,Roei,both
CNT001882,2025-12-17,P052,Lime Juice,8.44,Roei,both
CNT001883,2025-12-17,P053,Lemon Juice,7.72,Roei,both
CNT001884,2025-12-17,P054,Sugar Syrup,4.09,Roei,both
CNT001885,2025-12-17,P055,Fresh Mint,6.24,Roei,both
CNT001886,2025-12-17,P056,Coffee Beans,5.31,Roei,inside
CNT001887,2025-12-17,K001,Carlsberg 50L,5.22,Roei,inside
CNT001888,2025-12-17,K002,Tuborg 50L,5.74,Roei,inside
CNT001889,2025-12-17,K003,Carlsberg 30L,6.38,Roei,outside
CNT001890,2025-12-17,K004,Malka 30L,5.95,Roei,outside
CNT001891,2025-12-17,K005,Weihenstephan 30L,4.2,Roei,outside
CNT001892,2025-12-21,P001,Carlsberg,62.4,Tomer,both
CNT001893,2025-12-21,P002,Heineken,50.6,Tomer,both
CNT001894,2025-12-21,P003,Corona,54.2,Tomer,both
CNT001895,2025-12-21,P004,Guinness,26.6,Tomer,both
CNT001896,2025-12-21,P005,Goldstar,55.6,Tomer,both
CNT001897,2025-12-21,P006,Maccabee,30.0,Tomer,both
CNT001898,2025-12-21,P007,Stella Artois,40.4,Tomer,both
CNT001899,2025-12-21,P008,Erdinger,19.2,Tomer,both
CNT001900,2025-12-21,P009,Bombay Sapphire,7.42,Tomer,both
CNT001901,2025-12-21,P010,Tanqueray,3.06,Tomer,both
CNT001902,2025-12-21,P011,Hendrick's,4.8,Tomer,both
CNT001903,2025-12-21,P012,Beefeater,10.52,Tomer,both
CNT001904,2025-12-21,P013,Gordon's,8.96,Tomer,both
CNT001905,2025-12-21,P014,Absolut,12.93,Tomer,both
CNT001906,2025-12-21,P015,Finlandia,10.95,Tomer,both
CNT001907,2025-12-21,P016,Grey Goose,8.02,Tomer,both
CNT001908,2025-12-21,P017,Belvedere,11.55,Tomer,both
CNT001909,2025-12-21,P018,Stolichnaya,10.26,Tomer,both
CNT001910,2025-12-21,P019,Jameson,5.76,Tomer,both
CNT001911,2025-12-21,P020,Jack Daniel's,8.28,Tomer,both
CNT001912,2025-12-21,P021,Johnnie Walker Black,6.31,Tomer,both
CNT001913,2025-12-21,P022,Chivas Regal,2.63,Tomer,both
CNT001914,2025-12-21,P023,Maker's Mark,11.2,Tomer,both
CNT001915,2025-12-21,P024,Glenfiddich 12,11.29,Tomer,inside
CNT001916,2025-12-21,P025,Bacardi Carta Blanca,12.89,Tomer,both
CNT001917,2025-12-21,P026,Havana Club 3,14.29,Tomer,both
CNT001918,2025-12-21,P027,Captain Morgan,13.86,Tomer,both
CNT001919,2025-12-21,P028,Diplomatico Reserva,6.55,Tomer,both
CNT001920,2025-12-21,P029,Jose Cuervo,9.03,Tomer,both
CNT001921,2025-12-21,P030,Olmeca Blanco,11.12,Tomer,both
CNT001922,2025-12-21,P031,Patron Silver,15.4,Tomer,inside
CNT001923,2025-12-21,P032,Don Julio Blanco,10.43,Tomer,both
CNT001924,2025-12-21,P033,Aperol,20.49,Tomer,outside
CNT001925,2025-12-21,P034,Campari,6.26,Tomer,both
CNT001926,2025-12-21,P035,Cointreau,8.63,Tomer,both
CNT001927,2025-12-21,P036,Kahlua,3.66,Tomer,both
CNT001928,2025-12-21,P037,Martini Rosso,8.46,Tomer,inside
CNT001929,2025-12-21,P038,House Red Wine,15.49,Tomer,both
CNT001930,2025-12-21,P039,House White Wine,11.04,Tomer,both
CNT001931,2025-12-21,P040,Rose Wine,13.4,Tomer,both
CNT001932,2025-12-21,P041,Prosecco,24.06,Tomer,both
CNT001933,2025-12-21,P042,Chardonnay,12.64,Tomer,both
CNT001934,2025-12-21,P043,Coca-Cola,51.8,Tomer,both
CNT001935,2025-12-21,P044,Coca-Cola Zero,20.6,Tomer,both
CNT001936,2025-12-21,P045,Sprite,37.2,Tomer,both
CNT001937,2025-12-21,P046,Tonic Water,31.12,Tomer,both
CNT001938,2025-12-21,P047,Soda Water,29.36,Tomer,both
CNT001939,2025-12-21,P048,Red Bull,20.8,Tomer,both
CNT001940,2025-12-21,P049,Ginger Beer,26.95,Tomer,both
CNT001941,2025-12-21,P050,Orange Juice,4.0,Tomer,both
CNT001942,2025-12-21,P051,Cranberry Juice,4.0,Tomer,both
CNT001943,2025-12-21,P052,Lime Juice,5.01,Tomer,both
CNT001944,2025-12-21,P053,Lemon Juice,7.2,Tomer,both
CNT001945,2025-12-21,P054,Sugar Syrup,8.77,Tomer,both
CNT001946,2025-12-21,P055,Fresh Mint,5.66,Tomer,both
CNT001947,2025-12-21,P056,Coffee Beans,4.99,Tomer,inside
CNT001948,2025-12-21,K001,Carlsberg 50L,4.41,Tomer,inside
CNT001949,2025-12-21,K002,Tuborg 50L,4.62,Tomer,inside
CNT001950,2025-12-21,K003,Carlsberg 30L,4.76,Tomer,outside
CNT001951,2025-12-21,K004,Malka 30L,5.28,Tomer,outside
CNT001952,2025-12-21,K005,Weihenstephan 30L,4.41,Tomer,outside
CNT001953,2025-12-24,P001,Carlsberg,71.4,Yael,both
CNT001954,2025-12-24,P002,Heineken,57.6,Yael,both
CNT001955,2025-12-24,P003,Corona,68.2,Yael,both
CNT001956,2025-12-24,P004,Guinness,42.6,Yael,both
CNT001957,2025-12-24,P005,Goldstar,69.6,Yael,both
CNT001958,2025-12-24,P006,Maccabee,47.82,Yael,both
CNT001959,2025-12-24,P007,Stella Artois,53.4,Yael,both
CNT001960,2025-12-24,P008,Erdinger,13.2,Yael,both
CNT001961,2025-12-24,P009,Bombay Sapphire,6.82,Yael,both
CNT001962,2025-12-24,P010,Tanqueray,14.72,Yael,both
CNT001963,2025-12-24,P011,Hendrick's,15.47,Yael,both
CNT001964,2025-12-24,P012,Beefeater,9.98,Yael,both
CNT001965,2025-12-24,P013,Gordon's,18.28,Yael,both
CNT001966,2025-12-24,P014,Absolut,10.49,Yael,both
CNT001967,2025-12-24,P015,Finlandia,10.69,Yael,both
CNT001968,2025-12-24,P016,Grey Goose,7.42,Yael,both
CNT001969,2025-12-24,P017,Belvedere,11.2,Yael,both
CNT001970,2025-12-24,P018,Stolichnaya,9.65,Yael,both
CNT001971,2025-12-24,P019,Jameson,16.28,Yael,both
CNT001972,2025-12-24,P020,Jack Daniel's,7.33,Yael,both
CNT001973,2025-12-24,P021,Johnnie Walker Black,5.71,Yael,both
CNT001974,2025-12-24,P022,Chivas Regal,13.95,Yael,both
CNT001975,2025-12-24,P023,Maker's Mark,10.95,Yael,both
CNT001976,2025-12-24,P024,Glenfiddich 12,11.03,Yael,inside
CNT001977,2025-12-24,P025,Bacardi Carta Blanca,20.77,Yael,both
CNT001978,2025-12-24,P026,Havana Club 3,13.94,Yael,both
CNT001979,2025-12-24,P027,Captain Morgan,13.34,Yael,both
CNT001980,2025-12-24,P028,Diplomatico Reserva,6.66,Yael,both
CNT001981,2025-12-24,P029,Jose Cuervo,8.11,Yael,both
CNT001982,2025-12-24,P030,Olmeca Blanco,10.95,Yael,both
CNT001983,2025-12-24,P031,Patron Silver,13.45,Yael,inside
CNT001984,2025-12-24,P032,Don Julio Blanco,10.09,Yael,both
CNT001985,2025-12-24,P033,Aperol,16.37,Yael,outside
CNT001986,2025-12-24,P034,Campari,5.01,Yael,both
CNT001987,2025-12-24,P035,Cointreau,7.51,Yael,both
CNT001988,2025-12-24,P036,Kahlua,14.78,Yael,both
CNT001989,2025-12-24,P037,Martini Rosso,7.77,Yael,inside
CNT001990,2025-12-24,P038,House Red Wine,23.1,Yael,both
CNT001991,2025-12-24,P039,House White Wine,19.14,Yael,both
CNT001992,2025-12-24,P040,Rose Wine,11.4,Yael,both
CNT001993,2025-12-24,P041,Prosecco,29.57,Yael,both
CNT001994,2025-12-24,P042,Chardonnay,11.44,Yael,both
CNT001995,2025-12-24,P043,Coca-Cola,76.7,Yael,both
CNT001996,2025-12-24,P044,Coca-Cola Zero,50.6,Yael,both
CNT001997,2025-12-24,P045,Sprite,50.2,Yael,both
CNT001998,2025-12-24,P046,Tonic Water,65.72,Yael,both
CNT001999,2025-12-24,P047,Soda Water,60.0,Yael,both
CNT002000,2025-12-24,P048,Red Bull,26.8,Yael,both
CNT002001,2025-12-24,P049,Ginger Beer,21.2,Yael,both
CNT002002,2025-12-24,P050,Orange Juice,4.0,Yael,both
CNT002003,2025-12-24,P051,Cranberry Juice,4.0,Yael,both
CNT002004,2025-12-24,P052,Lime Juice,9.46,Yael,both
CNT002005,2025-12-24,P053,Lemon Juice,7.0,Yael,both
CNT002006,2025-12-24,P054,Sugar Syrup,8.1,Yael,both
CNT002007,2025-12-24,P055,Fresh Mint,5.37,Yael,both
CNT002008,2025-12-24,P056,Coffee Beans,4.82,Yael,inside
CNT002009,2025-12-24,K001,Carlsberg 50L,4.78,Yael,inside
CNT002010,2025-12-24,K002,Tuborg 50L,4.66,Yael,inside
CNT002011,2025-12-24,K003,Carlsberg 30L,4.87,Yael,outside
CNT002012,2025-12-24,K004,Malka 30L,6.29,Yael,outside
CNT002013,2025-12-24,K005,Weihenstephan 30L,4.75,Yael,outside
CNT002014,2025-12-28,P001,Carlsberg,71.4,Tomer,both
CNT002015,2025-12-28,P002,Heineken,49.6,Tomer,both
CNT002016,2025-12-28,P003,Corona,59.2,Tomer,both
CNT002017,2025-12-28,P004,Guinness,26.78,Tomer,both
CNT002018,2025-12-28,P005,Goldstar,57.6,Tomer,both
CNT002019,2025-12-28,P006,Maccabee,48.0,Tomer,both
CNT002020,2025-12-28,P007,Stella Artois,48.4,Tomer,both
CNT002021,2025-12-28,P008,Erdinger,48.2,Tomer,both
CNT002022,2025-12-28,P009,Bombay Sapphire,5.11,Tomer,both
CNT002023,2025-12-28,P010,Tanqueray,13.6,Tomer,both
CNT002024,2025-12-28,P011,Hendrick's,12.69,Tomer,both
CNT002025,2025-12-28,P012,Beefeater,9.49,Tomer,both
CNT002026,2025-12-28,P013,Gordon's,11.87,Tomer,both
CNT002027,2025-12-28,P014,Absolut,16.6,Tomer,both
CNT002028,2025-12-28,P015,Finlandia,9.92,Tomer,both
CNT002029,2025-12-28,P016,Grey Goose,5.8,Tomer,both
CNT002030,2025-12-28,P017,Belvedere,10.43,Tomer,both
CNT002031,2025-12-28,P018,Stolichnaya,9.23,Tomer,both
CNT002032,2025-12-28,P019,Jameson,13.05,Tomer,both
CNT002033,2025-12-28,P020,Jack Daniel's,5.02,Tomer,both
CNT002034,2025-12-28,P021,Johnnie Walker Black,2.99,Tomer,both
CNT002035,2025-12-28,P022,Chivas Regal,13.09,Tomer,both
CNT002036,2025-12-28,P023,Maker's Mark,10.17,Tomer,both
CNT002037,2025-12-28,P024,Glenfiddich 12,10.43,Tomer,inside
CNT002038,2025-12-28,P025,Bacardi Carta Blanca,9.81,Tomer,both
CNT002039,2025-12-28,P026,Havana Club 3,13.09,Tomer,both
CNT002040,2025-12-28,P027,Captain Morgan,12.14,Tomer,both
CNT002041,2025-12-28,P028,Diplomatico Reserva,6.23,Tomer,both
CNT002042,2025-12-28,P029,Jose Cuervo,6.18,Tomer,both
CNT002043,2025-12-28,P030,Olmeca Blanco,10.17,Tomer,both
CNT002044,2025-12-28,P031,Patron Silver,7.86,Tomer,inside
CNT002045,2025-12-28,P032,Don Julio Blanco,9.32,Tomer,both
CNT002046,2025-12-28,P033,Aperol,18.0,Tomer,outside
CNT002047,2025-12-28,P034,Campari,14.4,Tomer,both
CNT002048,2025-12-28,P035,Cointreau,4.84,Tomer,both
CNT002049,2025-12-28,P036,Kahlua,12.66,Tomer,both
CNT002050,2025-12-28,P037,Martini Rosso,5.85,Tomer,inside
CNT002051,2025-12-28,P038,House Red Wine,11.39,Tomer,both
CNT002052,2025-12-28,P039,House White Wine,19.57,Tomer,both
CNT002053,2025-12-28,P040,Rose Wine,7.2,Tomer,both
CNT002054,2025-12-28,P041,Prosecco,11.98,Tomer,both
CNT002055,2025-12-28,P042,Chardonnay,8.84,Tomer,both
CNT002056,2025-12-28,P043,Coca-Cola,41.1,Tomer,both
CNT002057,2025-12-28,P044,Coca-Cola Zero,36.66,Tomer,both
CNT002058,2025-12-28,P045,Sprite,42.2,Tomer,both
CNT002059,2025-12-28,P046,Tonic Water,26.82,Tomer,both
CNT002060,2025-12-28,P047,Soda Water,23.18,Tomer,both
CNT002061,2025-12-28,P048,Red Bull,18.8,Tomer,both
CNT002062,2025-12-28,P049,Ginger Beer,8.2,Tomer,both
CNT002063,2025-12-28,P050,Orange Juice,4.0,Tomer,both
CNT002064,2025-12-28,P051,Cranberry Juice,4.0,Tomer,both
CNT002065,2025-12-28,P052,Lime Juice,5.34,Tomer,both
CNT002066,2025-12-28,P053,Lemon Juice,6.28,Tomer,both
CNT002067,2025-12-28,P054,Sugar Syrup,6.19,Tomer,both
CNT002068,2025-12-28,P055,Fresh Mint,4.52,Tomer,both
CNT002069,2025-12-28,P056,Coffee Beans,4.37,Tomer,inside
CNT002070,2025-12-28,K001,Carlsberg 50L,2.57,Tomer,inside
CNT002071,2025-12-28,K002,Tuborg 50L,3.89,Tomer,inside
CNT002072,2025-12-28,K003,Carlsberg 30L,5.67,Tomer,outside
CNT002073,2025-12-28,K004,Malka 30L,4.26,Tomer,outside
CNT002074,2025-12-28,K005,Weihenstephan 30L,4.0,Tomer,outside
CNT002075,2025-12-31,P001,Carlsberg,70.4,Tomer,both
CNT002076,2025-12-31,P002,Heineken,55.6,Tomer,both
CNT002077,2025-12-31,P003,Corona,49.2,Tomer,both
CNT002078,2025-12-31,P004,Guinness,41.6,Tomer,both
CNT002079,2025-12-31,P005,Goldstar,65.6,Tomer,both
CNT002080,2025-12-31,P006,Maccabee,39.0,Tomer,both
CNT002081,2025-12-31,P007,Stella Artois,39.4,Tomer,both
CNT002082,2025-12-31,P008,Erdinger,43.2,Tomer,both
CNT002083,2025-12-31,P009,Bombay Sapphire,4.34,Tomer,both
CNT002084,2025-12-31,P010,Tanqueray,13.09,Tomer,both
CNT002085,2025-12-31,P011,Hendrick's,11.57,Tomer,both
CNT002086,2025-12-31,P012,Beefeater,9.23,Tomer,both
CNT002087,2025-12-31,P013,Gordon's,21.44,Tomer,both
CNT002088,2025-12-31,P014,Absolut,14.92,Tomer,both
CNT002089,2025-12-31,P015,Finlandia,9.63,Tomer,both
CNT002090,2025-12-31,P016,Grey Goose,5.2,Tomer,both
CNT002091,2025-12-31,P017,Belvedere,10.09,Tomer,both
CNT002092,2025-12-31,P018,Stolichnaya,9.06,Tomer,both
CNT002093,2025-12-31,P019,Jameson,12.19,Tomer,both
CNT002094,2025-12-31,P020,Jack Daniel's,16.16,Tomer,both
CNT002095,2025-12-31,P021,Johnnie Walker Black,15.39,Tomer,both
CNT002096,2025-12-31,P022,Chivas Regal,12.49,Tomer,both
CNT002097,2025-12-31,P023,Maker's Mark,10.06,Tomer,both
CNT002098,2025-12-31,P024,Glenfiddich 12,10.17,Tomer,inside
CNT002099,2025-12-31,P025,Bacardi Carta Blanca,16.93,Tomer,both
CNT002100,2025-12-31,P026,Havana Club 3,12.59,Tomer,both
CNT002101,2025-12-31,P027,Captain Morgan,11.63,Tomer,both
CNT002102,2025-12-31,P028,Diplomatico Reserva,5.97,Tomer,both
CNT002103,2025-12-31,P029,Jose Cuervo,5.16,Tomer,both
CNT002104,2025-12-31,P030,Olmeca Blanco,9.92,Tomer,both
CNT002105,2025-12-31,P031,Patron Silver,17.56,Tomer,inside
CNT002106,2025-12-31,P032,Don Julio Blanco,8.97,Tomer,both
CNT002107,2025-12-31,P033,Aperol,15.34,Tomer,outside
CNT002108,2025-12-31,P034,Campari,13.2,Tomer,both
CNT002109,2025-12-31,P035,Cointreau,15.72,Tomer,both
CNT002110,2025-12-31,P036,Kahlua,11.86,Tomer,both
CNT002111,2025-12-31,P037,Martini Rosso,4.99,Tomer,inside
CNT002112,2025-12-31,P038,House Red Wine,19.99,Tomer,both
CNT002113,2025-12-31,P039,House White Wine,15.03,Tomer,both
CNT002114,2025-12-31,P040,Rose Wine,17.8,Tomer,both
CNT002115,2025-12-31,P041,Prosecco,31.7,Tomer,both
CNT002116,2025-12-31,P042,Chardonnay,8.04,Tomer,both
CNT002117,2025-12-31,P043,Coca-Cola,89.0,Tomer,both
CNT002118,2025-12-31,P044,Coca-Cola Zero,42.6,Tomer,both
CNT002119,2025-12-31,P045,Sprite,51.2,Tomer,both
CNT002120,2025-12-31,P046,Tonic Water,60.32,Tomer,both
CNT002121,2025-12-31,P047,Soda Water,56.7,Tomer,both
CNT002122,2025-12-31,P048,Red Bull,51.8,Tomer,both
CNT002123,2025-12-31,P049,Ginger Beer,25.2,Tomer,both
CNT002124,2025-12-31,P050,Orange Juice,4.0,Tomer,both
CNT002125,2025-12-31,P051,Cranberry Juice,4.0,Tomer,both
CNT002126,2025-12-31,P052,Lime Juice,9.52,Tomer,both
CNT002127,2025-12-31,P053,Lemon Juice,6.0,Tomer,both
CNT002128,2025-12-31,P054,Sugar Syrup,5.38,Tomer,both
CNT002129,2025-12-31,P055,Fresh Mint,4.13,Tomer,both
CNT002130,2025-12-31,P056,Coffee Beans,4.23,Tomer,inside
CNT002131,2025-12-31,K001,Carlsberg 50L,4.79,Tomer,inside
CNT002132,2025-12-31,K002,Tuborg 50L,4.0,Tomer,inside
CNT002133,2025-12-31,K003,Carlsberg 30L,5.77,Tomer,outside
CNT002134,2025-12-31,K004,Malka 30L,5.37,Tomer,outside
CNT002135,2025-12-31,K005,Weihenstephan 30L,4.42,Tomer,outside
CNT002136,2026-01-04,P001,Carlsberg,54.4,Roei,both
CNT002137,2026-01-04,P002,Heineken,65.6,Roei,both
CNT002138,2026-01-04,P003,Corona,49.2,Roei,both
CNT002139,2026-01-04,P004,Guinness,23.6,Roei,both
CNT002140,2026-01-04,P005,Goldstar,62.6,Roei,both
CNT002141,2026-01-04,P006,Maccabee,44.0,Roei,both
CNT002142,2026-01-04,P007,Stella Artois,45.4,Roei,both
CNT002143,2026-01-04,P008,Erdinger,34.2,Roei,both
CNT002144,2026-01-04,P009,Bombay Sapphire,15.05,Roei,both
CNT002145,2026-01-04,P010,Tanqueray,12.14,Roei,both
CNT002146,2026-01-04,P011,Hendrick's,9.56,Roei,both
CNT002147,2026-01-04,P012,Beefeater,8.63,Roei,both
CNT002148,2026-01-04,P013,Gordon's,15.7,Roei,both
CNT002149,2026-01-04,P014,Absolut,9.41,Roei,both
CNT002150,2026-01-04,P015,Finlandia,8.97,Roei,both
CNT002151,2026-01-04,P016,Grey Goose,3.91,Roei,both
CNT002152,2026-01-04,P017,Belvedere,9.49,Roei,both
CNT002153,2026-01-04,P018,Stolichnaya,8.63,Roei,both
CNT002154,2026-01-04,P019,Jameson,9.45,Roei,both
CNT002155,2026-01-04,P020,Jack Daniel's,13.93,Roei,both
CNT002156,2026-01-04,P021,Johnnie Walker Black,14.27,Roei,both
CNT002157,2026-01-04,P022,Chivas Regal,11.54,Roei,both
CNT002158,2026-01-04,P023,Maker's Mark,9.32,Roei,both
CNT002159,2026-01-04,P024,Glenfiddich 12,9.49,Roei,inside
CNT002160,2026-01-04,P025,Bacardi Carta Blanca,9.06,Roei,both
CNT002161,2026-01-04,P026,Havana Club 3,11.8,Roei,both
CNT002162,2026-01-04,P027,Captain Morgan,10.77,Roei,both
CNT002163,2026-01-04,P028,Diplomatico Reserva,5.72,Roei,both
CNT002164,2026-01-04,P029,Jose Cuervo,15.07,Roei,both
CNT002165,2026-01-04,P030,Olmeca Blanco,9.32,Roei,both
CNT002166,2026-01-04,P031,Patron Silver,13.13,Roei,inside
CNT002167,2026-01-04,P032,Don Julio Blanco,8.37,Roei,both
CNT002168,2026-01-04,P033,Aperol,18.71,Roei,outside
CNT002169,2026-01-04,P034,Campari,11.1,Roei,both
CNT002170,2026-01-04,P035,Cointreau,13.35,Roei,both
CNT002171,2026-01-04,P036,Kahlua,10.2,Roei,both
CNT002172,2026-01-04,P037,Martini Rosso,3.41,Roei,inside
CNT002173,2026-01-04,P038,House Red Wine,11.43,Roei,both
CNT002174,2026-01-04,P039,House White Wine,21.17,Roei,both
CNT002175,2026-01-04,P040,Rose Wine,14.2,Roei,both
CNT002176,2026-01-04,P041,Prosecco,18.1,Roei,both
CNT002177,2026-01-04,P042,Chardonnay,5.64,Roei,both
CNT002178,2026-01-04,P043,Coca-Cola,59.2,Roei,both
CNT002179,2026-01-04,P044,Coca-Cola Zero,36.6,Roei,both
CNT002180,2026-01-04,P045,Sprite,21.2,Roei,both
CNT002181,2026-01-04,P046,Tonic Water,31.22,Roei,both
CNT002182,2026-01-04,P047,Soda Water,26.62,Roei,both
CNT002183,2026-01-04,P048,Red Bull,32.8,Roei,both
CNT002184,2026-01-04,P049,Ginger Beer,15.2,Roei,both
CNT002185,2026-01-04,P050,Orange Juice,4.0,Roei,both
CNT002186,2026-01-04,P051,Cranberry Juice,4.0,Roei,both
CNT002187,2026-01-04,P052,Lime Juice,6.42,Roei,both
CNT002188,2026-01-04,P053,Lemon Juice,5.3,Roei,both
CNT002189,2026-01-04,P054,Sugar Syrup,3.95,Roei,both
CNT002190,2026-01-04,P055,Fresh Mint,3.71,Roei,both
CNT002191,2026-01-04,P056,Coffee Beans,3.81,Roei,inside
CNT002192,2026-01-04,K001,Carlsberg 50L,5.02,Roei,inside
CNT002193,2026-01-04,K002,Tuborg 50L,4.71,Roei,inside
CNT002194,2026-01-04,K003,Carlsberg 30L,5.9,Roei,outside
CNT002195,2026-01-04,K004,Malka 30L,5.38,Roei,outside
CNT002196,2026-01-04,K005,Weihenstephan 30L,3.91,Roei,outside
CNT002197,2026-01-07,P001,Carlsberg,63.4,Maya,both
CNT002198,2026-01-07,P002,Heineken,53.6,Maya,both
CNT002199,2026-01-07,P003,Corona,59.2,Maya,both
CNT002200,2026-01-07,P004,Guinness,40.6,Maya,both
CNT002201,2026-01-07,P005,Goldstar,74.6,Maya,both
CNT002202,2026-01-07,P006,Maccabee,40.0,Maya,both
CNT002203,2026-01-07,P007,Stella Artois,57.4,Maya,both
CNT002204,2026-01-07,P008,Erdinger,31.2,Maya,both
CNT002205,2026-01-07,P009,Bombay Sapphire,14.88,Maya,both
CNT002206,2026-01-07,P010,Tanqueray,11.89,Maya,both
CNT002207,2026-01-07,P011,Hendrick's,8.7,Maya,both
CNT002208,2026-01-07,P012,Beefeater,8.29,Maya,both
CNT002209,2026-01-07,P013,Gordon's,12.44,Maya,both
CNT002210,2026-01-07,P014,Absolut,19.42,Maya,both
CNT002211,2026-01-07,P015,Finlandia,8.63,Maya,both
CNT002212,2026-01-07,P016,Grey Goose,15.57,Maya,both
CNT002213,2026-01-07,P017,Belvedere,9.32,Maya,both
CNT002214,2026-01-07,P018,Stolichnaya,8.29,Maya,both
CNT002215,2026-01-07,P019,Jameson,8.59,Maya,both
CNT002216,2026-01-07,P020,Jack Daniel's,13.42,Maya,both
CNT002217,2026-01-07,P021,Johnnie Walker Black,13.68,Maya,both
CNT002218,2026-01-07,P022,Chivas Regal,11.12,Maya,both
CNT002219,2026-01-07,P023,Maker's Mark,9.15,Maya,both
CNT002220,2026-01-07,P024,Glenfiddich 12,9.32,Maya,inside
CNT002221,2026-01-07,P025,Bacardi Carta Blanca,17.68,Maya,both
CNT002222,2026-01-07,P026,Havana Club 3,11.29,Maya,both
CNT002223,2026-01-07,P027,Captain Morgan,10.33,Maya,both
CNT002224,2026-01-07,P028,Diplomatico Reserva,5.54,Maya,both
CNT002225,2026-01-07,P029,Jose Cuervo,14.39,Maya,both
CNT002226,2026-01-07,P030,Olmeca Blanco,9.06,Maya,both
CNT002227,2026-01-07,P031,Patron Silver,10.92,Maya,inside
CNT002228,2026-01-07,P032,Don Julio Blanco,8.12,Maya,both
CNT002229,2026-01-07,P033,Aperol,15.43,Maya,outside
CNT002230,2026-01-07,P034,Campari,10.24,Maya,both
CNT002231,2026-01-07,P035,Cointreau,12.33,Maya,both
CNT002232,2026-01-07,P036,Kahlua,9.12,Maya,both
CNT002233,2026-01-07,P037,Martini Rosso,14.8,Maya,inside
CNT002234,2026-01-07,P038,House Red Wine,20.01,Maya,both
CNT002235,2026-01-07,P039,House White Wine,16.78,Maya,both
CNT002236,2026-01-07,P040,Rose Wine,12.4,Maya,both
CNT002237,2026-01-07,P041,Prosecco,24.5,Maya,both
CNT002238,2026-01-07,P042,Chardonnay,16.24,Maya,both
CNT002239,2026-01-07,P043,Coca-Cola,90.2,Maya,both
CNT002240,2026-01-07,P044,Coca-Cola Zero,44.6,Maya,both
CNT002241,2026-01-07,P045,Sprite,52.2,Maya,both
CNT002242,2026-01-07,P046,Tonic Water,69.22,Maya,both
CNT002243,2026-01-07,P047,Soda Water,58.8,Maya,both
CNT002244,2026-01-07,P048,Red Bull,47.8,Maya,both
CNT002245,2026-01-07,P049,Ginger Beer,35.2,Maya,both
CNT002246,2026-01-07,P050,Orange Juice,4.0,Maya,both
CNT002247,2026-01-07,P051,Cranberry Juice,4.0,Maya,both
CNT002248,2026-01-07,P052,Lime Juice,10.89,Maya,both
CNT002249,2026-01-07,P053,Lemon Juice,5.05,Maya,both
CNT002250,2026-01-07,P054,Sugar Syrup,9.3,Maya,both
CNT002251,2026-01-07,P055,Fresh Mint,3.28,Maya,both
CNT002252,2026-01-07,P056,Coffee Beans,3.63,Maya,inside
CNT002253,2026-01-07,K001,Carlsberg 50L,5.2,Maya,inside
CNT002254,2026-01-07,K002,Tuborg 50L,4.12,Maya,inside
CNT002255,2026-01-07,K003,Carlsberg 30L,6.81,Maya,outside
CNT002256,2026-01-07,K004,Malka 30L,5.24,Maya,outside
CNT002257,2026-01-07,K005,Weihenstephan 30L,4.23,Maya,outside
CNT002258,2026-01-11,P001,Carlsberg,71.4,Maya,both
CNT002259,2026-01-11,P002,Heineken,49.6,Maya,both
CNT002260,2026-01-11,P003,Corona,48.2,Maya,both
CNT002261,2026-01-11,P004,Guinness,25.6,Maya,both
CNT002262,2026-01-11,P005,Goldstar,42.6,Maya,both
CNT002263,2026-01-11,P006,Maccabee,47.23,Maya,both
CNT002264,2026-01-11,P007,Stella Artois,38.4,Maya,both
CNT002265,2026-01-11,P008,Erdinger,19.2,Maya,both
CNT002266,2026-01-11,P009,Bombay Sapphire,13.34,Maya,both
CNT002267,2026-01-11,P010,Tanqueray,10.95,Maya,both
CNT002268,2026-01-11,P011,Hendrick's,6.47,Maya,both
CNT002269,2026-01-11,P012,Beefeater,7.6,Maya,both
CNT002270,2026-01-11,P013,Gordon's,18.78,Maya,both
CNT002271,2026-01-11,P014,Absolut,13.54,Maya,both
CNT002272,2026-01-11,P015,Finlandia,8.03,Maya,both
CNT002273,2026-01-11,P016,Grey Goose,14.45,Maya,both
CNT002274,2026-01-11,P017,Belvedere,8.63,Maya,both
CNT002275,2026-01-11,P018,Stolichnaya,7.77,Maya,both
CNT002276,2026-01-11,P019,Jameson,5.76,Maya,both
CNT002277,2026-01-11,P020,Jack Daniel's,11.28,Maya,both
CNT002278,2026-01-11,P021,Johnnie Walker Black,12.29,Maya,both
CNT002279,2026-01-11,P022,Chivas Regal,10.26,Maya,both
CNT002280,2026-01-11,P023,Maker's Mark,8.46,Maya,both
CNT002281,2026-01-11,P024,Glenfiddich 12,8.8,Maya,inside
CNT002282,2026-01-11,P025,Bacardi Carta Blanca,9.24,Maya,both
CNT002283,2026-01-11,P026,Havana Club 3,10.43,Maya,both
CNT002284,2026-01-11,P027,Captain Morgan,9.66,Maya,both
CNT002285,2026-01-11,P028,Diplomatico Reserva,5.29,Maya,both
CNT002286,2026-01-11,P029,Jose Cuervo,12.82,Maya,both
CNT002287,2026-01-11,P030,Olmeca Blanco,8.63,Maya,both
CNT002288,2026-01-11,P031,Patron Silver,6.13,Maya,inside
CNT002289,2026-01-11,P032,Don Julio Blanco,7.52,Maya,both
CNT002290,2026-01-11,P033,Aperol,18.6,Maya,outside
CNT002291,2026-01-11,P034,Campari,8.19,Maya,both
CNT002292,2026-01-11,P035,Cointreau,9.9,Maya,both
CNT002293,2026-01-11,P036,Kahlua,7.29,Maya,both
CNT002294,2026-01-11,P037,Martini Rosso,13.26,Maya,inside
CNT002295,2026-01-11,P038,House Red Wine,13.18,Maya,both
CNT002296,2026-01-11,P039,House White Wine,20.24,Maya,both
CNT002297,2026-01-11,P040,Rose Wine,10.2,Maya,both
CNT002298,2026-01-11,P041,Prosecco,22.38,Maya,both
CNT002299,2026-01-11,P042,Chardonnay,14.04,Maya,both
CNT002300,2026-01-11,P043,Coca-Cola,32.8,Maya,both
CNT002301,2026-01-11,P044,Coca-Cola Zero,41.6,Maya,both
CNT002302,2026-01-11,P045,Sprite,24.2,Maya,both
CNT002303,2026-01-11,P046,Tonic Water,38.72,Maya,both
CNT002304,2026-01-11,P047,Soda Water,28.46,Maya,both
CNT002305,2026-01-11,P048,Red Bull,19.8,Maya,both
CNT002306,2026-01-11,P049,Ginger Beer,25.2,Maya,both
CNT002307,2026-01-11,P050,Orange Juice,4.0,Maya,both
CNT002308,2026-01-11,P051,Cranberry Juice,4.0,Maya,both
CNT002309,2026-01-11,P052,Lime Juice,7.39,Maya,both
CNT002310,2026-01-11,P053,Lemon Juice,4.45,Maya,both
CNT002311,2026-01-11,P054,Sugar Syrup,7.73,Maya,both
CNT002312,2026-01-11,P055,Fresh Mint,2.61,Maya,both
CNT002313,2026-01-11,P056,Coffee Beans,3.22,Maya,inside
CNT002314,2026-01-11,K001,Carlsberg 50L,4.63,Maya,inside
CNT002315,2026-01-11,K002,Tuborg 50L,3.72,Maya,inside
CNT002316,2026-01-11,K003,Carlsberg 30L,5.93,Maya,outside
CNT002317,2026-01-11,K004,Malka 30L,5.35,Maya,outside
CNT002318,2026-01-11,K005,Weihenstephan 30L,4.69,Maya,outside
CNT002319,2026-01-14,P001,Carlsberg,80.4,Tomer,both
CNT002320,2026-01-14,P002,Heineken,35.6,Tomer,both
CNT002321,2026-01-14,P003,Corona,59.2,Tomer,both
CNT002322,2026-01-14,P004,Guinness,44.6,Tomer,both
CNT002323,2026-01-14,P005,Goldstar,51.6,Tomer,both
CNT002324,2026-01-14,P006,Maccabee,44.0,Tomer,both
CNT002325,2026-01-14,P007,Stella Artois,30.4,Tomer,both
CNT002326,2026-01-14,P008,Erdinger,39.2,Tomer,both
CNT002327,2026-01-14,P009,Bombay Sapphire,12.82,Tomer,both
CNT002328,2026-01-14,P010,Tanqueray,10.43,Tomer,both
CNT002329,2026-01-14,P011,Hendrick's,5.44,Tomer,both
CNT002330,2026-01-14,P012,Beefeater,7.35,Tomer,both
CNT002331,2026-01-14,P013,Gordon's,15.88,Tomer,both
CNT002332,2026-01-14,P014,Absolut,12.09,Tomer,both
CNT002333,2026-01-14,P015,Finlandia,7.77,Tomer,both
CNT002334,2026-01-14,P016,Grey Goose,13.85,Tomer,both
CNT002335,2026-01-14,P017,Belvedere,8.2,Tomer,both
CNT002336,2026-01-14,P018,Stolichnaya,7.52,Tomer,both
CNT002337,2026-01-14,P019,Jameson,16.22,Tomer,both
CNT002338,2026-01-14,P020,Jack Daniel's,10.25,Tomer,both
CNT002339,2026-01-14,P021,Johnnie Walker Black,11.97,Tomer,both
CNT002340,2026-01-14,P022,Chivas Regal,9.92,Tomer,both
CNT002341,2026-01-14,P023,Maker's Mark,8.29,Tomer,both
CNT002342,2026-01-14,P024,Glenfiddich 12,8.46,Tomer,inside
CNT002343,2026-01-14,P025,Bacardi Carta Blanca,17.81,Tomer,both
CNT002344,2026-01-14,P026,Havana Club 3,10.0,Tomer,both
CNT002345,2026-01-14,P027,Captain Morgan,9.32,Tomer,both
CNT002346,2026-01-14,P028,Diplomatico Reserva,5.2,Tomer,both
CNT002347,2026-01-14,P029,Jose Cuervo,12.29,Tomer,both
CNT002348,2026-01-14,P030,Olmeca Blanco,8.46,Tomer,both
CNT002349,2026-01-14,P031,Patron Silver,15.77,Tomer,inside
CNT002350,2026-01-14,P032,Don Julio Blanco,7.26,Tomer,both
CNT002351,2026-01-14,P033,Aperol,15.51,Tomer,outside
CNT002352,2026-01-14,P034,Campari,7.35,Tomer,both
CNT002353,2026-01-14,P035,Cointreau,8.87,Tomer,both
CNT002354,2026-01-14,P036,Kahlua,6.35,Tomer,both
CNT002355,2026-01-14,P037,Martini Rosso,12.57,Tomer,inside
CNT002356,2026-01-14,P038,House Red Wine,20.06,Tomer,both
CNT002357,2026-01-14,P039,House White Wine,16.58,Tomer,both
CNT002358,2026-01-14,P040,Rose Wine,7.94,Tomer,both
CNT002359,2026-01-14,P041,Prosecco,29.74,Tomer,both
CNT002360,2026-01-14,P042,Chardonnay,13.44,Tomer,both
CNT002361,2026-01-14,P043,Coca-Cola,83.0,Tomer,both
CNT002362,2026-01-14,P044,Coca-Cola Zero,52.6,Tomer,both
CNT002363,2026-01-14,P045,Sprite,59.2,Tomer,both
CNT002364,2026-01-14,P046,Tonic Water,46.17,Tomer,both
CNT002365,2026-01-14,P047,Soda Water,62.82,Tomer,both
CNT002366,2026-01-14,P048,Red Bull,58.8,Tomer,both
CNT002367,2026-01-14,P049,Ginger Beer,20.2,Tomer,both
CNT002368,2026-01-14,P050,Orange Juice,4.0,Tomer,both
CNT002369,2026-01-14,P051,Cranberry Juice,4.0,Tomer,both
CNT002370,2026-01-14,P052,Lime Juice,5.81,Tomer,both
CNT002371,2026-01-14,P053,Lemon Juice,4.25,Tomer,both
CNT002372,2026-01-14,P054,Sugar Syrup,7.05,Tomer,both
CNT002373,2026-01-14,P055,Fresh Mint,8.34,Tomer,both
CNT002374,2026-01-14,P056,Coffee Beans,3.03,Tomer,inside
CNT002375,2026-01-14,K001,Carlsberg 50L,4.92,Tomer,inside
CNT002376,2026-01-14,K002,Tuborg 50L,3.18,Tomer,inside
CNT002377,2026-01-14,K003,Carlsberg 30L,6.82,Tomer,outside
CNT002378,2026-01-14,K004,Malka 30L,5.29,Tomer,outside
CNT002379,2026-01-14,K005,Weihenstephan 30L,5.11,Tomer,outside
CNT002380,2026-01-18,P001,Carlsberg,59.18,Maya,both
CNT002381,2026-01-18,P002,Heineken,56.6,Maya,both
CNT002382,2026-01-18,P003,Corona,54.41,Maya,both
CNT002383,2026-01-18,P004,Guinness,30.6,Maya,both
CNT002384,2026-01-18,P005,Goldstar,54.6,Maya,both
CNT002385,2026-01-18,P006,Maccabee,48.0,Maya,both
CNT002386,2026-01-18,P007,Stella Artois,57.4,Maya,both
CNT002387,2026-01-18,P008,Erdinger,30.2,Maya,both
CNT002388,2026-01-18,P009,Bombay Sapphire,11.62,Maya,both
CNT002389,2026-01-18,P010,Tanqueray,9.49,Maya,both
CNT002390,2026-01-18,P011,Hendrick's,15.0,Maya,both
CNT002391,2026-01-18,P012,Beefeater,6.75,Maya,both
CNT002392,2026-01-18,P013,Gordon's,9.72,Maya,both
CNT002393,2026-01-18,P014,Absolut,18.67,Maya,both
CNT002394,2026-01-18,P015,Finlandia,7.17,Maya,both
CNT002395,2026-01-18,P016,Grey Goose,12.57,Maya,both
CNT002396,2026-01-18,P017,Belvedere,7.52,Maya,both
CNT002397,2026-01-18,P018,Stolichnaya,7.29,Maya,both
CNT002398,2026-01-18,P019,Jameson,13.82,Maya,both
CNT002399,2026-01-18,P020,Jack Daniel's,8.02,Maya,both
CNT002400,2026-01-18,P021,Johnnie Walker Black,10.42,Maya,both
CNT002401,2026-01-18,P022,Chivas Regal,8.8,Maya,both
CNT002402,2026-01-18,P023,Maker's Mark,7.69,Maya,both
CNT002403,2026-01-18,P024,Glenfiddich 12,7.86,Maya,inside
CNT002404,2026-01-18,P025,Bacardi Carta Blanca,9.21,Maya,both
CNT002405,2026-01-18,P026,Havana Club 3,8.97,Maya,both
CNT002406,2026-01-18,P027,Captain Morgan,8.12,Maya,both
CNT002407,2026-01-18,P028,Diplomatico Reserva,4.86,Maya,both
CNT002408,2026-01-18,P029,Jose Cuervo,10.67,Maya,both
CNT002409,2026-01-18,P030,Olmeca Blanco,7.77,Maya,both
CNT002410,2026-01-18,P031,Patron Silver,11.29,Maya,inside
CNT002411,2026-01-18,P032,Don Julio Blanco,6.57,Maya,both
CNT002412,2026-01-18,P033,Aperol,18.77,Maya,outside
CNT002413,2026-01-18,P034,Campari,5.14,Maya,both
CNT002414,2026-01-18,P035,Cointreau,6.57,Maya,both
CNT002415,2026-01-18,P036,Kahlua,4.52,Maya,both
CNT002416,2026-01-18,P037,Martini Rosso,11.07,Maya,inside
CNT002417,2026-01-18,P038,House Red Wine,14.45,Maya,both
CNT002418,2026-01-18,P039,House White Wine,21.02,Maya,both
CNT002419,2026-01-18,P040,Rose Wine,4.0,Maya,both
CNT002420,2026-01-18,P041,Prosecco,15.82,Maya,both
CNT002421,2026-01-18,P042,Chardonnay,11.24,Maya,both
CNT002422,2026-01-18,P043,Coca-Cola,48.8,Maya,both
CNT002423,2026-01-18,P044,Coca-Cola Zero,42.6,Maya,both
CNT002424,2026-01-18,P045,Sprite,35.2,Maya,both
CNT002425,2026-01-18,P046,Tonic Water,34.22,Maya,both
CNT002426,2026-01-18,P047,Soda Water,29.48,Maya,both
CNT002427,2026-01-18,P048,Red Bull,28.8,Maya,both
CNT002428,2026-01-18,P049,Ginger Beer,34.2,Maya,both
CNT002429,2026-01-18,P050,Orange Juice,4.0,Maya,both
CNT002430,2026-01-18,P051,Cranberry Juice,4.0,Maya,both
CNT002431,2026-01-18,P052,Lime Juice,8.4,Maya,both
CNT002432,2026-01-18,P053,Lemon Juice,3.7,Maya,both
CNT002433,2026-01-18,P054,Sugar Syrup,5.51,Maya,both
CNT002434,2026-01-18,P055,Fresh Mint,7.67,Maya,both
CNT002435,2026-01-18,P056,Coffee Beans,2.64,Maya,inside
CNT002436,2026-01-18,K001,Carlsberg 50L,3.01,Maya,inside
CNT002437,2026-01-18,K002,Tuborg 50L,4.79,Maya,inside
CNT002438,2026-01-18,K003,Carlsberg 30L,5.47,Maya,outside
CNT002439,2026-01-18,K004,Malka 30L,5.32,Maya,outside
CNT002440,2026-01-18,K005,Weihenstephan 30L,4.82,Maya,outside
CNT002441,2026-01-21,P001,Carlsberg,66.4,Yael,both
CNT002442,2026-01-21,P002,Heineken,66.6,Yael,both
CNT002443,2026-01-21,P003,Corona,63.2,Yael,both
CNT002444,2026-01-21,P004,Guinness,49.6,Yael,both
CNT002445,2026-01-21,P005,Goldstar,63.81,Yael,both
CNT002446,2026-01-21,P006,Maccabee,39.0,Yael,both
CNT002447,2026-01-21,P007,Stella Artois,48.4,Yael,both
CNT002448,2026-01-21,P008,Erdinger,26.2,Yael,both
CNT002449,2026-01-21,P009,Bombay Sapphire,11.28,Yael,both
CNT002450,2026-01-21,P010,Tanqueray,9.23,Yael,both
CNT002451,2026-01-21,P011,Hendrick's,14.36,Yael,both
CNT002452,2026-01-21,P012,Beefeater,6.49,Yael,both
CNT002453,2026-01-21,P013,Gordon's,19.42,Yael,both
CNT002454,2026-01-21,P014,Absolut,16.91,Yael,both
CNT002455,2026-01-21,P015,Finlandia,6.88,Yael,both
CNT002456,2026-01-21,P016,Grey Goose,12.05,Yael,both
CNT002457,2026-01-21,P017,Belvedere,7.35,Yael,both
CNT002458,2026-01-21,P018,Stolichnaya,6.75,Yael,both
CNT002459,2026-01-21,P019,Jameson,13.22,Yael,both
CNT002460,2026-01-21,P020,Jack Daniel's,7.25,Yael,both
CNT002461,2026-01-21,P021,Johnnie Walker Black,10.08,Yael,both
CNT002462,2026-01-21,P022,Chivas Regal,8.54,Yael,both
CNT002463,2026-01-21,P023,Maker's Mark,7.43,Yael,both
CNT002464,2026-01-21,P024,Glenfiddich 12,7.69,Yael,inside
CNT002465,2026-01-21,P025,Bacardi Carta Blanca,17.97,Yael,both
CNT002466,2026-01-21,P026,Havana Club 3,8.74,Yael,both
CNT002467,2026-01-21,P027,Captain Morgan,7.69,Yael,both
CNT002468,2026-01-21,P028,Diplomatico Reserva,4.77,Yael,both
CNT002469,2026-01-21,P029,Jose Cuervo,9.78,Yael,both
CNT002470,2026-01-21,P030,Olmeca Blanco,7.52,Yael,both
CNT002471,2026-01-21,P031,Patron Silver,9.96,Yael,inside
CNT002472,2026-01-21,P032,Don Julio Blanco,6.32,Yael,both
CNT002473,2026-01-21,P033,Aperol,15.17,Yael,outside
CNT002474,2026-01-21,P034,Campari,16.41,Yael,both
CNT002475,2026-01-21,P035,Cointreau,5.93,Yael,both
CNT002476,2026-01-21,P036,Kahlua,3.75,Yael,both
CNT002477,2026-01-21,P037,Martini Rosso,10.43,Yael,inside
CNT002478,2026-01-21,P038,House Red Wine,24.49,Yael,both
CNT002479,2026-01-21,P039,House White Wine,17.6,Yael,both
CNT002480,2026-01-21,P040,Rose Wine,14.2,Yael,both
CNT002481,2026-01-21,P041,Prosecco,21.66,Yael,both
CNT002482,2026-01-21,P042,Chardonnay,10.84,Yael,both
CNT002483,2026-01-21,P043,Coca-Cola,77.8,Yael,both
CNT002484,2026-01-21,P044,Coca-Cola Zero,57.6,Yael,both
CNT002485,2026-01-21,P045,Sprite,48.2,Yael,both
CNT002486,2026-01-21,P046,Tonic Water,68.72,Yael,both
CNT002487,2026-01-21,P047,Soda Water,66.96,Yael,both
CNT002488,2026-01-21,P048,Red Bull,43.8,Yael,both
CNT002489,2026-01-21,P049,Ginger Beer,30.2,Yael,both
CNT002490,2026-01-21,P050,Orange Juice,4.0,Yael,both
CNT002491,2026-01-21,P051,Cranberry Juice,4.0,Yael,both
CNT002492,2026-01-21,P052,Lime Juice,7.27,Yael,both
CNT002493,2026-01-21,P053,Lemon Juice,3.45,Yael,both
CNT002494,2026-01-21,P054,Sugar Syrup,4.93,Yael,both
CNT002495,2026-01-21,P055,Fresh Mint,7.67,Yael,both
CNT002496,2026-01-21,P056,Coffee Beans,2.48,Yael,inside
CNT002497,2026-01-21,K001,Carlsberg 50L,5.61,Yael,inside
CNT002498,2026-01-21,K002,Tuborg 50L,4.26,Yael,inside
CNT002499,2026-01-21,K003,Carlsberg 30L,6.83,Yael,outside
CNT002500,2026-01-21,K004,Malka 30L,4.96,Yael,outside
CNT002501,2026-01-21,K005,Weihenstephan 30L,5.09,Yael,outside
CNT002502,2026-01-25,P001,Carlsberg,80.4,Shir,both
CNT002503,2026-01-25,P002,Heineken,55.6,Shir,both
CNT002504,2026-01-25,P003,Corona,52.2,Shir,both
CNT002505,2026-01-25,P004,Guinness,31.6,Shir,both
CNT002506,2026-01-25,P005,Goldstar,46.6,Shir,both
CNT002507,2026-01-25,P006,Maccabee,45.0,Shir,both
CNT002508,2026-01-25,P007,Stella Artois,45.4,Shir,both
CNT002509,2026-01-25,P008,Erdinger,36.2,Shir,both
CNT002510,2026-01-25,P009,Bombay Sapphire,9.99,Shir,both
CNT002511,2026-01-25,P010,Tanqueray,8.2,Shir,both
CNT002512,2026-01-25,P011,Hendrick's,12.09,Shir,both
CNT002513,2026-01-25,P012,Beefeater,5.8,Shir,both
CNT002514,2026-01-25,P013,Gordon's,13.57,Shir,both
CNT002515,2026-01-25,P014,Absolut,10.9,Shir,both
CNT002516,2026-01-25,P015,Finlandia,6.4,Shir,both
CNT002517,2026-01-25,P016,Grey Goose,10.6,Shir,both
CNT002518,2026-01-25,P017,Belvedere,6.66,Shir,both
CNT002519,2026-01-25,P018,Stolichnaya,6.06,Shir,both
CNT002520,2026-01-25,P019,Jameson,10.22,Shir,both
CNT002521,2026-01-25,P020,Jack Daniel's,4.42,Shir,both
CNT002522,2026-01-25,P021,Johnnie Walker Black,8.79,Shir,both
CNT002523,2026-01-25,P022,Chivas Regal,7.78,Shir,both
CNT002524,2026-01-25,P023,Maker's Mark,6.66,Shir,both
CNT002525,2026-01-25,P024,Glenfiddich 12,7.0,Shir,inside
CNT002526,2026-01-25,P025,Bacardi Carta Blanca,20.99,Shir,both
CNT002527,2026-01-25,P026,Havana Club 3,7.6,Shir,both
CNT002528,2026-01-25,P027,Captain Morgan,6.66,Shir,both
CNT002529,2026-01-25,P028,Diplomatico Reserva,4.43,Shir,both
CNT002530,2026-01-25,P029,Jose Cuervo,7.72,Shir,both
CNT002531,2026-01-25,P030,Olmeca Blanco,6.66,Shir,both
CNT002532,2026-01-25,P031,Patron Silver,17.17,Shir,inside
CNT002533,2026-01-25,P032,Don Julio Blanco,5.63,Shir,both
CNT002534,2026-01-25,P033,Aperol,17.91,Shir,outside
CNT002535,2026-01-25,P034,Campari,14.14,Shir,both
CNT002536,2026-01-25,P035,Cointreau,3.7,Shir,both
CNT002537,2026-01-25,P036,Kahlua,13.55,Shir,both
CNT002538,2026-01-25,P037,Martini Rosso,8.76,Shir,inside
CNT002539,2026-01-25,P038,House Red Wine,16.69,Shir,both
CNT002540,2026-01-25,P039,House White Wine,20.33,Shir,both
CNT002541,2026-01-25,P040,Rose Wine,10.2,Shir,both
CNT002542,2026-01-25,P041,Prosecco,18.34,Shir,both
CNT002543,2026-01-25,P042,Chardonnay,8.24,Shir,both
CNT002544,2026-01-25,P043,Coca-Cola,46.5,Shir,both
CNT002545,2026-01-25,P044,Coca-Cola Zero,19.6,Shir,both
CNT002546,2026-01-25,P045,Sprite,42.2,Shir,both
CNT002547,2026-01-25,P046,Tonic Water,34.22,Shir,both
CNT002548,2026-01-25,P047,Soda Water,28.96,Shir,both
CNT002549,2026-01-25,P048,Red Bull,38.8,Shir,both
CNT002550,2026-01-25,P049,Ginger Beer,19.2,Shir,both
CNT002551,2026-01-25,P050,Orange Juice,4.0,Shir,both
CNT002552,2026-01-25,P051,Cranberry Juice,4.0,Shir,both
CNT002553,2026-01-25,P052,Lime Juice,9.88,Shir,both
CNT002554,2026-01-25,P053,Lemon Juice,2.88,Shir,both
CNT002555,2026-01-25,P054,Sugar Syrup,3.24,Shir,both
CNT002556,2026-01-25,P055,Fresh Mint,6.73,Shir,both
CNT002557,2026-01-25,P056,Coffee Beans,8.01,Shir,inside
CNT002558,2026-01-25,K001,Carlsberg 50L,4.55,Shir,inside
CNT002559,2026-01-25,K002,Tuborg 50L,3.94,Shir,inside
CNT002560,2026-01-25,K003,Carlsberg 30L,5.43,Shir,outside
CNT002561,2026-01-25,K004,Malka 30L,4.89,Shir,outside
CNT002562,2026-01-25,K005,Weihenstephan 30L,4.31,Shir,outside
CNT002563,2026-01-28,P001,Carlsberg,80.4,Roei,both
CNT002564,2026-01-28,P002,Heineken,36.6,Roei,both
CNT002565,2026-01-28,P003,Corona,61.2,Roei,both
CNT002566,2026-01-28,P004,Guinness,48.6,Roei,both
CNT002567,2026-01-28,P005,Goldstar,51.42,Roei,both
CNT002568,2026-01-28,P006,Maccabee,33.0,Roei,both
CNT002569,2026-01-28,P007,Stella Artois,57.4,Roei,both
CNT002570,2026-01-28,P008,Erdinger,31.2,Roei,both
CNT002571,2026-01-28,P009,Bombay Sapphire,9.48,Roei,both
CNT002572,2026-01-28,P010,Tanqueray,7.77,Roei,both
CNT002573,2026-01-28,P011,Hendrick's,10.89,Roei,both
CNT002574,2026-01-28,P012,Beefeater,5.37,Roei,both
CNT002575,2026-01-28,P013,Gordon's,10.3,Roei,both
CNT002576,2026-01-28,P014,Absolut,20.14,Roei,both
CNT002577,2026-01-28,P015,Finlandia,5.97,Roei,both
CNT002578,2026-01-28,P016,Grey Goose,9.65,Roei,both
CNT002579,2026-01-28,P017,Belvedere,6.35,Roei,both
CNT002580,2026-01-28,P018,Stolichnaya,5.55,Roei,both
CNT002581,2026-01-28,P019,Jameson,8.42,Roei,both
CNT002582,2026-01-28,P020,Jack Daniel's,15.13,Roei,both
CNT002583,2026-01-28,P021,Johnnie Walker Black,8.19,Roei,both
CNT002584,2026-01-28,P022,Chivas Regal,7.26,Roei,both
CNT002585,2026-01-28,P023,Maker's Mark,6.4,Roei,both
CNT002586,2026-01-28,P024,Glenfiddich 12,6.57,Roei,inside
CNT002587,2026-01-28,P025,Bacardi Carta Blanca,15.72,Roei,both
CNT002588,2026-01-28,P026,Havana Club 3,7.26,Roei,both
CNT002589,2026-01-28,P027,Captain Morgan,6.15,Roei,both
CNT002590,2026-01-28,P028,Diplomatico Reserva,4.26,Roei,both
CNT002591,2026-01-28,P029,Jose Cuervo,6.86,Roei,both
CNT002592,2026-01-28,P030,Olmeca Blanco,6.32,Roei,both
CNT002593,2026-01-28,P031,Patron Silver,15.12,Roei,inside
CNT002594,2026-01-28,P032,Don Julio Blanco,5.2,Roei,both
CNT002595,2026-01-28,P033,Aperol,13.11,Roei,outside
CNT002596,2026-01-28,P034,Campari,12.86,Roei,both
CNT002597,2026-01-28,P035,Cointreau,2.5,Roei,both
CNT002598,2026-01-28,P036,Kahlua,12.52,Roei,both
CNT002599,2026-01-28,P037,Martini Rosso,7.73,Roei,inside
CNT002600,2026-01-28,P038,House Red Wine,25.27,Roei,both
CNT002601,2026-01-28,P039,House White Wine,15.7,Roei,both
CNT002602,2026-01-28,P040,Rose Wine,7.8,Roei,both
CNT002603,2026-01-28,P041,Prosecco,23.02,Roei,both
CNT002604,2026-01-28,P042,Chardonnay,7.24,Roei,both
CNT002605,2026-01-28,P043,Coca-Cola,68.2,Roei,both
CNT002606,2026-01-28,P044,Coca-Cola Zero,48.6,Roei,both
CNT002607,2026-01-28,P045,Sprite,50.2,Roei,both
CNT002608,2026-01-28,P046,Tonic Water,60.02,Roei,both
CNT002609,2026-01-28,P047,Soda Water,59.26,Roei,both
CNT002610,2026-01-28,P048,Red Bull,45.8,Roei,both
CNT002611,2026-01-28,P049,Ginger Beer,37.2,Roei,both
CNT002612,2026-01-28,P050,Orange Juice,5.0,Roei,both
CNT002613,2026-01-28,P051,Cranberry Juice,3.92,Roei,both
CNT002614,2026-01-28,P052,Lime Juice,8.01,Roei,both
CNT002615,2026-01-28,P053,Lemon Juice,8.55,Roei,both
CNT002616,2026-01-28,P054,Sugar Syrup,8.3,Roei,both
CNT002617,2026-01-28,P055,Fresh Mint,6.31,Roei,both
CNT002618,2026-01-28,P056,Coffee Beans,7.79,Roei,inside
CNT002619,2026-01-28,K001,Carlsberg 50L,5.2,Roei,inside
CNT002620,2026-01-28,K002,Tuborg 50L,4.17,Roei,inside
CNT002621,2026-01-28,K003,Carlsberg 30L,6.15,Roei,outside
CNT002622,2026-01-28,K004,Malka 30L,5.32,Roei,outside
CNT002623,2026-01-28,K005,Weihenstephan 30L,4.5,Roei,outside
CNT002624,2026-02-01,P001,Carlsberg,64.4,Shir,both
CNT002625,2026-02-01,P002,Heineken,76.6,Shir,both
CNT002626,2026-02-01,P003,Corona,53.2,Shir,both
CNT002627,2026-02-01,P004,Guinness,31.6,Shir,both
CNT002628,2026-02-01,P005,Goldstar,42.6,Shir,both
CNT002629,2026-02-01,P006,Maccabee,36.0,Shir,both
CNT002630,2026-02-01,P007,Stella Artois,33.4,Shir,both
CNT002631,2026-02-01,P008,Erdinger,17.2,Shir,both
CNT002632,2026-02-01,P009,Bombay Sapphire,8.02,Shir,both
CNT002633,2026-02-01,P010,Tanqueray,6.57,Shir,both
CNT002634,2026-02-01,P011,Hendrick's,8.49,Shir,both
CNT002635,2026-02-01,P012,Beefeater,4.6,Shir,both
CNT002636,2026-02-01,P013,Gordon's,15.33,Shir,both
CNT002637,2026-02-01,P014,Absolut,14.35,Shir,both
CNT002638,2026-02-01,P015,Finlandia,5.2,Shir,both
CNT002639,2026-02-01,P016,Grey Goose,8.28,Shir,both
CNT002640,2026-02-01,P017,Belvedere,5.63,Shir,both
CNT002641,2026-02-01,P018,Stolichnaya,4.95,Shir,both
CNT002642,2026-02-01,P019,Jameson,5.91,Shir,both
CNT002643,2026-02-01,P020,Jack Daniel's,12.9,Shir,both
CNT002644,2026-02-01,P021,Johnnie Walker Black,6.82,Shir,both
CNT002645,2026-02-01,P022,Chivas Regal,6.15,Shir,both
CNT002646,2026-02-01,P023,Maker's Mark,5.63,Shir,both
CNT002647,2026-02-01,P024,Glenfiddich 12,5.8,Shir,inside
CNT002648,2026-02-01,P025,Bacardi Carta Blanca,18.72,Shir,both
CNT002649,2026-02-01,P026,Havana Club 3,6.0,Shir,both
CNT002650,2026-02-01,P027,Captain Morgan,5.12,Shir,both
CNT002651,2026-02-01,P028,Diplomatico Reserva,3.92,Shir,both
CNT002652,2026-02-01,P029,Jose Cuervo,5.39,Shir,both
CNT002653,2026-02-01,P030,Olmeca Blanco,5.46,Shir,both
CNT002654,2026-02-01,P031,Patron Silver,9.57,Shir,inside
CNT002655,2026-02-01,P032,Don Julio Blanco,4.52,Shir,both
CNT002656,2026-02-01,P033,Aperol,17.23,Shir,outside
CNT002657,2026-02-01,P034,Campari,10.54,Shir,both
CNT002658,2026-02-01,P035,Cointreau,11.97,Shir,both
CNT002659,2026-02-01,P036,Kahlua,10.46,Shir,both
CNT002660,2026-02-01,P037,Martini Rosso,5.76,Shir,inside
CNT002661,2026-02-01,P038,House Red Wine,17.95,Shir,both
CNT002662,2026-02-01,P039,House White Wine,15.98,Shir,both
CNT002663,2026-02-01,P040,Rose Wine,15.8,Shir,both
CNT002664,2026-02-01,P041,Prosecco,21.74,Shir,both
CNT002665,2026-02-01,P042,Chardonnay,4.64,Shir,both
CNT002666,2026-02-01,P043,Coca-Cola,37.0,Shir,both
CNT002667,2026-02-01,P044,Coca-Cola Zero,26.6,Shir,both
CNT002668,2026-02-01,P045,Sprite,45.2,Shir,both
CNT002669,2026-02-01,P046,Tonic Water,18.92,Shir,both
CNT002670,2026-02-01,P047,Soda Water,27.52,Shir,both
CNT002671,2026-02-01,P048,Red Bull,15.8,Shir,both
CNT002672,2026-02-01,P049,Ginger Beer,25.2,Shir,both
CNT002673,2026-02-01,P050,Orange Juice,3.9,Shir,both
CNT002674,2026-02-01,P051,Cranberry Juice,4.0,Shir,both
CNT002675,2026-02-01,P052,Lime Juice,4.25,Shir,both
CNT002676,2026-02-01,P053,Lemon Juice,8.0,Shir,both
CNT002677,2026-02-01,P054,Sugar Syrup,6.69,Shir,both
CNT002678,2026-02-01,P055,Fresh Mint,5.63,Shir,both
CNT002679,2026-02-01,P056,Coffee Beans,7.36,Shir,inside
CNT002680,2026-02-01,K001,Carlsberg 50L,4.49,Shir,inside
CNT002681,2026-02-01,K002,Tuborg 50L,2.69,Shir,inside
CNT002682,2026-02-01,K003,Carlsberg 30L,5.48,Shir,outside
CNT002683,2026-02-01,K004,Malka 30L,5.17,Shir,outside
CNT002684,2026-02-01,K005,Weihenstephan 30L,3.62,Shir,outside
CNT002685,2026-02-04,P001,Carlsberg,80.4,Roei,both
CNT002686,2026-02-04,P002,Heineken,62.6,Roei,both
CNT002687,2026-02-04,P003,Corona,69.2,Roei,both
CNT002688,2026-02-04,P004,Guinness,25.46,Roei,both
CNT002689,2026-02-04,P005,Goldstar,67.6,Roei,both
CNT002690,2026-02-04,P006,Maccabee,52.0,Roei,both
CNT002691,2026-02-04,P007,Stella Artois,20.4,Roei,both
CNT002692,2026-02-04,P008,Erdinger,36.2,Roei,both
CNT002693,2026-02-04,P009,Bombay Sapphire,7.17,Roei,both
CNT002694,2026-02-04,P010,Tanqueray,6.15,Roei,both
CNT002695,2026-02-04,P011,Hendrick's,7.33,Roei,both
CNT002696,2026-02-04,P012,Beefeater,4.17,Roei,both
CNT002697,2026-02-04,P013,Gordon's,12.3,Roei,both
CNT002698,2026-02-04,P014,Absolut,11.62,Roei,both
CNT002699,2026-02-04,P015,Finlandia,4.86,Roei,both
CNT002700,2026-02-04,P016,Grey Goose,7.77,Roei,both
CNT002701,2026-02-04,P017,Belvedere,5.2,Roei,both
CNT002702,2026-02-04,P018,Stolichnaya,4.68,Roei,both
CNT002703,2026-02-04,P019,Jameson,16.64,Roei,both
CNT002704,2026-02-04,P020,Jack Daniel's,11.88,Roei,both
CNT002705,2026-02-04,P021,Johnnie Walker Black,7.39,Roei,both
CNT002706,2026-02-04,P022,Chivas Regal,5.84,Roei,both
CNT002707,2026-02-04,P023,Maker's Mark,5.37,Roei,both
CNT002708,2026-02-04,P024,Glenfiddich 12,5.41,Roei,inside
CNT002709,2026-02-04,P025,Bacardi Carta Blanca,14.69,Roei,both
CNT002710,2026-02-04,P026,Havana Club 3,5.97,Roei,both
CNT002711,2026-02-04,P027,Captain Morgan,4.52,Roei,both
CNT002712,2026-02-04,P028,Diplomatico Reserva,3.74,Roei,both
CNT002713,2026-02-04,P029,Jose Cuervo,4.37,Roei,both
CNT002714,2026-02-04,P030,Olmeca Blanco,5.12,Roei,both
CNT002715,2026-02-04,P031,Patron Silver,19.06,Roei,inside
CNT002716,2026-02-04,P032,Don Julio Blanco,4.35,Roei,both
CNT002717,2026-02-04,P033,Aperol,13.54,Roei,outside
CNT002718,2026-02-04,P034,Campari,9.64,Roei,both
CNT002719,2026-02-04,P035,Cointreau,10.9,Roei,both
CNT002720,2026-02-04,P036,Kahlua,9.41,Roei,both
CNT002721,2026-02-04,P037,Martini Rosso,5.03,Roei,inside
CNT002722,2026-02-04,P038,House Red Wine,12.58,Roei,both
CNT002723,2026-02-04,P039,House White Wine,23.84,Roei,both
CNT002724,2026-02-04,P040,Rose Wine,14.2,Roei,both
CNT002725,2026-02-04,P041,Prosecco,15.98,Roei,both
CNT002726,2026-02-04,P042,Chardonnay,15.84,Roei,both
CNT002727,2026-02-04,P043,Coca-Cola,80.1,Roei,both
CNT002728,2026-02-04,P044,Coca-Cola Zero,65.6,Roei,both
CNT002729,2026-02-04,P045,Sprite,54.2,Roei,both
CNT002730,2026-02-04,P046,Tonic Water,51.92,Roei,both
CNT002731,2026-02-04,P047,Soda Water,60.16,Roei,both
CNT002732,2026-02-04,P048,Red Bull,47.8,Roei,both
CNT002733,2026-02-04,P049,Ginger Beer,21.2,Roei,both
CNT002734,2026-02-04,P050,Orange Juice,4.0,Roei,both
CNT002735,2026-02-04,P051,Cranberry Juice,4.0,Roei,both
CNT002736,2026-02-04,P052,Lime Juice,8.56,Roei,both
CNT002737,2026-02-04,P053,Lemon Juice,7.78,Roei,both
CNT002738,2026-02-04,P054,Sugar Syrup,5.93,Roei,both
CNT002739,2026-02-04,P055,Fresh Mint,5.33,Roei,both
CNT002740,2026-02-04,P056,Coffee Beans,7.13,Roei,inside
CNT002741,2026-02-04,K001,Carlsberg 50L,4.77,Roei,inside
CNT002742,2026-02-04,K002,Tuborg 50L,3.91,Roei,inside
CNT002743,2026-02-04,K003,Carlsberg 30L,6.35,Roei,outside
CNT002744,2026-02-04,K004,Malka 30L,5.47,Roei,outside
CNT002745,2026-02-04,K005,Weihenstephan 30L,5.14,Roei,outside
CNT002746,2026-02-08,P001,Carlsberg,57.4,Maya,both
CNT002747,2026-02-08,P002,Heineken,52.6,Maya,both
CNT002748,2026-02-08,P003,Corona,52.2,Maya,both
CNT002749,2026-02-08,P004,Guinness,31.6,Maya,both
CNT002750,2026-02-08,P005,Goldstar,56.6,Maya,both
CNT002751,2026-02-08,P006,Maccabee,31.0,Maya,both
CNT002752,2026-02-08,P007,Stella Artois,74.19,Maya,both
CNT002753,2026-02-08,P008,Erdinger,23.2,Maya,both
CNT002754,2026-02-08,P009,Bombay Sapphire,5.88,Maya,both
CNT002755,2026-02-08,P010,Tanqueray,4.95,Maya,both
CNT002756,2026-02-08,P011,Hendrick's,4.59,Maya,both
CNT002757,2026-02-08,P012,Beefeater,3.88,Maya,both
CNT002758,2026-02-08,P013,Gordon's,18.2,Maya,both
CNT002759,2026-02-08,P014,Absolut,17.0,Maya,both
CNT002760,2026-02-08,P015,Finlandia,4.09,Maya,both
CNT002761,2026-02-08,P016,Grey Goose,6.05,Maya,both
CNT002762,2026-02-08,P017,Belvedere,4.52,Maya,both
CNT002763,2026-02-08,P018,Stolichnaya,4.0,Maya,both
CNT002764,2026-02-08,P019,Jameson,13.9,Maya,both
CNT002765,2026-02-08,P020,Jack Daniel's,9.65,Maya,both
CNT002766,2026-02-08,P021,Johnnie Walker Black,5.37,Maya,both
CNT002767,2026-02-08,P022,Chivas Regal,3.77,Maya,both
CNT002768,2026-02-08,P023,Maker's Mark,4.69,Maya,both
CNT002769,2026-02-08,P024,Glenfiddich 12,4.69,Maya,inside
CNT002770,2026-02-08,P025,Bacardi Carta Blanca,17.4,Maya,both
CNT002771,2026-02-08,P026,Havana Club 3,5.03,Maya,both
CNT002772,2026-02-08,P027,Captain Morgan,3.66,Maya,both
CNT002773,2026-02-08,P028,Diplomatico Reserva,3.4,Maya,both
CNT002774,2026-02-08,P029,Jose Cuervo,14.54,Maya,both
CNT002775,2026-02-08,P030,Olmeca Blanco,4.17,Maya,both
CNT002776,2026-02-08,P031,Patron Silver,14.02,Maya,inside
CNT002777,2026-02-08,P032,Don Julio Blanco,3.58,Maya,both
CNT002778,2026-02-08,P033,Aperol,15.77,Maya,outside
CNT002779,2026-02-08,P034,Campari,7.16,Maya,both
CNT002780,2026-02-08,P035,Cointreau,8.32,Maya,both
CNT002781,2026-02-08,P036,Kahlua,7.06,Maya,both
CNT002782,2026-02-08,P037,Martini Rosso,3.15,Maya,inside
CNT002783,2026-02-08,P038,House Red Wine,15.31,Maya,both
CNT002784,2026-02-08,P039,House White Wine,13.08,Maya,both
CNT002785,2026-02-08,P040,Rose Wine,10.6,Maya,both
CNT002786,2026-02-08,P041,Prosecco,24.54,Maya,both
CNT002787,2026-02-08,P042,Chardonnay,13.24,Maya,both
CNT002788,2026-02-08,P043,Coca-Cola,33.9,Maya,both
CNT002789,2026-02-08,P044,Coca-Cola Zero,35.6,Maya,both
CNT002790,2026-02-08,P045,Sprite,24.2,Maya,both
CNT002791,2026-02-08,P046,Tonic Water,39.02,Maya,both
CNT002792,2026-02-08,P047,Soda Water,27.2,Maya,both
CNT002793,2026-02-08,P048,Red Bull,23.8,Maya,both
CNT002794,2026-02-08,P049,Ginger Beer,9.2,Maya,both
CNT002795,2026-02-08,P050,Orange Juice,4.0,Maya,both
CNT002796,2026-02-08,P051,Cranberry Juice,4.0,Maya,both
CNT002797,2026-02-08,P052,Lime Juice,4.86,Maya,both
CNT002798,2026-02-08,P053,Lemon Juice,7.22,Maya,both
CNT002799,2026-02-08,P054,Sugar Syrup,4.15,Maya,both
CNT002800,2026-02-08,P055,Fresh Mint,4.59,Maya,both
CNT002801,2026-02-08,P056,Coffee Beans,6.64,Maya,inside
CNT002802,2026-02-08,K001,Carlsberg 50L,4.59,Maya,inside
CNT002803,2026-02-08,K002,Tuborg 50L,3.61,Maya,inside
CNT002804,2026-02-08,K003,Carlsberg 30L,5.62,Maya,outside
CNT002805,2026-02-08,K004,Malka 30L,5.22,Maya,outside
CNT002806,2026-02-08,K005,Weihenstephan 30L,4.61,Maya,outside
CNT002807,2026-02-11,P001,Carlsberg,86.4,Roei,both
CNT002808,2026-02-11,P002,Heineken,66.6,Roei,both
CNT002809,2026-02-11,P003,Corona,65.2,Roei,both
CNT002810,2026-02-11,P004,Guinness,26.6,Roei,both
CNT002811,2026-02-11,P005,Goldstar,69.6,Roei,both
CNT002812,2026-02-11,P006,Maccabee,45.0,Roei,both
CNT002813,2026-02-11,P007,Stella Artois,63.4,Roei,both
CNT002814,2026-02-11,P008,Erdinger,43.2,Roei,both
CNT002815,2026-02-11,P009,Bombay Sapphire,5.54,Roei,both
CNT002816,2026-02-11,P010,Tanqueray,4.43,Roei,both
CNT002817,2026-02-11,P011,Hendrick's,15.39,Roei,both
CNT002818,2026-02-11,P012,Beefeater,3.32,Roei,both
CNT002819,2026-02-11,P013,Gordon's,15.39,Roei,both
CNT002820,2026-02-11,P014,Absolut,18.15,Roei,both
CNT002821,2026-02-11,P015,Finlandia,3.83,Roei,both
CNT002822,2026-02-11,P016,Grey Goose,5.54,Roei,both
CNT002823,2026-02-11,P017,Belvedere,4.26,Roei,both
CNT002824,2026-02-11,P018,Stolichnaya,3.83,Roei,both
CNT002825,2026-02-11,P019,Jameson,12.7,Roei,both
CNT002826,2026-02-11,P020,Jack Daniel's,9.13,Roei,both
CNT002827,2026-02-11,P021,Johnnie Walker Black,4.94,Roei,both
CNT002828,2026-02-11,P022,Chivas Regal,4.43,Roei,both
CNT002829,2026-02-11,P023,Maker's Mark,4.15,Roei,both
CNT002830,2026-02-11,P024,Glenfiddich 12,3.43,Roei,inside
CNT002831,2026-02-11,P025,Bacardi Carta Blanca,14.95,Roei,both
CNT002832,2026-02-11,P026,Havana Club 3,4.69,Roei,both
CNT002833,2026-02-11,P027,Captain Morgan,15.23,Roei,both
CNT002834,2026-02-11,P028,Diplomatico Reserva,2.4,Roei,both
CNT002835,2026-02-11,P029,Jose Cuervo,13.79,Roei,both
CNT002836,2026-02-11,P030,Olmeca Blanco,3.09,Roei,both
CNT002837,2026-02-11,P031,Patron Silver,11.73,Roei,inside
CNT002838,2026-02-11,P032,Don Julio Blanco,3.23,Roei,both
CNT002839,2026-02-11,P033,Aperol,13.11,Roei,outside
CNT002840,2026-02-11,P034,Campari,5.96,Roei,both
CNT002841,2026-02-11,P035,Cointreau,7.49,Roei,both
CNT002842,2026-02-11,P036,Kahlua,6.41,Roei,both
CNT002843,2026-02-11,P037,Martini Rosso,14.47,Roei,inside
CNT002844,2026-02-11,P038,House Red Wine,24.87,Roei,both
CNT002845,2026-02-11,P039,House White Wine,22.49,Roei,both
CNT002846,2026-02-11,P040,Rose Wine,9.6,Roei,both
CNT002847,2026-02-11,P041,Prosecco,32.38,Roei,both
CNT002848,2026-02-11,P042,Chardonnay,12.24,Roei,both
CNT002849,2026-02-11,P043,Coca-Cola,81.0,Roei,both
CNT002850,2026-02-11,P044,Coca-Cola Zero,50.6,Roei,both
CNT002851,2026-02-11,P045,Sprite,65.2,Roei,both
CNT002852,2026-02-11,P046,Tonic Water,48.02,Roei,both
CNT002853,2026-02-11,P047,Soda Water,65.76,Roei,both
CNT002854,2026-02-11,P048,Red Bull,40.8,Roei,both
CNT002855,2026-02-11,P049,Ginger Beer,30.2,Roei,both
CNT002856,2026-02-11,P050,Orange Juice,4.0,Roei,both
CNT002857,2026-02-11,P051,Cranberry Juice,4.0,Roei,both
CNT002858,2026-02-11,P052,Lime Juice,10.5,Roei,both
CNT002859,2026-02-11,P053,Lemon Juice,7.0,Roei,both
CNT002860,2026-02-11,P054,Sugar Syrup,9.64,Roei,both
CNT002861,2026-02-11,P055,Fresh Mint,4.38,Roei,both
CNT002862,2026-02-11,P056,Coffee Beans,6.48,Roei,inside
CNT002863,2026-02-11,K001,Carlsberg 50L,5.01,Roei,inside
CNT002864,2026-02-11,K002,Tuborg 50L,5.07,Roei,inside
CNT002865,2026-02-11,K003,Carlsberg 30L,6.62,Roei,outside
CNT002866,2026-02-11,K004,Malka 30L,5.43,Roei,outside
CNT002867,2026-02-11,K005,Weihenstephan 30L,5.1,Roei,outside
CNT002868,2026-02-15,P001,Carlsberg,70.4,Maya,both
CNT002869,2026-02-15,P002,Heineken,55.6,Maya,both
CNT002870,2026-02-15,P003,Corona,58.2,Maya,both
CNT002871,2026-02-15,P004,Guinness,36.6,Maya,both
CNT002872,2026-02-15,P005,Goldstar,60.6,Maya,both
CNT002873,2026-02-15,P006,Maccabee,26.0,Maya,both
CNT002874,2026-02-15,P007,Stella Artois,38.4,Maya,both
CNT002875,2026-02-15,P008,Erdinger,34.2,Maya,both
CNT002876,2026-02-15,P009,Bombay Sapphire,4.25,Maya,both
CNT002877,2026-02-15,P010,Tanqueray,3.4,Maya,both
CNT002878,2026-02-15,P011,Hendrick's,12.94,Maya,both
CNT002879,2026-02-15,P012,Beefeater,2.72,Maya,both
CNT002880,2026-02-15,P013,Gordon's,8.93,Maya,both
CNT002881,2026-02-15,P014,Absolut,10.19,Maya,both
CNT002882,2026-02-15,P015,Finlandia,2.23,Maya,both
CNT002883,2026-02-15,P016,Grey Goose,4.34,Maya,both
CNT002884,2026-02-15,P017,Belvedere,3.82,Maya,both
CNT002885,2026-02-15,P018,Stolichnaya,3.32,Maya,both
CNT002886,2026-02-15,P019,Jameson,10.3,Maya,both
CNT002887,2026-02-15,P020,Jack Daniel's,6.73,Maya,both
CNT002888,2026-02-15,P021,Johnnie Walker Black,3.48,Maya,both
CNT002889,2026-02-15,P022,Chivas Regal,3.75,Maya,both
CNT002890,2026-02-15,P023,Maker's Mark,2.66,Maya,both
CNT002891,2026-02-15,P024,Glenfiddich 12,3.83,Maya,inside
CNT002892,2026-02-15,P025,Bacardi Carta Blanca,18.79,Maya,both
CNT002893,2026-02-15,P026,Havana Club 3,3.83,Maya,both
CNT002894,2026-02-15,P027,Captain Morgan,14.37,Maya,both
CNT002895,2026-02-15,P028,Diplomatico Reserva,3.06,Maya,both
CNT002896,2026-02-15,P029,Jose Cuervo,12.09,Maya,both
CNT002897,2026-02-15,P030,Olmeca Blanco,3.4,Maya,both
CNT002898,2026-02-15,P031,Patron Silver,6.85,Maya,inside
CNT002899,2026-02-15,P032,Don Julio Blanco,2.55,Maya,both
CNT002900,2026-02-15,P033,Aperol,17.4,Maya,outside
CNT002901,2026-02-15,P034,Campari,15.6,Maya,both
CNT002902,2026-02-15,P035,Cointreau,5.15,Maya,both
CNT002903,2026-02-15,P036,Kahlua,4.58,Maya,both
CNT002904,2026-02-15,P037,Martini Rosso,12.62,Maya,inside
CNT002905,2026-02-15,P038,House Red Wine,14.87,Maya,both
CNT002906,2026-02-15,P039,House White Wine,13.39,Maya,both
CNT002907,2026-02-15,P040,Rose Wine,18.6,Maya,both
CNT002908,2026-02-15,P041,Prosecco,20.58,Maya,both
CNT002909,2026-02-15,P042,Chardonnay,10.04,Maya,both
CNT002910,2026-02-15,P043,Coca-Cola,47.5,Maya,both
CNT002911,2026-02-15,P044,Coca-Cola Zero,40.6,Maya,both
CNT002912,2026-02-15,P045,Sprite,33.2,Maya,both
CNT002913,2026-02-15,P046,Tonic Water,37.52,Maya,both
CNT002914,2026-02-15,P047,Soda Water,29.8,Maya,both
CNT002915,2026-02-15,P048,Red Bull,34.8,Maya,both
CNT002916,2026-02-15,P049,Ginger Beer,17.2,Maya,both
CNT002917,2026-02-15,P050,Orange Juice,4.0,Maya,both
CNT002918,2026-02-15,P051,Cranberry Juice,4.0,Maya,both
CNT002919,2026-02-15,P052,Lime Juice,6.16,Maya,both
CNT002920,2026-02-15,P053,Lemon Juice,6.38,Maya,both
CNT002921,2026-02-15,P054,Sugar Syrup,8.17,Maya,both
CNT002922,2026-02-15,P055,Fresh Mint,3.76,Maya,both
CNT002923,2026-02-15,P056,Coffee Beans,6.1,Maya,inside
CNT002924,2026-02-15,K001,Carlsberg 50L,5.4,Maya,inside
CNT002925,2026-02-15,K002,Tuborg 50L,3.79,Maya,inside
CNT002926,2026-02-15,K003,Carlsberg 30L,6.38,Maya,outside
CNT002927,2026-02-15,K004,Malka 30L,5.17,Maya,outside
CNT002928,2026-02-15,K005,Weihenstephan 30L,4.6,Maya,outside
CNT002929,2026-02-18,P001,Carlsberg,70.4,Muriel,both
CNT002930,2026-02-18,P002,Heineken,56.6,Muriel,both
CNT002931,2026-02-18,P003,Corona,66.2,Muriel,both
CNT002932,2026-02-18,P004,Guinness,28.6,Muriel,both
CNT002933,2026-02-18,P005,Goldstar,68.6,Muriel,both
CNT002934,2026-02-18,P006,Maccabee,39.0,Muriel,both
CNT002935,2026-02-18,P007,Stella Artois,50.4,Muriel,both
CNT002936,2026-02-18,P008,Erdinger,26.2,Muriel,both
CNT002937,2026-02-18,P009,Bombay Sapphire,15.65,Muriel,both
CNT002938,2026-02-18,P010,Tanqueray,15.18,Muriel,both
CNT002939,2026-02-18,P011,Hendrick's,11.74,Muriel,both
CNT002940,2026-02-18,P012,Beefeater,14.46,Muriel,both
CNT002941,2026-02-18,P013,Gordon's,18.1,Muriel,both
CNT002942,2026-02-18,P014,Absolut,19.88,Muriel,both
CNT002943,2026-02-18,P015,Finlandia,2.72,Muriel,both
CNT002944,2026-02-18,P016,Grey Goose,3.74,Muriel,both
CNT002945,2026-02-18,P017,Belvedere,3.4,Muriel,both
CNT002946,2026-02-18,P018,Stolichnaya,2.8,Muriel,both
CNT002947,2026-02-18,P019,Jameson,8.34,Muriel,both
CNT002948,2026-02-18,P020,Jack Daniel's,5.7,Muriel,both
CNT002949,2026-02-18,P021,Johnnie Walker Black,14.97,Muriel,both
CNT002950,2026-02-18,P022,Chivas Regal,3.23,Muriel,both
CNT002951,2026-02-18,P023,Maker's Mark,2.32,Muriel,both
CNT002952,2026-02-18,P024,Glenfiddich 12,3.94,Muriel,inside
CNT002953,2026-02-18,P025,Bacardi Carta Blanca,14.7,Muriel,both
CNT002954,2026-02-18,P026,Havana Club 3,3.23,Muriel,both
CNT002955,2026-02-18,P027,Captain Morgan,13.86,Muriel,both
CNT002956,2026-02-18,P028,Diplomatico Reserva,2.97,Muriel,both
CNT002957,2026-02-18,P029,Jose Cuervo,11.34,Muriel,both
CNT002958,2026-02-18,P030,Olmeca Blanco,2.98,Muriel,both
CNT002959,2026-02-18,P031,Patron Silver,16.83,Muriel,inside
CNT002960,2026-02-18,P032,Don Julio Blanco,14.29,Muriel,both
CNT002961,2026-02-18,P033,Aperol,12.6,Muriel,outside
CNT002962,2026-02-18,P034,Campari,14.14,Muriel,both
CNT002963,2026-02-18,P035,Cointreau,4.02,Muriel,both
CNT002964,2026-02-18,P036,Kahlua,3.69,Muriel,both
CNT002965,2026-02-18,P037,Martini Rosso,11.59,Muriel,inside
CNT002966,2026-02-18,P038,House Red Wine,23.69,Muriel,both
CNT002967,2026-02-18,P039,House White Wine,22.22,Muriel,both
CNT002968,2026-02-18,P040,Rose Wine,16.8,Muriel,both
CNT002969,2026-02-18,P041,Prosecco,25.38,Muriel,both
CNT002970,2026-02-18,P042,Chardonnay,8.84,Muriel,both
CNT002971,2026-02-18,P043,Coca-Cola,63.2,Muriel,both
CNT002972,2026-02-18,P044,Coca-Cola Zero,48.6,Muriel,both
CNT002973,2026-02-18,P045,Sprite,37.2,Muriel,both
CNT002974,2026-02-18,P046,Tonic Water,43.82,Muriel,both
CNT002975,2026-02-18,P047,Soda Water,61.48,Muriel,both
CNT002976,2026-02-18,P048,Red Bull,45.8,Muriel,both
CNT002977,2026-02-18,P049,Ginger Beer,37.2,Muriel,both
CNT002978,2026-02-18,P050,Orange Juice,4.0,Muriel,both
CNT002979,2026-02-18,P051,Cranberry Juice,4.0,Muriel,both
CNT002980,2026-02-18,P052,Lime Juice,10.65,Muriel,both
CNT002981,2026-02-18,P053,Lemon Juice,6.05,Muriel,both
CNT002982,2026-02-18,P054,Sugar Syrup,7.46,Muriel,both
CNT002983,2026-02-18,P055,Fresh Mint,3.45,Muriel,both
CNT002984,2026-02-18,P056,Coffee Beans,5.93,Muriel,inside
CNT002985,2026-02-18,K001,Carlsberg 50L,4.94,Muriel,inside
CNT002986,2026-02-18,K002,Tuborg 50L,3.34,Muriel,inside
CNT002987,2026-02-18,K003,Carlsberg 30L,5.73,Muriel,outside
CNT002988,2026-02-18,K004,Malka 30L,5.05,Muriel,outside
CNT002989,2026-02-18,K005,Weihenstephan 30L,4.7,Muriel,outside
CNT002990,2026-02-22,P001,Carlsberg,56.4,Tomer,both
CNT002991,2026-02-22,P002,Heineken,44.6,Tomer,both
CNT002992,2026-02-22,P003,Corona,62.2,Tomer,both
CNT002993,2026-02-22,P004,Guinness,38.6,Tomer,both
CNT002994,2026-02-22,P005,Goldstar,64.6,Tomer,both
CNT002995,2026-02-22,P006,Maccabee,47.0,Tomer,both
CNT002996,2026-02-22,P007,Stella Artois,30.4,Tomer,both
CNT002997,2026-02-22,P008,Erdinger,39.2,Tomer,both
CNT002998,2026-02-22,P009,Bombay Sapphire,14.37,Tomer,both
CNT002999,2026-02-22,P010,Tanqueray,13.95,Tomer,both
CNT003000,2026-02-22,P011,Hendrick's,9.56,Tomer,both
CNT003001,2026-02-22,P012,Beefeater,13.95,Tomer,both
CNT003002,2026-02-22,P013,Gordon's,12.56,Tomer,both
CNT003003,2026-02-22,P014,Absolut,15.31,Tomer,both
CNT003004,2026-02-22,P015,Finlandia,14.2,Tomer,both
CNT003005,2026-02-22,P016,Grey Goose,14.45,Tomer,both
CNT003006,2026-02-22,P017,Belvedere,2.72,Tomer,both
CNT003007,2026-02-22,P018,Stolichnaya,13.82,Tomer,both
CNT003008,2026-02-22,P019,Jameson,6.27,Tomer,both
CNT003009,2026-02-22,P020,Jack Daniel's,15.39,Tomer,both
CNT003010,2026-02-22,P021,Johnnie Walker Black,14.68,Tomer,both
CNT003011,2026-02-22,P022,Chivas Regal,13.2,Tomer,both
CNT003012,2026-02-22,P023,Maker's Mark,2.63,Tomer,both
CNT003013,2026-02-22,P024,Glenfiddich 12,3.15,Tomer,inside
CNT003014,2026-02-22,P025,Bacardi Carta Blanca,19.26,Tomer,both
CNT003015,2026-02-22,P026,Havana Club 3,14.29,Tomer,both
CNT003016,2026-02-22,P027,Captain Morgan,12.92,Tomer,both
CNT003017,2026-02-22,P028,Diplomatico Reserva,2.63,Tomer,both
CNT003018,2026-02-22,P029,Jose Cuervo,9.65,Tomer,both
CNT003019,2026-02-22,P030,Olmeca Blanco,14.29,Tomer,both
CNT003020,2026-02-22,P031,Patron Silver,11.95,Tomer,inside
CNT003021,2026-02-22,P032,Don Julio Blanco,13.78,Tomer,both
CNT003022,2026-02-22,P033,Aperol,16.46,Tomer,outside
CNT003023,2026-02-22,P034,Campari,12.04,Tomer,both
CNT003024,2026-02-22,P035,Cointreau,13.7,Tomer,both
CNT003025,2026-02-22,P036,Kahlua,13.83,Tomer,both
CNT003026,2026-02-22,P037,Martini Rosso,10.0,Tomer,inside
CNT003027,2026-02-22,P038,House Red Wine,16.37,Tomer,both
CNT003028,2026-02-22,P039,House White Wine,12.94,Tomer,both
CNT003029,2026-02-22,P040,Rose Wine,13.6,Tomer,both
CNT003030,2026-02-22,P041,Prosecco,24.43,Tomer,both
CNT003031,2026-02-22,P042,Chardonnay,6.04,Tomer,both
CNT003032,2026-02-22,P043,Coca-Cola,66.2,Tomer,both
CNT003033,2026-02-22,P044,Coca-Cola Zero,39.6,Tomer,both
CNT003034,2026-02-22,P045,Sprite,32.2,Tomer,both
CNT003035,2026-02-22,P046,Tonic Water,31.02,Tomer,both
CNT003036,2026-02-22,P047,Soda Water,27.63,Tomer,both
CNT003037,2026-02-22,P048,Red Bull,20.8,Tomer,both
CNT003038,2026-02-22,P049,Ginger Beer,28.2,Tomer,both
CNT003039,2026-02-22,P050,Orange Juice,4.0,Tomer,both
CNT003040,2026-02-22,P051,Cranberry Juice,4.0,Tomer,both
CNT003041,2026-02-22,P052,Lime Juice,7.41,Tomer,both
CNT003042,2026-02-22,P053,Lemon Juice,5.55,Tomer,both
CNT003043,2026-02-22,P054,Sugar Syrup,6.07,Tomer,both
CNT003044,2026-02-22,P055,Fresh Mint,2.86,Tomer,both
CNT003045,2026-02-22,P056,Coffee Beans,5.56,Tomer,inside
CNT003046,2026-02-22,K001,Carlsberg 50L,4.49,Tomer,inside
CNT003047,2026-02-22,K002,Tuborg 50L,5.19,Tomer,inside
CNT003048,2026-02-22,K003,Carlsberg 30L,5.19,Tomer,outside
CNT003049,2026-02-22,K004,Malka 30L,5.03,Tomer,outside
CNT003050,2026-02-22,K005,Weihenstephan 30L,4.24,Tomer,outside
CNT003051,2026-02-25,P001,Carlsberg,86.4,Tomer,both
CNT003052,2026-02-25,P002,Heineken,54.6,Tomer,both
CNT003053,2026-02-25,P003,Corona,69.2,Tomer,both
CNT003054,2026-02-25,P004,Guinness,31.6,Tomer,both
CNT003055,2026-02-25,P005,Goldstar,69.6,Tomer,both
CNT003056,2026-02-25,P006,Maccabee,36.0,Tomer,both
CNT003057,2026-02-25,P007,Stella Artois,46.4,Tomer,both
CNT003058,2026-02-25,P008,Erdinger,34.2,Tomer,both
CNT003059,2026-02-25,P009,Bombay Sapphire,13.68,Tomer,both
CNT003060,2026-02-25,P010,Tanqueray,13.44,Tomer,both
CNT003061,2026-02-25,P011,Hendrick's,8.57,Tomer,both
CNT003062,2026-02-25,P012,Beefeater,13.52,Tomer,both
CNT003063,2026-02-25,P013,Gordon's,21.84,Tomer,both
CNT003064,2026-02-25,P014,Absolut,13.08,Tomer,both
CNT003065,2026-02-25,P015,Finlandia,13.95,Tomer,both
CNT003066,2026-02-25,P016,Grey Goose,13.58,Tomer,both
CNT003067,2026-02-25,P017,Belvedere,14.46,Tomer,both
CNT003068,2026-02-25,P018,Stolichnaya,13.78,Tomer,both
CNT003069,2026-02-25,P019,Jameson,17.33,Tomer,both
CNT003070,2026-02-25,P020,Jack Daniel's,14.62,Tomer,both
CNT003071,2026-02-25,P021,Johnnie Walker Black,13.17,Tomer,both
CNT003072,2026-02-25,P022,Chivas Regal,13.69,Tomer,both
CNT003073,2026-02-25,P023,Maker's Mark,14.46,Tomer,both
CNT003074,2026-02-25,P024,Glenfiddich 12,2.89,Tomer,inside
CNT003075,2026-02-25,P025,Bacardi Carta Blanca,15.87,Tomer,both
CNT003076,2026-02-25,P026,Havana Club 3,13.95,Tomer,both
CNT003077,2026-02-25,P027,Captain Morgan,12.49,Tomer,both
CNT003078,2026-02-25,P028,Diplomatico Reserva,2.55,Tomer,both
CNT003079,2026-02-25,P029,Jose Cuervo,8.92,Tomer,both
CNT003080,2026-02-25,P030,Olmeca Blanco,13.95,Tomer,both
CNT003081,2026-02-25,P031,Patron Silver,10.05,Tomer,inside
CNT003082,2026-02-25,P032,Don Julio Blanco,13.52,Tomer,both
CNT003083,2026-02-25,P033,Aperol,12.51,Tomer,outside
CNT003084,2026-02-25,P034,Campari,11.06,Tomer,both
CNT003085,2026-02-25,P035,Cointreau,12.79,Tomer,both
CNT003086,2026-02-25,P036,Kahlua,12.98,Tomer,both
CNT003087,2026-02-25,P037,Martini Rosso,9.36,Tomer,inside
CNT003088,2026-02-25,P038,House Red Wine,23.98,Tomer,both
CNT003089,2026-02-25,P039,House White Wine,21.04,Tomer,both
CNT003090,2026-02-25,P040,Rose Wine,11.8,Tomer,both
CNT003091,2026-02-25,P041,Prosecco,29.5,Tomer,both
CNT003092,2026-02-25,P042,Chardonnay,17.24,Tomer,both
CNT003093,2026-02-25,P043,Coca-Cola,67.86,Tomer,both
CNT003094,2026-02-25,P044,Coca-Cola Zero,46.6,Tomer,both
CNT003095,2026-02-25,P045,Sprite,45.2,Tomer,both
CNT003096,2026-02-25,P046,Tonic Water,65.62,Tomer,both
CNT003097,2026-02-25,P047,Soda Water,62.88,Tomer,both
CNT003098,2026-02-25,P048,Red Bull,33.8,Tomer,both
CNT003099,2026-02-25,P049,Ginger Beer,24.2,Tomer,both
CNT003100,2026-02-25,P050,Orange Juice,4.0,Tomer,both
CNT003101,2026-02-25,P051,Cranberry Juice,4.0,Tomer,both
CNT003102,2026-02-25,P052,Lime Juice,6.2,Tomer,both
CNT003103,2026-02-25,P053,Lemon Juice,5.25,Tomer,both
CNT003104,2026-02-25,P054,Sugar Syrup,5.44,Tomer,both
CNT003105,2026-02-25,P055,Fresh Mint,8.61,Tomer,both
CNT003106,2026-02-25,P056,Coffee Beans,5.37,Tomer,inside
CNT003107,2026-02-25,K001,Carlsberg 50L,4.72,Tomer,inside
CNT003108,2026-02-25,K002,Tuborg 50L,4.64,Tomer,inside
CNT003109,2026-02-25,K003,Carlsberg 30L,6.1,Tomer,outside
CNT003110,2026-02-25,K004,Malka 30L,6.05,Tomer,outside
CNT003111,2026-02-25,K005,Weihenstephan 30L,4.67,Tomer,outside
CNT003112,2026-03-01,P001,Carlsberg,56.4,Yael,both
CNT003113,2026-03-01,P002,Heineken,39.6,Yael,both
CNT003114,2026-03-01,P003,Corona,57.2,Yael,both
CNT003115,2026-03-01,P004,Guinness,35.6,Yael,both
CNT003116,2026-03-01,P005,Goldstar,56.6,Yael,both
CNT003117,2026-03-01,P006,Maccabee,35.0,Yael,both
CNT003118,2026-03-01,P007,Stella Artois,47.4,Yael,both
CNT003119,2026-03-01,P008,Erdinger,20.2,Yael,both
CNT003120,2026-03-01,P009,Bombay Sapphire,12.22,Yael,both
CNT003121,2026-03-01,P010,Tanqueray,12.23,Yael,both
CNT003122,2026-03-01,P011,Hendrick's,5.74,Yael,both
CNT003123,2026-03-01,P012,Beefeater,12.75,Yael,both
CNT003124,2026-03-01,P013,Gordon's,15.17,Yael,both
CNT003125,2026-03-01,P014,Absolut,6.64,Yael,both
CNT003126,2026-03-01,P015,Finlandia,13.18,Yael,both
CNT003127,2026-03-01,P016,Grey Goose,12.31,Yael,both
CNT003128,2026-03-01,P017,Belvedere,13.45,Yael,both
CNT003129,2026-03-01,P018,Stolichnaya,13.0,Yael,both
CNT003130,2026-03-01,P019,Jameson,14.16,Yael,both
CNT003131,2026-03-01,P020,Jack Daniel's,11.45,Yael,both
CNT003132,2026-03-01,P021,Johnnie Walker Black,11.79,Yael,both
CNT003133,2026-03-01,P022,Chivas Regal,12.4,Yael,both
CNT003134,2026-03-01,P023,Maker's Mark,13.6,Yael,both
CNT003135,2026-03-01,P024,Glenfiddich 12,14.03,Yael,inside
CNT003136,2026-03-01,P025,Bacardi Carta Blanca,18.12,Yael,both
CNT003137,2026-03-01,P026,Havana Club 3,12.66,Yael,both
CNT003138,2026-03-01,P027,Captain Morgan,11.2,Yael,both
CNT003139,2026-03-01,P028,Diplomatico Reserva,14.2,Yael,both
CNT003140,2026-03-01,P029,Jose Cuervo,6.75,Yael,both
CNT003141,2026-03-01,P030,Olmeca Blanco,13.09,Yael,both
CNT003142,2026-03-01,P031,Patron Silver,16.97,Yael,inside
CNT003143,2026-03-01,P032,Don Julio Blanco,12.75,Yael,both
CNT003144,2026-03-01,P033,Aperol,15.69,Yael,outside
CNT003145,2026-03-01,P034,Campari,8.4,Yael,both
CNT003146,2026-03-01,P035,Cointreau,10.18,Yael,both
CNT003147,2026-03-01,P036,Kahlua,10.78,Yael,both
CNT003148,2026-03-01,P037,Martini Rosso,7.22,Yael,inside
CNT003149,2026-03-01,P038,House Red Wine,13.49,Yael,both
CNT003150,2026-03-01,P039,House White Wine,10.8,Yael,both
CNT003151,2026-03-01,P040,Rose Wine,7.4,Yael,both
CNT003152,2026-03-01,P041,Prosecco,15.06,Yael,both
CNT003153,2026-03-01,P042,Chardonnay,15.04,Yael,both
CNT003154,2026-03-01,P043,Coca-Cola,25.3,Yael,both
CNT003155,2026-03-01,P044,Coca-Cola Zero,31.6,Yael,both
CNT003156,2026-03-01,P045,Sprite,33.06,Yael,both
CNT003157,2026-03-01,P046,Tonic Water,28.02,Yael,both
CNT003158,2026-03-01,P047,Soda Water,26.64,Yael,both
CNT003159,2026-03-01,P048,Red Bull,30.8,Yael,both
CNT003160,2026-03-01,P049,Ginger Beer,10.2,Yael,both
CNT003161,2026-03-01,P050,Orange Juice,4.0,Yael,both
CNT003162,2026-03-01,P051,Cranberry Juice,3.8,Yael,both
CNT003163,2026-03-01,P052,Lime Juice,8.4,Yael,both
CNT003164,2026-03-01,P053,Lemon Juice,4.58,Yael,both
CNT003165,2026-03-01,P054,Sugar Syrup,3.7,Yael,both
CNT003166,2026-03-01,P055,Fresh Mint,7.88,Yael,both
CNT003167,2026-03-01,P056,Coffee Beans,4.89,Yael,inside
CNT003168,2026-03-01,K001,Carlsberg 50L,4.29,Yael,inside
CNT003169,2026-03-01,K002,Tuborg 50L,4.05,Yael,inside
CNT003170,2026-03-01,K003,Carlsberg 30L,5.06,Yael,outside
CNT003171,2026-03-01,K004,Malka 30L,5.03,Yael,outside
CNT003172,2026-03-01,K005,Weihenstephan 30L,3.71,Yael,outside
CNT003173,2026-03-04,P001,Carlsberg,85.4,Maya,both
CNT003174,2026-03-04,P002,Heineken,69.6,Maya,both
CNT003175,2026-03-04,P003,Corona,63.2,Maya,both
CNT003176,2026-03-04,P004,Guinness,27.6,Maya,both
CNT003177,2026-03-04,P005,Goldstar,61.6,Maya,both
CNT003178,2026-03-04,P006,Maccabee,49.0,Maya,both
CNT003179,2026-03-04,P007,Stella Artois,37.4,Maya,both
CNT003180,2026-03-04,P008,Erdinger,39.2,Maya,both
CNT003181,2026-03-04,P009,Bombay Sapphire,11.62,Maya,both
CNT003182,2026-03-04,P010,Tanqueray,11.61,Maya,both
CNT003183,2026-03-04,P011,Hendrick's,16.46,Maya,both
CNT003184,2026-03-04,P012,Beefeater,12.32,Maya,both
CNT003185,2026-03-04,P013,Gordon's,11.98,Maya,both
CNT003186,2026-03-04,P014,Absolut,15.52,Maya,both
CNT003187,2026-03-04,P015,Finlandia,12.83,Maya,both
CNT003188,2026-03-04,P016,Grey Goose,11.71,Maya,both
CNT003189,2026-03-04,P017,Belvedere,13.43,Maya,both
CNT003190,2026-03-04,P018,Stolichnaya,12.75,Maya,both
CNT003191,2026-03-04,P019,Jameson,13.05,Maya,both
CNT003192,2026-03-04,P020,Jack Daniel's,10.33,Maya,both
CNT003193,2026-03-04,P021,Johnnie Walker Black,11.11,Maya,both
CNT003194,2026-03-04,P022,Chivas Regal,11.89,Maya,both
CNT003195,2026-03-04,P023,Maker's Mark,13.26,Maya,both
CNT003196,2026-03-04,P024,Glenfiddich 12,13.6,Maya,inside
CNT003197,2026-03-04,P025,Bacardi Carta Blanca,13.36,Maya,both
CNT003198,2026-03-04,P026,Havana Club 3,11.97,Maya,both
CNT003199,2026-03-04,P027,Captain Morgan,10.52,Maya,both
CNT003200,2026-03-04,P028,Diplomatico Reserva,14.03,Maya,both
CNT003201,2026-03-04,P029,Jose Cuervo,5.76,Maya,both
CNT003202,2026-03-04,P030,Olmeca Blanco,12.83,Maya,both
CNT003203,2026-03-04,P031,Patron Silver,15.12,Maya,inside
CNT003204,2026-03-04,P032,Don Julio Blanco,12.49,Maya,both
CNT003205,2026-03-04,P033,Aperol,23.49,Maya,outside
CNT003206,2026-03-04,P034,Campari,7.03,Maya,both
CNT003207,2026-03-04,P035,Cointreau,9.14,Maya,both
CNT003208,2026-03-04,P036,Kahlua,9.9,Maya,both
CNT003209,2026-03-04,P037,Martini Rosso,6.27,Maya,inside
CNT003210,2026-03-04,P038,House Red Wine,21.6,Maya,both
CNT003211,2026-03-04,P039,House White Wine,17.42,Maya,both
CNT003212,2026-03-04,P040,Rose Wine,17.4,Maya,both
CNT003213,2026-03-04,P041,Prosecco,20.3,Maya,both
CNT003214,2026-03-04,P042,Chardonnay,13.84,Maya,both
CNT003215,2026-03-04,P043,Coca-Cola,71.9,Maya,both
CNT003216,2026-03-04,P044,Coca-Cola Zero,57.6,Maya,both
CNT003217,2026-03-04,P045,Sprite,42.2,Maya,both
CNT003218,2026-03-04,P046,Tonic Water,59.82,Maya,both
CNT003219,2026-03-04,P047,Soda Water,57.02,Maya,both
CNT003220,2026-03-04,P048,Red Bull,39.8,Maya,both
CNT003221,2026-03-04,P049,Ginger Beer,27.2,Maya,both
CNT003222,2026-03-04,P050,Orange Juice,4.0,Maya,both
CNT003223,2026-03-04,P051,Cranberry Juice,4.0,Maya,both
CNT003224,2026-03-04,P052,Lime Juice,6.75,Maya,both
CNT003225,2026-03-04,P053,Lemon Juice,4.22,Maya,both
CNT003226,2026-03-04,P054,Sugar Syrup,8.83,Maya,both
CNT003227,2026-03-04,P055,Fresh Mint,7.5,Maya,both
CNT003228,2026-03-04,P056,Coffee Beans,4.67,Maya,inside
CNT003229,2026-03-04,K001,Carlsberg 50L,5.28,Maya,inside
CNT003230,2026-03-04,K002,Tuborg 50L,4.51,Maya,inside
CNT003231,2026-03-04,K003,Carlsberg 30L,6.36,Maya,outside
CNT003232,2026-03-04,K004,Malka 30L,5.87,Maya,outside
CNT003233,2026-03-04,K005,Weihenstephan 30L,5.19,Maya,outside
CNT003234,2026-03-08,P001,Carlsberg,64.4,Yael,both
CNT003235,2026-03-08,P002,Heineken,57.6,Yael,both
CNT003236,2026-03-08,P003,Corona,59.2,Yael,both
CNT003237,2026-03-08,P004,Guinness,33.6,Yael,both
CNT003238,2026-03-08,P005,Goldstar,50.6,Yael,both
CNT003239,2026-03-08,P006,Maccabee,25.0,Yael,both
CNT003240,2026-03-08,P007,Stella Artois,39.4,Yael,both
CNT003241,2026-03-08,P008,Erdinger,27.2,Yael,both
CNT003242,2026-03-08,P009,Bombay Sapphire,9.99,Yael,both
CNT003243,2026-03-08,P010,Tanqueray,10.69,Yael,both
CNT003244,2026-03-08,P011,Hendrick's,14.1,Yael,both
CNT003245,2026-03-08,P012,Beefeater,11.83,Yael,both
CNT003246,2026-03-08,P013,Gordon's,17.35,Yael,both
CNT003247,2026-03-08,P014,Absolut,9.78,Yael,both
CNT003248,2026-03-08,P015,Finlandia,12.23,Yael,both
CNT003249,2026-03-08,P016,Grey Goose,10.34,Yael,both
CNT003250,2026-03-08,P017,Belvedere,12.83,Yael,both
CNT003251,2026-03-08,P018,Stolichnaya,11.76,Yael,both
CNT003252,2026-03-08,P019,Jameson,9.96,Yael,both
CNT003253,2026-03-08,P020,Jack Daniel's,7.19,Yael,both
CNT003254,2026-03-08,P021,Johnnie Walker Black,9.57,Yael,both
CNT003255,2026-03-08,P022,Chivas Regal,10.43,Yael,both
CNT003256,2026-03-08,P023,Maker's Mark,12.87,Yael,both
CNT003257,2026-03-08,P024,Glenfiddich 12,13.0,Yael,inside
CNT003258,2026-03-08,P025,Bacardi Carta Blanca,15.41,Yael,both
CNT003259,2026-03-08,P026,Havana Club 3,11.03,Yael,both
CNT003260,2026-03-08,P027,Captain Morgan,9.68,Yael,both
CNT003261,2026-03-08,P028,Diplomatico Reserva,13.69,Yael,both
CNT003262,2026-03-08,P029,Jose Cuervo,3.54,Yael,both
CNT003263,2026-03-08,P030,Olmeca Blanco,12.34,Yael,both
CNT003264,2026-03-08,P031,Patron Silver,9.62,Yael,inside
CNT003265,2026-03-08,P032,Don Julio Blanco,11.89,Yael,both
CNT003266,2026-03-08,P033,Aperol,14.49,Yael,outside
CNT003267,2026-03-08,P034,Campari,4.76,Yael,both
CNT003268,2026-03-08,P035,Cointreau,6.11,Yael,both
CNT003269,2026-03-08,P036,Kahlua,7.49,Yael,both
CNT003270,2026-03-08,P037,Martini Rosso,4.6,Yael,inside
CNT003271,2026-03-08,P038,House Red Wine,12.8,Yael,both
CNT003272,2026-03-08,P039,House White Wine,19.18,Yael,both
CNT003273,2026-03-08,P040,Rose Wine,12.8,Yael,both
CNT003274,2026-03-08,P041,Prosecco,17.94,Yael,both
CNT003275,2026-03-08,P042,Chardonnay,11.64,Yael,both
CNT003276,2026-03-08,P043,Coca-Cola,34.4,Yael,both
CNT003277,2026-03-08,P044,Coca-Cola Zero,16.6,Yael,both
CNT003278,2026-03-08,P045,Sprite,33.2,Yael,both
CNT003279,2026-03-08,P046,Tonic Water,19.52,Yael,both
CNT003280,2026-03-08,P047,Soda Water,16.76,Yael,both
CNT003281,2026-03-08,P048,Red Bull,36.8,Yael,both
CNT003282,2026-03-08,P049,Ginger Beer,14.2,Yael,both
CNT003283,2026-03-08,P050,Orange Juice,4.28,Yael,both
CNT003284,2026-03-08,P051,Cranberry Juice,4.0,Yael,both
CNT003285,2026-03-08,P052,Lime Juice,8.58,Yael,both
CNT003286,2026-03-08,P053,Lemon Juice,3.6,Yael,both
CNT003287,2026-03-08,P054,Sugar Syrup,6.94,Yael,both
CNT003288,2026-03-08,P055,Fresh Mint,6.7,Yael,both
CNT003289,2026-03-08,P056,Coffee Beans,4.18,Yael,inside
CNT003290,2026-03-08,K001,Carlsberg 50L,3.86,Yael,inside
CNT003291,2026-03-08,K002,Tuborg 50L,4.03,Yael,inside
CNT003292,2026-03-08,K003,Carlsberg 30L,5.33,Yael,outside
CNT003293,2026-03-08,K004,Malka 30L,4.26,Yael,outside
CNT003294,2026-03-08,K005,Weihenstephan 30L,4.47,Yael,outside
CNT003295,2026-03-11,P001,Carlsberg,64.4,Roei,both
CNT003296,2026-03-11,P002,Heineken,70.6,Roei,both
CNT003297,2026-03-11,P003,Corona,64.2,Roei,both
CNT003298,2026-03-11,P004,Guinness,29.46,Roei,both
CNT003299,2026-03-11,P005,Goldstar,51.6,Roei,both
CNT003300,2026-03-11,P006,Maccabee,39.0,Roei,both
CNT003301,2026-03-11,P007,Stella Artois,55.4,Roei,both
CNT003302,2026-03-11,P008,Erdinger,19.93,Roei,both
CNT003303,2026-03-11,P009,Bombay Sapphire,9.22,Roei,both
CNT003304,2026-03-11,P010,Tanqueray,10.26,Roei,both
CNT003305,2026-03-11,P011,Hendrick's,12.62,Roei,both
CNT003306,2026-03-11,P012,Beefeater,11.29,Roei,both
CNT003307,2026-03-11,P013,Gordon's,14.37,Roei,both
CNT003308,2026-03-11,P014,Absolut,18.92,Roei,both
CNT003309,2026-03-11,P015,Finlandia,11.89,Roei,both
CNT003310,2026-03-11,P016,Grey Goose,9.74,Roei,both
CNT003311,2026-03-11,P017,Belvedere,12.58,Roei,both
CNT003312,2026-03-11,P018,Stolichnaya,11.8,Roei,both
CNT003313,2026-03-11,P019,Jameson,8.76,Roei,both
CNT003314,2026-03-11,P020,Jack Daniel's,7.25,Roei,both
CNT003315,2026-03-11,P021,Johnnie Walker Black,8.71,Roei,both
CNT003316,2026-03-11,P022,Chivas Regal,9.83,Roei,both
CNT003317,2026-03-11,P023,Maker's Mark,12.23,Roei,both
CNT003318,2026-03-11,P024,Glenfiddich 12,12.66,Roei,inside
CNT003319,2026-03-11,P025,Bacardi Carta Blanca,23.05,Roei,both
CNT003320,2026-03-11,P026,Havana Club 3,10.52,Roei,both
CNT003321,2026-03-11,P027,Captain Morgan,9.06,Roei,both
CNT003322,2026-03-11,P028,Diplomatico Reserva,13.52,Roei,both
CNT003323,2026-03-11,P029,Jose Cuervo,14.6,Roei,both
CNT003324,2026-03-11,P030,Olmeca Blanco,11.8,Roei,both
CNT003325,2026-03-11,P031,Patron Silver,18.9,Roei,inside
CNT003326,2026-03-11,P032,Don Julio Blanco,11.55,Roei,both
CNT003327,2026-03-11,P033,Aperol,21.34,Roei,outside
CNT003328,2026-03-11,P034,Campari,14.3,Roei,both
CNT003329,2026-03-11,P035,Cointreau,5.15,Roei,both
CNT003330,2026-03-11,P036,Kahlua,6.32,Roei,both
CNT003331,2026-03-11,P037,Martini Rosso,3.49,Roei,inside
CNT003332,2026-03-11,P038,House Red Wine,21.41,Roei,both
CNT003333,2026-03-11,P039,House White Wine,13.3,Roei,both
CNT003334,2026-03-11,P040,Rose Wine,10.4,Roei,both
CNT003335,2026-03-11,P041,Prosecco,9.94,Roei,both
CNT003336,2026-03-11,P042,Chardonnay,10.64,Roei,both
CNT003337,2026-03-11,P043,Coca-Cola,87.2,Roei,both
CNT003338,2026-03-11,P044,Coca-Cola Zero,42.6,Roei,both
CNT003339,2026-03-11,P045,Sprite,43.2,Roei,both
CNT003340,2026-03-11,P046,Tonic Water,50.22,Roei,both
CNT003341,2026-03-11,P047,Soda Water,45.5,Roei,both
CNT003342,2026-03-11,P048,Red Bull,47.8,Roei,both
CNT003343,2026-03-11,P049,Ginger Beer,31.2,Roei,both
CNT003344,2026-03-11,P050,Orange Juice,4.0,Roei,both
CNT003345,2026-03-11,P051,Cranberry Juice,4.0,Roei,both
CNT003346,2026-03-11,P052,Lime Juice,6.79,Roei,both
CNT003347,2026-03-11,P053,Lemon Juice,3.3,Roei,both
CNT003348,2026-03-11,P054,Sugar Syrup,6.34,Roei,both
CNT003349,2026-03-11,P055,Fresh Mint,6.41,Roei,both
CNT003350,2026-03-11,P056,Coffee Beans,3.95,Roei,inside
CNT003351,2026-03-11,K001,Carlsberg 50L,4.94,Roei,inside
CNT003352,2026-03-11,K002,Tuborg 50L,4.54,Roei,inside
CNT003353,2026-03-11,K003,Carlsberg 30L,6.26,Roei,outside
CNT003354,2026-03-11,K004,Malka 30L,6.19,Roei,outside
CNT003355,2026-03-11,K005,Weihenstephan 30L,4.71,Roei,outside
CNT003356,2026-03-15,P001,Carlsberg,61.4,Muriel,both
CNT003357,2026-03-15,P002,Heineken,51.6,Muriel,both
CNT003358,2026-03-15,P003,Corona,52.2,Muriel,both
CNT003359,2026-03-15,P004,Guinness,35.6,Muriel,both
CNT003360,2026-03-15,P005,Goldstar,58.6,Muriel,both
CNT003361,2026-03-15,P006,Maccabee,42.0,Muriel,both
CNT003362,2026-03-15,P007,Stella Artois,51.4,Muriel,both
CNT003363,2026-03-15,P008,Erdinger,29.2,Muriel,both
CNT003364,2026-03-15,P009,Bombay Sapphire,7.51,Muriel,both
CNT003365,2026-03-15,P010,Tanqueray,9.15,Muriel,both
CNT003366,2026-03-15,P011,Hendrick's,9.56,Muriel,both
CNT003367,2026-03-15,P012,Beefeater,10.43,Muriel,both
CNT003368,2026-03-15,P013,Gordon's,7.1,Muriel,both
CNT003369,2026-03-15,P014,Absolut,12.11,Muriel,both
CNT003370,2026-03-15,P015,Finlandia,11.03,Muriel,both
CNT003371,2026-03-15,P016,Grey Goose,7.77,Muriel,both
CNT003372,2026-03-15,P017,Belvedere,11.72,Muriel,both
CNT003373,2026-03-15,P018,Stolichnaya,10.95,Muriel,both
CNT003374,2026-03-15,P019,Jameson,6.02,Muriel,both
CNT003375,2026-03-15,P020,Jack Daniel's,4.59,Muriel,both
CNT003376,2026-03-15,P021,Johnnie Walker Black,6.99,Muriel,both
CNT003377,2026-03-15,P022,Chivas Regal,8.63,Muriel,both
CNT003378,2026-03-15,P023,Maker's Mark,11.29,Muriel,both
CNT003379,2026-03-15,P024,Glenfiddich 12,11.72,Muriel,inside
CNT003380,2026-03-15,P025,Bacardi Carta Blanca,11.91,Muriel,both
CNT003381,2026-03-15,P026,Havana Club 3,9.4,Muriel,both
CNT003382,2026-03-15,P027,Captain Morgan,7.95,Muriel,both
CNT003383,2026-03-15,P028,Diplomatico Reserva,13.09,Muriel,both
CNT003384,2026-03-15,P029,Jose Cuervo,12.56,Muriel,both
CNT003385,2026-03-15,P030,Olmeca Blanco,11.03,Muriel,both
CNT003386,2026-03-15,P031,Patron Silver,12.79,Muriel,inside
CNT003387,2026-03-15,P032,Don Julio Blanco,10.78,Muriel,both
CNT003388,2026-03-15,P033,Aperol,10.89,Muriel,outside
CNT003389,2026-03-15,P034,Campari,12.21,Muriel,both
CNT003390,2026-03-15,P035,Cointreau,13.86,Muriel,both
CNT003391,2026-03-15,P036,Kahlua,3.75,Muriel,both
CNT003392,2026-03-15,P037,Martini Rosso,13.26,Muriel,inside
CNT003393,2026-03-15,P038,House Red Wine,11.38,Muriel,both
CNT003394,2026-03-15,P039,House White Wine,15.8,Muriel,both
CNT003395,2026-03-15,P040,Rose Wine,5.4,Muriel,both
CNT003396,2026-03-15,P041,Prosecco,17.82,Muriel,both
CNT003397,2026-03-15,P042,Chardonnay,7.24,Muriel,both
CNT003398,2026-03-15,P043,Coca-Cola,39.6,Muriel,both
CNT003399,2026-03-15,P044,Coca-Cola Zero,21.6,Muriel,both
CNT003400,2026-03-15,P045,Sprite,28.2,Muriel,both
CNT003401,2026-03-15,P046,Tonic Water,35.82,Muriel,both
CNT003402,2026-03-15,P047,Soda Water,28.62,Muriel,both
CNT003403,2026-03-15,P048,Red Bull,8.8,Muriel,both
CNT003404,2026-03-15,P049,Ginger Beer,17.2,Muriel,both
CNT003405,2026-03-15,P050,Orange Juice,4.0,Muriel,both
CNT003406,2026-03-15,P051,Cranberry Juice,4.0,Muriel,both
CNT003407,2026-03-15,P052,Lime Juice,8.29,Muriel,both
CNT003408,2026-03-15,P053,Lemon Juice,2.65,Muriel,both
CNT003409,2026-03-15,P054,Sugar Syrup,4.15,Muriel,both
CNT003410,2026-03-15,P055,Fresh Mint,5.54,Muriel,both
CNT003411,2026-03-15,P056,Coffee Beans,3.41,Muriel,inside
CNT003412,2026-03-15,K001,Carlsberg 50L,4.5,Muriel,inside
CNT003413,2026-03-15,K002,Tuborg 50L,3.55,Muriel,inside
CNT003414,2026-03-15,K003,Carlsberg 30L,6.03,Muriel,outside
CNT003415,2026-03-15,K004,Malka 30L,5.12,Muriel,outside
CNT003416,2026-03-15,K005,Weihenstephan 30L,3.92,Muriel,outside
CNT003417,2026-03-18,P001,Carlsberg,80.4,Roei,both
CNT003418,2026-03-18,P002,Heineken,55.6,Roei,both
CNT003419,2026-03-18,P003,Corona,56.2,Roei,both
CNT003420,2026-03-18,P004,Guinness,26.38,Roei,both
CNT003421,2026-03-18,P005,Goldstar,65.6,Roei,both
CNT003422,2026-03-18,P006,Maccabee,54.0,Roei,both
CNT003423,2026-03-18,P007,Stella Artois,41.4,Roei,both
CNT003424,2026-03-18,P008,Erdinger,24.2,Roei,both
CNT003425,2026-03-18,P009,Bombay Sapphire,8.0,Roei,both
CNT003426,2026-03-18,P010,Tanqueray,8.55,Roei,both
CNT003427,2026-03-18,P011,Hendrick's,8.4,Roei,both
CNT003428,2026-03-18,P012,Beefeater,10.0,Roei,both
CNT003429,2026-03-18,P013,Gordon's,15.58,Roei,both
CNT003430,2026-03-18,P014,Absolut,9.78,Roei,both
CNT003431,2026-03-18,P015,Finlandia,10.78,Roei,both
CNT003432,2026-03-18,P016,Grey Goose,7.17,Roei,both
CNT003433,2026-03-18,P017,Belvedere,11.38,Roei,both
CNT003434,2026-03-18,P018,Stolichnaya,10.6,Roei,both
CNT003435,2026-03-18,P019,Jameson,16.22,Roei,both
CNT003436,2026-03-18,P020,Jack Daniel's,15.05,Roei,both
CNT003437,2026-03-18,P021,Johnnie Walker Black,6.39,Roei,both
CNT003438,2026-03-18,P022,Chivas Regal,8.2,Roei,both
CNT003439,2026-03-18,P023,Maker's Mark,11.03,Roei,both
CNT003440,2026-03-18,P024,Glenfiddich 12,11.2,Roei,inside
CNT003441,2026-03-18,P025,Bacardi Carta Blanca,17.82,Roei,both
CNT003442,2026-03-18,P026,Havana Club 3,9.04,Roei,both
CNT003443,2026-03-18,P027,Captain Morgan,7.52,Roei,both
CNT003444,2026-03-18,P028,Diplomatico Reserva,12.83,Roei,both
CNT003445,2026-03-18,P029,Jose Cuervo,11.67,Roei,both
CNT003446,2026-03-18,P030,Olmeca Blanco,10.6,Roei,both
CNT003447,2026-03-18,P031,Patron Silver,10.09,Roei,inside
CNT003448,2026-03-18,P032,Don Julio Blanco,10.35,Roei,both
CNT003449,2026-03-18,P033,Aperol,17.14,Roei,outside
CNT003450,2026-03-18,P034,Campari,10.8,Roei,both
CNT003451,2026-03-18,P035,Cointreau,12.66,Roei,both
CNT003452,2026-03-18,P036,Kahlua,14.95,Roei,both
CNT003453,2026-03-18,P037,Martini Rosso,11.36,Roei,inside
CNT003454,2026-03-18,P038,House Red Wine,18.01,Roei,both
CNT003455,2026-03-18,P039,House White Wine,10.92,Roei,both
CNT003456,2026-03-18,P040,Rose Wine,3.4,Roei,both
CNT003457,2026-03-18,P041,Prosecco,20.26,Roei,both
CNT003458,2026-03-18,P042,Chardonnay,5.84,Roei,both
CNT003459,2026-03-18,P043,Coca-Cola,84.8,Roei,both
CNT003460,2026-03-18,P044,Coca-Cola Zero,54.6,Roei,both
CNT003461,2026-03-18,P045,Sprite,40.2,Roei,both
CNT003462,2026-03-18,P046,Tonic Water,45.73,Roei,both
CNT003463,2026-03-18,P047,Soda Water,59.92,Roei,both
CNT003464,2026-03-18,P048,Red Bull,42.8,Roei,both
CNT003465,2026-03-18,P049,Ginger Beer,34.2,Roei,both
CNT003466,2026-03-18,P050,Orange Juice,3.89,Roei,both
CNT003467,2026-03-18,P051,Cranberry Juice,4.0,Roei,both
CNT003468,2026-03-18,P052,Lime Juice,6.46,Roei,both
CNT003469,2026-03-18,P053,Lemon Juice,8.2,Roei,both
CNT003470,2026-03-18,P054,Sugar Syrup,9.37,Roei,both
CNT003471,2026-03-18,P055,Fresh Mint,5.17,Roei,both
CNT003472,2026-03-18,P056,Coffee Beans,3.26,Roei,inside
CNT003473,2026-03-18,K001,Carlsberg 50L,5.59,Roei,inside
CNT003474,2026-03-18,K002,Tuborg 50L,4.68,Roei,inside
CNT003475,2026-03-18,K003,Carlsberg 30L,6.37,Roei,outside
CNT003476,2026-03-18,K004,Malka 30L,5.02,Roei,outside
CNT003477,2026-03-18,K005,Weihenstephan 30L,4.92,Roei,outside
CNT003478,2026-03-22,P001,Carlsberg,57.4,Muriel,both
CNT003479,2026-03-22,P002,Heineken,65.6,Muriel,both
CNT003480,2026-03-22,P003,Corona,50.2,Muriel,both
CNT003481,2026-03-22,P004,Guinness,32.6,Muriel,both
CNT003482,2026-03-22,P005,Goldstar,23.6,Muriel,both
CNT003483,2026-03-22,P006,Maccabee,28.0,Muriel,both
CNT003484,2026-03-22,P007,Stella Artois,39.4,Muriel,both
CNT003485,2026-03-22,P008,Erdinger,34.2,Muriel,both
CNT003486,2026-03-22,P009,Bombay Sapphire,5.02,Muriel,both
CNT003487,2026-03-22,P010,Tanqueray,7.43,Muriel,both
CNT003488,2026-03-22,P011,Hendrick's,5.27,Muriel,both
CNT003489,2026-03-22,P012,Beefeater,9.15,Muriel,both
CNT003490,2026-03-22,P013,Gordon's,8.66,Muriel,both
CNT003491,2026-03-22,P014,Absolut,15.24,Muriel,both
CNT003492,2026-03-22,P015,Finlandia,9.92,Muriel,both
CNT003493,2026-03-22,P016,Grey Goose,5.45,Muriel,both
CNT003494,2026-03-22,P017,Belvedere,10.6,Muriel,both
CNT003495,2026-03-22,P018,Stolichnaya,9.92,Muriel,both
CNT003496,2026-03-22,P019,Jameson,13.13,Muriel,both
CNT003497,2026-03-22,P020,Jack Daniel's,12.05,Muriel,both
CNT003498,2026-03-22,P021,Johnnie Walker Black,4.77,Muriel,both
CNT003499,2026-03-22,P022,Chivas Regal,7.35,Muriel,both
CNT003500,2026-03-22,P023,Maker's Mark,10.35,Muriel,both
CNT003501,2026-03-22,P024,Glenfiddich 12,10.52,Muriel,inside
CNT003502,2026-03-22,P025,Bacardi Carta Blanca,7.84,Muriel,both
CNT003503,2026-03-22,P026,Havana Club 3,7.95,Muriel,both
CNT003504,2026-03-22,P027,Captain Morgan,6.23,Muriel,both
CNT003505,2026-03-22,P028,Diplomatico Reserva,12.57,Muriel,both
CNT003506,2026-03-22,P029,Jose Cuervo,9.34,Muriel,both
CNT003507,2026-03-22,P030,Olmeca Blanco,9.83,Muriel,both
CNT003508,2026-03-22,P031,Patron Silver,3.97,Muriel,inside
CNT003509,2026-03-22,P032,Don Julio Blanco,9.49,Muriel,both
CNT003510,2026-03-22,P033,Aperol,18.43,Muriel,outside
CNT003511,2026-03-22,P034,Campari,7.67,Muriel,both
CNT003512,2026-03-22,P035,Cointreau,9.77,Muriel,both
CNT003513,2026-03-22,P036,Kahlua,12.49,Muriel,both
CNT003514,2026-03-22,P037,Martini Rosso,10.0,Muriel,inside
CNT003515,2026-03-22,P038,House Red Wine,19.77,Muriel,both
CNT003516,2026-03-22,P039,House White Wine,24.52,Muriel,both
CNT003517,2026-03-22,P040,Rose Wine,22.8,Muriel,both
CNT003518,2026-03-22,P041,Prosecco,15.02,Muriel,both
CNT003519,2026-03-22,P042,Chardonnay,14.84,Muriel,both
CNT003520,2026-03-22,P043,Coca-Cola,35.4,Muriel,both
CNT003521,2026-03-22,P044,Coca-Cola Zero,39.6,Muriel,both
CNT003522,2026-03-22,P045,Sprite,27.2,Muriel,both
CNT003523,2026-03-22,P046,Tonic Water,24.82,Muriel,both
CNT003524,2026-03-22,P047,Soda Water,20.68,Muriel,both
CNT003525,2026-03-22,P048,Red Bull,36.07,Muriel,both
CNT003526,2026-03-22,P049,Ginger Beer,19.2,Muriel,both
CNT003527,2026-03-22,P050,Orange Juice,4.0,Muriel,both
CNT003528,2026-03-22,P051,Cranberry Juice,4.0,Muriel,both
CNT003529,2026-03-22,P052,Lime Juice,8.08,Muriel,both
CNT003530,2026-03-22,P053,Lemon Juice,7.6,Muriel,both
CNT003531,2026-03-22,P054,Sugar Syrup,7.34,Muriel,both
CNT003532,2026-03-22,P055,Fresh Mint,4.31,Muriel,both
CNT003533,2026-03-22,P056,Coffee Beans,2.73,Muriel,inside
CNT003534,2026-03-22,K001,Carlsberg 50L,4.37,Muriel,inside
CNT003535,2026-03-22,K002,Tuborg 50L,4.07,Muriel,inside
CNT003536,2026-03-22,K003,Carlsberg 30L,5.77,Muriel,outside
CNT003537,2026-03-22,K004,Malka 30L,5.14,Muriel,outside
CNT003538,2026-03-22,K005,Weihenstephan 30L,4.18,Muriel,outside
CNT003539,2026-03-25,P001,Carlsberg,63.4,Shir,both
CNT003540,2026-03-25,P002,Heineken,52.6,Shir,both
CNT003541,2026-03-25,P003,Corona,59.11,Shir,both
CNT003542,2026-03-25,P004,Guinness,24.6,Shir,both
CNT003543,2026-03-25,P005,Goldstar,51.6,Shir,both
CNT003544,2026-03-25,P006,Maccabee,47.0,Shir,both
CNT003545,2026-03-25,P007,Stella Artois,51.4,Shir,both
CNT003546,2026-03-25,P008,Erdinger,29.2,Shir,both
CNT003547,2026-03-25,P009,Bombay Sapphire,4.51,Shir,both
CNT003548,2026-03-25,P010,Tanqueray,6.92,Shir,both
CNT003549,2026-03-25,P011,Hendrick's,16.29,Shir,both
CNT003550,2026-03-25,P012,Beefeater,8.98,Shir,both
CNT003551,2026-03-25,P013,Gordon's,17.8,Shir,both
CNT003552,2026-03-25,P014,Absolut,12.66,Shir,both
CNT003553,2026-03-25,P015,Finlandia,9.58,Shir,both
CNT003554,2026-03-25,P016,Grey Goose,4.77,Shir,both
CNT003555,2026-03-25,P017,Belvedere,10.26,Shir,both
CNT003556,2026-03-25,P018,Stolichnaya,9.58,Shir,both
CNT003557,2026-03-25,P019,Jameson,12.02,Shir,both
CNT003558,2026-03-25,P020,Jack Daniel's,11.28,Shir,both
CNT003559,2026-03-25,P021,Johnnie Walker Black,3.99,Shir,both
CNT003560,2026-03-25,P022,Chivas Regal,7.0,Shir,both
CNT003561,2026-03-25,P023,Maker's Mark,10.0,Shir,both
CNT003562,2026-03-25,P024,Glenfiddich 12,10.26,Shir,inside
CNT003563,2026-03-25,P025,Bacardi Carta Blanca,15.15,Shir,both
CNT003564,2026-03-25,P026,Havana Club 3,7.52,Shir,both
CNT003565,2026-03-25,P027,Captain Morgan,5.89,Shir,both
CNT003566,2026-03-25,P028,Diplomatico Reserva,12.4,Shir,both
CNT003567,2026-03-25,P029,Jose Cuervo,8.58,Shir,both
CNT003568,2026-03-25,P030,Olmeca Blanco,9.83,Shir,both
CNT003569,2026-03-25,P031,Patron Silver,13.61,Shir,inside
CNT003570,2026-03-25,P032,Don Julio Blanco,9.06,Shir,both
CNT003571,2026-03-25,P033,Aperol,14.31,Shir,outside
CNT003572,2026-03-25,P034,Campari,6.58,Shir,both
CNT003573,2026-03-25,P035,Cointreau,8.59,Shir,both
CNT003574,2026-03-25,P036,Kahlua,11.41,Shir,both
CNT003575,2026-03-25,P037,Martini Rosso,9.27,Shir,inside
CNT003576,2026-03-25,P038,House Red Wine,15.13,Shir,both
CNT003577,2026-03-25,P039,House White Wine,20.04,Shir,both
CNT003578,2026-03-25,P040,Rose Wine,21.8,Shir,both
CNT003579,2026-03-25,P041,Prosecco,20.26,Shir,both
CNT003580,2026-03-25,P042,Chardonnay,13.64,Shir,both
CNT003581,2026-03-25,P043,Coca-Cola,78.0,Shir,both
CNT003582,2026-03-25,P044,Coca-Cola Zero,47.6,Shir,both
CNT003583,2026-03-25,P045,Sprite,30.2,Shir,both
CNT003584,2026-03-25,P046,Tonic Water,51.82,Shir,both
CNT003585,2026-03-25,P047,Soda Water,49.3,Shir,both
CNT003586,2026-03-25,P048,Red Bull,44.8,Shir,both
CNT003587,2026-03-25,P049,Ginger Beer,38.2,Shir,both
CNT003588,2026-03-25,P050,Orange Juice,4.0,Shir,both
CNT003589,2026-03-25,P051,Cranberry Juice,4.0,Shir,both
CNT003590,2026-03-25,P052,Lime Juice,6.18,Shir,both
CNT003591,2026-03-25,P053,Lemon Juice,7.25,Shir,both
CNT003592,2026-03-25,P054,Sugar Syrup,6.51,Shir,both
CNT003593,2026-03-25,P055,Fresh Mint,3.95,Shir,both
CNT003594,2026-03-25,P056,Coffee Beans,2.52,Shir,inside
CNT003595,2026-03-25,K001,Carlsberg 50L,3.58,Shir,inside
CNT003596,2026-03-25,K002,Tuborg 50L,4.57,Shir,inside
CNT003597,2026-03-25,K003,Carlsberg 30L,6.36,Shir,outside
CNT003598,2026-03-25,K004,Malka 30L,6.02,Shir,outside
CNT003599,2026-03-25,K005,Weihenstephan 30L,4.35,Shir,outside
CNT003600,2026-03-29,P001,Carlsberg,67.4,Muriel,both
CNT003601,2026-03-29,P002,Heineken,40.6,Muriel,both
CNT003602,2026-03-29,P003,Corona,51.2,Muriel,both
CNT003603,2026-03-29,P004,Guinness,32.6,Muriel,both
CNT003604,2026-03-29,P005,Goldstar,44.6,Muriel,both
CNT003605,2026-03-29,P006,Maccabee,30.0,Muriel,both
CNT003606,2026-03-29,P007,Stella Artois,51.4,Muriel,both
CNT003607,2026-03-29,P008,Erdinger,17.2,Muriel,both
CNT003608,2026-03-29,P009,Bombay Sapphire,3.22,Muriel,both
CNT003609,2026-03-29,P010,Tanqueray,5.89,Muriel,both
CNT003610,2026-03-29,P011,Hendrick's,13.93,Muriel,both
CNT003611,2026-03-29,P012,Beefeater,8.2,Muriel,both
CNT003612,2026-03-29,P013,Gordon's,11.17,Muriel,both
CNT003613,2026-03-29,P014,Absolut,6.92,Muriel,both
CNT003614,2026-03-29,P015,Finlandia,8.8,Muriel,both
CNT003615,2026-03-29,P016,Grey Goose,3.31,Muriel,both
CNT003616,2026-03-29,P017,Belvedere,9.49,Muriel,both
CNT003617,2026-03-29,P018,Stolichnaya,8.8,Muriel,both
CNT003618,2026-03-29,P019,Jameson,9.1,Muriel,both
CNT003619,2026-03-29,P020,Jack Daniel's,8.62,Muriel,both
CNT003620,2026-03-29,P021,Johnnie Walker Black,14.54,Muriel,both
CNT003621,2026-03-29,P022,Chivas Regal,6.06,Muriel,both
CNT003622,2026-03-29,P023,Maker's Mark,9.32,Muriel,both
CNT003623,2026-03-29,P024,Glenfiddich 12,9.49,Muriel,inside
CNT003624,2026-03-29,P025,Bacardi Carta Blanca,6.54,Muriel,both
CNT003625,2026-03-29,P026,Havana Club 3,6.32,Muriel,both
CNT003626,2026-03-29,P027,Captain Morgan,4.86,Muriel,both
CNT003627,2026-03-29,P028,Diplomatico Reserva,12.15,Muriel,both
CNT003628,2026-03-29,P029,Jose Cuervo,6.44,Muriel,both
CNT003629,2026-03-29,P030,Olmeca Blanco,8.89,Muriel,both
CNT003630,2026-03-29,P031,Patron Silver,7.67,Muriel,inside
CNT003631,2026-03-29,P032,Don Julio Blanco,8.46,Muriel,both
CNT003632,2026-03-29,P033,Aperol,17.31,Muriel,outside
CNT003633,2026-03-29,P034,Campari,4.24,Muriel,both
CNT003634,2026-03-29,P035,Cointreau,5.92,Muriel,both
CNT003635,2026-03-29,P036,Kahlua,9.23,Muriel,both
CNT003636,2026-03-29,P037,Martini Rosso,7.43,Muriel,inside
CNT003637,2026-03-29,P038,House Red Wine,17.86,Muriel,both
CNT003638,2026-03-29,P039,House White Wine,10.52,Muriel,both
CNT003639,2026-03-29,P040,Rose Wine,18.2,Muriel,both
CNT003640,2026-03-29,P041,Prosecco,17.98,Muriel,both
CNT003641,2026-03-29,P042,Chardonnay,11.44,Muriel,both
CNT003642,2026-03-29,P043,Coca-Cola,40.4,Muriel,both
CNT003643,2026-03-29,P044,Coca-Cola Zero,35.6,Muriel,both
CNT003644,2026-03-29,P045,Sprite,22.2,Muriel,both
CNT003645,2026-03-29,P046,Tonic Water,38.52,Muriel,both
CNT003646,2026-03-29,P047,Soda Water,40.9,Muriel,both
CNT003647,2026-03-29,P048,Red Bull,14.8,Muriel,both
CNT003648,2026-03-29,P049,Ginger Beer,26.2,Muriel,both
CNT003649,2026-03-29,P050,Orange Juice,4.0,Muriel,both
CNT003650,2026-03-29,P051,Cranberry Juice,4.0,Muriel,both
CNT003651,2026-03-29,P052,Lime Juice,8.4,Muriel,both
CNT003652,2026-03-29,P053,Lemon Juice,6.6,Muriel,both
CNT003653,2026-03-29,P054,Sugar Syrup,4.93,Muriel,both
CNT003654,2026-03-29,P055,Fresh Mint,3.29,Muriel,both
CNT003655,2026-03-29,P056,Coffee Beans,8.08,Muriel,inside
CNT003656,2026-03-29,K001,Carlsberg 50L,5.28,Muriel,inside
CNT003657,2026-03-29,K002,Tuborg 50L,3.06,Muriel,inside
CNT003658,2026-03-29,K003,Carlsberg 30L,5.4,Muriel,outside
CNT003659,2026-03-29,K004,Malka 30L,4.45,Muriel,outside
CNT003660,2026-03-29,K005,Weihenstephan 30L,4.49,Muriel,outside
CNT003661,2026-04-01,P001,Carlsberg,63.4,Maya,both
CNT003662,2026-04-01,P002,Heineken,51.6,Maya,both
CNT003663,2026-04-01,P003,Corona,64.2,Maya,both
CNT003664,2026-04-01,P004,Guinness,49.6,Maya,both
CNT003665,2026-04-01,P005,Goldstar,51.6,Maya,both
CNT003666,2026-04-01,P006,Maccabee,46.0,Maya,both
CNT003667,2026-04-01,P007,Stella Artois,39.4,Maya,both
CNT003668,2026-04-01,P008,Erdinger,36.2,Maya,both
CNT003669,2026-04-01,P009,Bombay Sapphire,14.62,Maya,both
CNT003670,2026-04-01,P010,Tanqueray,5.37,Maya,both
CNT003671,2026-04-01,P011,Hendrick's,12.56,Maya,both
CNT003672,2026-04-01,P012,Beefeater,7.95,Maya,both
CNT003673,2026-04-01,P013,Gordon's,20.43,Maya,both
CNT003674,2026-04-01,P014,Absolut,16.67,Maya,both
CNT003675,2026-04-01,P015,Finlandia,8.63,Maya,both
CNT003676,2026-04-01,P016,Grey Goose,14.62,Maya,both
CNT003677,2026-04-01,P017,Belvedere,9.23,Maya,both
CNT003678,2026-04-01,P018,Stolichnaya,8.55,Maya,both
CNT003679,2026-04-01,P019,Jameson,7.73,Maya,both
CNT003680,2026-04-01,P020,Jack Daniel's,8.19,Maya,both
CNT003681,2026-04-01,P021,Johnnie Walker Black,13.94,Maya,both
CNT003682,2026-04-01,P022,Chivas Regal,5.72,Maya,both
CNT003683,2026-04-01,P023,Maker's Mark,8.98,Maya,both
CNT003684,2026-04-01,P024,Glenfiddich 12,9.32,Maya,inside
CNT003685,2026-04-01,P025,Bacardi Carta Blanca,13.98,Maya,both
CNT003686,2026-04-01,P026,Havana Club 3,5.8,Maya,both
CNT003687,2026-04-01,P027,Captain Morgan,4.35,Maya,both
CNT003688,2026-04-01,P028,Diplomatico Reserva,12.06,Maya,both
CNT003689,2026-04-01,P029,Jose Cuervo,5.6,Maya,both
CNT003690,2026-04-01,P030,Olmeca Blanco,8.63,Maya,both
CNT003691,2026-04-01,P031,Patron Silver,18.09,Maya,inside
CNT003692,2026-04-01,P032,Don Julio Blanco,8.2,Maya,both
CNT003693,2026-04-01,P033,Aperol,13.37,Maya,outside
CNT003694,2026-04-01,P034,Campari,15.21,Maya,both
CNT003695,2026-04-01,P035,Cointreau,5.15,Maya,both
CNT003696,2026-04-01,P036,Kahlua,7.98,Maya,both
CNT003697,2026-04-01,P037,Martini Rosso,6.75,Maya,inside
CNT003698,2026-04-01,P038,House Red Wine,14.69,Maya,both
CNT003699,2026-04-01,P039,House White Wine,19.35,Maya,both
CNT003700,2026-04-01,P040,Rose Wine,17.8,Maya,both
CNT003701,2026-04-01,P041,Prosecco,23.14,Maya,both
CNT003702,2026-04-01,P042,Chardonnay,10.84,Maya,both
CNT003703,2026-04-01,P043,Coca-Cola,83.2,Maya,both
CNT003704,2026-04-01,P044,Coca-Cola Zero,45.6,Maya,both
CNT003705,2026-04-01,P045,Sprite,60.03,Maya,both
CNT003706,2026-04-01,P046,Tonic Water,50.42,Maya,both
CNT003707,2026-04-01,P047,Soda Water,50.82,Maya,both
CNT003708,2026-04-01,P048,Red Bull,53.8,Maya,both
CNT003709,2026-04-01,P049,Ginger Beer,20.2,Maya,both
CNT003710,2026-04-01,P050,Orange Juice,4.0,Maya,both
CNT003711,2026-04-01,P051,Cranberry Juice,4.24,Maya,both
CNT003712,2026-04-01,P052,Lime Juice,7.0,Maya,both
CNT003713,2026-04-01,P053,Lemon Juice,6.3,Maya,both
CNT003714,2026-04-01,P054,Sugar Syrup,4.13,Maya,both
CNT003715,2026-04-01,P055,Fresh Mint,3.1,Maya,both
CNT003716,2026-04-01,P056,Coffee Beans,7.88,Maya,inside
CNT003717,2026-04-01,K001,Carlsberg 50L,4.83,Maya,inside
CNT003718,2026-04-01,K002,Tuborg 50L,4.3,Maya,inside
CNT003719,2026-04-01,K003,Carlsberg 30L,5.21,Maya,outside
CNT003720,2026-04-01,K004,Malka 30L,5.26,Maya,outside
CNT003721,2026-04-01,K005,Weihenstephan 30L,4.92,Maya,outside
CNT003722,2026-04-05,P001,Carlsberg,14.4,Roei,both
CNT003723,2026-04-05,P002,Heineken,55.6,Roei,both
CNT003724,2026-04-05,P003,Corona,51.2,Roei,both
CNT003725,2026-04-05,P004,Guinness,31.6,Roei,both
CNT003726,2026-04-05,P005,Goldstar,63.6,Roei,both
CNT003727,2026-04-05,P006,Maccabee,45.0,Roei,both
CNT003728,2026-04-05,P007,Stella Artois,34.4,Roei,both
CNT003729,2026-04-05,P008,Erdinger,24.3,Roei,both
CNT003730,2026-04-05,P009,Bombay Sapphire,13.0,Roei,both
CNT003731,2026-04-05,P010,Tanqueray,4.17,Roei,both
CNT003732,2026-04-05,P011,Hendrick's,9.77,Roei,both
CNT003733,2026-04-05,P012,Beefeater,7.0,Roei,both
CNT003734,2026-04-05,P013,Gordon's,13.02,Roei,both
CNT003735,2026-04-05,P014,Absolut,10.75,Roei,both
CNT003736,2026-04-05,P015,Finlandia,7.86,Roei,both
CNT003737,2026-04-05,P016,Grey Goose,13.0,Roei,both
CNT003738,2026-04-05,P017,Belvedere,8.55,Roei,both
CNT003739,2026-04-05,P018,Stolichnaya,7.78,Roei,both
CNT003740,2026-04-05,P019,Jameson,17.07,Roei,both
CNT003741,2026-04-05,P020,Jack Daniel's,5.7,Roei,both
CNT003742,2026-04-05,P021,Johnnie Walker Black,12.57,Roei,both
CNT003743,2026-04-05,P022,Chivas Regal,4.6,Roei,both
CNT003744,2026-04-05,P023,Maker's Mark,8.12,Roei,both
CNT003745,2026-04-05,P024,Glenfiddich 12,8.63,Roei,inside
CNT003746,2026-04-05,P025,Bacardi Carta Blanca,16.88,Roei,both
CNT003747,2026-04-05,P026,Havana Club 3,4.86,Roei,both
CNT003748,2026-04-05,P027,Captain Morgan,3.4,Roei,both
CNT003749,2026-04-05,P028,Diplomatico Reserva,11.72,Roei,both
CNT003750,2026-04-05,P029,Jose Cuervo,3.62,Roei,both
CNT003751,2026-04-05,P030,Olmeca Blanco,7.95,Roei,both
CNT003752,2026-04-05,P031,Patron Silver,12.36,Roei,inside
CNT003753,2026-04-05,P032,Don Julio Blanco,7.35,Roei,both
CNT003754,2026-04-05,P033,Aperol,16.71,Roei,outside
CNT003755,2026-04-05,P034,Campari,12.77,Roei,both
CNT003756,2026-04-05,P035,Cointreau,14.29,Roei,both
CNT003757,2026-04-05,P036,Kahlua,6.09,Roei,both
CNT003758,2026-04-05,P037,Martini Rosso,4.73,Roei,inside
CNT003759,2026-04-05,P038,House Red Wine,18.88,Roei,both
CNT003760,2026-04-05,P039,House White Wine,21.59,Roei,both
CNT003761,2026-04-05,P040,Rose Wine,13.0,Roei,both
CNT003762,2026-04-05,P041,Prosecco,8.62,Roei,both
CNT003763,2026-04-05,P042,Chardonnay,8.44,Roei,both
CNT003764,2026-04-05,P043,Coca-Cola,27.8,Roei,both
CNT003765,2026-04-05,P044,Coca-Cola Zero,29.6,Roei,both
CNT003766,2026-04-05,P045,Sprite,29.99,Roei,both
CNT003767,2026-04-05,P046,Tonic Water,31.92,Roei,both
CNT003768,2026-04-05,P047,Soda Water,38.36,Roei,both
CNT003769,2026-04-05,P048,Red Bull,23.8,Roei,both
CNT003770,2026-04-05,P049,Ginger Beer,33.2,Roei,both
CNT003771,2026-04-05,P050,Orange Juice,4.0,Roei,both
CNT003772,2026-04-05,P051,Cranberry Juice,4.0,Roei,both
CNT003773,2026-04-05,P052,Lime Juice,9.12,Roei,both
CNT003774,2026-04-05,P053,Lemon Juice,5.7,Roei,both
CNT003775,2026-04-05,P054,Sugar Syrup,8.49,Roei,both
CNT003776,2026-04-05,P055,Fresh Mint,8.28,Roei,both
CNT003777,2026-04-05,P056,Coffee Beans,7.42,Roei,inside
CNT003778,2026-04-05,K001,Carlsberg 50L,4.71,Roei,inside
CNT003779,2026-04-05,K002,Tuborg 50L,4.68,Roei,inside
CNT003780,2026-04-05,K003,Carlsberg 30L,2.86,Roei,outside
CNT003781,2026-04-05,K004,Malka 30L,4.08,Roei,outside
CNT003782,2026-04-05,K005,Weihenstephan 30L,4.14,Roei,outside
CNT003783,2026-04-08,P001,Carlsberg,73.4,Roei,both
CNT003784,2026-04-08,P002,Heineken,61.6,Roei,both
CNT003785,2026-04-08,P003,Corona,61.2,Roei,both
CNT003786,2026-04-08,P004,Guinness,49.6,Roei,both
CNT003787,2026-04-08,P005,Goldstar,67.6,Roei,both
CNT003788,2026-04-08,P006,Maccabee,34.0,Roei,both
CNT003789,2026-04-08,P007,Stella Artois,45.4,Roei,both
CNT003790,2026-04-08,P008,Erdinger,19.2,Roei,both
CNT003791,2026-04-08,P009,Bombay Sapphire,12.31,Roei,both
CNT003792,2026-04-08,P010,Tanqueray,3.66,Roei,both
CNT003793,2026-04-08,P011,Hendrick's,8.74,Roei,both
CNT003794,2026-04-08,P012,Beefeater,6.75,Roei,both
CNT003795,2026-04-08,P013,Gordon's,9.67,Roei,both
CNT003796,2026-04-08,P014,Absolut,20.47,Roei,both
CNT003797,2026-04-08,P015,Finlandia,7.6,Roei,both
CNT003798,2026-04-08,P016,Grey Goose,12.19,Roei,both
CNT003799,2026-04-08,P017,Belvedere,8.29,Roei,both
CNT003800,2026-04-08,P018,Stolichnaya,7.52,Roei,both
CNT003801,2026-04-08,P019,Jameson,15.87,Roei,both
CNT003802,2026-04-08,P020,Jack Daniel's,16.68,Roei,both
CNT003803,2026-04-08,P021,Johnnie Walker Black,11.88,Roei,both
CNT003804,2026-04-08,P022,Chivas Regal,4.26,Roei,both
CNT003805,2026-04-08,P023,Maker's Mark,7.86,Roei,both
CNT003806,2026-04-08,P024,Glenfiddich 12,8.29,Roei,inside
CNT003807,2026-04-08,P025,Bacardi Carta Blanca,13.4,Roei,both
CNT003808,2026-04-08,P026,Havana Club 3,4.35,Roei,both
CNT003809,2026-04-08,P027,Captain Morgan,15.29,Roei,both
CNT003810,2026-04-08,P028,Diplomatico Reserva,11.55,Roei,both
CNT003811,2026-04-08,P029,Jose Cuervo,14.96,Roei,both
CNT003812,2026-04-08,P030,Olmeca Blanco,7.69,Roei,both
CNT003813,2026-04-08,P031,Patron Silver,9.87,Roei,inside
CNT003814,2026-04-08,P032,Don Julio Blanco,7.0,Roei,both
CNT003815,2026-04-08,P033,Aperol,13.03,Roei,outside
CNT003816,2026-04-08,P034,Campari,11.66,Roei,both
CNT003817,2026-04-08,P035,Cointreau,12.9,Roei,both
CNT003818,2026-04-08,P036,Kahlua,5.18,Roei,both
CNT003819,2026-04-08,P037,Martini Rosso,3.88,Roei,inside
CNT003820,2026-04-08,P038,House Red Wine,16.68,Roei,both
CNT003821,2026-04-08,P039,House White Wine,15.98,Roei,both
CNT003822,2026-04-08,P040,Rose Wine,11.2,Roei,both
CNT003823,2026-04-08,P041,Prosecco,26.46,Roei,both
CNT003824,2026-04-08,P042,Chardonnay,7.64,Roei,both
CNT003825,2026-04-08,P043,Coca-Cola,76.9,Roei,both
CNT003826,2026-04-08,P044,Coca-Cola Zero,62.6,Roei,both
CNT003827,2026-04-08,P045,Sprite,41.2,Roei,both
CNT003828,2026-04-08,P046,Tonic Water,62.42,Roei,both
CNT003829,2026-04-08,P047,Soda Water,45.84,Roei,both
CNT003830,2026-04-08,P048,Red Bull,35.8,Roei,both
CNT003831,2026-04-08,P049,Ginger Beer,30.2,Roei,both
CNT003832,2026-04-08,P050,Orange Juice,4.0,Roei,both
CNT003833,2026-04-08,P051,Cranberry Juice,4.0,Roei,both
CNT003834,2026-04-08,P052,Lime Juice,7.54,Roei,both
CNT003835,2026-04-08,P053,Lemon Juice,5.47,Roei,both
CNT003836,2026-04-08,P054,Sugar Syrup,7.86,Roei,both
CNT003837,2026-04-08,P055,Fresh Mint,8.03,Roei,both
CNT003838,2026-04-08,P056,Coffee Beans,7.21,Roei,inside
CNT003839,2026-04-08,K001,Carlsberg 50L,4.84,Roei,inside
CNT003840,2026-04-08,K002,Tuborg 50L,4.16,Roei,inside
CNT003841,2026-04-08,K003,Carlsberg 30L,6.5,Roei,outside
CNT003842,2026-04-08,K004,Malka 30L,6.03,Roei,outside
CNT003843,2026-04-08,K005,Weihenstephan 30L,4.37,Roei,outside
CNT003844,2026-04-12,P001,Carlsberg,42.4,Maya,both
CNT003845,2026-04-12,P002,Heineken,45.6,Maya,both
CNT003846,2026-04-12,P003,Corona,53.2,Maya,both
CNT003847,2026-04-12,P004,Guinness,31.6,Maya,both
CNT003848,2026-04-12,P005,Goldstar,49.6,Maya,both
CNT003849,2026-04-12,P006,Maccabee,34.0,Maya,both
CNT003850,2026-04-12,P007,Stella Artois,40.67,Maya,both
CNT003851,2026-04-12,P008,Erdinger,29.2,Maya,both
CNT003852,2026-04-12,P009,Bombay Sapphire,10.51,Maya,both
CNT003853,2026-04-12,P010,Tanqueray,14.37,Maya,both
CNT003854,2026-04-12,P011,Hendrick's,6.04,Maya,both
CNT003855,2026-04-12,P012,Beefeater,5.8,Maya,both
CNT003856,2026-04-12,P013,Gordon's,14.51,Maya,both
CNT003857,2026-04-12,P014,Absolut,14.04,Maya,both
CNT003858,2026-04-12,P015,Finlandia,7.0,Maya,both
CNT003859,2026-04-12,P016,Grey Goose,11.94,Maya,both
CNT003860,2026-04-12,P017,Belvedere,7.52,Maya,both
CNT003861,2026-04-12,P018,Stolichnaya,6.75,Maya,both
CNT003862,2026-04-12,P019,Jameson,12.62,Maya,both
CNT003863,2026-04-12,P020,Jack Daniel's,13.93,Maya,both
CNT003864,2026-04-12,P021,Johnnie Walker Black,10.77,Maya,both
CNT003865,2026-04-12,P022,Chivas Regal,3.06,Maya,both
CNT003866,2026-04-12,P023,Maker's Mark,7.01,Maya,both
CNT003867,2026-04-12,P024,Glenfiddich 12,7.6,Maya,inside
CNT003868,2026-04-12,P025,Bacardi Carta Blanca,15.39,Maya,both
CNT003869,2026-04-12,P026,Havana Club 3,3.23,Maya,both
CNT003870,2026-04-12,P027,Captain Morgan,13.73,Maya,both
CNT003871,2026-04-12,P028,Diplomatico Reserva,11.2,Maya,both
CNT003872,2026-04-12,P029,Jose Cuervo,12.69,Maya,both
CNT003873,2026-04-12,P030,Olmeca Blanco,7.0,Maya,both
CNT003874,2026-04-12,P031,Patron Silver,16.37,Maya,inside
CNT003875,2026-04-12,P032,Don Julio Blanco,6.32,Maya,both
CNT003876,2026-04-12,P033,Aperol,16.11,Maya,outside
CNT003877,2026-04-12,P034,Campari,8.79,Maya,both
CNT003878,2026-04-12,P035,Cointreau,10.29,Maya,both
CNT003879,2026-04-12,P036,Kahlua,2.81,Maya,both
CNT003880,2026-04-12,P037,Martini Rosso,13.78,Maya,inside
CNT003881,2026-04-12,P038,House Red Wine,19.65,Maya,both
CNT003882,2026-04-12,P039,House White Wine,17.98,Maya,both
CNT003883,2026-04-12,P040,Rose Wine,6.8,Maya,both
CNT003884,2026-04-12,P041,Prosecco,24.1,Maya,both
CNT003885,2026-04-12,P042,Chardonnay,5.04,Maya,both
CNT003886,2026-04-12,P043,Coca-Cola,24.2,Maya,both
CNT003887,2026-04-12,P044,Coca-Cola Zero,25.6,Maya,both
CNT003888,2026-04-12,P045,Sprite,22.2,Maya,both
CNT003889,2026-04-12,P046,Tonic Water,22.22,Maya,both
CNT003890,2026-04-12,P047,Soda Water,33.18,Maya,both
CNT003891,2026-04-12,P048,Red Bull,25.8,Maya,both
CNT003892,2026-04-12,P049,Ginger Beer,17.2,Maya,both
CNT003893,2026-04-12,P050,Orange Juice,4.0,Maya,both
CNT003894,2026-04-12,P051,Cranberry Juice,4.0,Maya,both
CNT003895,2026-04-12,P052,Lime Juice,3.67,Maya,both
CNT003896,2026-04-12,P053,Lemon Juice,4.8,Maya,both
CNT003897,2026-04-12,P054,Sugar Syrup,6.04,Maya,both
CNT003898,2026-04-12,P055,Fresh Mint,7.28,Maya,both
CNT003899,2026-04-12,P056,Coffee Beans,6.79,Maya,inside
CNT003900,2026-04-12,K001,Carlsberg 50L,4.79,Maya,inside
CNT003901,2026-04-12,K002,Tuborg 50L,4.13,Maya,inside
CNT003902,2026-04-12,K003,Carlsberg 30L,5.28,Maya,outside
CNT003903,2026-04-12,K004,Malka 30L,4.25,Maya,outside
CNT003904,2026-04-12,K005,Weihenstephan 30L,4.75,Maya,outside
CNT003905,2026-04-15,P001,Carlsberg,75.68,Tomer,both
CNT003906,2026-04-15,P002,Heineken,52.6,Tomer,both
CNT003907,2026-04-15,P003,Corona,63.2,Tomer,both
CNT003908,2026-04-15,P004,Guinness,21.6,Tomer,both
CNT003909,2026-04-15,P005,Goldstar,56.6,Tomer,both
CNT003910,2026-04-15,P006,Maccabee,50.0,Tomer,both
CNT003911,2026-04-15,P007,Stella Artois,55.4,Tomer,both
CNT003912,2026-04-15,P008,Erdinger,25.2,Tomer,both
CNT003913,2026-04-15,P009,Bombay Sapphire,10.0,Tomer,both
CNT003914,2026-04-15,P010,Tanqueray,13.86,Tomer,both
CNT003915,2026-04-15,P011,Hendrick's,16.71,Tomer,both
CNT003916,2026-04-15,P012,Beefeater,5.46,Tomer,both
CNT003917,2026-04-15,P013,Gordon's,10.82,Tomer,both
CNT003918,2026-04-15,P014,Absolut,11.31,Tomer,both
CNT003919,2026-04-15,P015,Finlandia,6.75,Tomer,both
CNT003920,2026-04-15,P016,Grey Goose,10.34,Tomer,both
CNT003921,2026-04-15,P017,Belvedere,6.99,Tomer,both
CNT003922,2026-04-15,P018,Stolichnaya,6.49,Tomer,both
CNT003923,2026-04-15,P019,Jameson,11.25,Tomer,both
CNT003924,2026-04-15,P020,Jack Daniel's,13.08,Tomer,both
CNT003925,2026-04-15,P021,Johnnie Walker Black,10.25,Tomer,both
CNT003926,2026-04-15,P022,Chivas Regal,14.55,Tomer,both
CNT003927,2026-04-15,P023,Maker's Mark,6.66,Tomer,both
CNT003928,2026-04-15,P024,Glenfiddich 12,7.26,Tomer,inside
CNT003929,2026-04-15,P025,Bacardi Carta Blanca,22.89,Tomer,both
CNT003930,2026-04-15,P026,Havana Club 3,14.72,Tomer,both
CNT003931,2026-04-15,P027,Captain Morgan,13.43,Tomer,both
CNT003932,2026-04-15,P028,Diplomatico Reserva,11.03,Tomer,both
CNT003933,2026-04-15,P029,Jose Cuervo,11.9,Tomer,both
CNT003934,2026-04-15,P030,Olmeca Blanco,6.66,Tomer,both
CNT003935,2026-04-15,P031,Patron Silver,13.86,Tomer,inside
CNT003936,2026-04-15,P032,Don Julio Blanco,5.81,Tomer,both
CNT003937,2026-04-15,P033,Aperol,23.83,Tomer,outside
CNT003938,2026-04-15,P034,Campari,7.63,Tomer,both
CNT003939,2026-04-15,P035,Cointreau,9.32,Tomer,both
CNT003940,2026-04-15,P036,Kahlua,13.89,Tomer,both
CNT003941,2026-04-15,P037,Martini Rosso,12.96,Tomer,inside
CNT003942,2026-04-15,P038,House Red Wine,13.8,Tomer,both
CNT003943,2026-04-15,P039,House White Wine,25.34,Tomer,both
CNT003944,2026-04-15,P040,Rose Wine,17.0,Tomer,both
CNT003945,2026-04-15,P041,Prosecco,17.02,Tomer,both
CNT003946,2026-04-15,P042,Chardonnay,15.44,Tomer,both
CNT003947,2026-04-15,P043,Coca-Cola,78.2,Tomer,both
CNT003948,2026-04-15,P044,Coca-Cola Zero,52.81,Tomer,both
CNT003949,2026-04-15,P045,Sprite,51.94,Tomer,both
CNT003950,2026-04-15,P046,Tonic Water,50.72,Tomer,both
CNT003951,2026-04-15,P047,Soda Water,39.86,Tomer,both
CNT003952,2026-04-15,P048,Red Bull,33.8,Tomer,both
CNT003953,2026-04-15,P049,Ginger Beer,35.2,Tomer,both
CNT003954,2026-04-15,P050,Orange Juice,4.0,Tomer,both
CNT003955,2026-04-15,P051,Cranberry Juice,4.0,Tomer,both
CNT003956,2026-04-15,P052,Lime Juice,7.86,Tomer,both
CNT003957,2026-04-15,P053,Lemon Juice,4.55,Tomer,both
CNT003958,2026-04-15,P054,Sugar Syrup,5.22,Tomer,both
CNT003959,2026-04-15,P055,Fresh Mint,6.92,Tomer,both
CNT003960,2026-04-15,P056,Coffee Beans,6.5,Tomer,inside
CNT003961,2026-04-15,K001,Carlsberg 50L,4.86,Tomer,inside
CNT003962,2026-04-15,K002,Tuborg 50L,4.34,Tomer,inside
CNT003963,2026-04-15,K003,Carlsberg 30L,7.02,Tomer,outside
CNT003964,2026-04-15,K004,Malka 30L,5.4,Tomer,outside
CNT003965,2026-04-15,K005,Weihenstephan 30L,5.33,Tomer,outside
CNT003966,2026-04-19,P001,Carlsberg,66.4,Tomer,both
CNT003967,2026-04-19,P002,Heineken,45.86,Tomer,both
CNT003968,2026-04-19,P003,Corona,49.2,Tomer,both
CNT003969,2026-04-19,P004,Guinness,20.6,Tomer,both
CNT003970,2026-04-19,P005,Goldstar,10.54,Tomer,both
CNT003971,2026-04-19,P006,Maccabee,22.0,Tomer,both
CNT003972,2026-04-19,P007,Stella Artois,50.4,Tomer,both
CNT003973,2026-04-19,P008,Erdinger,32.2,Tomer,both
CNT003974,2026-04-19,P009,Bombay Sapphire,7.85,Tomer,both
CNT003975,2026-04-19,P010,Tanqueray,12.49,Tomer,both
CNT003976,2026-04-19,P011,Hendrick's,13.07,Tomer,both
CNT003977,2026-04-19,P012,Beefeater,4.52,Tomer,both
CNT003978,2026-04-19,P013,Gordon's,13.71,Tomer,both
CNT003979,2026-04-19,P014,Absolut,15.86,Tomer,both
CNT003980,2026-04-19,P015,Finlandia,5.72,Tomer,both
CNT003981,2026-04-19,P016,Grey Goose,8.62,Tomer,both
CNT003982,2026-04-19,P017,Belvedere,6.41,Tomer,both
CNT003983,2026-04-19,P018,Stolichnaya,5.63,Tomer,both
CNT003984,2026-04-19,P019,Jameson,7.82,Tomer,both
CNT003985,2026-04-19,P020,Jack Daniel's,9.99,Tomer,both
CNT003986,2026-04-19,P021,Johnnie Walker Black,8.28,Tomer,both
CNT003987,2026-04-19,P022,Chivas Regal,13.17,Tomer,both
CNT003988,2026-04-19,P023,Maker's Mark,4.72,Tomer,both
CNT003989,2026-04-19,P024,Glenfiddich 12,6.23,Tomer,inside
CNT003990,2026-04-19,P025,Bacardi Carta Blanca,11.57,Tomer,both
CNT003991,2026-04-19,P026,Havana Club 3,13.26,Tomer,both
CNT003992,2026-04-19,P027,Captain Morgan,12.06,Tomer,both
CNT003993,2026-04-19,P028,Diplomatico Reserva,10.52,Tomer,both
CNT003994,2026-04-19,P029,Jose Cuervo,9.58,Tomer,both
CNT003995,2026-04-19,P030,Olmeca Blanco,5.72,Tomer,both
CNT003996,2026-04-19,P031,Patron Silver,6.92,Tomer,inside
CNT003997,2026-04-19,P032,Don Julio Blanco,4.86,Tomer,both
CNT003998,2026-04-19,P033,Aperol,12.09,Tomer,outside
CNT003999,2026-04-19,P034,Campari,3.24,Tomer,both
CNT004000,2026-04-19,P035,Cointreau,5.82,Tomer,both
CNT004001,2026-04-19,P036,Kahlua,11.21,Tomer,both
CNT004002,2026-04-19,P037,Martini Rosso,10.35,Tomer,inside
CNT004003,2026-04-19,P038,House Red Wine,13.84,Tomer,both
CNT004004,2026-04-19,P039,House White Wine,11.23,Tomer,both
CNT004005,2026-04-19,P040,Rose Wine,11.11,Tomer,both
CNT004006,2026-04-19,P041,Prosecco,21.62,Tomer,both
CNT004007,2026-04-19,P042,Chardonnay,12.64,Tomer,both
CNT004008,2026-04-19,P043,Coca-Cola,17.9,Tomer,both
CNT004009,2026-04-19,P044,Coca-Cola Zero,28.89,Tomer,both
CNT004010,2026-04-19,P045,Sprite,7.2,Tomer,both
CNT004011,2026-04-19,P046,Tonic Water,20.42,Tomer,both
CNT004012,2026-04-19,P047,Soda Water,20.67,Tomer,both
CNT004013,2026-04-19,P048,Red Bull,21.8,Tomer,both
CNT004014,2026-04-19,P049,Ginger Beer,16.2,Tomer,both
CNT004015,2026-04-19,P050,Orange Juice,4.0,Tomer,both
CNT004016,2026-04-19,P051,Cranberry Juice,4.0,Tomer,both
CNT004017,2026-04-19,P052,Lime Juice,3.22,Tomer,both
CNT004018,2026-04-19,P053,Lemon Juice,3.73,Tomer,both
CNT004019,2026-04-19,P054,Sugar Syrup,3.2,Tomer,both
CNT004020,2026-04-19,P055,Fresh Mint,6.1,Tomer,both
CNT004021,2026-04-19,P056,Coffee Beans,5.92,Tomer,inside
CNT004022,2026-04-19,K001,Carlsberg 50L,3.83,Tomer,inside
CNT004023,2026-04-19,K002,Tuborg 50L,4.45,Tomer,inside
CNT004024,2026-04-19,K003,Carlsberg 30L,5.47,Tomer,outside
CNT004025,2026-04-19,K004,Malka 30L,4.67,Tomer,outside
CNT004026,2026-04-19,K005,Weihenstephan 30L,3.58,Tomer,outside
CNT004027,2026-04-22,P001,Carlsberg,68.4,Tomer,both
CNT004028,2026-04-22,P002,Heineken,75.6,Tomer,both
CNT004029,2026-04-22,P003,Corona,58.45,Tomer,both
CNT004030,2026-04-22,P004,Guinness,36.6,Tomer,both
CNT004031,2026-04-22,P005,Goldstar,65.84,Tomer,both
CNT004032,2026-04-22,P006,Maccabee,38.0,Tomer,both
CNT004033,2026-04-22,P007,Stella Artois,43.4,Tomer,both
CNT004034,2026-04-22,P008,Erdinger,26.2,Tomer,both
CNT004035,2026-04-22,P009,Bombay Sapphire,7.0,Tomer,both
CNT004036,2026-04-22,P010,Tanqueray,11.97,Tomer,both
CNT004037,2026-04-22,P011,Hendrick's,11.54,Tomer,both
CNT004038,2026-04-22,P012,Beefeater,4.18,Tomer,both
CNT004039,2026-04-22,P013,Gordon's,10.1,Tomer,both
CNT004040,2026-04-22,P014,Absolut,12.97,Tomer,both
CNT004041,2026-04-22,P015,Finlandia,5.29,Tomer,both
CNT004042,2026-04-22,P016,Grey Goose,7.77,Tomer,both
CNT004043,2026-04-22,P017,Belvedere,6.23,Tomer,both
CNT004044,2026-04-22,P018,Stolichnaya,5.46,Tomer,both
CNT004045,2026-04-22,P019,Jameson,6.36,Tomer,both
CNT004046,2026-04-22,P020,Jack Daniel's,8.28,Tomer,both
CNT004047,2026-04-22,P021,Johnnie Walker Black,7.51,Tomer,both
CNT004048,2026-04-22,P022,Chivas Regal,12.75,Tomer,both
CNT004049,2026-04-22,P023,Maker's Mark,5.38,Tomer,both
CNT004050,2026-04-22,P024,Glenfiddich 12,5.81,Tomer,inside
CNT004051,2026-04-22,P025,Bacardi Carta Blanca,19.5,Tomer,both
CNT004052,2026-04-22,P026,Havana Club 3,12.75,Tomer,both
CNT004053,2026-04-22,P027,Captain Morgan,11.63,Tomer,both
CNT004054,2026-04-22,P028,Diplomatico Reserva,10.35,Tomer,both
CNT004055,2026-04-22,P029,Jose Cuervo,8.45,Tomer,both
CNT004056,2026-04-22,P030,Olmeca Blanco,5.29,Tomer,both
CNT004057,2026-04-22,P031,Patron Silver,16.56,Tomer,inside
CNT004058,2026-04-22,P032,Don Julio Blanco,4.61,Tomer,both
CNT004059,2026-04-22,P033,Aperol,19.71,Tomer,outside
CNT004060,2026-04-22,P034,Campari,14.04,Tomer,both
CNT004061,2026-04-22,P035,Cointreau,4.65,Tomer,both
CNT004062,2026-04-22,P036,Kahlua,10.09,Tomer,both
CNT004063,2026-04-22,P037,Martini Rosso,9.32,Tomer,inside
CNT004064,2026-04-22,P038,House Red Wine,22.18,Tomer,both
CNT004065,2026-04-22,P039,House White Wine,17.82,Tomer,both
CNT004066,2026-04-22,P040,Rose Wine,9.2,Tomer,both
CNT004067,2026-04-22,P041,Prosecco,26.86,Tomer,both
CNT004068,2026-04-22,P042,Chardonnay,11.24,Tomer,both
CNT004069,2026-04-22,P043,Coca-Cola,55.56,Tomer,both
CNT004070,2026-04-22,P044,Coca-Cola Zero,58.6,Tomer,both
CNT004071,2026-04-22,P045,Sprite,38.2,Tomer,both
CNT004072,2026-04-22,P046,Tonic Water,47.92,Tomer,both
CNT004073,2026-04-22,P047,Soda Water,49.08,Tomer,both
CNT004074,2026-04-22,P048,Red Bull,29.8,Tomer,both
CNT004075,2026-04-22,P049,Ginger Beer,33.2,Tomer,both
CNT004076,2026-04-22,P050,Orange Juice,4.0,Tomer,both
CNT004077,2026-04-22,P051,Cranberry Juice,4.0,Tomer,both
CNT004078,2026-04-22,P052,Lime Juice,7.58,Tomer,both
CNT004079,2026-04-22,P053,Lemon Juice,3.45,Tomer,both
CNT004080,2026-04-22,P054,Sugar Syrup,8.44,Tomer,both
CNT004081,2026-04-22,P055,Fresh Mint,5.8,Tomer,both
CNT004082,2026-04-22,P056,Coffee Beans,5.68,Tomer,inside
CNT004083,2026-04-22,K001,Carlsberg 50L,5.18,Tomer,inside
CNT004084,2026-04-22,K002,Tuborg 50L,4.68,Tomer,inside
CNT004085,2026-04-22,K003,Carlsberg 30L,7.3,Tomer,outside
CNT004086,2026-04-22,K004,Malka 30L,4.72,Tomer,outside
CNT004087,2026-04-22,K005,Weihenstephan 30L,4.62,Tomer,outside
CNT004088,2026-04-26,P001,Carlsberg,65.4,Yael,both
CNT004089,2026-04-26,P002,Heineken,56.6,Yael,both
CNT004090,2026-04-26,P003,Corona,44.2,Yael,both
CNT004091,2026-04-26,P004,Guinness,43.6,Yael,both
CNT004092,2026-04-26,P005,Goldstar,45.6,Yael,both
CNT004093,2026-04-26,P006,Maccabee,34.0,Yael,both
CNT004094,2026-04-26,P007,Stella Artois,38.4,Yael,both
CNT004095,2026-04-26,P008,Erdinger,35.2,Yael,both
CNT004096,2026-04-26,P009,Bombay Sapphire,5.62,Yael,both
CNT004097,2026-04-26,P010,Tanqueray,10.95,Yael,both
CNT004098,2026-04-26,P011,Hendrick's,8.44,Yael,both
CNT004099,2026-04-26,P012,Beefeater,3.49,Yael,both
CNT004100,2026-04-26,P013,Gordon's,14.21,Yael,both
CNT004101,2026-04-26,P014,Absolut,5.69,Yael,both
CNT004102,2026-04-26,P015,Finlandia,4.35,Yael,both
CNT004103,2026-04-26,P016,Grey Goose,6.05,Yael,both
CNT004104,2026-04-26,P017,Belvedere,5.55,Yael,both
CNT004105,2026-04-26,P018,Stolichnaya,4.85,Yael,both
CNT004106,2026-04-26,P019,Jameson,14.76,Yael,both
CNT004107,2026-04-26,P020,Jack Daniel's,5.62,Yael,both
CNT004108,2026-04-26,P021,Johnnie Walker Black,5.79,Yael,both
CNT004109,2026-04-26,P022,Chivas Regal,11.37,Yael,both
CNT004110,2026-04-26,P023,Maker's Mark,4.43,Yael,both
CNT004111,2026-04-26,P024,Glenfiddich 12,4.95,Yael,inside
CNT004112,2026-04-26,P025,Bacardi Carta Blanca,8.39,Yael,both
CNT004113,2026-04-26,P026,Havana Club 3,11.38,Yael,both
CNT004114,2026-04-26,P027,Captain Morgan,10.35,Yael,both
CNT004115,2026-04-26,P028,Diplomatico Reserva,9.92,Yael,both
CNT004116,2026-04-26,P029,Jose Cuervo,6.02,Yael,both
CNT004117,2026-04-26,P030,Olmeca Blanco,4.52,Yael,both
CNT004118,2026-04-26,P031,Patron Silver,9.95,Yael,inside
CNT004119,2026-04-26,P032,Don Julio Blanco,3.83,Yael,both
CNT004120,2026-04-26,P033,Aperol,8.57,Yael,outside
CNT004121,2026-04-26,P034,Campari,10.7,Yael,both
CNT004122,2026-04-26,P035,Cointreau,13.57,Yael,both
CNT004123,2026-04-26,P036,Kahlua,7.83,Yael,both
CNT004124,2026-04-26,P037,Martini Rosso,6.92,Yael,inside
CNT004125,2026-04-26,P038,House Red Wine,10.47,Yael,both
CNT004126,2026-04-26,P039,House White Wine,16.64,Yael,both
CNT004127,2026-04-26,P040,Rose Wine,16.4,Yael,both
CNT004128,2026-04-26,P041,Prosecco,21.02,Yael,both
CNT004129,2026-04-26,P042,Chardonnay,8.44,Yael,both
CNT004130,2026-04-26,P043,Coca-Cola,29.9,Yael,both
CNT004131,2026-04-26,P044,Coca-Cola Zero,13.6,Yael,both
CNT004132,2026-04-26,P045,Sprite,17.2,Yael,both
CNT004133,2026-04-26,P046,Tonic Water,24.02,Yael,both
CNT004134,2026-04-26,P047,Soda Water,29.54,Yael,both
CNT004135,2026-04-26,P048,Red Bull,19.8,Yael,both
CNT004136,2026-04-26,P049,Ginger Beer,17.2,Yael,both
CNT004137,2026-04-26,P050,Orange Juice,4.0,Yael,both
CNT004138,2026-04-26,P051,Cranberry Juice,3.83,Yael,both
CNT004139,2026-04-26,P052,Lime Juice,3.05,Yael,both
CNT004140,2026-04-26,P053,Lemon Juice,2.73,Yael,both
CNT004141,2026-04-26,P054,Sugar Syrup,6.42,Yael,both
CNT004142,2026-04-26,P055,Fresh Mint,4.94,Yael,both
CNT004143,2026-04-26,P056,Coffee Beans,5.16,Yael,inside
CNT004144,2026-04-26,K001,Carlsberg 50L,4.63,Yael,inside
CNT004145,2026-04-26,K002,Tuborg 50L,3.95,Yael,inside
CNT004146,2026-04-26,K003,Carlsberg 30L,5.12,Yael,outside
CNT004147,2026-04-26,K004,Malka 30L,4.71,Yael,outside
CNT004148,2026-04-26,K005,Weihenstephan 30L,4.71,Yael,outside
CNT004149,2026-04-29,P001,Carlsberg,66.11,Roei,both
CNT004150,2026-04-29,P002,Heineken,35.6,Roei,both
CNT004151,2026-04-29,P003,Corona,51.2,Roei,both
CNT004152,2026-04-29,P004,Guinness,36.6,Roei,both
CNT004153,2026-04-29,P005,Goldstar,52.6,Roei,both
CNT004154,2026-04-29,P006,Maccabee,49.0,Roei,both
CNT004155,2026-04-29,P007,Stella Artois,49.4,Roei,both
CNT004156,2026-04-29,P008,Erdinger,27.2,Roei,both
CNT004157,2026-04-29,P009,Bombay Sapphire,4.85,Roei,both
CNT004158,2026-04-29,P010,Tanqueray,10.51,Roei,both
CNT004159,2026-04-29,P011,Hendrick's,7.11,Roei,both
CNT004160,2026-04-29,P012,Beefeater,3.15,Roei,both
CNT004161,2026-04-29,P013,Gordon's,10.41,Roei,both
CNT004162,2026-04-29,P014,Absolut,16.02,Roei,both
CNT004163,2026-04-29,P015,Finlandia,4.24,Roei,both
CNT004164,2026-04-29,P016,Grey Goose,5.45,Roei,both
CNT004165,2026-04-29,P017,Belvedere,5.29,Roei,both
CNT004166,2026-04-29,P018,Stolichnaya,4.24,Roei,both
CNT004167,2026-04-29,P019,Jameson,13.47,Roei,both
CNT004168,2026-04-29,P020,Jack Daniel's,16.33,Roei,both
CNT004169,2026-04-29,P021,Johnnie Walker Black,5.11,Roei,both
CNT004170,2026-04-29,P022,Chivas Regal,10.86,Roei,both
CNT004171,2026-04-29,P023,Maker's Mark,4.09,Roei,both
CNT004172,2026-04-29,P024,Glenfiddich 12,4.52,Roei,inside
CNT004173,2026-04-29,P025,Bacardi Carta Blanca,16.07,Roei,both
CNT004174,2026-04-29,P026,Havana Club 3,10.69,Roei,both
CNT004175,2026-04-29,P027,Captain Morgan,9.55,Roei,both
CNT004176,2026-04-29,P028,Diplomatico Reserva,9.75,Roei,both
CNT004177,2026-04-29,P029,Jose Cuervo,5.34,Roei,both
CNT004178,2026-04-29,P030,Olmeca Blanco,4.26,Roei,both
CNT004179,2026-04-29,P031,Patron Silver,19.95,Roei,inside
CNT004180,2026-04-29,P032,Don Julio Blanco,3.41,Roei,both
CNT004181,2026-04-29,P033,Aperol,15.43,Roei,outside
CNT004182,2026-04-29,P034,Campari,9.11,Roei,both
CNT004183,2026-04-29,P035,Cointreau,12.55,Roei,both
CNT004184,2026-04-29,P036,Kahlua,6.86,Roei,both
CNT004185,2026-04-29,P037,Martini Rosso,5.85,Roei,inside
CNT004186,2026-04-29,P038,House Red Wine,17.68,Roei,both
CNT004187,2026-04-29,P039,House White Wine,23.28,Roei,both
CNT004188,2026-04-29,P040,Rose Wine,14.0,Roei,both
CNT004189,2026-04-29,P041,Prosecco,25.14,Roei,both
CNT004190,2026-04-29,P042,Chardonnay,7.04,Roei,both
CNT004191,2026-04-29,P043,Coca-Cola,64.9,Roei,both
CNT004192,2026-04-29,P044,Coca-Cola Zero,46.52,Roei,both
CNT004193,2026-04-29,P045,Sprite,45.2,Roei,both
CNT004194,2026-04-29,P046,Tonic Water,53.52,Roei,both
CNT004195,2026-04-29,P047,Soda Water,59.86,Roei,both
CNT004196,2026-04-29,P048,Red Bull,58.8,Roei,both
CNT004197,2026-04-29,P049,Ginger Beer,36.09,Roei,both
CNT004198,2026-04-29,P050,Orange Juice,4.0,Roei,both
CNT004199,2026-04-29,P051,Cranberry Juice,4.0,Roei,both
CNT004200,2026-04-29,P052,Lime Juice,7.58,Roei,both
CNT004201,2026-04-29,P053,Lemon Juice,8.47,Roei,both
CNT004202,2026-04-29,P054,Sugar Syrup,5.61,Roei,both
CNT004203,2026-04-29,P055,Fresh Mint,4.6,Roei,both
CNT004204,2026-04-29,P056,Coffee Beans,4.93,Roei,inside
CNT004205,2026-04-29,K001,Carlsberg 50L,5.49,Roei,inside
CNT004206,2026-04-29,K002,Tuborg 50L,5.01,Roei,inside
CNT004207,2026-04-29,K003,Carlsberg 30L,6.5,Roei,outside
CNT004208,2026-04-29,K004,Malka 30L,5.62,Roei,outside
CNT004209,2026-04-29,K005,Weihenstephan 30L,4.87,Roei,outside
CNT004210,2026-05-03,P001,Carlsberg,41.4,Muriel,both
CNT004211,2026-05-03,P002,Heineken,48.6,Muriel,both
CNT004212,2026-05-03,P003,Corona,27.2,Muriel,both
CNT004213,2026-05-03,P004,Guinness,35.6,Muriel,both
CNT004214,2026-05-03,P005,Goldstar,46.6,Muriel,both
CNT004215,2026-05-03,P006,Maccabee,17.0,Muriel,both
CNT004216,2026-05-03,P007,Stella Artois,39.4,Muriel,both
CNT004217,2026-05-03,P008,Erdinger,34.2,Muriel,both
CNT004218,2026-05-03,P009,Bombay Sapphire,2.62,Muriel,both
CNT004219,2026-05-03,P010,Tanqueray,9.06,Muriel,both
CNT004220,2026-05-03,P011,Hendrick's,3.43,Muriel,both
CNT004221,2026-05-03,P012,Beefeater,13.95,Muriel,both
CNT004222,2026-05-03,P013,Gordon's,13.35,Muriel,both
CNT004223,2026-05-03,P014,Absolut,7.29,Muriel,both
CNT004224,2026-05-03,P015,Finlandia,2.98,Muriel,both
CNT004225,2026-05-03,P016,Grey Goose,3.4,Muriel,both
CNT004226,2026-05-03,P017,Belvedere,4.26,Muriel,both
CNT004227,2026-05-03,P018,Stolichnaya,3.32,Muriel,both
CNT004228,2026-05-03,P019,Jameson,9.53,Muriel,both
CNT004229,2026-05-03,P020,Jack Daniel's,12.73,Muriel,both
CNT004230,2026-05-03,P021,Johnnie Walker Black,2.97,Muriel,both
CNT004231,2026-05-03,P022,Chivas Regal,9.57,Muriel,both
CNT004232,2026-05-03,P023,Maker's Mark,3.15,Muriel,both
CNT004233,2026-05-03,P024,Glenfiddich 12,3.49,Muriel,inside
CNT004234,2026-05-03,P025,Bacardi Carta Blanca,12.86,Muriel,both
CNT004235,2026-05-03,P026,Havana Club 3,9.49,Muriel,both
CNT004236,2026-05-03,P027,Captain Morgan,8.29,Muriel,both
CNT004237,2026-05-03,P028,Diplomatico Reserva,9.23,Muriel,both
CNT004238,2026-05-03,P029,Jose Cuervo,2.57,Muriel,both
CNT004239,2026-05-03,P030,Olmeca Blanco,3.32,Muriel,both
CNT004240,2026-05-03,P031,Patron Silver,12.85,Muriel,inside
CNT004241,2026-05-03,P032,Don Julio Blanco,2.46,Muriel,both
CNT004242,2026-05-03,P033,Aperol,15.09,Muriel,outside
CNT004243,2026-05-03,P034,Campari,5.43,Muriel,both
CNT004244,2026-05-03,P035,Cointreau,9.05,Muriel,both
CNT004245,2026-05-03,P036,Kahlua,4.01,Muriel,both
CNT004246,2026-05-03,P037,Martini Rosso,3.1,Muriel,inside
CNT004247,2026-05-03,P038,House Red Wine,16.17,Muriel,both
CNT004248,2026-05-03,P039,House White Wine,7.9,Muriel,both
CNT004249,2026-05-03,P040,Rose Wine,8.0,Muriel,both
CNT004250,2026-05-03,P041,Prosecco,16.94,Muriel,both
CNT004251,2026-05-03,P042,Chardonnay,15.84,Muriel,both
CNT004252,2026-05-03,P043,Coca-Cola,27.5,Muriel,both
CNT004253,2026-05-03,P044,Coca-Cola Zero,16.6,Muriel,both
CNT004254,2026-05-03,P045,Sprite,22.2,Muriel,both
CNT004255,2026-05-03,P046,Tonic Water,22.02,Muriel,both
CNT004256,2026-05-03,P047,Soda Water,12.84,Muriel,both
CNT004257,2026-05-03,P048,Red Bull,13.5,Muriel,both
CNT004258,2026-05-03,P049,Ginger Beer,19.2,Muriel,both
CNT004259,2026-05-03,P050,Orange Juice,4.0,Muriel,both
CNT004260,2026-05-03,P051,Cranberry Juice,4.0,Muriel,both
CNT004261,2026-05-03,P052,Lime Juice,2.07,Muriel,both
CNT004262,2026-05-03,P053,Lemon Juice,7.62,Muriel,both
CNT004263,2026-05-03,P054,Sugar Syrup,3.13,Muriel,both
CNT004264,2026-05-03,P055,Fresh Mint,3.51,Muriel,both
CNT004265,2026-05-03,P056,Coffee Beans,4.33,Muriel,inside
CNT004266,2026-05-03,K001,Carlsberg 50L,4.01,Muriel,inside
CNT004267,2026-05-03,K002,Tuborg 50L,3.86,Muriel,inside
CNT004268,2026-05-03,K003,Carlsberg 30L,4.89,Muriel,outside
CNT004269,2026-05-03,K004,Malka 30L,3.56,Muriel,outside
CNT004270,2026-05-03,K005,Weihenstephan 30L,3.47,Muriel,outside
CNT004271,2026-05-06,P001,Carlsberg,75.4,Maya,both
CNT004272,2026-05-06,P002,Heineken,61.6,Maya,both
CNT004273,2026-05-06,P003,Corona,57.2,Maya,both
CNT004274,2026-05-06,P004,Guinness,30.6,Maya,both
CNT004275,2026-05-06,P005,Goldstar,57.6,Maya,both
CNT004276,2026-05-06,P006,Maccabee,31.0,Maya,both
CNT004277,2026-05-06,P007,Stella Artois,26.4,Maya,both
CNT004278,2026-05-06,P008,Erdinger,28.26,Maya,both
CNT004279,2026-05-06,P009,Bombay Sapphire,13.94,Maya,both
CNT004280,2026-05-06,P010,Tanqueray,8.46,Maya,both
CNT004281,2026-05-06,P011,Hendrick's,14.19,Maya,both
CNT004282,2026-05-06,P012,Beefeater,13.69,Maya,both
CNT004283,2026-05-06,P013,Gordon's,10.51,Maya,both
CNT004284,2026-05-06,P014,Absolut,16.76,Maya,both
CNT004285,2026-05-06,P015,Finlandia,14.72,Maya,both
CNT004286,2026-05-06,P016,Grey Goose,15.03,Maya,both
CNT004287,2026-05-06,P017,Belvedere,3.92,Maya,both
CNT004288,2026-05-06,P018,Stolichnaya,2.98,Maya,both
CNT004289,2026-05-06,P019,Jameson,8.5,Maya,both
CNT004290,2026-05-06,P020,Jack Daniel's,11.88,Maya,both
CNT004291,2026-05-06,P021,Johnnie Walker Black,14.37,Maya,both
CNT004292,2026-05-06,P022,Chivas Regal,9.15,Maya,both
CNT004293,2026-05-06,P023,Maker's Mark,14.81,Maya,both
CNT004294,2026-05-06,P024,Glenfiddich 12,3.17,Maya,inside
CNT004295,2026-05-06,P025,Bacardi Carta Blanca,21.13,Maya,both
CNT004296,2026-05-06,P026,Havana Club 3,8.98,Maya,both
CNT004297,2026-05-06,P027,Captain Morgan,8.0,Maya,both
CNT004298,2026-05-06,P028,Diplomatico Reserva,9.06,Maya,both
CNT004299,2026-05-06,P029,Jose Cuervo,1.68,Maya,both
CNT004300,2026-05-06,P030,Olmeca Blanco,2.8,Maya,both
CNT004301,2026-05-06,P031,Patron Silver,11.56,Maya,inside
CNT004302,2026-05-06,P032,Don Julio Blanco,14.29,Maya,both
CNT004303,2026-05-06,P033,Aperol,24.09,Maya,outside
CNT004304,2026-05-06,P034,Campari,4.36,Maya,both
CNT004305,2026-05-06,P035,Cointreau,8.32,Maya,both
CNT004306,2026-05-06,P036,Kahlua,15.2,Maya,both
CNT004307,2026-05-06,P037,Martini Rosso,14.12,Maya,inside
CNT004308,2026-05-06,P038,House Red Wine,24.05,Maya,both
CNT004309,2026-05-06,P039,House White Wine,16.24,Maya,both
CNT004310,2026-05-06,P040,Rose Wine,18.8,Maya,both
CNT004311,2026-05-06,P041,Prosecco,24.46,Maya,both
CNT004312,2026-05-06,P042,Chardonnay,14.84,Maya,both
CNT004313,2026-05-06,P043,Coca-Cola,79.5,Maya,both
CNT004314,2026-05-06,P044,Coca-Cola Zero,0.0,Maya,both
CNT004315,2026-05-06,P045,Sprite,56.2,Maya,both
CNT004316,2026-05-06,P046,Tonic Water,53.02,Maya,both
CNT004317,2026-05-06,P047,Soda Water,46.1,Maya,both
CNT004318,2026-05-06,P048,Red Bull,50.8,Maya,both
CNT004319,2026-05-06,P049,Ginger Beer,38.2,Maya,both
CNT004320,2026-05-06,P050,Orange Juice,4.0,Maya,both
CNT004321,2026-05-06,P051,Cranberry Juice,4.0,Maya,both
CNT004322,2026-05-06,P052,Lime Juice,7.09,Maya,both
CNT004323,2026-05-06,P053,Lemon Juice,7.38,Maya,both
CNT004324,2026-05-06,P054,Sugar Syrup,8.54,Maya,both
CNT004325,2026-05-06,P055,Fresh Mint,3.29,Maya,both
CNT004326,2026-05-06,P056,Coffee Beans,4.14,Maya,inside
CNT004327,2026-05-06,K001,Carlsberg 50L,5.23,Maya,inside
CNT004328,2026-05-06,K002,Tuborg 50L,4.28,Maya,inside
CNT004329,2026-05-06,K003,Carlsberg 30L,3.51,Maya,outside
CNT004330,2026-05-06,K004,Malka 30L,5.47,Maya,outside
CNT004331,2026-05-06,K005,Weihenstephan 30L,4.82,Maya,outside
CNT004332,2026-05-10,P001,Carlsberg,19.4,Maya,both
CNT004333,2026-05-10,P002,Heineken,42.6,Maya,both
CNT004334,2026-05-10,P003,Corona,41.2,Maya,both
CNT004335,2026-05-10,P004,Guinness,33.81,Maya,both
CNT004336,2026-05-10,P005,Goldstar,36.6,Maya,both
CNT004337,2026-05-10,P006,Maccabee,29.0,Maya,both
CNT004338,2026-05-10,P007,Stella Artois,46.4,Maya,both
CNT004339,2026-05-10,P008,Erdinger,39.2,Maya,both
CNT004340,2026-05-10,P009,Bombay Sapphire,12.38,Maya,both
CNT004341,2026-05-10,P010,Tanqueray,7.35,Maya,both
CNT004342,2026-05-10,P011,Hendrick's,11.01,Maya,both
CNT004343,2026-05-10,P012,Beefeater,12.83,Maya,both
CNT004344,2026-05-10,P013,Gordon's,14.31,Maya,both
CNT004345,2026-05-10,P014,Absolut,9.47,Maya,both
CNT004346,2026-05-10,P015,Finlandia,13.78,Maya,both
CNT004347,2026-05-10,P016,Grey Goose,13.17,Maya,both
CNT004348,2026-05-10,P017,Belvedere,3.15,Maya,both
CNT004349,2026-05-10,P018,Stolichnaya,14.03,Maya,both
CNT004350,2026-05-10,P019,Jameson,5.33,Maya,both
CNT004351,2026-05-10,P020,Jack Daniel's,8.7,Maya,both
CNT004352,2026-05-10,P021,Johnnie Walker Black,12.82,Maya,both
CNT004353,2026-05-10,P022,Chivas Regal,7.86,Maya,both
CNT004354,2026-05-10,P023,Maker's Mark,14.12,Maya,both
CNT004355,2026-05-10,P024,Glenfiddich 12,14.38,Maya,inside
CNT004356,2026-05-10,P025,Bacardi Carta Blanca,8.71,Maya,both
CNT004357,2026-05-10,P026,Havana Club 3,7.78,Maya,both
CNT004358,2026-05-10,P027,Captain Morgan,6.23,Maya,both
CNT004359,2026-05-10,P028,Diplomatico Reserva,8.55,Maya,both
CNT004360,2026-05-10,P029,Jose Cuervo,11.49,Maya,both
CNT004361,2026-05-10,P030,Olmeca Blanco,14.29,Maya,both
CNT004362,2026-05-10,P031,Patron Silver,5.13,Maya,inside
CNT004363,2026-05-10,P032,Don Julio Blanco,13.26,Maya,both
CNT004364,2026-05-10,P033,Aperol,13.29,Maya,outside
CNT004365,2026-05-10,P034,Campari,25.19,Maya,both
CNT004366,2026-05-10,P035,Cointreau,5.15,Maya,both
CNT004367,2026-05-10,P036,Kahlua,12.58,Maya,both
CNT004368,2026-05-10,P037,Martini Rosso,11.8,Maya,inside
CNT004369,2026-05-10,P038,House Red Wine,12.07,Maya,both
CNT004370,2026-05-10,P039,House White Wine,16.78,Maya,both
CNT004371,2026-05-10,P040,Rose Wine,14.2,Maya,both
CNT004372,2026-05-10,P041,Prosecco,19.18,Maya,both
CNT004373,2026-05-10,P042,Chardonnay,12.44,Maya,both
CNT004374,2026-05-10,P043,Coca-Cola,20.7,Maya,both
CNT004375,2026-05-10,P044,Coca-Cola Zero,73.0,Maya,both
CNT004376,2026-05-10,P045,Sprite,18.03,Maya,both
CNT004377,2026-05-10,P046,Tonic Water,27.62,Maya,both
CNT004378,2026-05-10,P047,Soda Water,27.28,Maya,both
CNT004379,2026-05-10,P048,Red Bull,17.8,Maya,both
CNT004380,2026-05-10,P049,Ginger Beer,23.2,Maya,both
CNT004381,2026-05-10,P050,Orange Juice,4.0,Maya,both
CNT004382,2026-05-10,P051,Cranberry Juice,4.0,Maya,both
CNT004383,2026-05-10,P052,Lime Juice,8.32,Maya,both
CNT004384,2026-05-10,P053,Lemon Juice,6.67,Maya,both
CNT004385,2026-05-10,P054,Sugar Syrup,6.53,Maya,both
CNT004386,2026-05-10,P055,Fresh Mint,2.44,Maya,both
CNT004387,2026-05-10,P056,Coffee Beans,3.46,Maya,inside
CNT004388,2026-05-10,K001,Carlsberg 50L,3.83,Maya,inside
CNT004389,2026-05-10,K002,Tuborg 50L,3.36,Maya,inside
CNT004390,2026-05-10,K003,Carlsberg 30L,5.03,Maya,outside
CNT004391,2026-05-10,K004,Malka 30L,4.44,Maya,outside
CNT004392,2026-05-10,K005,Weihenstephan 30L,3.48,Maya,outside
CNT004393,2026-05-13,P001,Carlsberg,65.4,Yael,both
CNT004394,2026-05-13,P002,Heineken,26.6,Yael,both
CNT004395,2026-05-13,P003,Corona,45.2,Yael,both
CNT004396,2026-05-13,P004,Guinness,24.6,Yael,both
CNT004397,2026-05-13,P005,Goldstar,17.6,Yael,both
CNT004398,2026-05-13,P006,Maccabee,44.0,Yael,both
CNT004399,2026-05-13,P007,Stella Artois,56.4,Yael,both
CNT004400,2026-05-13,P008,Erdinger,31.2,Yael,both
CNT004401,2026-05-13,P009,Bombay Sapphire,12.05,Yael,both
CNT004402,2026-05-13,P010,Tanqueray,6.75,Yael,both
CNT004403,2026-05-13,P011,Hendrick's,9.69,Yael,both
CNT004404,2026-05-13,P012,Beefeater,12.49,Yael,both
CNT004405,2026-05-13,P013,Gordon's,10.66,Yael,both
CNT004406,2026-05-13,P014,Absolut,18.38,Yael,both
CNT004407,2026-05-13,P015,Finlandia,13.43,Yael,both
CNT004408,2026-05-13,P016,Grey Goose,12.44,Yael,both
CNT004409,2026-05-13,P017,Belvedere,2.81,Yael,both
CNT004410,2026-05-13,P018,Stolichnaya,13.69,Yael,both
CNT004411,2026-05-13,P019,Jameson,15.96,Yael,both
CNT004412,2026-05-13,P020,Jack Daniel's,6.9,Yael,both
CNT004413,2026-05-13,P021,Johnnie Walker Black,12.14,Yael,both
CNT004414,2026-05-13,P022,Chivas Regal,7.26,Yael,both
CNT004415,2026-05-13,P023,Maker's Mark,13.69,Yael,both
CNT004416,2026-05-13,P024,Glenfiddich 12,13.86,Yael,inside
CNT004417,2026-05-13,P025,Bacardi Carta Blanca,15.45,Yael,both
CNT004418,2026-05-13,P026,Havana Club 3,7.35,Yael,both
CNT004419,2026-05-13,P027,Captain Morgan,5.72,Yael,both
CNT004420,2026-05-13,P028,Diplomatico Reserva,8.37,Yael,both
CNT004421,2026-05-13,P029,Jose Cuervo,10.68,Yael,both
CNT004422,2026-05-13,P030,Olmeca Blanco,13.78,Yael,both
CNT004423,2026-05-13,P031,Patron Silver,14.25,Yael,inside
CNT004424,2026-05-13,P032,Don Julio Blanco,12.92,Yael,both
CNT004425,2026-05-13,P033,Aperol,20.91,Yael,outside
CNT004426,2026-05-13,P034,Campari,23.69,Yael,both
CNT004427,2026-05-13,P035,Cointreau,3.75,Yael,both
CNT004428,2026-05-13,P036,Kahlua,11.49,Yael,both
CNT004429,2026-05-13,P037,Martini Rosso,10.82,Yael,inside
CNT004430,2026-05-13,P038,House Red Wine,19.92,Yael,both
CNT004431,2026-05-13,P039,House White Wine,22.15,Yael,both
CNT004432,2026-05-13,P040,Rose Wine,11.8,Yael,both
CNT004433,2026-05-13,P041,Prosecco,11.46,Yael,both
CNT004434,2026-05-13,P042,Chardonnay,11.24,Yael,both
CNT004435,2026-05-13,P043,Coca-Cola,0.0,Yael,both
CNT004436,2026-05-13,P044,Coca-Cola Zero,56.0,Yael,both
CNT004437,2026-05-13,P045,Sprite,49.2,Yael,both
CNT004438,2026-05-13,P046,Tonic Water,58.72,Yael,both
CNT004439,2026-05-13,P047,Soda Water,57.12,Yael,both
CNT004440,2026-05-13,P048,Red Bull,51.8,Yael,both
CNT004441,2026-05-13,P049,Ginger Beer,18.11,Yael,both
CNT004442,2026-05-13,P050,Orange Juice,4.0,Yael,both
CNT004443,2026-05-13,P051,Cranberry Juice,3.91,Yael,both
CNT004444,2026-05-13,P052,Lime Juice,6.49,Yael,both
CNT004445,2026-05-13,P053,Lemon Juice,6.6,Yael,both
CNT004446,2026-05-13,P054,Sugar Syrup,4.63,Yael,both
CNT004447,2026-05-13,P055,Fresh Mint,8.04,Yael,both
CNT004448,2026-05-13,P056,Coffee Beans,3.39,Yael,inside
CNT004449,2026-05-13,K001,Carlsberg 50L,4.46,Yael,inside
CNT004450,2026-05-13,K002,Tuborg 50L,4.31,Yael,inside
CNT004451,2026-05-13,K003,Carlsberg 30L,6.82,Yael,outside
CNT004452,2026-05-13,K004,Malka 30L,5.24,Yael,outside
CNT004453,2026-05-13,K005,Weihenstephan 30L,4.5,Yael,outside
CNT004454,2026-05-17,P001,Carlsberg,56.4,Maya,both
CNT004455,2026-05-17,P002,Heineken,55.6,Maya,both
CNT004456,2026-05-17,P003,Corona,4.2,Maya,both
CNT004457,2026-05-17,P004,Guinness,27.6,Maya,both
CNT004458,2026-05-17,P005,Goldstar,46.6,Maya,both
CNT004459,2026-05-17,P006,Maccabee,44.0,Maya,both
CNT004460,2026-05-17,P007,Stella Artois,50.4,Maya,both
CNT004461,2026-05-17,P008,Erdinger,38.2,Maya,both
CNT004462,2026-05-17,P009,Bombay Sapphire,10.34,Maya,both
CNT004463,2026-05-17,P010,Tanqueray,5.46,Maya,both
CNT004464,2026-05-17,P011,Hendrick's,6.43,Maya,both
CNT004465,2026-05-17,P012,Beefeater,11.81,Maya,both
CNT004466,2026-05-17,P013,Gordon's,14.41,Maya,both
CNT004467,2026-05-17,P014,Absolut,10.82,Maya,both
CNT004468,2026-05-17,P015,Finlandia,12.75,Maya,both
CNT004469,2026-05-17,P016,Grey Goose,11.02,Maya,both
CNT004470,2026-05-17,P017,Belvedere,13.95,Maya,both
CNT004471,2026-05-17,P018,Stolichnaya,12.75,Maya,both
CNT004472,2026-05-17,P019,Jameson,12.7,Maya,both
CNT004473,2026-05-17,P020,Jack Daniel's,4.25,Maya,both
CNT004474,2026-05-17,P021,Johnnie Walker Black,10.68,Maya,both
CNT004475,2026-05-17,P022,Chivas Regal,5.98,Maya,both
CNT004476,2026-05-17,P023,Maker's Mark,12.92,Maya,both
CNT004477,2026-05-17,P024,Glenfiddich 12,13.01,Maya,inside
CNT004478,2026-05-17,P025,Bacardi Carta Blanca,15.98,Maya,both
CNT004479,2026-05-17,P026,Havana Club 3,5.8,Maya,both
CNT004480,2026-05-17,P027,Captain Morgan,4.35,Maya,both
CNT004481,2026-05-17,P028,Diplomatico Reserva,7.86,Maya,both
CNT004482,2026-05-17,P029,Jose Cuervo,8.45,Maya,both
CNT004483,2026-05-17,P030,Olmeca Blanco,12.92,Maya,both
CNT004484,2026-05-17,P031,Patron Silver,7.72,Maya,inside
CNT004485,2026-05-17,P032,Don Julio Blanco,11.81,Maya,both
CNT004486,2026-05-17,P033,Aperol,9.86,Maya,outside
CNT004487,2026-05-17,P034,Campari,20.65,Maya,both
CNT004488,2026-05-17,P035,Cointreau,12.67,Maya,both
CNT004489,2026-05-17,P036,Kahlua,8.83,Maya,both
CNT004490,2026-05-17,P037,Martini Rosso,8.33,Maya,inside
CNT004491,2026-05-17,P038,House Red Wine,7.72,Maya,both
CNT004492,2026-05-17,P039,House White Wine,11.94,Maya,both
CNT004493,2026-05-17,P040,Rose Wine,7.2,Maya,both
CNT004494,2026-05-17,P041,Prosecco,17.58,Maya,both
CNT004495,2026-05-17,P042,Chardonnay,8.44,Maya,both
CNT004496,2026-05-17,P043,Coca-Cola,96.7,Maya,both
CNT004497,2026-05-17,P044,Coca-Cola Zero,38.0,Maya,both
CNT004498,2026-05-17,P045,Sprite,34.2,Maya,both
CNT004499,2026-05-17,P046,Tonic Water,17.92,Maya,both
CNT004500,2026-05-17,P047,Soda Water,18.4,Maya,both
CNT004501,2026-05-17,P048,Red Bull,17.8,Maya,both
CNT004502,2026-05-17,P049,Ginger Beer,26.2,Maya,both
CNT004503,2026-05-17,P050,Orange Juice,3.89,Maya,both
CNT004504,2026-05-17,P051,Cranberry Juice,4.0,Maya,both
CNT004505,2026-05-17,P052,Lime Juice,7.89,Maya,both
CNT004506,2026-05-17,P053,Lemon Juice,5.58,Maya,both
CNT004507,2026-05-17,P054,Sugar Syrup,3.51,Maya,both
CNT004508,2026-05-17,P055,Fresh Mint,7.15,Maya,both
CNT004509,2026-05-17,P056,Coffee Beans,2.83,Maya,inside
CNT004510,2026-05-17,K001,Carlsberg 50L,3.9,Maya,inside
CNT004511,2026-05-17,K002,Tuborg 50L,2.63,Maya,inside
CNT004512,2026-05-17,K003,Carlsberg 30L,5.02,Maya,outside
CNT004513,2026-05-17,K004,Malka 30L,5.05,Maya,outside
CNT004514,2026-05-17,K005,Weihenstephan 30L,3.45,Maya,outside
CNT004515,2026-05-20,P001,Carlsberg,86.4,Roei,both
CNT004516,2026-05-20,P002,Heineken,65.32,Roei,both
CNT004517,2026-05-20,P003,Corona,60.2,Roei,both
CNT004518,2026-05-20,P004,Guinness,45.6,Roei,both
CNT004519,2026-05-20,P005,Goldstar,72.6,Roei,both
CNT004520,2026-05-20,P006,Maccabee,34.0,Roei,both
CNT004521,2026-05-20,P007,Stella Artois,39.4,Roei,both
CNT004522,2026-05-20,P008,Erdinger,32.0,Roei,both
CNT004523,2026-05-20,P009,Bombay Sapphire,9.74,Roei,both
CNT004524,2026-05-20,P010,Tanqueray,4.86,Roei,both
CNT004525,2026-05-20,P011,Hendrick's,5.36,Roei,both
CNT004526,2026-05-20,P012,Beefeater,11.38,Roei,both
CNT004527,2026-05-20,P013,Gordon's,11.04,Roei,both
CNT004528,2026-05-20,P014,Absolut,20.02,Roei,both
CNT004529,2026-05-20,P015,Finlandia,12.41,Roei,both
CNT004530,2026-05-20,P016,Grey Goose,10.34,Roei,both
CNT004531,2026-05-20,P017,Belvedere,13.61,Roei,both
CNT004532,2026-05-20,P018,Stolichnaya,12.41,Roei,both
CNT004533,2026-05-20,P019,Jameson,11.42,Roei,both
CNT004534,2026-05-20,P020,Jack Daniel's,2.96,Roei,both
CNT004535,2026-05-20,P021,Johnnie Walker Black,9.99,Roei,both
CNT004536,2026-05-20,P022,Chivas Regal,5.46,Roei,both
CNT004537,2026-05-20,P023,Maker's Mark,12.58,Roei,both
CNT004538,2026-05-20,P024,Glenfiddich 12,12.66,Roei,inside
CNT004539,2026-05-20,P025,Bacardi Carta Blanca,12.48,Roei,both
CNT004540,2026-05-20,P026,Havana Club 3,5.38,Roei,both
CNT004541,2026-05-20,P027,Captain Morgan,3.92,Roei,both
CNT004542,2026-05-20,P028,Diplomatico Reserva,7.69,Roei,both
CNT004543,2026-05-20,P029,Jose Cuervo,7.59,Roei,both
CNT004544,2026-05-20,P030,Olmeca Blanco,12.29,Roei,both
CNT004545,2026-05-20,P031,Patron Silver,17.29,Roei,inside
CNT004546,2026-05-20,P032,Don Julio Blanco,11.81,Roei,both
CNT004547,2026-05-20,P033,Aperol,17.06,Roei,outside
CNT004548,2026-05-20,P034,Campari,19.27,Roei,both
CNT004549,2026-05-20,P035,Cointreau,11.42,Roei,both
CNT004550,2026-05-20,P036,Kahlua,7.92,Roei,both
CNT004551,2026-05-20,P037,Martini Rosso,7.6,Roei,inside
CNT004552,2026-05-20,P038,House Red Wine,16.66,Roei,both
CNT004553,2026-05-20,P039,House White Wine,19.3,Roei,both
CNT004554,2026-05-20,P040,Rose Wine,6.0,Roei,both
CNT004555,2026-05-20,P041,Prosecco,22.3,Roei,both
CNT004556,2026-05-20,P042,Chardonnay,7.44,Roei,both
CNT004557,2026-05-20,P043,Coca-Cola,58.8,Roei,both
CNT004558,2026-05-20,P044,Coca-Cola Zero,46.0,Roei,both
CNT004559,2026-05-20,P045,Sprite,46.2,Roei,both
CNT004560,2026-05-20,P046,Tonic Water,49.72,Roei,both
CNT004561,2026-05-20,P047,Soda Water,50.98,Roei,both
CNT004562,2026-05-20,P048,Red Bull,51.8,Roei,both
CNT004563,2026-05-20,P049,Ginger Beer,23.42,Roei,both
CNT004564,2026-05-20,P050,Orange Juice,4.0,Roei,both
CNT004565,2026-05-20,P051,Cranberry Juice,4.0,Roei,both
CNT004566,2026-05-20,P052,Lime Juice,6.32,Roei,both
CNT004567,2026-05-20,P053,Lemon Juice,5.19,Roei,both
CNT004568,2026-05-20,P054,Sugar Syrup,8.85,Roei,both
CNT004569,2026-05-20,P055,Fresh Mint,6.89,Roei,both
CNT004570,2026-05-20,P056,Coffee Beans,2.62,Roei,inside
CNT004571,2026-05-20,K001,Carlsberg 50L,2.79,Roei,inside
CNT004572,2026-05-20,K002,Tuborg 50L,5.05,Roei,inside
CNT004573,2026-05-20,K003,Carlsberg 30L,7.16,Roei,outside
CNT004574,2026-05-20,K004,Malka 30L,5.35,Roei,outside
CNT004575,2026-05-20,K005,Weihenstephan 30L,4.68,Roei,outside
CNT004576,2026-05-24,P001,Carlsberg,57.4,Roei,both
CNT004577,2026-05-24,P002,Heineken,44.6,Roei,both
CNT004578,2026-05-24,P003,Corona,44.2,Roei,both
CNT004579,2026-05-24,P004,Guinness,28.6,Roei,both
CNT004580,2026-05-24,P005,Goldstar,54.6,Roei,both
CNT004581,2026-05-24,P006,Maccabee,39.0,Roei,both
CNT004582,2026-05-24,P007,Stella Artois,36.4,Roei,both
CNT004583,2026-05-24,P008,Erdinger,17.2,Roei,both
CNT004584,2026-05-24,P009,Bombay Sapphire,7.94,Roei,both
CNT004585,2026-05-24,P010,Tanqueray,3.75,Roei,both
CNT004586,2026-05-24,P011,Hendrick's,14.19,Roei,both
CNT004587,2026-05-24,P012,Beefeater,10.61,Roei,both
CNT004588,2026-05-24,P013,Gordon's,14.9,Roei,both
CNT004589,2026-05-24,P014,Absolut,12.99,Roei,both
CNT004590,2026-05-24,P015,Finlandia,11.72,Roei,both
CNT004591,2026-05-24,P016,Grey Goose,8.71,Roei,both
CNT004592,2026-05-24,P017,Belvedere,12.75,Roei,both
CNT004593,2026-05-24,P018,Stolichnaya,11.55,Roei,both
CNT004594,2026-05-24,P019,Jameson,8.33,Roei,both
CNT004595,2026-05-24,P020,Jack Daniel's,12.13,Roei,both
CNT004596,2026-05-24,P021,Johnnie Walker Black,8.28,Roei,both
CNT004597,2026-05-24,P022,Chivas Regal,4.3,Roei,both
CNT004598,2026-05-24,P023,Maker's Mark,11.63,Roei,both
CNT004599,2026-05-24,P024,Glenfiddich 12,11.98,Roei,inside
CNT004600,2026-05-24,P025,Bacardi Carta Blanca,13.36,Roei,both
CNT004601,2026-05-24,P026,Havana Club 3,4.26,Roei,both
CNT004602,2026-05-24,P027,Captain Morgan,2.63,Roei,both
CNT004603,2026-05-24,P028,Diplomatico Reserva,7.26,Roei,both
CNT004604,2026-05-24,P029,Jose Cuervo,5.62,Roei,both
CNT004605,2026-05-24,P030,Olmeca Blanco,11.63,Roei,both
CNT004606,2026-05-24,P031,Patron Silver,11.66,Roei,inside
CNT004607,2026-05-24,P032,Don Julio Blanco,11.03,Roei,both
CNT004608,2026-05-24,P033,Aperol,18.77,Roei,outside
CNT004609,2026-05-24,P034,Campari,16.06,Roei,both
CNT004610,2026-05-24,P035,Cointreau,8.62,Roei,both
CNT004611,2026-05-24,P036,Kahlua,5.26,Roei,both
CNT004612,2026-05-24,P037,Martini Rosso,5.25,Roei,inside
CNT004613,2026-05-24,P038,House Red Wine,17.08,Roei,both
CNT004614,2026-05-24,P039,House White Wine,19.35,Roei,both
CNT004615,2026-05-24,P040,Rose Wine,13.2,Roei,both
CNT004616,2026-05-24,P041,Prosecco,17.7,Roei,both
CNT004617,2026-05-24,P042,Chardonnay,4.24,Roei,both
CNT004618,2026-05-24,P043,Coca-Cola,41.0,Roei,both
CNT004619,2026-05-24,P044,Coca-Cola Zero,35.0,Roei,both
CNT004620,2026-05-24,P045,Sprite,30.2,Roei,both
CNT004621,2026-05-24,P046,Tonic Water,32.22,Roei,both
CNT004622,2026-05-24,P047,Soda Water,35.4,Roei,both
CNT004623,2026-05-24,P048,Red Bull,17.8,Roei,both
CNT004624,2026-05-24,P049,Ginger Beer,10.2,Roei,both
CNT004625,2026-05-24,P050,Orange Juice,4.0,Roei,both
CNT004626,2026-05-24,P051,Cranberry Juice,4.0,Roei,both
CNT004627,2026-05-24,P052,Lime Juice,8.11,Roei,both
CNT004628,2026-05-24,P053,Lemon Juice,4.65,Roei,both
CNT004629,2026-05-24,P054,Sugar Syrup,6.78,Roei,both
CNT004630,2026-05-24,P055,Fresh Mint,6.23,Roei,both
CNT004631,2026-05-24,P056,Coffee Beans,8.13,Roei,inside
CNT004632,2026-05-24,K001,Carlsberg 50L,6.31,Roei,inside
CNT004633,2026-05-24,K002,Tuborg 50L,3.25,Roei,inside
CNT004634,2026-05-24,K003,Carlsberg 30L,5.53,Roei,outside
CNT004635,2026-05-24,K004,Malka 30L,4.7,Roei,outside
CNT004636,2026-05-24,K005,Weihenstephan 30L,4.69,Roei,outside
CNT004637,2026-05-27,P001,Carlsberg,84.4,Yael,both
CNT004638,2026-05-27,P002,Heineken,49.6,Yael,both
CNT004639,2026-05-27,P003,Corona,51.2,Yael,both
CNT004640,2026-05-27,P004,Guinness,21.84,Yael,both
CNT004641,2026-05-27,P005,Goldstar,57.6,Yael,both
CNT004642,2026-05-27,P006,Maccabee,30.0,Yael,both
CNT004643,2026-05-27,P007,Stella Artois,48.4,Yael,both
CNT004644,2026-05-27,P008,Erdinger,36.2,Yael,both
CNT004645,2026-05-27,P009,Bombay Sapphire,7.42,Yael,both
CNT004646,2026-05-27,P010,Tanqueray,3.32,Yael,both
CNT004647,2026-05-27,P011,Hendrick's,13.16,Yael,both
CNT004648,2026-05-27,P012,Beefeater,10.26,Yael,both
CNT004649,2026-05-27,P013,Gordon's,12.1,Yael,both
CNT004650,2026-05-27,P014,Absolut,10.14,Yael,both
CNT004651,2026-05-27,P015,Finlandia,11.46,Yael,both
CNT004652,2026-05-27,P016,Grey Goose,8.2,Yael,both
CNT004653,2026-05-27,P017,Belvedere,12.41,Yael,both
CNT004654,2026-05-27,P018,Stolichnaya,12.29,Yael,both
CNT004655,2026-05-27,P019,Jameson,7.13,Yael,both
CNT004656,2026-05-27,P020,Jack Daniel's,10.93,Yael,both
CNT004657,2026-05-27,P021,Johnnie Walker Black,7.42,Yael,both
CNT004658,2026-05-27,P022,Chivas Regal,3.49,Yael,both
CNT004659,2026-05-27,P023,Maker's Mark,11.29,Yael,both
CNT004660,2026-05-27,P024,Glenfiddich 12,12.63,Yael,inside
CNT004661,2026-05-27,P025,Bacardi Carta Blanca,9.33,Yael,both
CNT004662,2026-05-27,P026,Havana Club 3,3.58,Yael,both
CNT004663,2026-05-27,P027,Captain Morgan,14.03,Yael,both
CNT004664,2026-05-27,P028,Diplomatico Reserva,7.09,Yael,both
CNT004665,2026-05-27,P029,Jose Cuervo,4.43,Yael,both
CNT004666,2026-05-27,P030,Olmeca Blanco,11.29,Yael,both
CNT004667,2026-05-27,P031,Patron Silver,9.93,Yael,inside
CNT004668,2026-05-27,P032,Don Julio Blanco,10.61,Yael,both
CNT004669,2026-05-27,P033,Aperol,15.6,Yael,outside
CNT004670,2026-05-27,P034,Campari,14.82,Yael,both
CNT004671,2026-05-27,P035,Cointreau,7.77,Yael,both
CNT004672,2026-05-27,P036,Kahlua,4.41,Yael,both
CNT004673,2026-05-27,P037,Martini Rosso,4.35,Yael,inside
CNT004674,2026-05-27,P038,House Red Wine,13.91,Yael,both
CNT004675,2026-05-27,P039,House White Wine,16.42,Yael,both
CNT004676,2026-05-27,P040,Rose Wine,11.4,Yael,both
CNT004677,2026-05-27,P041,Prosecco,24.06,Yael,both
CNT004678,2026-05-27,P042,Chardonnay,14.64,Yael,both
CNT004679,2026-05-27,P043,Coca-Cola,79.04,Yael,both
CNT004680,2026-05-27,P044,Coca-Cola Zero,43.0,Yael,both
CNT004681,2026-05-27,P045,Sprite,38.2,Yael,both
CNT004682,2026-05-27,P046,Tonic Water,61.72,Yael,both
CNT004683,2026-05-27,P047,Soda Water,44.4,Yael,both
CNT004684,2026-05-27,P048,Red Bull,55.8,Yael,both
CNT004685,2026-05-27,P049,Ginger Beer,27.2,Yael,both
CNT004686,2026-05-27,P050,Orange Juice,4.0,Yael,both
CNT004687,2026-05-27,P051,Cranberry Juice,4.0,Yael,both
CNT004688,2026-05-27,P052,Lime Juice,6.75,Yael,both
CNT004689,2026-05-27,P053,Lemon Juice,4.42,Yael,both
CNT004690,2026-05-27,P054,Sugar Syrup,6.06,Yael,both
CNT004691,2026-05-27,P055,Fresh Mint,5.73,Yael,both
CNT004692,2026-05-27,P056,Coffee Beans,7.84,Yael,inside
CNT004693,2026-05-27,K001,Carlsberg 50L,5.51,Yael,inside
CNT004694,2026-05-27,K002,Tuborg 50L,3.37,Yael,inside
CNT004695,2026-05-27,K003,Carlsberg 30L,6.03,Yael,outside
CNT004696,2026-05-27,K004,Malka 30L,5.82,Yael,outside
CNT004697,2026-05-27,K005,Weihenstephan 30L,4.88,Yael,outside
CNT004698,2026-05-31,P001,Carlsberg,52.4,Muriel,both
CNT004699,2026-05-31,P002,Heineken,57.6,Muriel,both
CNT004700,2026-05-31,P003,Corona,43.2,Muriel,both
CNT004701,2026-05-31,P004,Guinness,54.6,Muriel,both
CNT004702,2026-05-31,P005,Goldstar,42.6,Muriel,both
CNT004703,2026-05-31,P006,Maccabee,33.0,Muriel,both
CNT004704,2026-05-31,P007,Stella Artois,43.4,Muriel,both
CNT004705,2026-05-31,P008,Erdinger,22.2,Muriel,both
CNT004706,2026-05-31,P009,Bombay Sapphire,6.05,Muriel,both
CNT004707,2026-05-31,P010,Tanqueray,14.2,Muriel,both
CNT004708,2026-05-31,P011,Hendrick's,10.2,Muriel,both
CNT004709,2026-05-31,P012,Beefeater,9.66,Muriel,both
CNT004710,2026-05-31,P013,Gordon's,16.46,Muriel,both
CNT004711,2026-05-31,P014,Absolut,15.71,Muriel,both
CNT004712,2026-05-31,P015,Finlandia,10.61,Muriel,both
CNT004713,2026-05-31,P016,Grey Goose,6.74,Muriel,both
CNT004714,2026-05-31,P017,Belvedere,11.63,Muriel,both
CNT004715,2026-05-31,P018,Stolichnaya,10.43,Muriel,both
CNT004716,2026-05-31,P019,Jameson,16.22,Muriel,both
CNT004717,2026-05-31,P020,Jack Daniel's,8.53,Muriel,both
CNT004718,2026-05-31,P021,Johnnie Walker Black,5.97,Muriel,both
CNT004719,2026-05-31,P022,Chivas Regal,14.46,Muriel,both
CNT004720,2026-05-31,P023,Maker's Mark,10.34,Muriel,both
CNT004721,2026-05-31,P024,Glenfiddich 12,10.86,Muriel,inside
CNT004722,2026-05-31,P025,Bacardi Carta Blanca,10.03,Muriel,both
CNT004723,2026-05-31,P026,Havana Club 3,14.38,Muriel,both
CNT004724,2026-05-31,P027,Captain Morgan,12.98,Muriel,both
CNT004725,2026-05-31,P028,Diplomatico Reserva,6.75,Muriel,both
CNT004726,2026-05-31,P029,Jose Cuervo,13.15,Muriel,both
CNT004727,2026-05-31,P030,Olmeca Blanco,10.52,Muriel,both
CNT004728,2026-05-31,P031,Patron Silver,16.26,Muriel,inside
CNT004729,2026-05-31,P032,Don Julio Blanco,9.75,Muriel,both
CNT004730,2026-05-31,P033,Aperol,17.74,Muriel,outside
CNT004731,2026-05-31,P034,Campari,11.86,Muriel,both
CNT004732,2026-05-31,P035,Cointreau,5.9,Muriel,both
CNT004733,2026-05-31,P036,Kahlua,14.03,Muriel,both
CNT004734,2026-05-31,P037,Martini Rosso,2.25,Muriel,inside
CNT004735,2026-05-31,P038,House Red Wine,13.95,Muriel,both
CNT004736,2026-05-31,P039,House White Wine,15.98,Muriel,both
CNT004737,2026-05-31,P040,Rose Wine,7.4,Muriel,both
CNT004738,2026-05-31,P041,Prosecco,20.5,Muriel,both
CNT004739,2026-05-31,P042,Chardonnay,11.84,Muriel,both
CNT004740,2026-05-31,P043,Coca-Cola,39.0,Muriel,both
CNT004741,2026-05-31,P044,Coca-Cola Zero,20.0,Muriel,both
CNT004742,2026-05-31,P045,Sprite,29.2,Muriel,both
CNT004743,2026-05-31,P046,Tonic Water,15.86,Muriel,both
CNT004744,2026-05-31,P047,Soda Water,24.22,Muriel,both
CNT004745,2026-05-31,P048,Red Bull,20.8,Muriel,both
CNT004746,2026-05-31,P049,Ginger Beer,15.11,Muriel,both
CNT004747,2026-05-31,P050,Orange Juice,4.0,Muriel,both
CNT004748,2026-05-31,P051,Cranberry Juice,4.0,Muriel,both
CNT004749,2026-05-31,P052,Lime Juice,8.3,Muriel,both
CNT004750,2026-05-31,P053,Lemon Juice,3.65,Muriel,both
CNT004751,2026-05-31,P054,Sugar Syrup,3.72,Muriel,both
CNT004752,2026-05-31,P055,Fresh Mint,4.83,Muriel,both
CNT004753,2026-05-31,P056,Coffee Beans,7.33,Muriel,inside
CNT004754,2026-05-31,K001,Carlsberg 50L,4.14,Muriel,inside
CNT004755,2026-05-31,K002,Tuborg 50L,3.79,Muriel,inside
CNT004756,2026-05-31,K003,Carlsberg 30L,5.59,Muriel,outside
CNT004757,2026-05-31,K004,Malka 30L,5.26,Muriel,outside
CNT004758,2026-05-31,K005,Weihenstephan 30L,4.06,Muriel,outside
CNT004759,2026-06-03,P001,Carlsberg,34.4,Shir,both
CNT004760,2026-06-03,P002,Heineken,63.6,Shir,both
CNT004761,2026-06-03,P003,Corona,52.2,Shir,both
CNT004762,2026-06-03,P004,Guinness,50.84,Shir,both
CNT004763,2026-06-03,P005,Goldstar,70.6,Shir,both
CNT004764,2026-06-03,P006,Maccabee,45.0,Shir,both
CNT004765,2026-06-03,P007,Stella Artois,57.25,Shir,both
CNT004766,2026-06-03,P008,Erdinger,41.2,Shir,both
CNT004767,2026-06-03,P009,Bombay Sapphire,5.71,Shir,both
CNT004768,2026-06-03,P010,Tanqueray,13.6,Shir,both
CNT004769,2026-06-03,P011,Hendrick's,8.7,Shir,both
CNT004770,2026-06-03,P012,Beefeater,9.32,Shir,both
CNT004771,2026-06-03,P013,Gordon's,12.76,Shir,both
CNT004772,2026-06-03,P014,Absolut,12.95,Shir,both
CNT004773,2026-06-03,P015,Finlandia,10.18,Shir,both
CNT004774,2026-06-03,P016,Grey Goose,6.05,Shir,both
CNT004775,2026-06-03,P017,Belvedere,11.04,Shir,both
CNT004776,2026-06-03,P018,Stolichnaya,10.09,Shir,both
CNT004777,2026-06-03,P019,Jameson,14.93,Shir,both
CNT004778,2026-06-03,P020,Jack Daniel's,7.42,Shir,both
CNT004779,2026-06-03,P021,Johnnie Walker Black,5.28,Shir,both
CNT004780,2026-06-03,P022,Chivas Regal,14.03,Shir,both
CNT004781,2026-06-03,P023,Maker's Mark,10.09,Shir,both
CNT004782,2026-06-03,P024,Glenfiddich 12,10.57,Shir,inside
CNT004783,2026-06-03,P025,Bacardi Carta Blanca,18.35,Shir,both
CNT004784,2026-06-03,P026,Havana Club 3,13.86,Shir,both
CNT004785,2026-06-03,P027,Captain Morgan,12.75,Shir,both
CNT004786,2026-06-03,P028,Diplomatico Reserva,6.49,Shir,both
CNT004787,2026-06-03,P029,Jose Cuervo,13.16,Shir,both
CNT004788,2026-06-03,P030,Olmeca Blanco,10.26,Shir,both
CNT004789,2026-06-03,P031,Patron Silver,13.65,Shir,inside
CNT004790,2026-06-03,P032,Don Julio Blanco,9.41,Shir,both
CNT004791,2026-06-03,P033,Aperol,14.49,Shir,outside
CNT004792,2026-06-03,P034,Campari,10.7,Shir,both
CNT004793,2026-06-03,P035,Cointreau,15.66,Shir,both
CNT004794,2026-06-03,P036,Kahlua,13.15,Shir,both
CNT004795,2026-06-03,P037,Martini Rosso,13.18,Shir,inside
CNT004796,2026-06-03,P038,House Red Wine,20.58,Shir,both
CNT004797,2026-06-03,P039,House White Wine,23.34,Shir,both
CNT004798,2026-06-03,P040,Rose Wine,17.6,Shir,both
CNT004799,2026-06-03,P041,Prosecco,26.46,Shir,both
CNT004800,2026-06-03,P042,Chardonnay,10.64,Shir,both
CNT004801,2026-06-03,P043,Coca-Cola,82.69,Shir,both
CNT004802,2026-06-03,P044,Coca-Cola Zero,49.0,Shir,both
CNT004803,2026-06-03,P045,Sprite,41.2,Shir,both
CNT004804,2026-06-03,P046,Tonic Water,43.5,Shir,both
CNT004805,2026-06-03,P047,Soda Water,57.46,Shir,both
CNT004806,2026-06-03,P048,Red Bull,29.8,Shir,both
CNT004807,2026-06-03,P049,Ginger Beer,34.09,Shir,both
CNT004808,2026-06-03,P050,Orange Juice,4.0,Shir,both
CNT004809,2026-06-03,P051,Cranberry Juice,4.0,Shir,both
CNT004810,2026-06-03,P052,Lime Juice,6.69,Shir,both
CNT004811,2026-06-03,P053,Lemon Juice,3.53,Shir,both
CNT004812,2026-06-03,P054,Sugar Syrup,9.3,Shir,both
CNT004813,2026-06-03,P055,Fresh Mint,4.55,Shir,both
CNT004814,2026-06-03,P056,Coffee Beans,7.13,Shir,inside
CNT004815,2026-06-03,K001,Carlsberg 50L,5.25,Shir,inside
CNT004816,2026-06-03,K002,Tuborg 50L,4.94,Shir,inside
CNT004817,2026-06-03,K003,Carlsberg 30L,6.4,Shir,outside
CNT004818,2026-06-03,K004,Malka 30L,5.58,Shir,outside
CNT004819,2026-06-03,K005,Weihenstephan 30L,4.28,Shir,outside
CNT004820,2026-06-07,P001,Carlsberg,77.4,Muriel,both
CNT004821,2026-06-07,P002,Heineken,35.44,Muriel,both
CNT004822,2026-06-07,P003,Corona,49.2,Muriel,both
CNT004823,2026-06-07,P004,Guinness,24.6,Muriel,both
CNT004824,2026-06-07,P005,Goldstar,45.6,Muriel,both
CNT004825,2026-06-07,P006,Maccabee,38.0,Muriel,both
CNT004826,2026-06-07,P007,Stella Artois,41.4,Muriel,both
CNT004827,2026-06-07,P008,Erdinger,23.2,Muriel,both
CNT004828,2026-06-07,P009,Bombay Sapphire,4.0,Muriel,both
CNT004829,2026-06-07,P010,Tanqueray,12.06,Muriel,both
CNT004830,2026-06-07,P011,Hendrick's,4.41,Muriel,both
CNT004831,2026-06-07,P012,Beefeater,8.38,Muriel,both
CNT004832,2026-06-07,P013,Gordon's,14.75,Muriel,both
CNT004833,2026-06-07,P014,Absolut,14.42,Muriel,both
CNT004834,2026-06-07,P015,Finlandia,9.23,Muriel,both
CNT004835,2026-06-07,P016,Grey Goose,4.0,Muriel,both
CNT004836,2026-06-07,P017,Belvedere,10.18,Muriel,both
CNT004837,2026-06-07,P018,Stolichnaya,8.98,Muriel,both
CNT004838,2026-06-07,P019,Jameson,10.39,Muriel,both
CNT004839,2026-06-07,P020,Jack Daniel's,3.9,Muriel,both
CNT004840,2026-06-07,P021,Johnnie Walker Black,3.05,Muriel,both
CNT004841,2026-06-07,P022,Chivas Regal,12.4,Muriel,both
CNT004842,2026-06-07,P023,Maker's Mark,8.98,Muriel,both
CNT004843,2026-06-07,P024,Glenfiddich 12,9.32,Muriel,inside
CNT004844,2026-06-07,P025,Bacardi Carta Blanca,16.13,Muriel,both
CNT004845,2026-06-07,P026,Havana Club 3,12.4,Muriel,both
CNT004846,2026-06-07,P027,Captain Morgan,10.95,Muriel,both
CNT004847,2026-06-07,P028,Diplomatico Reserva,5.89,Muriel,both
CNT004848,2026-06-07,P029,Jose Cuervo,10.21,Muriel,both
CNT004849,2026-06-07,P030,Olmeca Blanco,9.32,Muriel,both
CNT004850,2026-06-07,P031,Patron Silver,5.52,Muriel,inside
CNT004851,2026-06-07,P032,Don Julio Blanco,8.29,Muriel,both
CNT004852,2026-06-07,P033,Aperol,13.46,Muriel,outside
CNT004853,2026-06-07,P034,Campari,6.42,Muriel,both
CNT004854,2026-06-07,P035,Cointreau,11.67,Muriel,both
CNT004855,2026-06-07,P036,Kahlua,9.86,Muriel,both
CNT004856,2026-06-07,P037,Martini Rosso,10.09,Muriel,inside
CNT004857,2026-06-07,P038,House Red Wine,5.7,Muriel,both
CNT004858,2026-06-07,P039,House White Wine,6.5,Muriel,both
CNT004859,2026-06-07,P040,Rose Wine,11.4,Muriel,both
CNT004860,2026-06-07,P041,Prosecco,18.02,Muriel,both
CNT004861,2026-06-07,P042,Chardonnay,7.04,Muriel,both
CNT004862,2026-06-07,P043,Coca-Cola,19.9,Muriel,both
CNT004863,2026-06-07,P044,Coca-Cola Zero,20.0,Muriel,both
CNT004864,2026-06-07,P045,Sprite,22.2,Muriel,both
CNT004865,2026-06-07,P046,Tonic Water,8.72,Muriel,both
CNT004866,2026-06-07,P047,Soda Water,0.28,Muriel,both
CNT004867,2026-06-07,P048,Red Bull,10.8,Muriel,both
CNT004868,2026-06-07,P049,Ginger Beer,15.2,Muriel,both
CNT004869,2026-06-07,P050,Orange Juice,4.0,Muriel,both
CNT004870,2026-06-07,P051,Cranberry Juice,4.0,Muriel,both
CNT004871,2026-06-07,P052,Lime Juice,6.91,Muriel,both
CNT004872,2026-06-07,P053,Lemon Juice,2.38,Muriel,both
CNT004873,2026-06-07,P054,Sugar Syrup,6.65,Muriel,both
CNT004874,2026-06-07,P055,Fresh Mint,3.45,Muriel,both
CNT004875,2026-06-07,P056,Coffee Beans,6.4,Muriel,inside
CNT004876,2026-06-07,K001,Carlsberg 50L,3.81,Muriel,inside
CNT004877,2026-06-07,K002,Tuborg 50L,3.72,Muriel,inside
CNT004878,2026-06-07,K003,Carlsberg 30L,4.69,Muriel,outside
CNT004879,2026-06-07,K004,Malka 30L,3.89,Muriel,outside
CNT004880,2026-06-07,K005,Weihenstephan 30L,3.67,Muriel,outside
CNT004881,2026-06-10,P001,Carlsberg,73.4,Yael,both
CNT004882,2026-06-10,P002,Heineken,59.6,Yael,both
CNT004883,2026-06-10,P003,Corona,30.2,Yael,both
CNT004884,2026-06-10,P004,Guinness,38.6,Yael,both
CNT004885,2026-06-10,P005,Goldstar,71.6,Yael,both
CNT004886,2026-06-10,P006,Maccabee,52.0,Yael,both
CNT004887,2026-06-10,P007,Stella Artois,46.4,Yael,both
CNT004888,2026-06-10,P008,Erdinger,39.2,Yael,both
CNT004889,2026-06-10,P009,Bombay Sapphire,15.42,Yael,both
CNT004890,2026-06-10,P010,Tanqueray,11.75,Yael,both
CNT004891,2026-06-10,P011,Hendrick's,14.87,Yael,both
CNT004892,2026-06-10,P012,Beefeater,7.95,Yael,both
CNT004893,2026-06-10,P013,Gordon's,10.74,Yael,both
CNT004894,2026-06-10,P014,Absolut,9.51,Yael,both
CNT004895,2026-06-10,P015,Finlandia,8.81,Yael,both
CNT004896,2026-06-10,P016,Grey Goose,15.14,Yael,both
CNT004897,2026-06-10,P017,Belvedere,9.66,Yael,both
CNT004898,2026-06-10,P018,Stolichnaya,8.55,Yael,both
CNT004899,2026-06-10,P019,Jameson,8.16,Yael,both
CNT004900,2026-06-10,P020,Jack Daniel's,14.62,Yael,both
CNT004901,2026-06-10,P021,Johnnie Walker Black,14.2,Yael,both
CNT004902,2026-06-10,P022,Chivas Regal,11.72,Yael,both
CNT004903,2026-06-10,P023,Maker's Mark,8.63,Yael,both
CNT004904,2026-06-10,P024,Glenfiddich 12,8.89,Yael,inside
CNT004905,2026-06-10,P025,Bacardi Carta Blanca,21.37,Yael,both
CNT004906,2026-06-10,P026,Havana Club 3,11.63,Yael,both
CNT004907,2026-06-10,P027,Captain Morgan,10.04,Yael,both
CNT004908,2026-06-10,P028,Diplomatico Reserva,5.63,Yael,both
CNT004909,2026-06-10,P029,Jose Cuervo,8.79,Yael,both
CNT004910,2026-06-10,P030,Olmeca Blanco,8.89,Yael,both
CNT004911,2026-06-10,P031,Patron Silver,14.87,Yael,inside
CNT004912,2026-06-10,P032,Don Julio Blanco,7.86,Yael,both
CNT004913,2026-06-10,P033,Aperol,20.06,Yael,outside
CNT004914,2026-06-10,P034,Campari,4.96,Yael,both
CNT004915,2026-06-10,P035,Cointreau,10.14,Yael,both
CNT004916,2026-06-10,P036,Kahlua,8.28,Yael,both
CNT004917,2026-06-10,P037,Martini Rosso,8.97,Yael,inside
CNT004918,2026-06-10,P038,House Red Wine,24.09,Yael,both
CNT004919,2026-06-10,P039,House White Wine,23.43,Yael,both
CNT004920,2026-06-10,P040,Rose Wine,8.2,Yael,both
CNT004921,2026-06-10,P041,Prosecco,21.3,Yael,both
CNT004922,2026-06-10,P042,Chardonnay,5.64,Yael,both
CNT004923,2026-06-10,P043,Coca-Cola,57.98,Yael,both
CNT004924,2026-06-10,P044,Coca-Cola Zero,41.0,Yael,both
CNT004925,2026-06-10,P045,Sprite,46.2,Yael,both
CNT004926,2026-06-10,P046,Tonic Water,56.42,Yael,both
CNT004927,2026-06-10,P047,Soda Water,50.56,Yael,both
CNT004928,2026-06-10,P048,Red Bull,43.8,Yael,both
CNT004929,2026-06-10,P049,Ginger Beer,32.2,Yael,both
CNT004930,2026-06-10,P050,Orange Juice,4.0,Yael,both
CNT004931,2026-06-10,P051,Cranberry Juice,4.0,Yael,both
CNT004932,2026-06-10,P052,Lime Juice,10.51,Yael,both
CNT004933,2026-06-10,P053,Lemon Juice,7.92,Yael,both
CNT004934,2026-06-10,P054,Sugar Syrup,5.43,Yael,both
CNT004935,2026-06-10,P055,Fresh Mint,2.92,Yael,both
CNT004936,2026-06-10,P056,Coffee Beans,6.1,Yael,inside
CNT004937,2026-06-10,K001,Carlsberg 50L,4.67,Yael,inside
CNT004938,2026-06-10,K002,Tuborg 50L,4.43,Yael,inside
CNT004939,2026-06-10,K003,Carlsberg 30L,6.27,Yael,outside
CNT004940,2026-06-10,K004,Malka 30L,5.37,Yael,outside
CNT004941,2026-06-10,K005,Weihenstephan 30L,4.69,Yael,outside
CNT004942,2026-06-14,P001,Carlsberg,60.4,Yael,both
CNT004943,2026-06-14,P002,Heineken,32.6,Yael,both
CNT004944,2026-06-14,P003,Corona,33.2,Yael,both
CNT004945,2026-06-14,P004,Guinness,40.6,Yael,both
CNT004946,2026-06-14,P005,Goldstar,42.6,Yael,both
CNT004947,2026-06-14,P006,Maccabee,24.0,Yael,both
CNT004948,2026-06-14,P007,Stella Artois,40.45,Yael,both
CNT004949,2026-06-14,P008,Erdinger,24.2,Yael,both
CNT004950,2026-06-14,P009,Bombay Sapphire,0.2,Yael,both
CNT004951,2026-06-14,P010,Tanqueray,10.09,Yael,both
CNT004952,2026-06-14,P011,Hendrick's,11.4,Yael,both
CNT004953,2026-06-14,P012,Beefeater,7.09,Yael,both
CNT004954,2026-06-14,P013,Gordon's,14.12,Yael,both
CNT004955,2026-06-14,P014,Absolut,12.74,Yael,both
CNT004956,2026-06-14,P015,Finlandia,7.78,Yael,both
CNT004957,2026-06-14,P016,Grey Goose,12.03,Yael,both
CNT004958,2026-06-14,P017,Belvedere,8.95,Yael,both
CNT004959,2026-06-14,P018,Stolichnaya,7.52,Yael,both
CNT004960,2026-06-14,P019,Jameson,3.86,Yael,both
CNT004961,2026-06-14,P020,Jack Daniel's,11.53,Yael,both
CNT004962,2026-06-14,P021,Johnnie Walker Black,11.62,Yael,both
CNT004963,2026-06-14,P022,Chivas Regal,10.52,Yael,both
CNT004964,2026-06-14,P023,Maker's Mark,7.86,Yael,both
CNT004965,2026-06-14,P024,Glenfiddich 12,7.86,Yael,inside
CNT004966,2026-06-14,P025,Bacardi Carta Blanca,9.16,Yael,both
CNT004967,2026-06-14,P026,Havana Club 3,9.18,Yael,both
CNT004968,2026-06-14,P027,Captain Morgan,9.05,Yael,both
CNT004969,2026-06-14,P028,Diplomatico Reserva,5.29,Yael,both
CNT004970,2026-06-14,P029,Jose Cuervo,6.39,Yael,both
CNT004971,2026-06-14,P030,Olmeca Blanco,7.86,Yael,both
CNT004972,2026-06-14,P031,Patron Silver,6.43,Yael,inside
CNT004973,2026-06-14,P032,Don Julio Blanco,6.92,Yael,both
CNT004974,2026-06-14,P033,Aperol,8.83,Yael,outside
CNT004975,2026-06-14,P034,Campari,13.49,Yael,both
CNT004976,2026-06-14,P035,Cointreau,6.54,Yael,both
CNT004977,2026-06-14,P036,Kahlua,5.66,Yael,both
CNT004978,2026-06-14,P037,Martini Rosso,5.36,Yael,inside
CNT004979,2026-06-14,P038,House Red Wine,11.89,Yael,both
CNT004980,2026-06-14,P039,House White Wine,11.47,Yael,both
CNT004981,2026-06-14,P040,Rose Wine,15.0,Yael,both
CNT004982,2026-06-14,P041,Prosecco,15.62,Yael,both
CNT004983,2026-06-14,P042,Chardonnay,14.24,Yael,both
CNT004984,2026-06-14,P043,Coca-Cola,204.9,Yael,both
CNT004985,2026-06-14,P044,Coca-Cola Zero,15.0,Yael,both
CNT004986,2026-06-14,P045,Sprite,27.2,Yael,both
CNT004987,2026-06-14,P046,Tonic Water,30.32,Yael,both
CNT004988,2026-06-14,P047,Soda Water,30.36,Yael,both
CNT004989,2026-06-14,P048,Red Bull,27.8,Yael,both
CNT004990,2026-06-14,P049,Ginger Beer,14.2,Yael,both
CNT004991,2026-06-14,P050,Orange Juice,4.0,Yael,both
CNT004992,2026-06-14,P051,Cranberry Juice,4.0,Yael,both
CNT004993,2026-06-14,P052,Lime Juice,5.5,Yael,both
CNT004994,2026-06-14,P053,Lemon Juice,7.12,Yael,both
CNT004995,2026-06-14,P054,Sugar Syrup,3.23,Yael,both
CNT004996,2026-06-14,P055,Fresh Mint,7.99,Yael,both
CNT004997,2026-06-14,P056,Coffee Beans,5.51,Yael,inside
CNT004998,2026-06-14,K001,Carlsberg 50L,3.71,Yael,inside
CNT004999,2026-06-14,K002,Tuborg 50L,3.2,Yael,inside
CNT005000,2026-06-14,K003,Carlsberg 30L,0.06,Yael,outside
CNT005001,2026-06-14,K004,Malka 30L,4.3,Yael,outside
CNT005002,2026-06-14,K005,Weihenstephan 30L,4.02,Yael,outside
CNT005003,2026-06-17,P001,Carlsberg,66.4,Maya,both
CNT005004,2026-06-17,P002,Heineken,47.6,Maya,both
CNT005005,2026-06-17,P003,Corona,54.2,Maya,both
CNT005006,2026-06-17,P004,Guinness,27.6,Maya,both
CNT005007,2026-06-17,P005,Goldstar,59.6,Maya,both
CNT005008,2026-06-17,P006,Maccabee,30.0,Maya,both
CNT005009,2026-06-17,P007,Stella Artois,43.4,Maya,both
CNT005010,2026-06-17,P008,Erdinger,38.2,Maya,both
CNT005011,2026-06-17,P009,Bombay Sapphire,11.23,Maya,both
CNT005012,2026-06-17,P010,Tanqueray,9.23,Maya,both
CNT005013,2026-06-17,P011,Hendrick's,9.39,Maya,both
CNT005014,2026-06-17,P012,Beefeater,6.32,Maya,both
CNT005015,2026-06-17,P013,Gordon's,8.36,Maya,both
CNT005016,2026-06-17,P014,Absolut,7.92,Maya,both
CNT005017,2026-06-17,P015,Finlandia,7.18,Maya,both
CNT005018,2026-06-17,P016,Grey Goose,11.31,Maya,both
CNT005019,2026-06-17,P017,Belvedere,8.12,Maya,both
CNT005020,2026-06-17,P018,Stolichnaya,6.92,Maya,both
CNT005021,2026-06-17,P019,Jameson,13.39,Maya,both
CNT005022,2026-06-17,P020,Jack Daniel's,9.82,Maya,both
CNT005023,2026-06-17,P021,Johnnie Walker Black,10.77,Maya,both
CNT005024,2026-06-17,P022,Chivas Regal,9.58,Maya,both
CNT005025,2026-06-17,P023,Maker's Mark,6.18,Maya,both
CNT005026,2026-06-17,P024,Glenfiddich 12,7.18,Maya,inside
CNT005027,2026-06-17,P025,Bacardi Carta Blanca,13.09,Maya,both
CNT005028,2026-06-17,P026,Havana Club 3,8.23,Maya,both
CNT005029,2026-06-17,P027,Captain Morgan,8.03,Maya,both
CNT005030,2026-06-17,P028,Diplomatico Reserva,4.95,Maya,both
CNT005031,2026-06-17,P029,Jose Cuervo,4.79,Maya,both
CNT005032,2026-06-17,P030,Olmeca Blanco,7.35,Maya,both
CNT005033,2026-06-17,P031,Patron Silver,14.27,Maya,inside
CNT005034,2026-06-17,P032,Don Julio Blanco,6.49,Maya,both
CNT005035,2026-06-17,P033,Aperol,13.89,Maya,outside
CNT005036,2026-06-17,P034,Campari,11.47,Maya,both
CNT005037,2026-06-17,P035,Cointreau,5.55,Maya,both
CNT005038,2026-06-17,P036,Kahlua,4.03,Maya,both
CNT005039,2026-06-17,P037,Martini Rosso,4.86,Maya,inside
CNT005040,2026-06-17,P038,House Red Wine,17.38,Maya,both
CNT005041,2026-06-17,P039,House White Wine,13.71,Maya,both
CNT005042,2026-06-17,P040,Rose Wine,11.8,Maya,both
CNT005043,2026-06-17,P041,Prosecco,16.82,Maya,both
CNT005044,2026-06-17,P042,Chardonnay,12.04,Maya,both
CNT005045,2026-06-17,P043,Coca-Cola,155.63,Maya,both
CNT005046,2026-06-17,P044,Coca-Cola Zero,33.0,Maya,both
CNT005047,2026-06-17,P045,Sprite,25.13,Maya,both
CNT005048,2026-06-17,P046,Tonic Water,44.22,Maya,both
CNT005049,2026-06-17,P047,Soda Water,25.12,Maya,both
CNT005050,2026-06-17,P048,Red Bull,23.8,Maya,both
CNT005051,2026-06-17,P049,Ginger Beer,29.2,Maya,both
CNT005052,2026-06-17,P050,Orange Juice,4.0,Maya,both
CNT005053,2026-06-17,P051,Cranberry Juice,4.24,Maya,both
CNT005054,2026-06-17,P052,Lime Juice,8.48,Maya,both
CNT005055,2026-06-17,P053,Lemon Juice,6.6,Maya,both
CNT005056,2026-06-17,P054,Sugar Syrup,7.83,Maya,both
CNT005057,2026-06-17,P055,Fresh Mint,7.39,Maya,both
CNT005058,2026-06-17,P056,Coffee Beans,5.16,Maya,inside
CNT005059,2026-06-17,K001,Carlsberg 50L,5.01,Maya,inside
CNT005060,2026-06-17,K002,Tuborg 50L,4.06,Maya,inside
CNT005061,2026-06-17,K003,Carlsberg 30L,6.18,Maya,outside
CNT005062,2026-06-17,K004,Malka 30L,5.31,Maya,outside
CNT005063,2026-06-17,K005,Weihenstephan 30L,4.77,Maya,outside
