order_id,order_date,product_id,product_name,quantity,expected_delivery_date,actual_delivery_date,status,supplier_id,supplier
O000001,2025-09-02,K001,Carlsberg 50L,1,2025-09-03,2025-09-03,delivered,SUP02,IBBL (Israel Beer Breweries Ltd)
O000002,2025-09-02,K002,Tuborg 50L,1,2025-09-03,2025-09-05,delayed,SUP02,IBBL (Israel Beer Breweries Ltd)
O000003,2025-09-02,K005,Weihenstephan 30L,1,2025-09-03,2025-09-03,delivered,SUP02,IBBL (Israel Beer Breweries Ltd)
O000004,2025-09-04,P010,Tanqueray,12,2025-09-05,2025-09-05,delivered,SUP01,Hakerem Distillers
O000005,2025-09-04,P022,Chivas Regal,12,2025-09-05,2025-09-05,delivered,SUP01,Hakerem Distillers
O000006,2025-09-04,P026,Havana Club 3,12,2025-09-05,2025-09-05,delivered,SUP01,Hakerem Distillers
O000007,2025-09-04,P027,Captain Morgan,12,2025-09-05,2025-09-05,delivered,SUP01,Hakerem Distillers
O000008,2025-09-05,K001,Carlsberg 50L,1,2025-09-06,2025-09-06,delivered,SUP02,IBBL (Israel Beer Breweries Ltd)
O000009,2025-09-05,K002,Tuborg 50L,1,2025-09-06,2025-09-06,delivered,SUP02,IBBL (Israel Beer Breweries Ltd)
O000010,2025-09-05,K003,Carlsberg 30L,2,2025-09-06,2025-09-06,delivered,SUP02,IBBL (Israel Beer Breweries Ltd)
O000011,2025-09-05,K004,Malka 30L,2,2025-09-06,2025-09-06,delivered,SUP02,IBBL (Israel Beer Breweries Ltd)
O000012,2025-09-05,K005,Weihenstephan 30L,1,2025-09-06,2025-09-06,delivered,SUP02,IBBL (Israel Beer Breweries Ltd)
O000013,2025-09-07,P054,Sugar Syrup,6,2025-09-08,2025-09-08,delivered,SUP03,CBC (Central Bottling Company)
O000014,2025-09-07,P055,Fresh Mint,6,2025-09-08,2025-09-08,delivered,SUP03,CBC (Central Bottling Company)
O000015,2025-09-08,P009,Bombay Sapphire,12,2025-09-09,2025-09-09,delivered,SUP01,Hakerem Distillers
O000016,2025-09-08,P011,Hendrick's,12,2025-09-09,2025-09-09,delivered,SUP01,Hakerem Distillers
O000017,2025-09-08,P012,Beefeater,12,2025-09-09,2025-09-09,delivered,SUP01,Hakerem Distillers
O000018,2025-09-08,P015,Finlandia,12,2025-09-09,2025-09-09,delivered,SUP01,Hakerem Distillers
O000019,2025-09-08,P016,Grey Goose,12,2025-09-09,2025-09-09,delivered,SUP01,Hakerem Distillers
O000020,2025-09-08,P017,Belvedere,12,2025-09-09,2025-09-09,delivered,SUP01,Hakerem Distillers
O000021,2025-09-08,P018,Stolichnaya,12,2025-09-09,2025-09-09,delivered,SUP01,Hakerem Distillers
O000022,2025-09-08,P019,Jameson,12,2025-09-09,2025-09-09,delivered,SUP01,Hakerem Distillers
O000023,2025-09-08,P020,Jack Daniel's,12,2025-09-09,2025-09-11,delayed,SUP01,Hakerem Distillers
O000024,2025-09-08,P021,Johnnie Walker Black,12,2025-09-09,2025-09-09,delivered,SUP01,Hakerem Distillers
O000025,2025-09-08,P023,Maker's Mark,12,2025-09-09,2025-09-09,delivered,SUP01,Hakerem Distillers
O000026,2025-09-08,P024,Glenfiddich 12,12,2025-09-09,2025-09-09,delivered,SUP01,Hakerem Distillers
O000027,2025-09-08,P029,Jose Cuervo,12,2025-09-09,2025-09-09,delivered,SUP01,Hakerem Distillers
O000028,2025-09-08,P030,Olmeca Blanco,12,2025-09-09,2025-09-09,delivered,SUP01,Hakerem Distillers
O000029,2025-09-08,P032,Don Julio Blanco,12,2025-09-09,2025-09-09,delivered,SUP01,Hakerem Distillers
O000030,2025-09-08,P034,Campari,12,2025-09-09,2025-09-09,delivered,SUP01,Hakerem Distillers
O000031,2025-09-08,P039,House White Wine,12,2025-09-09,2025-09-09,delivered,SUP01,Hakerem Distillers
O000032,2025-09-08,P040,Rose Wine,12,2025-09-09,2025-09-11,delayed,SUP01,Hakerem Distillers
O000033,2025-09-08,P042,Chardonnay,12,2025-09-09,2025-09-09,delivered,SUP01,Hakerem Distillers
O000034,2025-09-09,P004,Guinness,24,2025-09-10,2025-09-12,delayed,SUP02,IBBL (Israel Beer Breweries Ltd)
O000035,2025-09-09,K001,Carlsberg 50L,2,2025-09-10,2025-09-10,delivered,SUP02,IBBL (Israel Beer Breweries Ltd)
O000036,2025-09-09,K002,Tuborg 50L,2,2025-09-10,2025-09-10,delivered,SUP02,IBBL (Israel Beer Breweries Ltd)
O000037,2025-09-09,K003,Carlsberg 30L,3,2025-09-10,2025-09-10,delivered,SUP02,IBBL (Israel Beer Breweries Ltd)
O000038,2025-09-09,K004,Malka 30L,3,2025-09-10,2025-09-10,delivered,SUP02,IBBL (Israel Beer Breweries Ltd)
O000039,2025-09-09,K005,Weihenstephan 30L,2,2025-09-10,2025-09-10,delivered,SUP02,IBBL (Israel Beer Breweries Ltd)
O000040,2025-09-10,P045,Sprite,24,2025-09-11,2025-09-11,delivered,SUP03,CBC (Central Bottling Company)
O000041,2025-09-10,P046,Tonic Water,24,2025-09-11,2025-09-11,delivered,SUP03,CBC (Central Bottling Company)
O000042,2025-09-10,P049,Ginger Beer,24,2025-09-11,2025-09-11,delivered,SUP03,CBC (Central Bottling Company)
O000043,2025-09-10,P052,Lime Juice,6,2025-09-11,2025-09-11,delivered,SUP03,CBC (Central Bottling Company)
O000044,2025-09-10,P053,Lemon Juice,6,2025-09-11,2025-09-11,delivered,SUP03,CBC (Central Bottling Company)
O000045,2025-09-11,P013,Gordon's,12,2025-09-12,2025-09-12,delivered,SUP01,Hakerem Distillers
O000046,2025-09-11,P014,Absolut,12,2025-09-12,2025-09-12,delivered,SUP01,Hakerem Distillers
O000047,2025-09-11,P025,Bacardi Carta Blanca,12,2025-09-12,2025-09-12,delivered,SUP01,Hakerem Distillers
O000048,2025-09-11,P031,Patron Silver,12,2025-09-12,2025-09-12,delivered,SUP01,Hakerem Distillers
O000049,2025-09-11,P033,Aperol,12,2025-09-12,2025-09-12,delivered,SUP01,Hakerem Distillers
O000050,2025-09-11,P035,Cointreau,12,2025-09-12,2025-09-12,delivered,SUP01,Hakerem Distillers
O000051,2025-09-11,P036,Kahlua,12,2025-09-12,2025-09-12,delivered,SUP01,Hakerem Distillers
O000052,2025-09-11,P037,Martini Rosso,12,2025-09-12,2025-09-12,delivered,SUP01,Hakerem Distillers
O000053,2025-09-11,P038,House Red Wine,12,2025-09-12,2025-09-12,delivered,SUP01,Hakerem Distillers
O000054,2025-09-11,P041,Prosecco,12,2025-09-12,2025-09-13,delayed,SUP01,Hakerem Distillers
O000055,2025-09-12,P001,Carlsberg,24,2025-09-13,2025-09-13,delivered,SUP02,IBBL (Israel Beer Breweries Ltd)
O000056,2025-09-12,P002,Heineken,24,2025-09-13,2025-09-13,delivered,SUP02,IBBL (Israel Beer Breweries Ltd)
O000057,2025-09-12,P003,Corona,24,2025-09-13,2025-09-13,delivered,SUP02,IBBL (Israel Beer Breweries Ltd)
O000058,2025-09-12,P005,Goldstar,24,2025-09-13,2025-09-13,delivered,SUP02,IBBL (Israel Beer Breweries Ltd)
O000059,2025-09-12,P006,Maccabee,24,2025-09-13,2025-09-16,delayed,SUP02,IBBL (Israel Beer Breweries Ltd)
O000060,2025-09-12,P007,Stella Artois,24,2025-09-13,2025-09-13,delivered,SUP02,IBBL (Israel Beer Breweries Ltd)
O000061,2025-09-12,P008,Erdinger,24,2025-09-13,2025-09-13,delivered,SUP02,IBBL (Israel Beer Breweries Ltd)
O000062,2025-09-12,K001,Carlsberg 50L,1,2025-09-13,2025-09-13,delivered,SUP02,IBBL (Israel Beer Breweries Ltd)
O000063,2025-09-12,K002,Tuborg 50L,1,2025-09-13,2025-09-13,delivered,SUP02,IBBL (Israel Beer Breweries Ltd)
O000064,2025-09-12,K003,Carlsberg 30L,3,2025-09-13,2025-09-13,delivered,SUP02,IBBL (Israel Beer Breweries Ltd)
O000065,2025-09-12,K004,Malka 30L,1,2025-09-13,2025-09-13,delivered,SUP02,IBBL (Israel Beer Breweries Ltd)
O000066,2025-09-12,K005,Weihenstephan 30L,1,2025-09-13,2025-09-13,delivered,SUP02,IBBL (Israel Beer Breweries Ltd)
O000067,2025-09-14,P043,Coca-Cola,72,2025-09-15,2025-09-15,delivered,SUP03,CBC (Central Bottling Company)
O000068,2025-09-14,P044,Coca-Cola Zero,48,2025-09-15,2025-09-15,delivered,SUP03,CBC (Central Bottling Company)
O000069,2025-09-14,P045,Sprite,24,2025-09-15,2025-09-15,delivered,SUP03,CBC (Central Bottling Company)
O000070,2025-09-14,P046,Tonic Water,48,2025-09-15,2025-09-15,delivered,SUP03,CBC (Central Bottling Company)
O000071,2025-09-14,P047,Soda Water,48,2025-09-15,2025-09-15,delivered,SUP03,CBC (Central Bottling Company)
O000072,2025-09-14,P048,Red Bull,48,2025-09-15,2025-09-15,delivered,SUP03,CBC (Central Bottling Company)
O000073,2025-09-14,P052,Lime Juice,6,2025-09-15,2025-09-17,delayed,SUP03,CBC (Central Bottling Company)
O000074,2025-09-14,P056,Coffee Beans,6,2025-09-15,2025-09-15,delivered,SUP03,CBC (Central Bottling Company)
O000075,2025-09-15,P025,Bacardi Carta Blanca,12,2025-09-16,2025-09-17,delayed,SUP01,Hakerem Distillers
O000076,2025-09-15,P038,House Red Wine,12,2025-09-16,2025-09-16,delivered,SUP01,Hakerem Distillers
O000077,2025-09-15,P039,House White Wine,12,2025-09-16,2025-09-16,delivered,SUP01,Hakerem Distillers
O000078,2025-09-15,P041,Prosecco,12,2025-09-16,2025-09-16,delivered,SUP01,Hakerem Distillers
O000079,2025-09-16,P001,Carlsberg,48,2025-09-17,2025-09-18,delayed,SUP02,IBBL (Israel Beer Breweries Ltd)
O000080,2025-09-16,P002,Heineken,48,2025-09-17,2025-09-17,delivered,SUP02,IBBL (Israel Beer Breweries Ltd)
O000081,2025-09-16,P003,Corona,48,2025-09-17,2025-09-17,delivered,SUP02,IBBL (Israel Beer Breweries Ltd)
O000082,2025-09-16,P004,Guinness,24,2025-09-17,2025-09-17,delivered,SUP02,IBBL (Israel Beer Breweries Ltd)
O000083,2025-09-16,P005,Goldstar,48,2025-09-17,2025-09-17,delivered,SUP02,IBBL (Israel Beer Breweries Ltd)
O000084,2025-09-16,P006,Maccabee,24,2025-09-17,2025-09-17,delivered,SUP02,IBBL (Israel Beer Breweries Ltd)
O000085,2025-09-16,P007,Stella Artois,24,2025-09-17,2025-09-18,delayed,SUP02,IBBL (Israel Beer Breweries Ltd)
O000086,2025-09-16,K001,Carlsberg 50L,2,2025-09-17,2025-09-17,delivered,SUP02,IBBL (Israel Beer Breweries Ltd)
O000087,2025-09-16,K002,Tuborg 50L,2,2025-09-17,2025-09-17,delivered,SUP02,IBBL (Israel Beer Breweries Ltd)
O000088,2025-09-16,K003,Carlsberg 30L,2,2025-09-17,2025-09-17,delivered,SUP02,IBBL (Israel Beer Breweries Ltd)
O000089,2025-09-16,K004,Malka 30L,2,2025-09-17,2025-09-17,delivered,SUP02,IBBL (Israel Beer Breweries Ltd)
O000090,2025-09-16,K005,Weihenstephan 30L,2,2025-09-17,2025-09-17,delivered,SUP02,IBBL (Israel Beer Breweries Ltd)
O000091,2025-09-17,P043,Coca-Cola,48,2025-09-18,2025-09-18,delivered,SUP03,CBC (Central Bottling Company)
O000092,2025-09-17,P045,Sprite,24,2025-09-18,2025-09-18,delivered,SUP03,CBC (Central Bottling Company)
O000093,2025-09-17,P047,Soda Water,24,2025-09-18,2025-09-18,delivered,SUP03,CBC (Central Bottling Company)
O000094,2025-09-17,P049,Ginger Beer,24,2025-09-18,2025-09-18,delivered,SUP03,CBC (Central Bottling Company)
O000095,2025-09-18,P013,Gordon's,12,2025-09-19,2025-09-19,delivered,SUP01,Hakerem Distillers
O000096,2025-09-18,P014,Absolut,12,2025-09-19,2025-09-19,delivered,SUP01,Hakerem Distillers
O000097,2025-09-18,P028,Diplomatico Reserva,12,2025-09-19,2025-09-19,delivered,SUP01,Hakerem Distillers
O000098,2025-09-18,P031,Patron Silver,12,2025-09-19,2025-09-19,delivered,SUP01,Hakerem Distillers
O000099,2025-09-18,P033,Aperol,12,2025-09-19,2025-09-19,delivered,SUP01,Hakerem Distillers
O000100,2025-09-18,P039,House White Wine,12,2025-09-19,2025-09-19,delivered,SUP01,Hakerem Distillers
O000101,2025-09-18,P041,Prosecco,12,2025-09-19,2025-09-19,delivered,SUP01,Hakerem Distillers
O000102,2025-09-19,P001,Carlsberg,24,2025-09-20,2025-09-20,delivered,SUP02,IBBL (Israel Beer Breweries Ltd)
O000103,2025-09-19,P002,Heineken,24,2025-09-20,2025-09-20,delivered,SUP02,IBBL (Israel Beer Breweries Ltd)
O000104,2025-09-19,P003,Corona,24,2025-09-20,2025-09-20,delivered,SUP02,IBBL (Israel Beer Breweries Ltd)
O000105,2025-09-19,P005,Goldstar,24,2025-09-20,2025-09-20,delivered,SUP02,IBBL (Israel Beer Breweries Ltd)
O000106,2025-09-19,P006,Maccabee,24,2025-09-20,2025-09-20,delivered,SUP02,IBBL (Israel Beer Breweries Ltd)
O000107,2025-09-19,P007,Stella Artois,24,2025-09-20,2025-09-23,delayed,SUP02,IBBL (Israel Beer Breweries Ltd)
O000108,2025-09-19,P008,Erdinger,24,2025-09-20,2025-09-20,delivered,SUP02,IBBL (Israel Beer Breweries Ltd)
O000109,2025-09-19,K001,Carlsberg 50L,1,2025-09-20,2025-09-20,delivered,SUP02,IBBL (Israel Beer Breweries Ltd)
O000110,2025-09-19,K002,Tuborg 50L,1,2025-09-20,2025-09-20,delivered,SUP02,IBBL (Israel Beer Breweries Ltd)
O000111,2025-09-19,K003,Carlsberg 30L,3,2025-09-20,2025-09-20,delivered,SUP02,IBBL (Israel Beer Breweries Ltd)
O000112,2025-09-19,K004,Malka 30L,3,2025-09-20,2025-09-20,delivered,SUP02,IBBL (Israel Beer Breweries Ltd)
O000113,2025-09-19,K005,Weihenstephan 30L,1,2025-09-20,2025-09-20,delivered,SUP02,IBBL (Israel Beer Breweries Ltd)
O000114,2025-09-21,P043,Coca-Cola,72,2025-09-22,2025-09-22,delivered,SUP03,CBC (Central Bottling Company)
O000115,2025-09-21,P044,Coca-Cola Zero,48,2025-09-22,2025-09-22,delivered,SUP03,CBC (Central Bottling Company)
O000116,2025-09-21,P045,Sprite,48,2025-09-22,2025-09-22,delivered,SUP03,CBC (Central Bottling Company)
O000117,2025-09-21,P046,Tonic Water,48,2025-09-22,2025-09-22,delivered,SUP03,CBC (Central Bottling Company)
O000118,2025-09-21,P047,Soda Water,48,2025-09-22,2025-09-22,delivered,SUP03,CBC (Central Bottling Company)
O000119,2025-09-21,P048,Red Bull,48,2025-09-22,2025-09-22,delivered,SUP03,CBC (Central Bottling Company)
O000120,2025-09-21,P052,Lime Juice,6,2025-09-22,2025-09-25,delayed,SUP03,CBC (Central Bottling Company)
O000121,2025-09-21,P054,Sugar Syrup,6,2025-09-22,2025-09-22,delivered,SUP03,CBC (Central Bottling Company)
O000122,2025-09-22,P025,Bacardi Carta Blanca,12,2025-09-23,2025-09-23,delivered,SUP01,Hakerem Distillers
O000123,2025-09-22,P033,Aperol,12,2025-09-23,2025-09-23,delivered,SUP01,Hakerem Distillers
O000124,2025-09-22,P038,House Red Wine,12,2025-09-23,2025-09-23,delivered,SUP01,Hakerem Distillers
O000125,2025-09-22,P040,Rose Wine,12,2025-09-23,2025-09-23,delivered,SUP01,Hakerem Distillers
O000126,2025-09-22,P041,Prosecco,12,2025-09-23,2025-09-23,delivered,SUP01,Hakerem Distillers
O000127,2025-09-23,P001,Carlsberg,48,2025-09-24,2025-09-24,delivered,SUP02,IBBL (Israel Beer Breweries Ltd)
O000128,2025-09-23,P002,Heineken,48,2025-09-24,2025-09-24,delivered,SUP02,IBBL (Israel Beer Breweries Ltd)
O000129,2025-09-23,P003,Corona,24,2025-09-24,2025-09-24,delivered,SUP02,IBBL (Israel Beer Breweries Ltd)
O000130,2025-09-23,P004,Guinness,24,2025-09-24,2025-09-24,delivered,SUP02,IBBL (Israel Beer Breweries Ltd)
O000131,2025-09-23,P005,Goldstar,48,2025-09-24,2025-09-24,delivered,SUP02,IBBL (Israel Beer Breweries Ltd)
O000132,2025-09-23,P007,Stella Artois,24,2025-09-24,2025-09-24,delivered,SUP02,IBBL (Israel Beer Breweries Ltd)
O000133,2025-09-23,K001,Carlsberg 50L,2,2025-09-24,2025-09-24,delivered,SUP02,IBBL (Israel Beer Breweries Ltd)
O000134,2025-09-23,K002,Tuborg 50L,1,2025-09-24,2025-09-24,delivered,SUP02,IBBL (Israel Beer Breweries Ltd)
O000135,2025-09-23,K003,Carlsberg 30L,3,2025-09-24,2025-09-24,delivered,SUP02,IBBL (Israel Beer Breweries Ltd)
O000136,2025-09-23,K004,Malka 30L,2,2025-09-24,2025-09-24,delivered,SUP02,IBBL (Israel Beer Breweries Ltd)
O000137,2025-09-23,K005,Weihenstephan 30L,2,2025-09-24,2025-09-25,delayed,SUP02,IBBL (Israel Beer Breweries Ltd)
O000138,2025-09-24,P043,Coca-Cola,48,2025-09-25,2025-09-25,delivered,SUP03,CBC (Central Bottling Company)
O000139,2025-09-24,P044,Coca-Cola Zero,48,2025-09-25,2025-09-25,delivered,SUP03,CBC (Central Bottling Company)
O000140,2025-09-24,P046,Tonic Water,24,2025-09-25,2025-09-25,delivered,SUP03,CBC (Central Bottling Company)
O000141,2025-09-24,P047,Soda Water,24,2025-09-25,2025-09-25,delivered,SUP03,CBC (Central Bottling Company)
O000142,2025-09-24,P048,Red Bull,24,2025-09-25,2025-09-25,delivered,SUP03,CBC (Central Bottling Company)
O000143,2025-09-24,P049,Ginger Beer,24,2025-09-25,2025-09-25,delivered,SUP03,CBC (Central Bottling Company)
O000144,2025-09-24,P052,Lime Juice,6,2025-09-25,2025-09-25,delivered,SUP03,CBC (Central Bottling Company)
O000145,2025-09-25,P011,Hendrick's,12,2025-09-26,2025-09-26,delivered,SUP01,Hakerem Distillers
O000146,2025-09-25,P013,Gordon's,12,2025-09-26,2025-09-26,delivered,SUP01,Hakerem Distillers
O000147,2025-09-25,P019,Jameson,12,2025-09-26,2025-09-28,delayed,SUP01,Hakerem Distillers
O000148,2025-09-25,P020,Jack Daniel's,12,2025-09-26,2025-09-26,delivered,SUP01,Hakerem Distillers
O000149,2025-09-25,P025,Bacardi Carta Blanca,12,2025-09-26,2025-09-26,delivered,SUP01,Hakerem Distillers
O000150,2025-09-25,P034,Campari,12,2025-09-26,2025-09-26,delivered,SUP01,Hakerem Distillers
O000151,2025-09-25,P038,House Red Wine,12,2025-09-26,2025-09-26,delivered,SUP01,Hakerem Distillers
O000152,2025-09-25,P039,House White Wine,12,2025-09-26,2025-09-26,delivered,SUP01,Hakerem Distillers
O000153,2025-09-25,P041,Prosecco,12,2025-09-26,2025-09-26,delivered,SUP01,Hakerem Distillers
O000154,2025-09-26,P001,Carlsberg,48,2025-09-27,2025-09-27,delivered,SUP02,IBBL (Israel Beer Breweries Ltd)
O000155,2025-09-26,P002,Heineken,48,2025-09-27,2025-09-27,delivered,SUP02,IBBL (Israel Beer Breweries Ltd)
O000156,2025-09-26,P003,Corona,48,2025-09-27,2025-09-29,delayed,SUP02,IBBL (Israel Beer Breweries Ltd)
O000157,2025-09-26,P004,Guinness,24,2025-09-27,2025-09-27,delivered,SUP02,IBBL (Israel Beer Breweries Ltd)
O000158,2025-09-26,P005,Goldstar,24,2025-09-27,2025-09-29,delayed,SUP02,IBBL (Israel Beer Breweries Ltd)
O000159,2025-09-26,P006,Maccabee,24,2025-09-27,2025-09-27,delivered,SUP02,IBBL (Israel Beer Breweries Ltd)
O000160,2025-09-26,P007,Stella Artois,24,2025-09-27,2025-09-27,delivered,SUP02,IBBL (Israel Beer Breweries Ltd)
O000161,2025-09-26,P008,Erdinger,24,2025-09-27,2025-09-28,delayed,SUP02,IBBL (Israel Beer Breweries Ltd)
O000162,2025-09-26,K001,Carlsberg 50L,2,2025-09-27,2025-09-27,delivered,SUP02,IBBL (Israel Beer Breweries Ltd)
O000163,2025-09-26,K002,Tuborg 50L,2,2025-09-27,2025-09-27,delivered,SUP02,IBBL (Israel Beer Breweries Ltd)
O000164,2025-09-26,K003,Carlsberg 30L,3,2025-09-27,2025-09-27,delivered,SUP02,IBBL (Israel Beer Breweries Ltd)
O000165,2025-09-26,K004,Malka 30L,2,2025-09-27,2025-09-27,delivered,SUP02,IBBL (Israel Beer Breweries Ltd)
O000166,2025-09-26,K005,Weihenstephan 30L,2,2025-09-27,2025-09-27,delivered,SUP02,IBBL (Israel Beer Breweries Ltd)
O000167,2025-09-28,P043,Coca-Cola,72,2025-09-29,2025-09-29,delivered,SUP03,CBC (Central Bottling Company)
O000168,2025-09-28,P044,Coca-Cola Zero,48,2025-09-29,2025-09-29,delivered,SUP03,CBC (Central Bottling Company)
O000169,2025-09-28,P045,Sprite,48,2025-09-29,2025-09-29,delivered,SUP03,CBC (Central Bottling Company)
O000170,2025-09-28,P046,Tonic Water,48,2025-09-29,2025-09-29,delivered,SUP03,CBC (Central Bottling Company)
O000171,2025-09-28,P047,Soda Water,48,2025-09-29,2025-09-29,delivered,SUP03,CBC (Central Bottling Company)
O000172,2025-09-28,P048,Red Bull,24,2025-09-29,2025-09-29,delivered,SUP03,CBC (Central Bottling Company)
O000173,2025-09-29,P014,Absolut,12,2025-09-30,2025-09-30,delivered,SUP01,Hakerem Distillers
O000174,2025-09-29,P031,Patron Silver,12,2025-09-30,2025-09-30,delivered,SUP01,Hakerem Distillers
O000175,2025-09-29,P033,Aperol,12,2025-09-30,2025-09-30,delivered,SUP01,Hakerem Distillers
O000176,2025-09-29,P035,Cointreau,12,2025-09-30,2025-09-30,delivered,SUP01,Hakerem Distillers
O000177,2025-09-29,P039,House White Wine,12,2025-09-30,2025-09-30,delivered,SUP01,Hakerem Distillers
O000178,2025-09-29,P041,Prosecco,24,2025-09-30,2025-09-30,delivered,SUP01,Hakerem Distillers
O000179,2025-09-29,P042,Chardonnay,12,2025-09-30,2025-09-30,delivered,SUP01,Hakerem Distillers
O000180,2025-09-30,P001,Carlsberg,48,2025-10-01,2025-10-01,delivered,SUP02,IBBL (Israel Beer Breweries Ltd)
O000181,2025-09-30,P002,Heineken,24,2025-10-01,2025-10-01,delivered,SUP02,IBBL (Israel Beer Breweries Ltd)
O000182,2025-09-30,P003,Corona,24,2025-10-01,2025-10-01,delivered,SUP02,IBBL (Israel Beer Breweries Ltd)
O000183,2025-09-30,P005,Goldstar,24,2025-10-01,2025-10-01,delivered,SUP02,IBBL (Israel Beer Breweries Ltd)
O000184,2025-09-30,P006,Maccabee,24,2025-10-01,2025-10-01,delivered,SUP02,IBBL (Israel Beer Breweries Ltd)
O000185,2025-09-30,P007,Stella Artois,24,2025-10-01,2025-10-01,delivered,SUP02,IBBL (Israel Beer Breweries Ltd)
O000186,2025-09-30,K001,Carlsberg 50L,2,2025-10-01,2025-10-01,delivered,SUP02,IBBL (Israel Beer Breweries Ltd)
O000187,2025-09-30,K002,Tuborg 50L,1,2025-10-01,2025-10-01,delivered,SUP02,IBBL (Israel Beer Breweries Ltd)
O000188,2025-09-30,K003,Carlsberg 30L,2,2025-10-01,2025-10-01,delivered,SUP02,IBBL (Israel Beer Breweries Ltd)
O000189,2025-09-30,K004,Malka 30L,2,2025-10-01,2025-10-01,delivered,SUP02,IBBL (Israel Beer Breweries Ltd)
O000190,2025-09-30,K005,Weihenstephan 30L,2,2025-10-01,2025-10-01,delivered,SUP02,IBBL (Israel Beer Breweries Ltd)
O000191,2025-10-01,P043,Coca-Cola,24,2025-10-02,2025-10-02,delivered,SUP03,CBC (Central Bottling Company)
O000192,2025-10-01,P045,Sprite,24,2025-10-02,2025-10-02,delivered,SUP03,CBC (Central Bottling Company)
O000193,2025-10-01,P046,Tonic Water,24,2025-10-02,2025-10-02,delivered,SUP03,CBC (Central Bottling Company)
O000194,2025-10-01,P047,Soda Water,24,2025-10-02,2025-10-02,delivered,SUP03,CBC (Central Bottling Company)
O000195,2025-10-01,P048,Red Bull,24,2025-10-02,2025-10-02,delivered,SUP03,CBC (Central Bottling Company)
O000196,2025-10-02,P013,Gordon's,12,2025-10-03,2025-10-03,delivered,SUP01,Hakerem Distillers
O000197,2025-10-02,P025,Bacardi Carta Blanca,12,2025-10-03,2025-10-03,delivered,SUP01,Hakerem Distillers
O000198,2025-10-02,P029,Jose Cuervo,12,2025-10-03,2025-10-03,delivered,SUP01,Hakerem Distillers
O000199,2025-10-02,P033,Aperol,12,2025-10-03,2025-10-03,delivered,SUP01,Hakerem Distillers
O000200,2025-10-02,P036,Kahlua,12,2025-10-03,2025-10-03,delivered,SUP01,Hakerem Distillers
O000201,2025-10-02,P038,House Red Wine,12,2025-10-03,2025-10-03,delivered,SUP01,Hakerem Distillers
O000202,2025-10-02,P039,House White Wine,12,2025-10-03,2025-10-03,delivered,SUP01,Hakerem Distillers
O000203,2025-10-02,P040,Rose Wine,12,2025-10-03,2025-10-03,delivered,SUP01,Hakerem Distillers
O000204,2025-10-02,P041,Prosecco,12,2025-10-03,2025-10-03,delivered,SUP01,Hakerem Distillers
O000205,2025-10-03,P001,Carlsberg,48,2025-10-04,2025-10-04,delivered,SUP02,IBBL (Israel Beer Breweries Ltd)
O000206,2025-10-03,P002,Heineken,48,2025-10-04,2025-10-04,delivered,SUP02,IBBL (Israel Beer Breweries Ltd)
O000207,2025-10-03,P003,Corona,24,2025-10-04,2025-10-04,delivered,SUP02,IBBL (Israel Beer Breweries Ltd)
O000208,2025-10-03,P004,Guinness,24,2025-10-04,2025-10-04,delivered,SUP02,IBBL (Israel Beer Breweries Ltd)
O000209,2025-10-03,P005,Goldstar,48,2025-10-04,2025-10-04,delivered,SUP02,IBBL (Israel Beer Breweries Ltd)
O000210,2025-10-03,P006,Maccabee,24,2025-10-04,2025-10-04,delivered,SUP02,IBBL (Israel Beer Breweries Ltd)
O000211,2025-10-03,P007,Stella Artois,24,2025-10-04,2025-10-04,delivered,SUP02,IBBL (Israel Beer Breweries Ltd)
O000212,2025-10-03,P008,Erdinger,24,2025-10-04,2025-10-04,delivered,SUP02,IBBL (Israel Beer Breweries Ltd)
O000213,2025-10-03,K001,Carlsberg 50L,2,2025-10-04,2025-10-04,delivered,SUP02,IBBL (Israel Beer Breweries Ltd)
O000214,2025-10-03,K002,Tuborg 50L,2,2025-10-04,2025-10-04,delivered,SUP02,IBBL (Israel Beer Breweries Ltd)
O000215,2025-10-03,K003,Carlsberg 30L,4,2025-10-04,2025-10-04,delivered,SUP02,IBBL (Israel Beer Breweries Ltd)
O000216,2025-10-03,K004,Malka 30L,3,2025-10-04,2025-10-04,delivered,SUP02,IBBL (Israel Beer Breweries Ltd)
O000217,2025-10-03,K005,Weihenstephan 30L,2,2025-10-04,2025-10-04,delivered,SUP02,IBBL (Israel Beer Breweries Ltd)
O000218,2025-10-05,P043,Coca-Cola,96,2025-10-06,2025-10-06,delivered,SUP03,CBC (Central Bottling Company)
O000219,2025-10-05,P044,Coca-Cola Zero,72,2025-10-06,2025-10-06,delivered,SUP03,CBC (Central Bottling Company)
O000220,2025-10-05,P045,Sprite,48,2025-10-06,2025-10-06,delivered,SUP03,CBC (Central Bottling Company)
O000221,2025-10-05,P046,Tonic Water,72,2025-10-06,2025-10-06,delivered,SUP03,CBC (Central Bottling Company)
O000222,2025-10-05,P047,Soda Water,48,2025-10-06,2025-10-06,delivered,SUP03,CBC (Central Bottling Company)
O000223,2025-10-05,P048,Red Bull,48,2025-10-06,2025-10-06,delivered,SUP03,CBC (Central Bottling Company)
O000224,2025-10-05,P049,Ginger Beer,24,2025-10-06,2025-10-06,delivered,SUP03,CBC (Central Bottling Company)
O000225,2025-10-05,P052,Lime Juice,6,2025-10-06,2025-10-06,delivered,SUP03,CBC (Central Bottling Company)
O000226,2025-10-05,P054,Sugar Syrup,6,2025-10-06,2025-10-06,delivered,SUP03,CBC (Central Bottling Company)
O000227,2025-10-06,P013,Gordon's,12,2025-10-07,2025-10-07,delivered,SUP01,Hakerem Distillers
O000228,2025-10-06,P014,Absolut,12,2025-10-07,2025-10-07,delivered,SUP01,Hakerem Distillers
O000229,2025-10-06,P016,Grey Goose,12,2025-10-07,2025-10-07,delivered,SUP01,Hakerem Distillers
O000230,2025-10-06,P021,Johnnie Walker Black,12,2025-10-07,2025-10-07,delivered,SUP01,Hakerem Distillers
O000231,2025-10-06,P025,Bacardi Carta Blanca,12,2025-10-07,2025-10-07,delivered,SUP01,Hakerem Distillers
O000232,2025-10-06,P031,Patron Silver,12,2025-10-07,2025-10-07,delivered,SUP01,Hakerem Distillers
O000233,2025-10-06,P033,Aperol,12,2025-10-07,2025-10-07,delivered,SUP01,Hakerem Distillers
O000234,2025-10-06,P037,Martini Rosso,12,2025-10-07,2025-10-07,delivered,SUP01,Hakerem Distillers
O000235,2025-10-06,P038,House Red Wine,12,2025-10-07,2025-10-07,delivered,SUP01,Hakerem Distillers
O000236,2025-10-06,P039,House White Wine,12,2025-10-07,2025-10-07,delivered,SUP01,Hakerem Distillers
O000237,2025-10-06,P041,Prosecco,12,2025-10-07,2025-10-07,delivered,SUP01,Hakerem Distillers
O000238,2025-10-07,P001,Carlsberg,24,2025-10-08,2025-10-08,delivered,SUP02,IBBL (Israel Beer Breweries Ltd)
O000239,2025-10-07,P002,Heineken,24,2025-10-08,2025-10-08,delivered,SUP02,IBBL (Israel Beer Breweries Ltd)
O000240,2025-10-07,P003,Corona,48,2025-10-08,2025-10-08,delivered,SUP02,IBBL (Israel Beer Breweries Ltd)
O000241,2025-10-07,P004,Guinness,24,2025-10-08,2025-10-08,delivered,SUP02,IBBL (Israel Beer Breweries Ltd)
O000242,2025-10-07,P005,Goldstar,24,2025-10-08,2025-10-08,delivered,SUP02,IBBL (Israel Beer Breweries Ltd)
O000243,2025-10-07,P006,Maccabee,24,2025-10-08,2025-10-11,delayed,SUP02,IBBL (Israel Beer Breweries Ltd)
O000244,2025-10-07,P007,Stella Artois,24,2025-10-08,2025-10-08,delivered,SUP02,IBBL (Israel Beer Breweries Ltd)
O000245,2025-10-07,K001,Carlsberg 50L,2,2025-10-08,2025-10-08,delivered,SUP02,IBBL (Israel Beer Breweries Ltd)
O000246,2025-10-07,K002,Tuborg 50L,2,2025-10-08,2025-10-10,delayed,SUP02,IBBL (Israel Beer Breweries Ltd)
O000247,2025-10-07,K003,Carlsberg 30L,3,2025-10-08,2025-10-08,delivered,SUP02,IBBL (Israel Beer Breweries Ltd)
O000248,2025-10-07,K004,Malka 30L,2,2025-10-08,2025-10-08,delivered,SUP02,IBBL (Israel Beer Breweries Ltd)
O000249,2025-10-07,K005,Weihenstephan 30L,2,2025-10-08,2025-10-08,delivered,SUP02,IBBL (Israel Beer Breweries Ltd)
O000250,2025-10-08,P043,Coca-Cola,24,2025-10-09,2025-10-09,delivered,SUP03,CBC (Central Bottling Company)
O000251,2025-10-08,P044,Coca-Cola Zero,24,2025-10-09,2025-10-09,delivered,SUP03,CBC (Central Bottling Company)
O000252,2025-10-08,P045,Sprite,24,2025-10-09,2025-10-09,delivered,SUP03,CBC (Central Bottling Company)
O000253,2025-10-08,P046,Tonic Water,24,2025-10-09,2025-10-09,delivered,SUP03,CBC (Central Bottling Company)
O000254,2025-10-08,P049,Ginger Beer,24,2025-10-09,2025-10-09,delivered,SUP03,CBC (Central Bottling Company)
O000255,2025-10-09,P009,Bombay Sapphire,12,2025-10-10,2025-10-12,delayed,SUP01,Hakerem Distillers
O000256,2025-10-09,P019,Jameson,12,2025-10-10,2025-10-12,delayed,SUP01,Hakerem Distillers
O000257,2025-10-09,P025,Bacardi Carta Blanca,12,2025-10-10,2025-10-10,delivered,SUP01,Hakerem Distillers
O000258,2025-10-09,P038,House Red Wine,12,2025-10-10,2025-10-10,delivered,SUP01,Hakerem Distillers
O000259,2025-10-09,P039,House White Wine,12,2025-10-10,2025-10-10,delivered,SUP01,Hakerem Distillers
O000260,2025-10-09,P041,Prosecco,12,2025-10-10,2025-10-10,delivered,SUP01,Hakerem Distillers
O000261,2025-10-10,P001,Carlsberg,72,2025-10-11,2025-10-11,delivered,SUP02,IBBL (Israel Beer Breweries Ltd)
O000262,2025-10-10,P002,Heineken,48,2025-10-11,2025-10-11,delivered,SUP02,IBBL (Israel Beer Breweries Ltd)
O000263,2025-10-10,P003,Corona,24,2025-10-11,2025-10-11,delivered,SUP02,IBBL (Israel Beer Breweries Ltd)
O000264,2025-10-10,P004,Guinness,24,2025-10-11,2025-10-14,delayed,SUP02,IBBL (Israel Beer Breweries Ltd)
O000265,2025-10-10,P005,Goldstar,48,2025-10-11,2025-10-11,delivered,SUP02,IBBL (Israel Beer Breweries Ltd)
O000266,2025-10-10,P006,Maccabee,48,2025-10-11,2025-10-11,delivered,SUP02,IBBL (Israel Beer Breweries Ltd)
O000267,2025-10-10,P007,Stella Artois,24,2025-10-11,2025-10-11,delivered,SUP02,IBBL (Israel Beer Breweries Ltd)
O000268,2025-10-10,P008,Erdinger,24,2025-10-11,2025-10-11,delivered,SUP02,IBBL (Israel Beer Breweries Ltd)
O000269,2025-10-10,K001,Carlsberg 50L,3,2025-10-11,2025-10-11,delivered,SUP02,IBBL (Israel Beer Breweries Ltd)
O000270,2025-10-10,K002,Tuborg 50L,1,2025-10-11,2025-10-13,delayed,SUP02,IBBL (Israel Beer Breweries Ltd)
O000271,2025-10-10,K003,Carlsberg 30L,3,2025-10-11,2025-10-11,delivered,SUP02,IBBL (Israel Beer Breweries Ltd)
O000272,2025-10-10,K004,Malka 30L,2,2025-10-11,2025-10-11,delivered,SUP02,IBBL (Israel Beer Breweries Ltd)
O000273,2025-10-10,K005,Weihenstephan 30L,1,2025-10-11,2025-10-11,delivered,SUP02,IBBL (Israel Beer Breweries Ltd)
O000274,2025-10-12,P043,Coca-Cola,96,2025-10-13,2025-10-14,delayed,SUP03,CBC (Central Bottling Company)
O000275,2025-10-12,P044,Coca-Cola Zero,48,2025-10-13,2025-10-13,delivered,SUP03,CBC (Central Bottling Company)
O000276,2025-10-12,P045,Sprite,24,2025-10-13,2025-10-13,delivered,SUP03,CBC (Central Bottling Company)
O000277,2025-10-12,P046,Tonic Water,48,2025-10-13,2025-10-13,delivered,SUP03,CBC (Central Bottling Company)
O000278,2025-10-12,P047,Soda Water,72,2025-10-13,2025-10-13,delivered,SUP03,CBC (Central Bottling Company)
O000279,2025-10-12,P048,Red Bull,48,2025-10-13,2025-10-13,delivered,SUP03,CBC (Central Bottling Company)
O000280,2025-10-12,P052,Lime Juice,6,2025-10-13,2025-10-13,delivered,SUP03,CBC (Central Bottling Company)
O000281,2025-10-12,P055,Fresh Mint,6,2025-10-13,2025-10-13,delivered,SUP03,CBC (Central Bottling Company)
O000282,2025-10-13,P011,Hendrick's,12,2025-10-14,2025-10-14,delivered,SUP01,Hakerem Distillers
O000283,2025-10-13,P013,Gordon's,12,2025-10-14,2025-10-14,delivered,SUP01,Hakerem Distillers
O000284,2025-10-13,P014,Absolut,12,2025-10-14,2025-10-14,delivered,SUP01,Hakerem Distillers
O000285,2025-10-13,P020,Jack Daniel's,12,2025-10-14,2025-10-14,delivered,SUP01,Hakerem Distillers
O000286,2025-10-13,P031,Patron Silver,12,2025-10-14,2025-10-14,delivered,SUP01,Hakerem Distillers
O000287,2025-10-13,P033,Aperol,12,2025-10-14,2025-10-14,delivered,SUP01,Hakerem Distillers
O000288,2025-10-13,P034,Campari,12,2025-10-14,2025-10-14,delivered,SUP01,Hakerem Distillers
O000289,2025-10-13,P035,Cointreau,12,2025-10-14,2025-10-14,delivered,SUP01,Hakerem Distillers
O000290,2025-10-13,P038,House Red Wine,12,2025-10-14,2025-10-14,delivered,SUP01,Hakerem Distillers
O000291,2025-10-13,P040,Rose Wine,12,2025-10-14,2025-10-14,delivered,SUP01,Hakerem Distillers
O000292,2025-10-13,P041,Prosecco,12,2025-10-14,2025-10-14,delivered,SUP01,Hakerem Distillers
O000293,2025-10-13,P042,Chardonnay,12,2025-10-14,2025-10-14,delivered,SUP01,Hakerem Distillers
O000294,2025-10-14,P001,Carlsberg,48,2025-10-15,2025-10-15,delivered,SUP02,IBBL (Israel Beer Breweries Ltd)
O000295,2025-10-14,P002,Heineken,48,2025-10-15,2025-10-15,delivered,SUP02,IBBL (Israel Beer Breweries Ltd)
O000296,2025-10-14,P003,Corona,48,2025-10-15,2025-10-16,delayed,SUP02,IBBL (Israel Beer Breweries Ltd)
O000297,2025-10-14,P005,Goldstar,48,2025-10-15,2025-10-15,delivered,SUP02,IBBL (Israel Beer Breweries Ltd)
O000298,2025-10-14,P007,Stella Artois,24,2025-10-15,2025-10-15,delivered,SUP02,IBBL (Israel Beer Breweries Ltd)
O000299,2025-10-14,K001,Carlsberg 50L,2,2025-10-15,2025-10-15,delivered,SUP02,IBBL (Israel Beer Breweries Ltd)
O000300,2025-10-14,K002,Tuborg 50L,2,2025-10-15,2025-10-15,delivered,SUP02,IBBL (Israel Beer Breweries Ltd)
O000301,2025-10-14,K003,Carlsberg 30L,3,2025-10-15,2025-10-15,delivered,SUP02,IBBL (Israel Beer Breweries Ltd)
O000302,2025-10-14,K004,Malka 30L,2,2025-10-15,2025-10-15,delivered,SUP02,IBBL (Israel Beer Breweries Ltd)
O000303,2025-10-14,K005,Weihenstephan 30L,2,2025-10-15,2025-10-15,delivered,SUP02,IBBL (Israel Beer Breweries Ltd)
O000304,2025-10-15,P043,Coca-Cola,24,2025-10-16,2025-10-16,delivered,SUP03,CBC (Central Bottling Company)
O000305,2025-10-15,P044,Coca-Cola Zero,24,2025-10-16,2025-10-16,delivered,SUP03,CBC (Central Bottling Company)
O000306,2025-10-15,P045,Sprite,24,2025-10-16,2025-10-16,delivered,SUP03,CBC (Central Bottling Company)
O000307,2025-10-15,P046,Tonic Water,24,2025-10-16,2025-10-18,delayed,SUP03,CBC (Central Bottling Company)
O000308,2025-10-15,P048,Red Bull,24,2025-10-16,2025-10-16,delivered,SUP03,CBC (Central Bottling Company)
O000309,2025-10-15,P049,Ginger Beer,24,2025-10-16,2025-10-16,delivered,SUP03,CBC (Central Bottling Company)
O000310,2025-10-15,P052,Lime Juice,6,2025-10-16,2025-10-16,delivered,SUP03,CBC (Central Bottling Company)
O000311,2025-10-15,P053,Lemon Juice,6,2025-10-16,2025-10-16,delivered,SUP03,CBC (Central Bottling Company)
O000312,2025-10-16,P022,Chivas Regal,12,2025-10-17,2025-10-17,delivered,SUP01,Hakerem Distillers
O000313,2025-10-16,P025,Bacardi Carta Blanca,12,2025-10-17,2025-10-17,delivered,SUP01,Hakerem Distillers
O000314,2025-10-16,P026,Havana Club 3,12,2025-10-17,2025-10-17,delivered,SUP01,Hakerem Distillers
O000315,2025-10-16,P033,Aperol,12,2025-10-17,2025-10-17,delivered,SUP01,Hakerem Distillers
O000316,2025-10-16,P039,House White Wine,12,2025-10-17,2025-10-17,delivered,SUP01,Hakerem Distillers
O000317,2025-10-16,P041,Prosecco,12,2025-10-17,2025-10-17,delivered,SUP01,Hakerem Distillers
O000318,2025-10-17,P001,Carlsberg,24,2025-10-18,2025-10-18,delivered,SUP02,IBBL (Israel Beer Breweries Ltd)
O000319,2025-10-17,P002,Heineken,24,2025-10-18,2025-10-18,delivered,SUP02,IBBL (Israel Beer Breweries Ltd)
O000320,2025-10-17,P003,Corona,24,2025-10-18,2025-10-18,delivered,SUP02,IBBL (Israel Beer Breweries Ltd)
O000321,2025-10-17,P004,Guinness,24,2025-10-18,2025-10-18,delivered,SUP02,IBBL (Israel Beer Breweries Ltd)
O000322,2025-10-17,P005,Goldstar,24,2025-10-18,2025-10-18,delivered,SUP02,IBBL (Israel Beer Breweries Ltd)
O000323,2025-10-17,P007,Stella Artois,24,2025-10-18,2025-10-18,delivered,SUP02,IBBL (Israel Beer Breweries Ltd)
O000324,2025-10-17,P008,Erdinger,24,2025-10-18,2025-10-18,delivered,SUP02,IBBL (Israel Beer Breweries Ltd)
O000325,2025-10-17,K001,Carlsberg 50L,2,2025-10-18,2025-10-18,delivered,SUP02,IBBL (Israel Beer Breweries Ltd)
O000326,2025-10-17,K002,Tuborg 50L,2,2025-10-18,2025-10-18,delivered,SUP02,IBBL (Israel Beer Breweries Ltd)
O000327,2025-10-17,K003,Carlsberg 30L,4,2025-10-18,2025-10-18,delivered,SUP02,IBBL (Israel Beer Breweries Ltd)
O000328,2025-10-17,K004,Malka 30L,3,2025-10-18,2025-10-18,delivered,SUP02,IBBL (Israel Beer Breweries Ltd)
O000329,2025-10-17,K005,Weihenstephan 30L,1,2025-10-18,2025-10-18,delivered,SUP02,IBBL (Israel Beer Breweries Ltd)
O000330,2025-10-19,P043,Coca-Cola,72,2025-10-20,2025-10-20,delivered,SUP03,CBC (Central Bottling Company)
O000331,2025-10-19,P044,Coca-Cola Zero,48,2025-10-20,2025-10-20,delivered,SUP03,CBC (Central Bottling Company)
O000332,2025-10-19,P045,Sprite,48,2025-10-20,2025-10-20,delivered,SUP03,CBC (Central Bottling Company)
O000333,2025-10-19,P046,Tonic Water,48,2025-10-20,2025-10-23,delayed,SUP03,CBC (Central Bottling Company)
O000334,2025-10-19,P047,Soda Water,48,2025-10-20,2025-10-22,delayed,SUP03,CBC (Central Bottling Company)
O000335,2025-10-19,P048,Red Bull,24,2025-10-20,2025-10-20,delivered,SUP03,CBC (Central Bottling Company)
O000336,2025-10-19,P052,Lime Juice,6,2025-10-20,2025-10-20,delivered,SUP03,CBC (Central Bottling Company)
O000337,2025-10-19,P054,Sugar Syrup,6,2025-10-20,2025-10-20,delivered,SUP03,CBC (Central Bottling Company)
O000338,2025-10-20,P010,Tanqueray,12,2025-10-21,2025-10-21,delivered,SUP01,Hakerem Distillers
O000339,2025-10-20,P013,Gordon's,12,2025-10-21,2025-10-21,delivered,SUP01,Hakerem Distillers
O000340,2025-10-20,P014,Absolut,12,2025-10-21,2025-10-21,delivered,SUP01,Hakerem Distillers
O000341,2025-10-20,P025,Bacardi Carta Blanca,12,2025-10-21,2025-10-21,delivered,SUP01,Hakerem Distillers
O000342,2025-10-20,P027,Captain Morgan,12,2025-10-21,2025-10-21,delivered,SUP01,Hakerem Distillers
O000343,2025-10-20,P031,Patron Silver,12,2025-10-21,2025-10-21,delivered,SUP01,Hakerem Distillers
O000344,2025-10-20,P033,Aperol,12,2025-10-21,2025-10-21,delivered,SUP01,Hakerem Distillers
O000345,2025-10-20,P036,Kahlua,12,2025-10-21,2025-10-21,delivered,SUP01,Hakerem Distillers
O000346,2025-10-20,P038,House Red Wine,12,2025-10-21,2025-10-21,delivered,SUP01,Hakerem Distillers
O000347,2025-10-20,P039,House White Wine,12,2025-10-21,2025-10-21,delivered,SUP01,Hakerem Distillers
O000348,2025-10-20,P040,Rose Wine,12,2025-10-21,2025-10-21,delivered,SUP01,Hakerem Distillers
O000349,2025-10-20,P041,Prosecco,12,2025-10-21,2025-10-21,delivered,SUP01,Hakerem Distillers
O000350,2025-10-21,P001,Carlsberg,48,2025-10-22,2025-10-22,delivered,SUP02,IBBL (Israel Beer Breweries Ltd)
O000351,2025-10-21,P002,Heineken,24,2025-10-22,2025-10-22,delivered,SUP02,IBBL (Israel Beer Breweries Ltd)
O000352,2025-10-21,P003,Corona,24,2025-10-22,2025-10-22,delivered,SUP02,IBBL (Israel Beer Breweries Ltd)
O000353,2025-10-21,P005,Goldstar,24,2025-10-22,2025-10-22,delivered,SUP02,IBBL (Israel Beer Breweries Ltd)
O000354,2025-10-21,P006,Maccabee,24,2025-10-22,2025-10-22,delivered,SUP02,IBBL (Israel Beer Breweries Ltd)
O000355,2025-10-21,P007,Stella Artois,24,2025-10-22,2025-10-22,delivered,SUP02,IBBL (Israel Beer Breweries Ltd)
O000356,2025-10-21,K001,Carlsberg 50L,1,2025-10-22,2025-10-22,delivered,SUP02,IBBL (Israel Beer Breweries Ltd)
O000357,2025-10-21,K002,Tuborg 50L,1,2025-10-22,2025-10-23,delayed,SUP02,IBBL (Israel Beer Breweries Ltd)
O000358,2025-10-21,K003,Carlsberg 30L,2,2025-10-22,2025-10-22,delivered,SUP02,IBBL (Israel Beer Breweries Ltd)
O000359,2025-10-21,K004,Malka 30L,1,2025-10-22,2025-10-22,delivered,SUP02,IBBL (Israel Beer Breweries Ltd)
O000360,2025-10-21,K005,Weihenstephan 30L,2,2025-10-22,2025-10-22,delivered,SUP02,IBBL (Israel Beer Breweries Ltd)
O000361,2025-10-22,P043,Coca-Cola,24,2025-10-23,2025-10-23,delivered,SUP03,CBC (Central Bottling Company)
O000362,2025-10-22,P044,Coca-Cola Zero,24,2025-10-23,2025-10-23,delivered,SUP03,CBC (Central Bottling Company)
O000363,2025-10-22,P045,Sprite,24,2025-10-23,2025-10-23,delivered,SUP03,CBC (Central Bottling Company)
O000364,2025-10-22,P046,Tonic Water,72,2025-10-23,2025-10-23,delivered,SUP03,CBC (Central Bottling Company)
O000365,2025-10-22,P047,Soda Water,24,2025-10-23,2025-10-23,delivered,SUP03,CBC (Central Bottling Company)
O000366,2025-10-22,P048,Red Bull,24,2025-10-23,2025-10-23,delivered,SUP03,CBC (Central Bottling Company)
O000367,2025-10-22,P049,Ginger Beer,24,2025-10-23,2025-10-23,delivered,SUP03,CBC (Central Bottling Company)
O000368,2025-10-23,P029,Jose Cuervo,12,2025-10-24,2025-10-24,delivered,SUP01,Hakerem Distillers
O000369,2025-10-23,P038,House Red Wine,12,2025-10-24,2025-10-24,delivered,SUP01,Hakerem Distillers
O000370,2025-10-23,P041,Prosecco,12,2025-10-24,2025-10-24,delivered,SUP01,Hakerem Distillers
O000371,2025-10-24,P001,Carlsberg,48,2025-10-25,2025-10-25,delivered,SUP02,IBBL (Israel Beer Breweries Ltd)
O000372,2025-10-24,P002,Heineken,48,2025-10-25,2025-10-25,delivered,SUP02,IBBL (Israel Beer Breweries Ltd)
O000373,2025-10-24,P003,Corona,24,2025-10-25,2025-10-25,delivered,SUP02,IBBL (Israel Beer Breweries Ltd)
O000374,2025-10-24,P004,Guinness,24,2025-10-25,2025-10-27,delayed,SUP02,IBBL (Israel Beer Breweries Ltd)
O000375,2025-10-24,P005,Goldstar,48,2025-10-25,2025-10-25,delivered,SUP02,IBBL (Israel Beer Breweries Ltd)
O000376,2025-10-24,P006,Maccabee,24,2025-10-25,2025-10-26,delayed,SUP02,IBBL (Israel Beer Breweries Ltd)
O000377,2025-10-24,P007,Stella Artois,24,2025-10-25,2025-10-25,delivered,SUP02,IBBL (Israel Beer Breweries Ltd)
O000378,2025-10-24,P008,Erdinger,24,2025-10-25,2025-10-25,delivered,SUP02,IBBL (Israel Beer Breweries Ltd)
O000379,2025-10-24,K001,Carlsberg 50L,2,2025-10-25,2025-10-25,delivered,SUP02,IBBL (Israel Beer Breweries Ltd)
O000380,2025-10-24,K002,Tuborg 50L,2,2025-10-25,2025-10-25,delivered,SUP02,IBBL (Israel Beer Breweries Ltd)
O000381,2025-10-24,K003,Carlsberg 30L,2,2025-10-25,2025-10-25,delivered,SUP02,IBBL (Israel Beer Breweries Ltd)
O000382,2025-10-24,K004,Malka 30L,2,2025-10-25,2025-10-25,delivered,SUP02,IBBL (Israel Beer Breweries Ltd)
O000383,2025-10-24,K005,Weihenstephan 30L,1,2025-10-25,2025-10-28,delayed,SUP02,IBBL (Israel Beer Breweries Ltd)
O000384,2025-10-26,P043,Coca-Cola,96,2025-10-27,2025-10-27,delivered,SUP03,CBC (Central Bottling Company)
O000385,2025-10-26,P044,Coca-Cola Zero,48,2025-10-27,2025-10-27,delivered,SUP03,CBC (Central Bottling Company)
O000386,2025-10-26,P045,Sprite,48,2025-10-27,2025-10-27,delivered,SUP03,CBC (Central Bottling Company)
O000387,2025-10-26,P047,Soda Water,48,2025-10-27,2025-10-27,delivered,SUP03,CBC (Central Bottling Company)
O000388,2025-10-26,P048,Red Bull,48,2025-10-27,2025-10-27,delivered,SUP03,CBC (Central Bottling Company)
O000389,2025-10-26,P052,Lime Juice,6,2025-10-27,2025-10-27,delivered,SUP03,CBC (Central Bottling Company)
O000390,2025-10-27,P013,Gordon's,12,2025-10-28,2025-10-28,delivered,SUP01,Hakerem Distillers
O000391,2025-10-27,P014,Absolut,12,2025-10-28,2025-10-28,delivered,SUP01,Hakerem Distillers
O000392,2025-10-27,P019,Jameson,12,2025-10-28,2025-10-28,delivered,SUP01,Hakerem Distillers
O000393,2025-10-27,P025,Bacardi Carta Blanca,12,2025-10-28,2025-10-28,delivered,SUP01,Hakerem Distillers
O000394,2025-10-27,P033,Aperol,12,2025-10-28,2025-10-31,delayed,SUP01,Hakerem Distillers
O000395,2025-10-27,P037,Martini Rosso,12,2025-10-28,2025-10-28,delivered,SUP01,Hakerem Distillers
O000396,2025-10-27,P039,House White Wine,12,2025-10-28,2025-10-28,delivered,SUP01,Hakerem Distillers
O000397,2025-10-27,P041,Prosecco,24,2025-10-28,2025-10-28,delivered,SUP01,Hakerem Distillers
O000398,2025-10-28,P001,Carlsberg,48,2025-10-29,2025-10-29,delivered,SUP02,IBBL (Israel Beer Breweries Ltd)
O000399,2025-10-28,P002,Heineken,24,2025-10-29,2025-10-29,delivered,SUP02,IBBL (Israel Beer Breweries Ltd)
O000400,2025-10-28,P003,Corona,48,2025-10-29,2025-10-29,delivered,SUP02,IBBL (Israel Beer Breweries Ltd)
O000401,2025-10-28,P004,Guinness,24,2025-10-29,2025-10-29,delivered,SUP02,IBBL (Israel Beer Breweries Ltd)
O000402,2025-10-28,P005,Goldstar,24,2025-10-29,2025-10-29,delivered,SUP02,IBBL (Israel Beer Breweries Ltd)
O000403,2025-10-28,P006,Maccabee,24,2025-10-29,2025-10-29,delivered,SUP02,IBBL (Israel Beer Breweries Ltd)
O000404,2025-10-28,P007,Stella Artois,24,2025-10-29,2025-10-29,delivered,SUP02,IBBL (Israel Beer Breweries Ltd)
O000405,2025-10-28,K001,Carlsberg 50L,2,2025-10-29,2025-10-29,delivered,SUP02,IBBL (Israel Beer Breweries Ltd)
O000406,2025-10-28,K002,Tuborg 50L,1,2025-10-29,2025-10-29,delivered,SUP02,IBBL (Israel Beer Breweries Ltd)
O000407,2025-10-28,K003,Carlsberg 30L,4,2025-10-29,2025-10-29,delivered,SUP02,IBBL (Israel Beer Breweries Ltd)
O000408,2025-10-28,K004,Malka 30L,2,2025-10-29,2025-10-29,delivered,SUP02,IBBL (Israel Beer Breweries Ltd)
O000409,2025-10-28,K005,Weihenstephan 30L,2,2025-10-29,2025-10-29,delivered,SUP02,IBBL (Israel Beer Breweries Ltd)
O000410,2025-10-29,P043,Coca-Cola,24,2025-10-30,2025-10-30,delivered,SUP03,CBC (Central Bottling Company)
O000411,2025-10-29,P044,Coca-Cola Zero,24,2025-10-30,2025-10-30,delivered,SUP03,CBC (Central Bottling Company)
O000412,2025-10-29,P047,Soda Water,24,2025-10-30,2025-10-30,delivered,SUP03,CBC (Central Bottling Company)
O000413,2025-10-29,P049,Ginger Beer,24,2025-10-30,2025-10-30,delivered,SUP03,CBC (Central Bottling Company)
O000414,2025-10-30,P011,Hendrick's,12,2025-10-31,2025-10-31,delivered,SUP01,Hakerem Distillers
O000415,2025-10-30,P020,Jack Daniel's,12,2025-10-31,2025-10-31,delivered,SUP01,Hakerem Distillers
O000416,2025-10-30,P025,Bacardi Carta Blanca,12,2025-10-31,2025-10-31,delivered,SUP01,Hakerem Distillers
O000417,2025-10-30,P031,Patron Silver,12,2025-10-31,2025-10-31,delivered,SUP01,Hakerem Distillers
O000418,2025-10-30,P033,Aperol,12,2025-10-31,2025-10-31,delivered,SUP01,Hakerem Distillers
O000419,2025-10-30,P034,Campari,12,2025-10-31,2025-10-31,delivered,SUP01,Hakerem Distillers
O000420,2025-10-30,P035,Cointreau,12,2025-10-31,2025-10-31,delivered,SUP01,Hakerem Distillers
O000421,2025-10-30,P038,House Red Wine,12,2025-10-31,2025-10-31,delivered,SUP01,Hakerem Distillers
O000422,2025-10-30,P039,House White Wine,12,2025-10-31,2025-10-31,delivered,SUP01,Hakerem Distillers
O000423,2025-10-30,P041,Prosecco,12,2025-10-31,2025-10-31,delivered,SUP01,Hakerem Distillers
O000424,2025-10-31,P001,Carlsberg,24,2025-11-01,2025-11-01,delivered,SUP02,IBBL (Israel Beer Breweries Ltd)
O000425,2025-10-31,P002,Heineken,48,2025-11-01,2025-11-01,delivered,SUP02,IBBL (Israel Beer Breweries Ltd)
O000426,2025-10-31,P003,Corona,24,2025-11-01,2025-11-01,delivered,SUP02,IBBL (Israel Beer Breweries Ltd)
O000427,2025-10-31,P005,Goldstar,24,2025-11-01,2025-11-01,delivered,SUP02,IBBL (Israel Beer Breweries Ltd)
O000428,2025-10-31,P007,Stella Artois,24,2025-11-01,2025-11-01,delivered,SUP02,IBBL (Israel Beer Breweries Ltd)
O000429,2025-10-31,P008,Erdinger,24,2025-11-01,2025-11-01,delivered,SUP02,IBBL (Israel Beer Breweries Ltd)
O000430,2025-10-31,K001,Carlsberg 50L,2,2025-11-01,2025-11-01,delivered,SUP02,IBBL (Israel Beer Breweries Ltd)
O000431,2025-10-31,K002,Tuborg 50L,2,2025-11-01,2025-11-01,delivered,SUP02,IBBL (Israel Beer Breweries Ltd)
O000432,2025-10-31,K003,Carlsberg 30L,2,2025-11-01,2025-11-01,delivered,SUP02,IBBL (Israel Beer Breweries Ltd)
O000433,2025-10-31,K004,Malka 30L,3,2025-11-01,2025-11-01,delivered,SUP02,IBBL (Israel Beer Breweries Ltd)
O000434,2025-10-31,K005,Weihenstephan 30L,2,2025-11-01,2025-11-01,delivered,SUP02,IBBL (Israel Beer Breweries Ltd)
O000435,2025-11-02,P043,Coca-Cola,72,2025-11-03,2025-11-03,delivered,SUP03,CBC (Central Bottling Company)
O000436,2025-11-02,P044,Coca-Cola Zero,48,2025-11-03,2025-11-03,delivered,SUP03,CBC (Central Bottling Company)
O000437,2025-11-02,P045,Sprite,48,2025-11-03,2025-11-03,delivered,SUP03,CBC (Central Bottling Company)
O000438,2025-11-02,P046,Tonic Water,48,2025-11-03,2025-11-03,delivered,SUP03,CBC (Central Bottling Company)
O000439,2025-11-02,P047,Soda Water,24,2025-11-03,2025-11-03,delivered,SUP03,CBC (Central Bottling Company)
O000440,2025-11-02,P048,Red Bull,48,2025-11-03,2025-11-03,delivered,SUP03,CBC (Central Bottling Company)
O000441,2025-11-02,P052,Lime Juice,6,2025-11-03,2025-11-03,delivered,SUP03,CBC (Central Bottling Company)
O000442,2025-11-02,P054,Sugar Syrup,6,2025-11-03,2025-11-03,delivered,SUP03,CBC (Central Bottling Company)
O000443,2025-11-02,P056,Coffee Beans,6,2025-11-03,2025-11-03,delivered,SUP03,CBC (Central Bottling Company)
O000444,2025-11-03,P013,Gordon's,12,2025-11-04,2025-11-04,delivered,SUP01,Hakerem Distillers
O000445,2025-11-03,P014,Absolut,12,2025-11-04,2025-11-04,delivered,SUP01,Hakerem Distillers
O000446,2025-11-03,P038,House Red Wine,12,2025-11-04,2025-11-04,delivered,SUP01,Hakerem Distillers
O000447,2025-11-03,P039,House White Wine,12,2025-11-04,2025-11-04,delivered,SUP01,Hakerem Distillers
O000448,2025-11-03,P040,Rose Wine,12,2025-11-04,2025-11-04,delivered,SUP01,Hakerem Distillers
O000449,2025-11-03,P041,Prosecco,12,2025-11-04,2025-11-04,delivered,SUP01,Hakerem Distillers
O000450,2025-11-03,P042,Chardonnay,12,2025-11-04,2025-11-04,delivered,SUP01,Hakerem Distillers
O000451,2025-11-04,P001,Carlsberg,48,2025-11-05,2025-11-05,delivered,SUP02,IBBL (Israel Beer Breweries Ltd)
O000452,2025-11-04,P002,Heineken,24,2025-11-05,2025-11-05,delivered,SUP02,IBBL (Israel Beer Breweries Ltd)
O000453,2025-11-04,P003,Corona,24,2025-11-05,2025-11-05,delivered,SUP02,IBBL (Israel Beer Breweries Ltd)
O000454,2025-11-04,P004,Guinness,24,2025-11-05,2025-11-05,delivered,SUP02,IBBL (Israel Beer Breweries Ltd)
O000455,2025-11-04,P005,Goldstar,48,2025-11-05,2025-11-05,delivered,SUP02,IBBL (Israel Beer Breweries Ltd)
O000456,2025-11-04,P006,Maccabee,24,2025-11-05,2025-11-05,delivered,SUP02,IBBL (Israel Beer Breweries Ltd)
O000457,2025-11-04,P007,Stella Artois,24,2025-11-05,2025-11-05,delivered,SUP02,IBBL (Israel Beer Breweries Ltd)
O000458,2025-11-04,K001,Carlsberg 50L,2,2025-11-05,2025-11-05,delivered,SUP02,IBBL (Israel Beer Breweries Ltd)
O000459,2025-11-04,K002,Tuborg 50L,1,2025-11-05,2025-11-05,delivered,SUP02,IBBL (Israel Beer Breweries Ltd)
O000460,2025-11-04,K003,Carlsberg 30L,3,2025-11-05,2025-11-05,delivered,SUP02,IBBL (Israel Beer Breweries Ltd)
O000461,2025-11-04,K004,Malka 30L,2,2025-11-05,2025-11-05,delivered,SUP02,IBBL (Israel Beer Breweries Ltd)
O000462,2025-11-04,K005,Weihenstephan 30L,1,2025-11-05,2025-11-07,delayed,SUP02,IBBL (Israel Beer Breweries Ltd)
O000463,2025-11-05,P043,Coca-Cola,24,2025-11-06,2025-11-06,delivered,SUP03,CBC (Central Bottling Company)
O000464,2025-11-05,P044,Coca-Cola Zero,24,2025-11-06,2025-11-06,delivered,SUP03,CBC (Central Bottling Company)
O000465,2025-11-05,P045,Sprite,24,2025-11-06,2025-11-06,delivered,SUP03,CBC (Central Bottling Company)
O000466,2025-11-05,P046,Tonic Water,24,2025-11-06,2025-11-06,delivered,SUP03,CBC (Central Bottling Company)
O000467,2025-11-05,P047,Soda Water,24,2025-11-06,2025-11-06,delivered,SUP03,CBC (Central Bottling Company)
O000468,2025-11-05,P049,Ginger Beer,24,2025-11-06,2025-11-06,delivered,SUP03,CBC (Central Bottling Company)
O000469,2025-11-06,P025,Bacardi Carta Blanca,12,2025-11-07,2025-11-07,delivered,SUP01,Hakerem Distillers
O000470,2025-11-06,P033,Aperol,12,2025-11-07,2025-11-08,delayed,SUP01,Hakerem Distillers
O000471,2025-11-06,P039,House White Wine,12,2025-11-07,2025-11-10,delayed,SUP01,Hakerem Distillers
O000472,2025-11-07,P001,Carlsberg,24,2025-11-08,2025-11-08,delivered,SUP02,IBBL (Israel Beer Breweries Ltd)
O000473,2025-11-07,P002,Heineken,24,2025-11-08,2025-11-08,delivered,SUP02,IBBL (Israel Beer Breweries Ltd)
O000474,2025-11-07,P003,Corona,24,2025-11-08,2025-11-08,delivered,SUP02,IBBL (Israel Beer Breweries Ltd)
O000475,2025-11-07,P005,Goldstar,24,2025-11-08,2025-11-08,delivered,SUP02,IBBL (Israel Beer Breweries Ltd)
O000476,2025-11-07,P006,Maccabee,24,2025-11-08,2025-11-08,delivered,SUP02,IBBL (Israel Beer Breweries Ltd)
O000477,2025-11-07,K001,Carlsberg 50L,1,2025-11-08,2025-11-08,delivered,SUP02,IBBL (Israel Beer Breweries Ltd)
O000478,2025-11-07,K002,Tuborg 50L,1,2025-11-08,2025-11-08,delivered,SUP02,IBBL (Israel Beer Breweries Ltd)
O000479,2025-11-07,K003,Carlsberg 30L,2,2025-11-08,2025-11-08,delivered,SUP02,IBBL (Israel Beer Breweries Ltd)
O000480,2025-11-07,K004,Malka 30L,1,2025-11-08,2025-11-10,delayed,SUP02,IBBL (Israel Beer Breweries Ltd)
O000481,2025-11-07,K005,Weihenstephan 30L,1,2025-11-08,2025-11-08,delivered,SUP02,IBBL (Israel Beer Breweries Ltd)
O000482,2025-11-09,P043,Coca-Cola,48,2025-11-10,2025-11-10,delivered,SUP03,CBC (Central Bottling Company)
O000483,2025-11-09,P044,Coca-Cola Zero,24,2025-11-10,2025-11-10,delivered,SUP03,CBC (Central Bottling Company)
O000484,2025-11-09,P045,Sprite,24,2025-11-10,2025-11-10,delivered,SUP03,CBC (Central Bottling Company)
O000485,2025-11-09,P046,Tonic Water,24,2025-11-10,2025-11-10,delivered,SUP03,CBC (Central Bottling Company)
O000486,2025-11-09,P047,Soda Water,24,2025-11-10,2025-11-10,delivered,SUP03,CBC (Central Bottling Company)
O000487,2025-11-09,P048,Red Bull,48,2025-11-10,2025-11-10,delivered,SUP03,CBC (Central Bottling Company)
O000488,2025-11-09,P052,Lime Juice,6,2025-11-10,2025-11-10,delivered,SUP03,CBC (Central Bottling Company)
O000489,2025-11-10,P009,Bombay Sapphire,12,2025-11-11,2025-11-14,delayed,SUP01,Hakerem Distillers
O000490,2025-11-10,P012,Beefeater,12,2025-11-11,2025-11-14,delayed,SUP01,Hakerem Distillers
O000491,2025-11-10,P015,Finlandia,12,2025-11-11,2025-11-11,delivered,SUP01,Hakerem Distillers
O000492,2025-11-10,P016,Grey Goose,12,2025-11-11,2025-11-11,delivered,SUP01,Hakerem Distillers
O000493,2025-11-10,P018,Stolichnaya,12,2025-11-11,2025-11-11,delivered,SUP01,Hakerem Distillers
O000494,2025-11-10,P021,Johnnie Walker Black,12,2025-11-11,2025-11-11,delivered,SUP01,Hakerem Distillers
O000495,2025-11-10,P024,Glenfiddich 12,12,2025-11-11,2025-11-11,delivered,SUP01,Hakerem Distillers
O000496,2025-11-10,P031,Patron Silver,12,2025-11-11,2025-11-11,delivered,SUP01,Hakerem Distillers
O000497,2025-11-10,P032,Don Julio Blanco,12,2025-11-11,2025-11-11,delivered,SUP01,Hakerem Distillers
O000498,2025-11-10,P038,House Red Wine,12,2025-11-11,2025-11-11,delivered,SUP01,Hakerem Distillers
O000499,2025-11-10,P041,Prosecco,12,2025-11-11,2025-11-11,delivered,SUP01,Hakerem Distillers
O000500,2025-11-11,P001,Carlsberg,24,2025-11-12,2025-11-12,delivered,SUP02,IBBL (Israel Beer Breweries Ltd)
O000501,2025-11-11,P002,Heineken,24,2025-11-12,2025-11-12,delivered,SUP02,IBBL (Israel Beer Breweries Ltd)
O000502,2025-11-11,P003,Corona,24,2025-11-12,2025-11-12,delivered,SUP02,IBBL (Israel Beer Breweries Ltd)
O000503,2025-11-11,P004,Guinness,24,2025-11-12,2025-11-12,delivered,SUP02,IBBL (Israel Beer Breweries Ltd)
O000504,2025-11-11,P005,Goldstar,24,2025-11-12,2025-11-12,delivered,SUP02,IBBL (Israel Beer Breweries Ltd)
O000505,2025-11-11,P007,Stella Artois,24,2025-11-12,2025-11-12,delivered,SUP02,IBBL (Israel Beer Breweries Ltd)
O000506,2025-11-11,P008,Erdinger,24,2025-11-12,2025-11-12,delivered,SUP02,IBBL (Israel Beer Breweries Ltd)
O000507,2025-11-11,K001,Carlsberg 50L,2,2025-11-12,2025-11-12,delivered,SUP02,IBBL (Israel Beer Breweries Ltd)
O000508,2025-11-11,K002,Tuborg 50L,1,2025-11-12,2025-11-12,delivered,SUP02,IBBL (Israel Beer Breweries Ltd)
O000509,2025-11-11,K003,Carlsberg 30L,2,2025-11-12,2025-11-12,delivered,SUP02,IBBL (Israel Beer Breweries Ltd)
O000510,2025-11-11,K004,Malka 30L,2,2025-11-12,2025-11-12,delivered,SUP02,IBBL (Israel Beer Breweries Ltd)
O000511,2025-11-11,K005,Weihenstephan 30L,2,2025-11-12,2025-11-12,delivered,SUP02,IBBL (Israel Beer Breweries Ltd)
O000512,2025-11-12,P043,Coca-Cola,24,2025-11-13,2025-11-13,delivered,SUP03,CBC (Central Bottling Company)
O000513,2025-11-12,P046,Tonic Water,24,2025-11-13,2025-11-13,delivered,SUP03,CBC (Central Bottling Company)
O000514,2025-11-12,P047,Soda Water,24,2025-11-13,2025-11-13,delivered,SUP03,CBC (Central Bottling Company)
O000515,2025-11-13,P009,Bombay Sapphire,12,2025-11-14,2025-11-14,delivered,SUP01,Hakerem Distillers
O000516,2025-11-13,P012,Beefeater,12,2025-11-14,2025-11-14,delivered,SUP01,Hakerem Distillers
O000517,2025-11-13,P013,Gordon's,12,2025-11-14,2025-11-14,delivered,SUP01,Hakerem Distillers
O000518,2025-11-13,P014,Absolut,12,2025-11-14,2025-11-14,delivered,SUP01,Hakerem Distillers
O000519,2025-11-13,P019,Jameson,12,2025-11-14,2025-11-14,delivered,SUP01,Hakerem Distillers
O000520,2025-11-13,P025,Bacardi Carta Blanca,12,2025-11-14,2025-11-14,delivered,SUP01,Hakerem Distillers
O000521,2025-11-13,P030,Olmeca Blanco,12,2025-11-14,2025-11-14,delivered,SUP01,Hakerem Distillers
O000522,2025-11-13,P039,House White Wine,12,2025-11-14,2025-11-14,delivered,SUP01,Hakerem Distillers
O000523,2025-11-13,P041,Prosecco,12,2025-11-14,2025-11-14,delivered,SUP01,Hakerem Distillers
O000524,2025-11-14,P001,Carlsberg,24,2025-11-15,2025-11-15,delivered,SUP02,IBBL (Israel Beer Breweries Ltd)
O000525,2025-11-14,P002,Heineken,24,2025-11-15,2025-11-15,delivered,SUP02,IBBL (Israel Beer Breweries Ltd)
O000526,2025-11-14,P003,Corona,24,2025-11-15,2025-11-18,delayed,SUP02,IBBL (Israel Beer Breweries Ltd)
O000527,2025-11-14,P005,Goldstar,24,2025-11-15,2025-11-15,delivered,SUP02,IBBL (Israel Beer Breweries Ltd)
O000528,2025-11-14,P006,Maccabee,24,2025-11-15,2025-11-15,delivered,SUP02,IBBL (Israel Beer Breweries Ltd)
O000529,2025-11-14,K001,Carlsberg 50L,1,2025-11-15,2025-11-15,delivered,SUP02,IBBL (Israel Beer Breweries Ltd)
O000530,2025-11-14,K002,Tuborg 50L,1,2025-11-15,2025-11-15,delivered,SUP02,IBBL (Israel Beer Breweries Ltd)
O000531,2025-11-14,K003,Carlsberg 30L,2,2025-11-15,2025-11-15,delivered,SUP02,IBBL (Israel Beer Breweries Ltd)
O000532,2025-11-14,K004,Malka 30L,1,2025-11-15,2025-11-15,delivered,SUP02,IBBL (Israel Beer Breweries Ltd)
O000533,2025-11-14,K005,Weihenstephan 30L,1,2025-11-15,2025-11-15,delivered,SUP02,IBBL (Israel Beer Breweries Ltd)
O000534,2025-11-16,P043,Coca-Cola,48,2025-11-17,2025-11-17,delivered,SUP03,CBC (Central Bottling Company)
O000535,2025-11-16,P044,Coca-Cola Zero,48,2025-11-17,2025-11-17,delivered,SUP03,CBC (Central Bottling Company)
O000536,2025-11-16,P045,Sprite,48,2025-11-17,2025-11-17,delivered,SUP03,CBC (Central Bottling Company)
O000537,2025-11-16,P046,Tonic Water,24,2025-11-17,2025-11-17,delivered,SUP03,CBC (Central Bottling Company)
O000538,2025-11-16,P047,Soda Water,24,2025-11-17,2025-11-17,delivered,SUP03,CBC (Central Bottling Company)
O000539,2025-11-16,P048,Red Bull,24,2025-11-17,2025-11-17,delivered,SUP03,CBC (Central Bottling Company)
O000540,2025-11-16,P049,Ginger Beer,24,2025-11-17,2025-11-17,delivered,SUP03,CBC (Central Bottling Company)
O000541,2025-11-16,P055,Fresh Mint,6,2025-11-17,2025-11-17,delivered,SUP03,CBC (Central Bottling Company)
O000542,2025-11-17,P023,Maker's Mark,12,2025-11-18,2025-11-18,delivered,SUP01,Hakerem Distillers
O000543,2025-11-17,P033,Aperol,12,2025-11-18,2025-11-18,delivered,SUP01,Hakerem Distillers
O000544,2025-11-17,P036,Kahlua,12,2025-11-18,2025-11-18,delivered,SUP01,Hakerem Distillers
O000545,2025-11-17,P038,House Red Wine,12,2025-11-18,2025-11-18,delivered,SUP01,Hakerem Distillers
O000546,2025-11-17,P040,Rose Wine,12,2025-11-18,2025-11-18,delivered,SUP01,Hakerem Distillers
O000547,2025-11-17,P041,Prosecco,12,2025-11-18,2025-11-18,delivered,SUP01,Hakerem Distillers
O000548,2025-11-18,P001,Carlsberg,24,2025-11-19,2025-11-19,delivered,SUP02,IBBL (Israel Beer Breweries Ltd)
O000549,2025-11-18,P002,Heineken,24,2025-11-19,2025-11-19,delivered,SUP02,IBBL (Israel Beer Breweries Ltd)
O000550,2025-11-18,P003,Corona,24,2025-11-19,2025-11-19,delivered,SUP02,IBBL (Israel Beer Breweries Ltd)
O000551,2025-11-18,P005,Goldstar,24,2025-11-19,2025-11-22,delayed,SUP02,IBBL (Israel Beer Breweries Ltd)
O000552,2025-11-18,P007,Stella Artois,24,2025-11-19,2025-11-19,delivered,SUP02,IBBL (Israel Beer Breweries Ltd)
O000553,2025-11-18,P008,Erdinger,24,2025-11-19,2025-11-19,delivered,SUP02,IBBL (Israel Beer Breweries Ltd)
O000554,2025-11-18,K001,Carlsberg 50L,1,2025-11-19,2025-11-19,delivered,SUP02,IBBL (Israel Beer Breweries Ltd)
O000555,2025-11-18,K002,Tuborg 50L,1,2025-11-19,2025-11-19,delivered,SUP02,IBBL (Israel Beer Breweries Ltd)
O000556,2025-11-18,K003,Carlsberg 30L,2,2025-11-19,2025-11-19,delivered,SUP02,IBBL (Israel Beer Breweries Ltd)
O000557,2025-11-18,K004,Malka 30L,2,2025-11-19,2025-11-19,delivered,SUP02,IBBL (Israel Beer Breweries Ltd)
O000558,2025-11-19,P043,Coca-Cola,24,2025-11-20,2025-11-20,delivered,SUP03,CBC (Central Bottling Company)
O000559,2025-11-19,P044,Coca-Cola Zero,24,2025-11-20,2025-11-20,delivered,SUP03,CBC (Central Bottling Company)
O000560,2025-11-19,P046,Tonic Water,24,2025-11-20,2025-11-20,delivered,SUP03,CBC (Central Bottling Company)
O000561,2025-11-19,P047,Soda Water,24,2025-11-20,2025-11-20,delivered,SUP03,CBC (Central Bottling Company)
O000562,2025-11-19,P052,Lime Juice,6,2025-11-20,2025-11-20,delivered,SUP03,CBC (Central Bottling Company)
O000563,2025-11-19,P054,Sugar Syrup,6,2025-11-20,2025-11-20,delivered,SUP03,CBC (Central Bottling Company)
O000564,2025-11-20,P011,Hendrick's,12,2025-11-21,2025-11-23,delayed,SUP01,Hakerem Distillers
O000565,2025-11-20,P017,Belvedere,12,2025-11-21,2025-11-24,delayed,SUP01,Hakerem Distillers
O000566,2025-11-20,P025,Bacardi Carta Blanca,12,2025-11-21,2025-11-21,delivered,SUP01,Hakerem Distillers
O000567,2025-11-20,P029,Jose Cuervo,12,2025-11-21,2025-11-21,delivered,SUP01,Hakerem Distillers
O000568,2025-11-20,P031,Patron Silver,12,2025-11-21,2025-11-21,delivered,SUP01,Hakerem Distillers
O000569,2025-11-20,P034,Campari,12,2025-11-21,2025-11-21,delivered,SUP01,Hakerem Distillers
O000570,2025-11-20,P039,House White Wine,12,2025-11-21,2025-11-24,delayed,SUP01,Hakerem Distillers
O000571,2025-11-21,P001,Carlsberg,48,2025-11-22,2025-11-22,delivered,SUP02,IBBL (Israel Beer Breweries Ltd)
O000572,2025-11-21,P002,Heineken,24,2025-11-22,2025-11-22,delivered,SUP02,IBBL (Israel Beer Breweries Ltd)
O000573,2025-11-21,P003,Corona,24,2025-11-22,2025-11-22,delivered,SUP02,IBBL (Israel Beer Breweries Ltd)
O000574,2025-11-21,P004,Guinness,24,2025-11-22,2025-11-22,delivered,SUP02,IBBL (Israel Beer Breweries Ltd)
O000575,2025-11-21,P005,Goldstar,48,2025-11-22,2025-11-22,delivered,SUP02,IBBL (Israel Beer Breweries Ltd)
O000576,2025-11-21,P006,Maccabee,24,2025-11-22,2025-11-22,delivered,SUP02,IBBL (Israel Beer Breweries Ltd)
O000577,2025-11-21,P007,Stella Artois,24,2025-11-22,2025-11-22,delivered,SUP02,IBBL (Israel Beer Breweries Ltd)
O000578,2025-11-21,K001,Carlsberg 50L,2,2025-11-22,2025-11-22,delivered,SUP02,IBBL (Israel Beer Breweries Ltd)
O000579,2025-11-21,K002,Tuborg 50L,1,2025-11-22,2025-11-22,delivered,SUP02,IBBL (Israel Beer Breweries Ltd)
O000580,2025-11-21,K003,Carlsberg 30L,3,2025-11-22,2025-11-22,delivered,SUP02,IBBL (Israel Beer Breweries Ltd)
O000581,2025-11-21,K004,Malka 30L,3,2025-11-22,2025-11-22,delivered,SUP02,IBBL (Israel Beer Breweries Ltd)
O000582,2025-11-21,K005,Weihenstephan 30L,2,2025-11-22,2025-11-22,delivered,SUP02,IBBL (Israel Beer Breweries Ltd)
O000583,2025-11-23,P043,Coca-Cola,72,2025-11-24,2025-11-25,delayed,SUP03,CBC (Central Bottling Company)
O000584,2025-11-23,P044,Coca-Cola Zero,48,2025-11-24,2025-11-24,delivered,SUP03,CBC (Central Bottling Company)
O000585,2025-11-23,P045,Sprite,48,2025-11-24,2025-11-24,delivered,SUP03,CBC (Central Bottling Company)
O000586,2025-11-23,P046,Tonic Water,48,2025-11-24,2025-11-24,delivered,SUP03,CBC (Central Bottling Company)
O000587,2025-11-23,P047,Soda Water,48,2025-11-24,2025-11-24,delivered,SUP03,CBC (Central Bottling Company)
O000588,2025-11-23,P048,Red Bull,48,2025-11-24,2025-11-24,delivered,SUP03,CBC (Central Bottling Company)
O000589,2025-11-23,P049,Ginger Beer,24,2025-11-24,2025-11-24,delivered,SUP03,CBC (Central Bottling Company)
O000590,2025-11-24,P013,Gordon's,12,2025-11-25,2025-11-25,delivered,SUP01,Hakerem Distillers
O000591,2025-11-24,P014,Absolut,12,2025-11-25,2025-11-25,delivered,SUP01,Hakerem Distillers
O000592,2025-11-24,P020,Jack Daniel's,12,2025-11-25,2025-11-25,delivered,SUP01,Hakerem Distillers
O000593,2025-11-24,P025,Bacardi Carta Blanca,12,2025-11-25,2025-11-25,delivered,SUP01,Hakerem Distillers
O000594,2025-11-24,P033,Aperol,12,2025-11-25,2025-11-25,delivered,SUP01,Hakerem Distillers
O000595,2025-11-24,P035,Cointreau,12,2025-11-25,2025-11-25,delivered,SUP01,Hakerem Distillers
O000596,2025-11-24,P037,Martini Rosso,12,2025-11-25,2025-11-26,delayed,SUP01,Hakerem Distillers
O000597,2025-11-24,P038,House Red Wine,12,2025-11-25,2025-11-25,delivered,SUP01,Hakerem Distillers
O000598,2025-11-24,P041,Prosecco,24,2025-11-25,2025-11-28,delayed,SUP01,Hakerem Distillers
O000599,2025-11-25,P001,Carlsberg,24,2025-11-26,2025-11-26,delivered,SUP02,IBBL (Israel Beer Breweries Ltd)
O000600,2025-11-25,P002,Heineken,24,2025-11-26,2025-11-26,delivered,SUP02,IBBL (Israel Beer Breweries Ltd)
O000601,2025-11-25,P003,Corona,24,2025-11-26,2025-11-26,delivered,SUP02,IBBL (Israel Beer Breweries Ltd)
O000602,2025-11-25,P004,Guinness,24,2025-11-26,2025-11-26,delivered,SUP02,IBBL (Israel Beer Breweries Ltd)
O000603,2025-11-25,P006,Maccabee,24,2025-11-26,2025-11-26,delivered,SUP02,IBBL (Israel Beer Breweries Ltd)
O000604,2025-11-25,P007,Stella Artois,24,2025-11-26,2025-11-26,delivered,SUP02,IBBL (Israel Beer Breweries Ltd)
O000605,2025-11-25,P008,Erdinger,24,2025-11-26,2025-11-26,delivered,SUP02,IBBL (Israel Beer Breweries Ltd)
O000606,2025-11-25,K001,Carlsberg 50L,1,2025-11-26,2025-11-26,delivered,SUP02,IBBL (Israel Beer Breweries Ltd)
O000607,2025-11-25,K002,Tuborg 50L,2,2025-11-26,2025-11-26,delivered,SUP02,IBBL (Israel Beer Breweries Ltd)
O000608,2025-11-25,K003,Carlsberg 30L,2,2025-11-26,2025-11-26,delivered,SUP02,IBBL (Israel Beer Breweries Ltd)
O000609,2025-11-25,K004,Malka 30L,1,2025-11-26,2025-11-26,delivered,SUP02,IBBL (Israel Beer Breweries Ltd)
O000610,2025-11-25,K005,Weihenstephan 30L,2,2025-11-26,2025-11-26,delivered,SUP02,IBBL (Israel Beer Breweries Ltd)
O000611,2025-11-26,P043,Coca-Cola,24,2025-11-27,2025-11-27,delivered,SUP03,CBC (Central Bottling Company)
O000612,2025-11-26,P045,Sprite,24,2025-11-27,2025-11-27,delivered,SUP03,CBC (Central Bottling Company)
O000613,2025-11-26,P048,Red Bull,24,2025-11-27,2025-11-27,delivered,SUP03,CBC (Central Bottling Company)
O000614,2025-11-26,P052,Lime Juice,6,2025-11-27,2025-11-27,delivered,SUP03,CBC (Central Bottling Company)
O000615,2025-11-27,P033,Aperol,12,2025-11-28,2025-11-28,delivered,SUP01,Hakerem Distillers
O000616,2025-11-27,P039,House White Wine,12,2025-11-28,2025-11-28,delivered,SUP01,Hakerem Distillers
O000617,2025-11-27,P041,Prosecco,24,2025-11-28,2025-11-28,delivered,SUP01,Hakerem Distillers
O000618,2025-11-27,P042,Chardonnay,12,2025-11-28,2025-11-28,delivered,SUP01,Hakerem Distillers
O000619,2025-11-28,P001,Carlsberg,48,2025-11-29,2025-11-29,delivered,SUP02,IBBL (Israel Beer Breweries Ltd)
O000620,2025-11-28,P002,Heineken,24,2025-11-29,2025-11-29,delivered,SUP02,IBBL (Israel Beer Breweries Ltd)
O000621,2025-11-28,P003,Corona,24,2025-11-29,2025-11-29,delivered,SUP02,IBBL (Israel Beer Breweries Ltd)
O000622,2025-11-28,P005,Goldstar,24,2025-11-29,2025-11-29,delivered,SUP02,IBBL (Israel Beer Breweries Ltd)
O000623,2025-11-28,K001,Carlsberg 50L,2,2025-11-29,2025-11-29,delivered,SUP02,IBBL (Israel Beer Breweries Ltd)
O000624,2025-11-28,K002,Tuborg 50L,1,2025-11-29,2025-11-29,delivered,SUP02,IBBL (Israel Beer Breweries Ltd)
O000625,2025-11-28,K003,Carlsberg 30L,2,2025-11-29,2025-12-01,delayed,SUP02,IBBL (Israel Beer Breweries Ltd)
O000626,2025-11-28,K004,Malka 30L,2,2025-11-29,2025-11-29,delivered,SUP02,IBBL (Israel Beer Breweries Ltd)
O000627,2025-11-28,K005,Weihenstephan 30L,1,2025-11-29,2025-11-29,delivered,SUP02,IBBL (Israel Beer Breweries Ltd)
O000628,2025-11-30,P043,Coca-Cola,72,2025-12-01,2025-12-01,delivered,SUP03,CBC (Central Bottling Company)
O000629,2025-11-30,P044,Coca-Cola Zero,48,2025-12-01,2025-12-01,delivered,SUP03,CBC (Central Bottling Company)
O000630,2025-11-30,P045,Sprite,48,2025-12-01,2025-12-01,delivered,SUP03,CBC (Central Bottling Company)
O000631,2025-11-30,P046,Tonic Water,48,2025-12-01,2025-12-01,delivered,SUP03,CBC (Central Bottling Company)
O000632,2025-11-30,P047,Soda Water,48,2025-12-01,2025-12-01,delivered,SUP03,CBC (Central Bottling Company)
O000633,2025-11-30,P048,Red Bull,24,2025-12-01,2025-12-01,delivered,SUP03,CBC (Central Bottling Company)
O000634,2025-11-30,P049,Ginger Beer,24,2025-12-01,2025-12-02,delayed,SUP03,CBC (Central Bottling Company)
O000635,2025-11-30,P053,Lemon Juice,6,2025-12-01,2025-12-01,delivered,SUP03,CBC (Central Bottling Company)
O000636,2025-12-01,P013,Gordon's,12,2025-12-02,2025-12-02,delivered,SUP01,Hakerem Distillers
O000637,2025-12-01,P014,Absolut,12,2025-12-02,2025-12-02,delivered,SUP01,Hakerem Distillers
O000638,2025-12-01,P025,Bacardi Carta Blanca,12,2025-12-02,2025-12-02,delivered,SUP01,Hakerem Distillers
O000639,2025-12-01,P031,Patron Silver,12,2025-12-02,2025-12-02,delivered,SUP01,Hakerem Distillers
O000640,2025-12-01,P038,House Red Wine,12,2025-12-02,2025-12-02,delivered,SUP01,Hakerem Distillers
O000641,2025-12-01,P039,House White Wine,12,2025-12-02,2025-12-02,delivered,SUP01,Hakerem Distillers
O000642,2025-12-01,P040,Rose Wine,12,2025-12-02,2025-12-02,delivered,SUP01,Hakerem Distillers
O000643,2025-12-02,P001,Carlsberg,24,2025-12-03,2025-12-03,delivered,SUP02,IBBL (Israel Beer Breweries Ltd)
O000644,2025-12-02,P002,Heineken,48,2025-12-03,2025-12-03,delivered,SUP02,IBBL (Israel Beer Breweries Ltd)
O000645,2025-12-02,P003,Corona,24,2025-12-03,2025-12-03,delivered,SUP02,IBBL (Israel Beer Breweries Ltd)
O000646,2025-12-02,P004,Guinness,24,2025-12-03,2025-12-03,delivered,SUP02,IBBL (Israel Beer Breweries Ltd)
O000647,2025-12-02,P005,Goldstar,48,2025-12-03,2025-12-03,delivered,SUP02,IBBL (Israel Beer Breweries Ltd)
O000648,2025-12-02,P006,Maccabee,24,2025-12-03,2025-12-04,delayed,SUP02,IBBL (Israel Beer Breweries Ltd)
O000649,2025-12-02,P007,Stella Artois,24,2025-12-03,2025-12-03,delivered,SUP02,IBBL (Israel Beer Breweries Ltd)
O000650,2025-12-02,K001,Carlsberg 50L,2,2025-12-03,2025-12-03,delivered,SUP02,IBBL (Israel Beer Breweries Ltd)
O000651,2025-12-02,K002,Tuborg 50L,1,2025-12-03,2025-12-03,delivered,SUP02,IBBL (Israel Beer Breweries Ltd)
O000652,2025-12-02,K003,Carlsberg 30L,3,2025-12-03,2025-12-03,delivered,SUP02,IBBL (Israel Beer Breweries Ltd)
O000653,2025-12-02,K004,Malka 30L,2,2025-12-03,2025-12-03,delivered,SUP02,IBBL (Israel Beer Breweries Ltd)
O000654,2025-12-02,K005,Weihenstephan 30L,1,2025-12-03,2025-12-03,delivered,SUP02,IBBL (Israel Beer Breweries Ltd)
O000655,2025-12-03,P043,Coca-Cola,24,2025-12-04,2025-12-04,delivered,SUP03,CBC (Central Bottling Company)
O000656,2025-12-03,P044,Coca-Cola Zero,24,2025-12-04,2025-12-04,delivered,SUP03,CBC (Central Bottling Company)
O000657,2025-12-03,P046,Tonic Water,24,2025-12-04,2025-12-04,delivered,SUP03,CBC (Central Bottling Company)
O000658,2025-12-03,P047,Soda Water,24,2025-12-04,2025-12-04,delivered,SUP03,CBC (Central Bottling Company)
O000659,2025-12-03,P052,Lime Juice,6,2025-12-04,2025-12-04,delivered,SUP03,CBC (Central Bottling Company)
O000660,2025-12-03,P054,Sugar Syrup,6,2025-12-04,2025-12-04,delivered,SUP03,CBC (Central Bottling Company)
O000661,2025-12-04,P019,Jameson,12,2025-12-05,2025-12-05,delivered,SUP01,Hakerem Distillers
O000662,2025-12-04,P022,Chivas Regal,12,2025-12-05,2025-12-05,delivered,SUP01,Hakerem Distillers
O000663,2025-12-04,P025,Bacardi Carta Blanca,12,2025-12-05,2025-12-05,delivered,SUP01,Hakerem Distillers
O000664,2025-12-04,P033,Aperol,12,2025-12-05,2025-12-05,delivered,SUP01,Hakerem Distillers
O000665,2025-12-04,P038,House Red Wine,12,2025-12-05,2025-12-05,delivered,SUP01,Hakerem Distillers
O000666,2025-12-05,P001,Carlsberg,48,2025-12-06,2025-12-06,delivered,SUP02,IBBL (Israel Beer Breweries Ltd)
O000667,2025-12-05,P002,Heineken,24,2025-12-06,2025-12-06,delivered,SUP02,IBBL (Israel Beer Breweries Ltd)
O000668,2025-12-05,P003,Corona,48,2025-12-06,2025-12-06,delivered,SUP02,IBBL (Israel Beer Breweries Ltd)
O000669,2025-12-05,P005,Goldstar,24,2025-12-06,2025-12-06,delivered,SUP02,IBBL (Israel Beer Breweries Ltd)
O000670,2025-12-05,P007,Stella Artois,24,2025-12-06,2025-12-06,delivered,SUP02,IBBL (Israel Beer Breweries Ltd)
O000671,2025-12-05,P008,Erdinger,24,2025-12-06,2025-12-06,delivered,SUP02,IBBL (Israel Beer Breweries Ltd)
O000672,2025-12-05,K001,Carlsberg 50L,1,2025-12-06,2025-12-06,delivered,SUP02,IBBL (Israel Beer Breweries Ltd)
O000673,2025-12-05,K002,Tuborg 50L,1,2025-12-06,2025-12-06,delivered,SUP02,IBBL (Israel Beer Breweries Ltd)
O000674,2025-12-05,K003,Carlsberg 30L,2,2025-12-06,2025-12-06,delivered,SUP02,IBBL (Israel Beer Breweries Ltd)
O000675,2025-12-05,K004,Malka 30L,2,2025-12-06,2025-12-06,delivered,SUP02,IBBL (Israel Beer Breweries Ltd)
O000676,2025-12-05,K005,Weihenstephan 30L,1,2025-12-06,2025-12-06,delivered,SUP02,IBBL (Israel Beer Breweries Ltd)
O000677,2025-12-07,P043,Coca-Cola,72,2025-12-08,2025-12-08,delivered,SUP03,CBC (Central Bottling Company)
O000678,2025-12-07,P044,Coca-Cola Zero,24,2025-12-08,2025-12-10,delayed,SUP03,CBC (Central Bottling Company)
O000679,2025-12-07,P045,Sprite,24,2025-12-08,2025-12-08,delivered,SUP03,CBC (Central Bottling Company)
O000680,2025-12-07,P046,Tonic Water,48,2025-12-08,2025-12-08,delivered,SUP03,CBC (Central Bottling Company)
O000681,2025-12-07,P047,Soda Water,24,2025-12-08,2025-12-08,delivered,SUP03,CBC (Central Bottling Company)
O000682,2025-12-07,P048,Red Bull,48,2025-12-08,2025-12-08,delivered,SUP03,CBC (Central Bottling Company)
O000683,2025-12-08,P010,Tanqueray,12,2025-12-09,2025-12-09,delivered,SUP01,Hakerem Distillers
O000684,2025-12-08,P011,Hendrick's,12,2025-12-09,2025-12-09,delivered,SUP01,Hakerem Distillers
O000685,2025-12-08,P013,Gordon's,12,2025-12-09,2025-12-09,delivered,SUP01,Hakerem Distillers
O000686,2025-12-08,P026,Havana Club 3,12,2025-12-09,2025-12-09,delivered,SUP01,Hakerem Distillers
O000687,2025-12-08,P027,Captain Morgan,12,2025-12-09,2025-12-09,delivered,SUP01,Hakerem Distillers
O000688,2025-12-08,P034,Campari,12,2025-12-09,2025-12-09,delivered,SUP01,Hakerem Distillers
O000689,2025-12-08,P039,House White Wine,12,2025-12-09,2025-12-09,delivered,SUP01,Hakerem Distillers
O000690,2025-12-08,P041,Prosecco,12,2025-12-09,2025-12-09,delivered,SUP01,Hakerem Distillers
O000691,2025-12-09,P001,Carlsberg,24,2025-12-10,2025-12-13,delayed,SUP02,IBBL (Israel Beer Breweries Ltd)
O000692,2025-12-09,P002,Heineken,24,2025-12-10,2025-12-10,delivered,SUP02,IBBL (Israel Beer Breweries Ltd)
O000693,2025-12-09,P003,Corona,24,2025-12-10,2025-12-10,delivered,SUP02,IBBL (Israel Beer Breweries Ltd)
O000694,2025-12-09,P004,Guinness,24,2025-12-10,2025-12-10,delivered,SUP02,IBBL (Israel Beer Breweries Ltd)
O000695,2025-12-09,P005,Goldstar,24,2025-12-10,2025-12-10,delivered,SUP02,IBBL (Israel Beer Breweries Ltd)
O000696,2025-12-09,P006,Maccabee,24,2025-12-10,2025-12-10,delivered,SUP02,IBBL (Israel Beer Breweries Ltd)
O000697,2025-12-09,P007,Stella Artois,24,2025-12-10,2025-12-10,delivered,SUP02,IBBL (Israel Beer Breweries Ltd)
O000698,2025-12-09,K001,Carlsberg 50L,2,2025-12-10,2025-12-10,delivered,SUP02,IBBL (Israel Beer Breweries Ltd)
O000699,2025-12-09,K002,Tuborg 50L,2,2025-12-10,2025-12-10,delivered,SUP02,IBBL (Israel Beer Breweries Ltd)
O000700,2025-12-09,K003,Carlsberg 30L,2,2025-12-10,2025-12-10,delivered,SUP02,IBBL (Israel Beer Breweries Ltd)
O000701,2025-12-09,K004,Malka 30L,2,2025-12-10,2025-12-10,delivered,SUP02,IBBL (Israel Beer Breweries Ltd)
O000702,2025-12-09,K005,Weihenstephan 30L,1,2025-12-10,2025-12-10,delivered,SUP02,IBBL (Israel Beer Breweries Ltd)
O000703,2025-12-10,P044,Coca-Cola Zero,24,2025-12-11,2025-12-11,delivered,SUP03,CBC (Central Bottling Company)
O000704,2025-12-10,P045,Sprite,24,2025-12-11,2025-12-11,delivered,SUP03,CBC (Central Bottling Company)
O000705,2025-12-10,P047,Soda Water,24,2025-12-11,2025-12-11,delivered,SUP03,CBC (Central Bottling Company)
O000706,2025-12-10,P052,Lime Juice,6,2025-12-11,2025-12-11,delivered,SUP03,CBC (Central Bottling Company)
O000707,2025-12-11,P014,Absolut,12,2025-12-12,2025-12-12,delivered,SUP01,Hakerem Distillers
O000708,2025-12-11,P025,Bacardi Carta Blanca,12,2025-12-12,2025-12-12,delivered,SUP01,Hakerem Distillers
O000709,2025-12-11,P031,Patron Silver,12,2025-12-12,2025-12-12,delivered,SUP01,Hakerem Distillers
O000710,2025-12-11,P033,Aperol,12,2025-12-12,2025-12-12,delivered,SUP01,Hakerem Distillers
O000711,2025-12-11,P036,Kahlua,12,2025-12-12,2025-12-12,delivered,SUP01,Hakerem Distillers
O000712,2025-12-11,P041,Prosecco,12,2025-12-12,2025-12-12,delivered,SUP01,Hakerem Distillers
O000713,2025-12-12,P001,Carlsberg,72,2025-12-13,2025-12-15,delayed,SUP02,IBBL (Israel Beer Breweries Ltd)
O000714,2025-12-12,P002,Heineken,24,2025-12-13,2025-12-13,delivered,SUP02,IBBL (Israel Beer Breweries Ltd)
O000715,2025-12-12,P003,Corona,24,2025-12-13,2025-12-13,delivered,SUP02,IBBL (Israel Beer Breweries Ltd)
O000716,2025-12-12,P005,Goldstar,24,2025-12-13,2025-12-13,delivered,SUP02,IBBL (Israel Beer Breweries Ltd)
O000717,2025-12-12,P007,Stella Artois,24,2025-12-13,2025-12-13,delivered,SUP02,IBBL (Israel Beer Breweries Ltd)
O000718,2025-12-12,K001,Carlsberg 50L,2,2025-12-13,2025-12-13,delivered,SUP02,IBBL (Israel Beer Breweries Ltd)
O000719,2025-12-12,K002,Tuborg 50L,1,2025-12-13,2025-12-13,delivered,SUP02,IBBL (Israel Beer Breweries Ltd)
O000720,2025-12-12,K003,Carlsberg 30L,4,2025-12-13,2025-12-13,delivered,SUP02,IBBL (Israel Beer Breweries Ltd)
O000721,2025-12-12,K004,Malka 30L,2,2025-12-13,2025-12-13,delivered,SUP02,IBBL (Israel Beer Breweries Ltd)
O000722,2025-12-12,K005,Weihenstephan 30L,2,2025-12-13,2025-12-13,delivered,SUP02,IBBL (Israel Beer Breweries Ltd)
O000723,2025-12-14,P043,Coca-Cola,96,2025-12-15,2025-12-15,delivered,SUP03,CBC (Central Bottling Company)
O000724,2025-12-14,P044,Coca-Cola Zero,48,2025-12-15,2025-12-15,delivered,SUP03,CBC (Central Bottling Company)
O000725,2025-12-14,P045,Sprite,48,2025-12-15,2025-12-15,delivered,SUP03,CBC (Central Bottling Company)
O000726,2025-12-14,P046,Tonic Water,48,2025-12-15,2025-12-15,delivered,SUP03,CBC (Central Bottling Company)
O000727,2025-12-14,P047,Soda Water,24,2025-12-15,2025-12-15,delivered,SUP03,CBC (Central Bottling Company)
O000728,2025-12-14,P048,Red Bull,48,2025-12-15,2025-12-15,delivered,SUP03,CBC (Central Bottling Company)
O000729,2025-12-14,P049,Ginger Beer,24,2025-12-15,2025-12-15,delivered,SUP03,CBC (Central Bottling Company)
O000730,2025-12-15,P013,Gordon's,12,2025-12-16,2025-12-16,delivered,SUP01,Hakerem Distillers
O000731,2025-12-15,P020,Jack Daniel's,12,2025-12-16,2025-12-16,delivered,SUP01,Hakerem Distillers
O000732,2025-12-15,P033,Aperol,12,2025-12-16,2025-12-16,delivered,SUP01,Hakerem Distillers
O000733,2025-12-15,P035,Cointreau,12,2025-12-16,2025-12-16,delivered,SUP01,Hakerem Distillers
O000734,2025-12-15,P038,House Red Wine,12,2025-12-16,2025-12-16,delivered,SUP01,Hakerem Distillers
O000735,2025-12-15,P039,House White Wine,12,2025-12-16,2025-12-16,delivered,SUP01,Hakerem Distillers
O000736,2025-12-15,P040,Rose Wine,12,2025-12-16,2025-12-16,delivered,SUP01,Hakerem Distillers
O000737,2025-12-15,P041,Prosecco,12,2025-12-16,2025-12-16,delivered,SUP01,Hakerem Distillers
O000738,2025-12-15,P042,Chardonnay,12,2025-12-16,2025-12-16,delivered,SUP01,Hakerem Distillers
O000739,2025-12-16,P001,Carlsberg,24,2025-12-17,2025-12-17,delivered,SUP02,IBBL (Israel Beer Breweries Ltd)
O000740,2025-12-16,P002,Heineken,48,2025-12-17,2025-12-17,delivered,SUP02,IBBL (Israel Beer Breweries Ltd)
O000741,2025-12-16,P003,Corona,24,2025-12-17,2025-12-17,delivered,SUP02,IBBL (Israel Beer Breweries Ltd)
O000742,2025-12-16,P004,Guinness,24,2025-12-17,2025-12-17,delivered,SUP02,IBBL (Israel Beer Breweries Ltd)
O000743,2025-12-16,P005,Goldstar,24,2025-12-17,2025-12-17,delivered,SUP02,IBBL (Israel Beer Breweries Ltd)
O000744,2025-12-16,P006,Maccabee,24,2025-12-17,2025-12-18,delayed,SUP02,IBBL (Israel Beer Breweries Ltd)
O000745,2025-12-16,P008,Erdinger,24,2025-12-17,2025-12-17,delivered,SUP02,IBBL (Israel Beer Breweries Ltd)
O000746,2025-12-16,K001,Carlsberg 50L,2,2025-12-17,2025-12-17,delivered,SUP02,IBBL (Israel Beer Breweries Ltd)
O000747,2025-12-16,K002,Tuborg 50L,1,2025-12-17,2025-12-17,delivered,SUP02,IBBL (Israel Beer Breweries Ltd)
O000748,2025-12-16,K003,Carlsberg 30L,2,2025-12-17,2025-12-17,delivered,SUP02,IBBL (Israel Beer Breweries Ltd)
O000749,2025-12-16,K004,Malka 30L,2,2025-12-17,2025-12-17,delivered,SUP02,IBBL (Israel Beer Breweries Ltd)
O000750,2025-12-16,K005,Weihenstephan 30L,1,2025-12-17,2025-12-17,delivered,SUP02,IBBL (Israel Beer Breweries Ltd)
O000751,2025-12-17,P043,Coca-Cola,24,2025-12-18,2025-12-18,delivered,SUP03,CBC (Central Bottling Company)
O000752,2025-12-17,P046,Tonic Water,24,2025-12-18,2025-12-18,delivered,SUP03,CBC (Central Bottling Company)
O000753,2025-12-17,P047,Soda Water,24,2025-12-18,2025-12-18,delivered,SUP03,CBC (Central Bottling Company)
O000754,2025-12-17,P052,Lime Juice,6,2025-12-18,2025-12-18,delivered,SUP03,CBC (Central Bottling Company)
O000755,2025-12-18,P016,Grey Goose,12,2025-12-19,2025-12-19,delivered,SUP01,Hakerem Distillers
O000756,2025-12-18,P021,Johnnie Walker Black,12,2025-12-19,2025-12-19,delivered,SUP01,Hakerem Distillers
O000757,2025-12-18,P025,Bacardi Carta Blanca,12,2025-12-19,2025-12-19,delivered,SUP01,Hakerem Distillers
O000758,2025-12-18,P029,Jose Cuervo,12,2025-12-19,2025-12-19,delivered,SUP01,Hakerem Distillers
O000759,2025-12-18,P038,House Red Wine,12,2025-12-19,2025-12-19,delivered,SUP01,Hakerem Distillers
O000760,2025-12-18,P039,House White Wine,12,2025-12-19,2025-12-19,delivered,SUP01,Hakerem Distillers
O000761,2025-12-18,P041,Prosecco,12,2025-12-19,2025-12-19,delivered,SUP01,Hakerem Distillers
O000762,2025-12-19,P001,Carlsberg,48,2025-12-20,2025-12-20,delivered,SUP02,IBBL (Israel Beer Breweries Ltd)
O000763,2025-12-19,P002,Heineken,24,2025-12-20,2025-12-20,delivered,SUP02,IBBL (Israel Beer Breweries Ltd)
O000764,2025-12-19,P003,Corona,24,2025-12-20,2025-12-20,delivered,SUP02,IBBL (Israel Beer Breweries Ltd)
O000765,2025-12-19,P004,Guinness,24,2025-12-20,2025-12-20,delivered,SUP02,IBBL (Israel Beer Breweries Ltd)
O000766,2025-12-19,P005,Goldstar,48,2025-12-20,2025-12-20,delivered,SUP02,IBBL (Israel Beer Breweries Ltd)
O000767,2025-12-19,P006,Maccabee,24,2025-12-20,2025-12-20,delivered,SUP02,IBBL (Israel Beer Breweries Ltd)
O000768,2025-12-19,P007,Stella Artois,24,2025-12-20,2025-12-20,delivered,SUP02,IBBL (Israel Beer Breweries Ltd)
O000769,2025-12-19,K001,Carlsberg 50L,1,2025-12-20,2025-12-20,delivered,SUP02,IBBL (Israel Beer Breweries Ltd)
O000770,2025-12-19,K002,Tuborg 50L,2,2025-12-20,2025-12-20,delivered,SUP02,IBBL (Israel Beer Breweries Ltd)
O000771,2025-12-19,K003,Carlsberg 30L,3,2025-12-20,2025-12-20,delivered,SUP02,IBBL (Israel Beer Breweries Ltd)
O000772,2025-12-19,K004,Malka 30L,2,2025-12-20,2025-12-20,delivered,SUP02,IBBL (Israel Beer Breweries Ltd)
O000773,2025-12-19,K005,Weihenstephan 30L,1,2025-12-20,2025-12-20,delivered,SUP02,IBBL (Israel Beer Breweries Ltd)
O000774,2025-12-21,P043,Coca-Cola,72,2025-12-22,2025-12-22,delivered,SUP03,CBC (Central Bottling Company)
O000775,2025-12-21,P044,Coca-Cola Zero,48,2025-12-22,2025-12-22,delivered,SUP03,CBC (Central Bottling Company)
O000776,2025-12-21,P045,Sprite,48,2025-12-22,2025-12-22,delivered,SUP03,CBC (Central Bottling Company)
O000777,2025-12-21,P046,Tonic Water,48,2025-12-22,2025-12-22,delivered,SUP03,CBC (Central Bottling Company)
O000778,2025-12-21,P047,Soda Water,48,2025-12-22,2025-12-22,delivered,SUP03,CBC (Central Bottling Company)
O000779,2025-12-21,P048,Red Bull,48,2025-12-22,2025-12-22,delivered,SUP03,CBC (Central Bottling Company)
O000780,2025-12-21,P049,Ginger Beer,24,2025-12-22,2025-12-22,delivered,SUP03,CBC (Central Bottling Company)
O000781,2025-12-21,P054,Sugar Syrup,6,2025-12-22,2025-12-22,delivered,SUP03,CBC (Central Bottling Company)
O000782,2025-12-21,P055,Fresh Mint,6,2025-12-22,2025-12-22,delivered,SUP03,CBC (Central Bottling Company)
O000783,2025-12-22,P013,Gordon's,12,2025-12-23,2025-12-23,delivered,SUP01,Hakerem Distillers
O000784,2025-12-22,P014,Absolut,12,2025-12-23,2025-12-23,delivered,SUP01,Hakerem Distillers
O000785,2025-12-22,P019,Jameson,12,2025-12-23,2025-12-23,delivered,SUP01,Hakerem Distillers
O000786,2025-12-22,P025,Bacardi Carta Blanca,12,2025-12-23,2025-12-23,delivered,SUP01,Hakerem Distillers
O000787,2025-12-22,P031,Patron Silver,12,2025-12-23,2025-12-23,delivered,SUP01,Hakerem Distillers
O000788,2025-12-22,P033,Aperol,12,2025-12-23,2025-12-23,delivered,SUP01,Hakerem Distillers
O000789,2025-12-22,P037,Martini Rosso,12,2025-12-23,2025-12-23,delivered,SUP01,Hakerem Distillers
O000790,2025-12-22,P038,House Red Wine,12,2025-12-23,2025-12-23,delivered,SUP01,Hakerem Distillers
O000791,2025-12-22,P039,House White Wine,12,2025-12-23,2025-12-23,delivered,SUP01,Hakerem Distillers
O000792,2025-12-22,P041,Prosecco,12,2025-12-23,2025-12-23,delivered,SUP01,Hakerem Distillers
O000793,2025-12-23,P001,Carlsberg,48,2025-12-24,2025-12-24,delivered,SUP02,IBBL (Israel Beer Breweries Ltd)
O000794,2025-12-23,P002,Heineken,24,2025-12-24,2025-12-24,delivered,SUP02,IBBL (Israel Beer Breweries Ltd)
O000795,2025-12-23,P003,Corona,24,2025-12-24,2025-12-24,delivered,SUP02,IBBL (Israel Beer Breweries Ltd)
O000796,2025-12-23,P005,Goldstar,24,2025-12-24,2025-12-24,delivered,SUP02,IBBL (Israel Beer Breweries Ltd)
O000797,2025-12-23,P006,Maccabee,24,2025-12-24,2025-12-24,delivered,SUP02,IBBL (Israel Beer Breweries Ltd)
O000798,2025-12-23,P007,Stella Artois,24,2025-12-24,2025-12-24,delivered,SUP02,IBBL (Israel Beer Breweries Ltd)
O000799,2025-12-23,P008,Erdinger,24,2025-12-24,2025-12-24,delivered,SUP02,IBBL (Israel Beer Breweries Ltd)
O000800,2025-12-23,K001,Carlsberg 50L,2,2025-12-24,2025-12-24,delivered,SUP02,IBBL (Israel Beer Breweries Ltd)
O000801,2025-12-23,K002,Tuborg 50L,1,2025-12-24,2025-12-24,delivered,SUP02,IBBL (Israel Beer Breweries Ltd)
O000802,2025-12-23,K003,Carlsberg 30L,3,2025-12-24,2025-12-24,delivered,SUP02,IBBL (Israel Beer Breweries Ltd)
O000803,2025-12-23,K004,Malka 30L,2,2025-12-24,2025-12-24,delivered,SUP02,IBBL (Israel Beer Breweries Ltd)
O000804,2025-12-23,K005,Weihenstephan 30L,2,2025-12-24,2025-12-24,delivered,SUP02,IBBL (Israel Beer Breweries Ltd)
O000805,2025-12-24,P043,Coca-Cola,24,2025-12-25,2025-12-25,delivered,SUP03,CBC (Central Bottling Company)
O000806,2025-12-24,P044,Coca-Cola Zero,24,2025-12-25,2025-12-25,delivered,SUP03,CBC (Central Bottling Company)
O000807,2025-12-24,P045,Sprite,24,2025-12-25,2025-12-25,delivered,SUP03,CBC (Central Bottling Company)
O000808,2025-12-24,P046,Tonic Water,24,2025-12-25,2025-12-26,delayed,SUP03,CBC (Central Bottling Company)
O000809,2025-12-24,P047,Soda Water,24,2025-12-25,2025-12-25,delivered,SUP03,CBC (Central Bottling Company)
O000810,2025-12-24,P052,Lime Juice,6,2025-12-25,2025-12-25,delivered,SUP03,CBC (Central Bottling Company)
O000811,2025-12-25,P041,Prosecco,12,2025-12-26,2025-12-26,delivered,SUP01,Hakerem Distillers
O000812,2025-12-26,P001,Carlsberg,24,2025-12-27,2025-12-27,delivered,SUP02,IBBL (Israel Beer Breweries Ltd)
O000813,2025-12-26,P002,Heineken,48,2025-12-27,2025-12-27,delivered,SUP02,IBBL (Israel Beer Breweries Ltd)
O000814,2025-12-26,P003,Corona,24,2025-12-27,2025-12-27,delivered,SUP02,IBBL (Israel Beer Breweries Ltd)
O000815,2025-12-26,P004,Guinness,24,2025-12-27,2025-12-27,delivered,SUP02,IBBL (Israel Beer Breweries Ltd)
O000816,2025-12-26,P005,Goldstar,24,2025-12-27,2025-12-27,delivered,SUP02,IBBL (Israel Beer Breweries Ltd)
O000817,2025-12-26,P007,Stella Artois,24,2025-12-27,2025-12-27,delivered,SUP02,IBBL (Israel Beer Breweries Ltd)
O000818,2025-12-26,K001,Carlsberg 50L,1,2025-12-27,2025-12-27,delivered,SUP02,IBBL (Israel Beer Breweries Ltd)
O000819,2025-12-26,K002,Tuborg 50L,1,2025-12-27,2025-12-27,delivered,SUP02,IBBL (Israel Beer Breweries Ltd)
O000820,2025-12-26,K003,Carlsberg 30L,2,2025-12-27,2025-12-27,delivered,SUP02,IBBL (Israel Beer Breweries Ltd)
O000821,2025-12-26,K004,Malka 30L,2,2025-12-27,2025-12-27,delivered,SUP02,IBBL (Israel Beer Breweries Ltd)
O000822,2025-12-26,K005,Weihenstephan 30L,1,2025-12-27,2025-12-27,delivered,SUP02,IBBL (Israel Beer Breweries Ltd)
O000823,2025-12-28,P043,Coca-Cola,72,2025-12-29,2025-12-29,delivered,SUP03,CBC (Central Bottling Company)
O000824,2025-12-28,P044,Coca-Cola Zero,24,2025-12-29,2025-12-30,delayed,SUP03,CBC (Central Bottling Company)
O000825,2025-12-28,P045,Sprite,24,2025-12-29,2025-12-29,delivered,SUP03,CBC (Central Bottling Company)
O000826,2025-12-28,P046,Tonic Water,24,2025-12-29,2025-12-29,delivered,SUP03,CBC (Central Bottling Company)
O000827,2025-12-28,P047,Soda Water,24,2025-12-29,2025-12-29,delivered,SUP03,CBC (Central Bottling Company)
O000828,2025-12-28,P048,Red Bull,24,2025-12-29,2025-12-29,delivered,SUP03,CBC (Central Bottling Company)
O000829,2025-12-28,P049,Ginger Beer,24,2025-12-29,2025-12-29,delivered,SUP03,CBC (Central Bottling Company)
O000830,2025-12-29,P011,Hendrick's,12,2025-12-30,2025-12-30,delivered,SUP01,Hakerem Distillers
O000831,2025-12-29,P014,Absolut,12,2025-12-30,2025-12-30,delivered,SUP01,Hakerem Distillers
O000832,2025-12-29,P025,Bacardi Carta Blanca,12,2025-12-30,2025-12-30,delivered,SUP01,Hakerem Distillers
O000833,2025-12-29,P033,Aperol,12,2025-12-30,2025-12-30,delivered,SUP01,Hakerem Distillers
O000834,2025-12-29,P034,Campari,12,2025-12-30,2025-12-30,delivered,SUP01,Hakerem Distillers
O000835,2025-12-29,P038,House Red Wine,12,2025-12-30,2025-12-30,delivered,SUP01,Hakerem Distillers
O000836,2025-12-29,P039,House White Wine,12,2025-12-30,2025-12-30,delivered,SUP01,Hakerem Distillers
O000837,2025-12-29,P040,Rose Wine,12,2025-12-30,2025-12-30,delivered,SUP01,Hakerem Distillers
O000838,2025-12-29,P041,Prosecco,12,2025-12-30,2025-12-30,delivered,SUP01,Hakerem Distillers
O000839,2025-12-30,P001,Carlsberg,24,2025-12-31,2025-12-31,delivered,SUP02,IBBL (Israel Beer Breweries Ltd)
O000840,2025-12-30,P002,Heineken,24,2025-12-31,2025-12-31,delivered,SUP02,IBBL (Israel Beer Breweries Ltd)
O000841,2025-12-30,P003,Corona,24,2025-12-31,2025-12-31,delivered,SUP02,IBBL (Israel Beer Breweries Ltd)
O000842,2025-12-30,P005,Goldstar,24,2025-12-31,2025-12-31,delivered,SUP02,IBBL (Israel Beer Breweries Ltd)
O000843,2025-12-30,P006,Maccabee,24,2025-12-31,2025-12-31,delivered,SUP02,IBBL (Israel Beer Breweries Ltd)
O000844,2025-12-30,K001,Carlsberg 50L,1,2025-12-31,2025-12-31,delivered,SUP02,IBBL (Israel Beer Breweries Ltd)
O000845,2025-12-30,K002,Tuborg 50L,1,2025-12-31,2025-12-31,delivered,SUP02,IBBL (Israel Beer Breweries Ltd)
O000846,2025-12-30,K003,Carlsberg 30L,1,2025-12-31,2025-12-31,delivered,SUP02,IBBL (Israel Beer Breweries Ltd)
O000847,2025-12-30,K004,Malka 30L,2,2025-12-31,2025-12-31,delivered,SUP02,IBBL (Israel Beer Breweries Ltd)
O000848,2025-12-30,K005,Weihenstephan 30L,1,2025-12-31,2025-12-31,delivered,SUP02,IBBL (Israel Beer Breweries Ltd)
O000849,2025-12-31,P043,Coca-Cola,24,2026-01-01,2026-01-01,delivered,SUP03,CBC (Central Bottling Company)
O000850,2025-12-31,P044,Coca-Cola Zero,24,2026-01-01,2026-01-01,delivered,SUP03,CBC (Central Bottling Company)
O000851,2025-12-31,P046,Tonic Water,24,2026-01-01,2026-01-01,delivered,SUP03,CBC (Central Bottling Company)
O000852,2025-12-31,P048,Red Bull,24,2026-01-01,2026-01-01,delivered,SUP03,CBC (Central Bottling Company)
O000853,2026-01-01,P013,Gordon's,12,2026-01-02,2026-01-02,delivered,SUP01,Hakerem Distillers
O000854,2026-01-01,P031,Patron Silver,12,2026-01-02,2026-01-02,delivered,SUP01,Hakerem Distillers
O000855,2026-01-01,P041,Prosecco,12,2026-01-02,2026-01-02,delivered,SUP01,Hakerem Distillers
O000856,2026-01-02,P001,Carlsberg,24,2026-01-03,2026-01-03,delivered,SUP02,IBBL (Israel Beer Breweries Ltd)
O000857,2026-01-02,P003,Corona,24,2026-01-03,2026-01-03,delivered,SUP02,IBBL (Israel Beer Breweries Ltd)
O000858,2026-01-02,P004,Guinness,24,2026-01-03,2026-01-04,delayed,SUP02,IBBL (Israel Beer Breweries Ltd)
O000859,2026-01-02,P005,Goldstar,24,2026-01-03,2026-01-03,delivered,SUP02,IBBL (Israel Beer Breweries Ltd)
O000860,2026-01-02,P007,Stella Artois,24,2026-01-03,2026-01-03,delivered,SUP02,IBBL (Israel Beer Breweries Ltd)
O000861,2026-01-02,K001,Carlsberg 50L,1,2026-01-03,2026-01-03,delivered,SUP02,IBBL (Israel Beer Breweries Ltd)
O000862,2026-01-02,K002,Tuborg 50L,1,2026-01-03,2026-01-06,delayed,SUP02,IBBL (Israel Beer Breweries Ltd)
O000863,2026-01-02,K003,Carlsberg 30L,1,2026-01-03,2026-01-03,delivered,SUP02,IBBL (Israel Beer Breweries Ltd)
O000864,2026-01-02,K004,Malka 30L,1,2026-01-03,2026-01-03,delivered,SUP02,IBBL (Israel Beer Breweries Ltd)
O000865,2026-01-02,K005,Weihenstephan 30L,1,2026-01-03,2026-01-03,delivered,SUP02,IBBL (Israel Beer Breweries Ltd)
O000866,2026-01-04,P043,Coca-Cola,48,2026-01-05,2026-01-08,delayed,SUP03,CBC (Central Bottling Company)
O000867,2026-01-04,P044,Coca-Cola Zero,24,2026-01-05,2026-01-05,delivered,SUP03,CBC (Central Bottling Company)
O000868,2026-01-04,P045,Sprite,24,2026-01-05,2026-01-05,delivered,SUP03,CBC (Central Bottling Company)
O000869,2026-01-04,P046,Tonic Water,24,2026-01-05,2026-01-05,delivered,SUP03,CBC (Central Bottling Company)
O000870,2026-01-04,P047,Soda Water,48,2026-01-05,2026-01-05,delivered,SUP03,CBC (Central Bottling Company)
O000871,2026-01-04,P048,Red Bull,24,2026-01-05,2026-01-05,delivered,SUP03,CBC (Central Bottling Company)
O000872,2026-01-04,P052,Lime Juice,6,2026-01-05,2026-01-05,delivered,SUP03,CBC (Central Bottling Company)
O000873,2026-01-05,P020,Jack Daniel's,12,2026-01-06,2026-01-06,delivered,SUP01,Hakerem Distillers
O000874,2026-01-05,P025,Bacardi Carta Blanca,12,2026-01-06,2026-01-06,delivered,SUP01,Hakerem Distillers
O000875,2026-01-05,P033,Aperol,12,2026-01-06,2026-01-06,delivered,SUP01,Hakerem Distillers
O000876,2026-01-05,P038,House Red Wine,12,2026-01-06,2026-01-06,delivered,SUP01,Hakerem Distillers
O000877,2026-01-05,P039,House White Wine,12,2026-01-06,2026-01-06,delivered,SUP01,Hakerem Distillers
O000878,2026-01-06,P001,Carlsberg,24,2026-01-07,2026-01-07,delivered,SUP02,IBBL (Israel Beer Breweries Ltd)
O000879,2026-01-06,P002,Heineken,24,2026-01-07,2026-01-07,delivered,SUP02,IBBL (Israel Beer Breweries Ltd)
O000880,2026-01-06,P005,Goldstar,24,2026-01-07,2026-01-07,delivered,SUP02,IBBL (Israel Beer Breweries Ltd)
O000881,2026-01-06,P006,Maccabee,24,2026-01-07,2026-01-07,delivered,SUP02,IBBL (Israel Beer Breweries Ltd)
O000882,2026-01-06,P007,Stella Artois,24,2026-01-07,2026-01-07,delivered,SUP02,IBBL (Israel Beer Breweries Ltd)
O000883,2026-01-06,P008,Erdinger,24,2026-01-07,2026-01-07,delivered,SUP02,IBBL (Israel Beer Breweries Ltd)
O000884,2026-01-06,K001,Carlsberg 50L,2,2026-01-07,2026-01-07,delivered,SUP02,IBBL (Israel Beer Breweries Ltd)
O000885,2026-01-06,K002,Tuborg 50L,1,2026-01-07,2026-01-07,delivered,SUP02,IBBL (Israel Beer Breweries Ltd)
O000886,2026-01-06,K003,Carlsberg 30L,2,2026-01-07,2026-01-07,delivered,SUP02,IBBL (Israel Beer Breweries Ltd)
O000887,2026-01-06,K004,Malka 30L,1,2026-01-07,2026-01-07,delivered,SUP02,IBBL (Israel Beer Breweries Ltd)
O000888,2026-01-06,K005,Weihenstephan 30L,1,2026-01-07,2026-01-07,delivered,SUP02,IBBL (Israel Beer Breweries Ltd)
O000889,2026-01-07,P043,Coca-Cola,72,2026-01-08,2026-01-10,delayed,SUP03,CBC (Central Bottling Company)
O000890,2026-01-07,P045,Sprite,24,2026-01-08,2026-01-08,delivered,SUP03,CBC (Central Bottling Company)
O000891,2026-01-07,P054,Sugar Syrup,6,2026-01-08,2026-01-08,delivered,SUP03,CBC (Central Bottling Company)
O000892,2026-01-07,P056,Coffee Beans,6,2026-01-08,2026-01-08,delivered,SUP03,CBC (Central Bottling Company)
O000893,2026-01-08,P035,Cointreau,12,2026-01-09,2026-01-09,delivered,SUP01,Hakerem Distillers
O000894,2026-01-08,P036,Kahlua,12,2026-01-09,2026-01-09,delivered,SUP01,Hakerem Distillers
O000895,2026-01-08,P041,Prosecco,12,2026-01-09,2026-01-09,delivered,SUP01,Hakerem Distillers
O000896,2026-01-09,P001,Carlsberg,24,2026-01-10,2026-01-10,delivered,SUP02,IBBL (Israel Beer Breweries Ltd)
O000897,2026-01-09,P002,Heineken,24,2026-01-10,2026-01-10,delivered,SUP02,IBBL (Israel Beer Breweries Ltd)
O000898,2026-01-09,P003,Corona,24,2026-01-10,2026-01-10,delivered,SUP02,IBBL (Israel Beer Breweries Ltd)
O000899,2026-01-09,P006,Maccabee,24,2026-01-10,2026-01-10,delivered,SUP02,IBBL (Israel Beer Breweries Ltd)
O000900,2026-01-09,K001,Carlsberg 50L,1,2026-01-10,2026-01-10,delivered,SUP02,IBBL (Israel Beer Breweries Ltd)
O000901,2026-01-09,K002,Tuborg 50L,1,2026-01-10,2026-01-10,delivered,SUP02,IBBL (Israel Beer Breweries Ltd)
O000902,2026-01-09,K003,Carlsberg 30L,1,2026-01-10,2026-01-11,delayed,SUP02,IBBL (Israel Beer Breweries Ltd)
O000903,2026-01-09,K004,Malka 30L,1,2026-01-10,2026-01-10,delivered,SUP02,IBBL (Israel Beer Breweries Ltd)
O000904,2026-01-09,K005,Weihenstephan 30L,1,2026-01-10,2026-01-10,delivered,SUP02,IBBL (Israel Beer Breweries Ltd)
O000905,2026-01-11,P044,Coca-Cola Zero,48,2026-01-12,2026-01-12,delivered,SUP03,CBC (Central Bottling Company)
O000906,2026-01-11,P045,Sprite,24,2026-01-12,2026-01-12,delivered,SUP03,CBC (Central Bottling Company)
O000907,2026-01-11,P046,Tonic Water,48,2026-01-12,2026-01-12,delivered,SUP03,CBC (Central Bottling Company)
O000908,2026-01-11,P047,Soda Water,24,2026-01-12,2026-01-12,delivered,SUP03,CBC (Central Bottling Company)
O000909,2026-01-11,P048,Red Bull,24,2026-01-12,2026-01-12,delivered,SUP03,CBC (Central Bottling Company)
O000910,2026-01-11,P049,Ginger Beer,24,2026-01-12,2026-01-12,delivered,SUP03,CBC (Central Bottling Company)
O000911,2026-01-11,P052,Lime Juice,6,2026-01-12,2026-01-12,delivered,SUP03,CBC (Central Bottling Company)
O000912,2026-01-12,P013,Gordon's,12,2026-01-13,2026-01-13,delivered,SUP01,Hakerem Distillers
O000913,2026-01-12,P014,Absolut,12,2026-01-13,2026-01-13,delivered,SUP01,Hakerem Distillers
O000914,2026-01-12,P025,Bacardi Carta Blanca,12,2026-01-13,2026-01-14,delayed,SUP01,Hakerem Distillers
O000915,2026-01-12,P033,Aperol,12,2026-01-13,2026-01-14,delayed,SUP01,Hakerem Distillers
O000916,2026-01-12,P039,House White Wine,12,2026-01-13,2026-01-13,delivered,SUP01,Hakerem Distillers
O000917,2026-01-12,P040,Rose Wine,12,2026-01-13,2026-01-13,delivered,SUP01,Hakerem Distillers
O000918,2026-01-12,P041,Prosecco,12,2026-01-13,2026-01-13,delivered,SUP01,Hakerem Distillers
O000919,2026-01-12,P042,Chardonnay,12,2026-01-13,2026-01-16,delayed,SUP01,Hakerem Distillers
O000920,2026-01-13,P001,Carlsberg,48,2026-01-14,2026-01-14,delivered,SUP02,IBBL (Israel Beer Breweries Ltd)
O000921,2026-01-13,P002,Heineken,24,2026-01-14,2026-01-14,delivered,SUP02,IBBL (Israel Beer Breweries Ltd)
O000922,2026-01-13,P003,Corona,24,2026-01-14,2026-01-14,delivered,SUP02,IBBL (Israel Beer Breweries Ltd)
O000923,2026-01-13,P004,Guinness,24,2026-01-14,2026-01-14,delivered,SUP02,IBBL (Israel Beer Breweries Ltd)
O000924,2026-01-13,P005,Goldstar,24,2026-01-14,2026-01-16,delayed,SUP02,IBBL (Israel Beer Breweries Ltd)
O000925,2026-01-13,P007,Stella Artois,24,2026-01-14,2026-01-14,delivered,SUP02,IBBL (Israel Beer Breweries Ltd)
O000926,2026-01-13,K001,Carlsberg 50L,1,2026-01-14,2026-01-14,delivered,SUP02,IBBL (Israel Beer Breweries Ltd)
O000927,2026-01-13,K002,Tuborg 50L,1,2026-01-14,2026-01-14,delivered,SUP02,IBBL (Israel Beer Breweries Ltd)
O000928,2026-01-13,K003,Carlsberg 30L,2,2026-01-14,2026-01-14,delivered,SUP02,IBBL (Israel Beer Breweries Ltd)
O000929,2026-01-13,K004,Malka 30L,2,2026-01-14,2026-01-14,delivered,SUP02,IBBL (Israel Beer Breweries Ltd)
O000930,2026-01-13,K005,Weihenstephan 30L,1,2026-01-14,2026-01-14,delivered,SUP02,IBBL (Israel Beer Breweries Ltd)
O000931,2026-01-14,P045,Sprite,24,2026-01-15,2026-01-15,delivered,SUP03,CBC (Central Bottling Company)
O000932,2026-01-14,P047,Soda Water,24,2026-01-15,2026-01-15,delivered,SUP03,CBC (Central Bottling Company)
O000933,2026-01-14,P053,Lemon Juice,6,2026-01-15,2026-01-15,delivered,SUP03,CBC (Central Bottling Company)
O000934,2026-01-15,P019,Jameson,12,2026-01-16,2026-01-19,delayed,SUP01,Hakerem Distillers
O000935,2026-01-15,P031,Patron Silver,12,2026-01-16,2026-01-16,delivered,SUP01,Hakerem Distillers
O000936,2026-01-15,P038,House Red Wine,12,2026-01-16,2026-01-16,delivered,SUP01,Hakerem Distillers
O000937,2026-01-15,P042,Chardonnay,12,2026-01-16,2026-01-16,delivered,SUP01,Hakerem Distillers
O000938,2026-01-16,P001,Carlsberg,24,2026-01-17,2026-01-17,delivered,SUP02,IBBL (Israel Beer Breweries Ltd)
O000939,2026-01-16,P002,Heineken,24,2026-01-17,2026-01-17,delivered,SUP02,IBBL (Israel Beer Breweries Ltd)
O000940,2026-01-16,P003,Corona,24,2026-01-17,2026-01-17,delivered,SUP02,IBBL (Israel Beer Breweries Ltd)
O000941,2026-01-16,P005,Goldstar,48,2026-01-17,2026-01-17,delivered,SUP02,IBBL (Israel Beer Breweries Ltd)
O000942,2026-01-16,P006,Maccabee,24,2026-01-17,2026-01-17,delivered,SUP02,IBBL (Israel Beer Breweries Ltd)
O000943,2026-01-16,P007,Stella Artois,24,2026-01-17,2026-01-17,delivered,SUP02,IBBL (Israel Beer Breweries Ltd)
O000944,2026-01-16,P008,Erdinger,24,2026-01-17,2026-01-17,delivered,SUP02,IBBL (Israel Beer Breweries Ltd)
O000945,2026-01-16,K001,Carlsberg 50L,2,2026-01-17,2026-01-17,delivered,SUP02,IBBL (Israel Beer Breweries Ltd)
O000946,2026-01-16,K002,Tuborg 50L,1,2026-01-17,2026-01-17,delivered,SUP02,IBBL (Israel Beer Breweries Ltd)
O000947,2026-01-16,K003,Carlsberg 30L,3,2026-01-17,2026-01-17,delivered,SUP02,IBBL (Israel Beer Breweries Ltd)
O000948,2026-01-16,K004,Malka 30L,2,2026-01-17,2026-01-18,delayed,SUP02,IBBL (Israel Beer Breweries Ltd)
O000949,2026-01-16,K005,Weihenstephan 30L,1,2026-01-17,2026-01-17,delivered,SUP02,IBBL (Israel Beer Breweries Ltd)
O000950,2026-01-18,P043,Coca-Cola,72,2026-01-19,2026-01-19,delivered,SUP03,CBC (Central Bottling Company)
O000951,2026-01-18,P044,Coca-Cola Zero,48,2026-01-19,2026-01-19,delivered,SUP03,CBC (Central Bottling Company)
O000952,2026-01-18,P045,Sprite,24,2026-01-19,2026-01-19,delivered,SUP03,CBC (Central Bottling Company)
O000953,2026-01-18,P046,Tonic Water,48,2026-01-19,2026-01-19,delivered,SUP03,CBC (Central Bottling Company)
O000954,2026-01-18,P047,Soda Water,48,2026-01-19,2026-01-19,delivered,SUP03,CBC (Central Bottling Company)
O000955,2026-01-18,P048,Red Bull,48,2026-01-19,2026-01-19,delivered,SUP03,CBC (Central Bottling Company)
O000956,2026-01-18,P049,Ginger Beer,24,2026-01-19,2026-01-19,delivered,SUP03,CBC (Central Bottling Company)
O000957,2026-01-19,P025,Bacardi Carta Blanca,12,2026-01-20,2026-01-20,delivered,SUP01,Hakerem Distillers
O000958,2026-01-19,P029,Jose Cuervo,12,2026-01-20,2026-01-20,delivered,SUP01,Hakerem Distillers
O000959,2026-01-19,P033,Aperol,12,2026-01-20,2026-01-20,delivered,SUP01,Hakerem Distillers
O000960,2026-01-19,P039,House White Wine,12,2026-01-20,2026-01-20,delivered,SUP01,Hakerem Distillers
O000961,2026-01-19,P041,Prosecco,12,2026-01-20,2026-01-20,delivered,SUP01,Hakerem Distillers
O000962,2026-01-20,P001,Carlsberg,24,2026-01-21,2026-01-21,delivered,SUP02,IBBL (Israel Beer Breweries Ltd)
O000963,2026-01-20,P002,Heineken,24,2026-01-21,2026-01-21,delivered,SUP02,IBBL (Israel Beer Breweries Ltd)
O000964,2026-01-20,P003,Corona,24,2026-01-21,2026-01-21,delivered,SUP02,IBBL (Israel Beer Breweries Ltd)
O000965,2026-01-20,P004,Guinness,24,2026-01-21,2026-01-21,delivered,SUP02,IBBL (Israel Beer Breweries Ltd)
O000966,2026-01-20,K001,Carlsberg 50L,1,2026-01-21,2026-01-21,delivered,SUP02,IBBL (Israel Beer Breweries Ltd)
O000967,2026-01-20,K002,Tuborg 50L,1,2026-01-21,2026-01-21,delivered,SUP02,IBBL (Israel Beer Breweries Ltd)
O000968,2026-01-20,K003,Carlsberg 30L,1,2026-01-21,2026-01-22,delayed,SUP02,IBBL (Israel Beer Breweries Ltd)
O000969,2026-01-20,K004,Malka 30L,2,2026-01-21,2026-01-21,delivered,SUP02,IBBL (Israel Beer Breweries Ltd)
O000970,2026-01-20,K005,Weihenstephan 30L,1,2026-01-21,2026-01-21,delivered,SUP02,IBBL (Israel Beer Breweries Ltd)
O000971,2026-01-21,P043,Coca-Cola,24,2026-01-22,2026-01-22,delivered,SUP03,CBC (Central Bottling Company)
O000972,2026-01-21,P045,Sprite,24,2026-01-22,2026-01-22,delivered,SUP03,CBC (Central Bottling Company)
O000973,2026-01-21,P046,Tonic Water,24,2026-01-22,2026-01-22,delivered,SUP03,CBC (Central Bottling Company)
O000974,2026-01-21,P052,Lime Juice,6,2026-01-22,2026-01-22,delivered,SUP03,CBC (Central Bottling Company)
O000975,2026-01-22,P013,Gordon's,12,2026-01-23,2026-01-23,delivered,SUP01,Hakerem Distillers
O000976,2026-01-22,P014,Absolut,12,2026-01-23,2026-01-23,delivered,SUP01,Hakerem Distillers
O000977,2026-01-22,P038,House Red Wine,12,2026-01-23,2026-01-23,delivered,SUP01,Hakerem Distillers
O000978,2026-01-22,P041,Prosecco,12,2026-01-23,2026-01-23,delivered,SUP01,Hakerem Distillers
O000979,2026-01-23,P001,Carlsberg,48,2026-01-24,2026-01-25,delayed,SUP02,IBBL (Israel Beer Breweries Ltd)
O000980,2026-01-23,P002,Heineken,24,2026-01-24,2026-01-24,delivered,SUP02,IBBL (Israel Beer Breweries Ltd)
O000981,2026-01-23,P003,Corona,24,2026-01-24,2026-01-24,delivered,SUP02,IBBL (Israel Beer Breweries Ltd)
O000982,2026-01-23,P005,Goldstar,24,2026-01-24,2026-01-24,delivered,SUP02,IBBL (Israel Beer Breweries Ltd)
O000983,2026-01-23,P006,Maccabee,24,2026-01-24,2026-01-24,delivered,SUP02,IBBL (Israel Beer Breweries Ltd)
O000984,2026-01-23,P007,Stella Artois,24,2026-01-24,2026-01-24,delivered,SUP02,IBBL (Israel Beer Breweries Ltd)
O000985,2026-01-23,K001,Carlsberg 50L,1,2026-01-24,2026-01-24,delivered,SUP02,IBBL (Israel Beer Breweries Ltd)
O000986,2026-01-23,K003,Carlsberg 30L,2,2026-01-24,2026-01-24,delivered,SUP02,IBBL (Israel Beer Breweries Ltd)
O000987,2026-01-23,K004,Malka 30L,1,2026-01-24,2026-01-24,delivered,SUP02,IBBL (Israel Beer Breweries Ltd)
O000988,2026-01-23,K005,Weihenstephan 30L,1,2026-01-24,2026-01-24,delivered,SUP02,IBBL (Israel Beer Breweries Ltd)
O000989,2026-01-25,P043,Coca-Cola,48,2026-01-26,2026-01-26,delivered,SUP03,CBC (Central Bottling Company)
O000990,2026-01-25,P044,Coca-Cola Zero,48,2026-01-26,2026-01-26,delivered,SUP03,CBC (Central Bottling Company)
O000991,2026-01-25,P045,Sprite,24,2026-01-26,2026-01-26,delivered,SUP03,CBC (Central Bottling Company)
O000992,2026-01-25,P046,Tonic Water,24,2026-01-26,2026-01-26,delivered,SUP03,CBC (Central Bottling Company)
O000993,2026-01-25,P047,Soda Water,24,2026-01-26,2026-01-26,delivered,SUP03,CBC (Central Bottling Company)
O000994,2026-01-25,P048,Red Bull,24,2026-01-26,2026-01-26,delivered,SUP03,CBC (Central Bottling Company)
O000995,2026-01-26,P011,Hendrick's,12,2026-01-27,2026-01-27,delivered,SUP01,Hakerem Distillers
O000996,2026-01-26,P025,Bacardi Carta Blanca,12,2026-01-27,2026-01-27,delivered,SUP01,Hakerem Distillers
O000997,2026-01-26,P031,Patron Silver,12,2026-01-27,2026-01-29,delayed,SUP01,Hakerem Distillers
O000998,2026-01-26,P033,Aperol,12,2026-01-27,2026-01-27,delivered,SUP01,Hakerem Distillers
O000999,2026-01-26,P034,Campari,12,2026-01-27,2026-01-27,delivered,SUP01,Hakerem Distillers
O001000,2026-01-26,P037,Martini Rosso,12,2026-01-27,2026-01-27,delivered,SUP01,Hakerem Distillers
O001001,2026-01-26,P039,House White Wine,12,2026-01-27,2026-01-27,delivered,SUP01,Hakerem Distillers
O001002,2026-01-26,P041,Prosecco,12,2026-01-27,2026-01-27,delivered,SUP01,Hakerem Distillers
O001003,2026-01-27,P001,Carlsberg,24,2026-01-28,2026-01-28,delivered,SUP02,IBBL (Israel Beer Breweries Ltd)
O001004,2026-01-27,P002,Heineken,24,2026-01-28,2026-01-28,delivered,SUP02,IBBL (Israel Beer Breweries Ltd)
O001005,2026-01-27,P003,Corona,24,2026-01-28,2026-01-28,delivered,SUP02,IBBL (Israel Beer Breweries Ltd)
O001006,2026-01-27,P004,Guinness,24,2026-01-28,2026-01-28,delivered,SUP02,IBBL (Israel Beer Breweries Ltd)
O001007,2026-01-27,P005,Goldstar,24,2026-01-28,2026-01-28,delivered,SUP02,IBBL (Israel Beer Breweries Ltd)
O001008,2026-01-27,P007,Stella Artois,24,2026-01-28,2026-01-28,delivered,SUP02,IBBL (Israel Beer Breweries Ltd)
O001009,2026-01-27,P008,Erdinger,24,2026-01-28,2026-01-28,delivered,SUP02,IBBL (Israel Beer Breweries Ltd)
O001010,2026-01-27,K001,Carlsberg 50L,1,2026-01-28,2026-01-28,delivered,SUP02,IBBL (Israel Beer Breweries Ltd)
O001011,2026-01-27,K002,Tuborg 50L,2,2026-01-28,2026-01-28,delivered,SUP02,IBBL (Israel Beer Breweries Ltd)
O001012,2026-01-27,K003,Carlsberg 30L,1,2026-01-28,2026-01-28,delivered,SUP02,IBBL (Israel Beer Breweries Ltd)
O001013,2026-01-27,K004,Malka 30L,2,2026-01-28,2026-01-28,delivered,SUP02,IBBL (Israel Beer Breweries Ltd)
O001014,2026-01-27,K005,Weihenstephan 30L,1,2026-01-28,2026-01-28,delivered,SUP02,IBBL (Israel Beer Breweries Ltd)
O001015,2026-01-28,P043,Coca-Cola,24,2026-01-29,2026-01-29,delivered,SUP03,CBC (Central Bottling Company)
O001016,2026-01-28,P047,Soda Water,24,2026-01-29,2026-01-29,delivered,SUP03,CBC (Central Bottling Company)
O001017,2026-01-28,P048,Red Bull,24,2026-01-29,2026-01-29,delivered,SUP03,CBC (Central Bottling Company)
O001018,2026-01-28,P054,Sugar Syrup,6,2026-01-29,2026-01-29,delivered,SUP03,CBC (Central Bottling Company)
O001019,2026-01-29,P038,House Red Wine,12,2026-01-30,2026-01-30,delivered,SUP01,Hakerem Distillers
O001020,2026-01-29,P040,Rose Wine,12,2026-01-30,2026-01-30,delivered,SUP01,Hakerem Distillers
O001021,2026-01-30,P001,Carlsberg,24,2026-01-31,2026-02-01,delayed,SUP02,IBBL (Israel Beer Breweries Ltd)
O001022,2026-01-30,P002,Heineken,24,2026-01-31,2026-01-31,delivered,SUP02,IBBL (Israel Beer Breweries Ltd)
O001023,2026-01-30,P003,Corona,24,2026-01-31,2026-01-31,delivered,SUP02,IBBL (Israel Beer Breweries Ltd)
O001024,2026-01-30,P005,Goldstar,24,2026-01-31,2026-01-31,delivered,SUP02,IBBL (Israel Beer Breweries Ltd)
O001025,2026-01-30,P006,Maccabee,24,2026-01-31,2026-01-31,delivered,SUP02,IBBL (Israel Beer Breweries Ltd)
O001026,2026-01-30,K001,Carlsberg 50L,1,2026-01-31,2026-01-31,delivered,SUP02,IBBL (Israel Beer Breweries Ltd)
O001027,2026-01-30,K002,Tuborg 50L,1,2026-01-31,2026-01-31,delivered,SUP02,IBBL (Israel Beer Breweries Ltd)
O001028,2026-01-30,K003,Carlsberg 30L,2,2026-01-31,2026-01-31,delivered,SUP02,IBBL (Israel Beer Breweries Ltd)
O001029,2026-01-30,K004,Malka 30L,1,2026-01-31,2026-01-31,delivered,SUP02,IBBL (Israel Beer Breweries Ltd)
O001030,2026-01-30,K005,Weihenstephan 30L,1,2026-01-31,2026-01-31,delivered,SUP02,IBBL (Israel Beer Breweries Ltd)
O001031,2026-02-01,P043,Coca-Cola,72,2026-02-02,2026-02-02,delivered,SUP03,CBC (Central Bottling Company)
O001032,2026-02-01,P044,Coca-Cola Zero,48,2026-02-02,2026-02-02,delivered,SUP03,CBC (Central Bottling Company)
O001033,2026-02-01,P045,Sprite,48,2026-02-02,2026-02-02,delivered,SUP03,CBC (Central Bottling Company)
O001034,2026-02-01,P046,Tonic Water,48,2026-02-02,2026-02-02,delivered,SUP03,CBC (Central Bottling Company)
O001035,2026-02-01,P047,Soda Water,24,2026-02-02,2026-02-02,delivered,SUP03,CBC (Central Bottling Company)
O001036,2026-02-01,P048,Red Bull,24,2026-02-02,2026-02-02,delivered,SUP03,CBC (Central Bottling Company)
O001037,2026-02-01,P049,Ginger Beer,24,2026-02-02,2026-02-02,delivered,SUP03,CBC (Central Bottling Company)
O001038,2026-02-01,P052,Lime Juice,6,2026-02-02,2026-02-02,delivered,SUP03,CBC (Central Bottling Company)
O001039,2026-02-02,P009,Bombay Sapphire,12,2026-02-03,2026-02-03,delivered,SUP01,Hakerem Distillers
O001040,2026-02-02,P013,Gordon's,12,2026-02-03,2026-02-05,delayed,SUP01,Hakerem Distillers
O001041,2026-02-02,P014,Absolut,12,2026-02-03,2026-02-03,delivered,SUP01,Hakerem Distillers
O001042,2026-02-02,P015,Finlandia,12,2026-02-03,2026-02-03,delivered,SUP01,Hakerem Distillers
O001043,2026-02-02,P016,Grey Goose,12,2026-02-03,2026-02-03,delivered,SUP01,Hakerem Distillers
O001044,2026-02-02,P020,Jack Daniel's,12,2026-02-03,2026-02-03,delivered,SUP01,Hakerem Distillers
O001045,2026-02-02,P021,Johnnie Walker Black,12,2026-02-03,2026-02-03,delivered,SUP01,Hakerem Distillers
O001046,2026-02-02,P022,Chivas Regal,12,2026-02-03,2026-02-03,delivered,SUP01,Hakerem Distillers
O001047,2026-02-02,P025,Bacardi Carta Blanca,12,2026-02-03,2026-02-03,delivered,SUP01,Hakerem Distillers
O001048,2026-02-02,P027,Captain Morgan,12,2026-02-03,2026-02-03,delivered,SUP01,Hakerem Distillers
O001049,2026-02-02,P030,Olmeca Blanco,12,2026-02-03,2026-02-03,delivered,SUP01,Hakerem Distillers
O001050,2026-02-02,P033,Aperol,12,2026-02-03,2026-02-03,delivered,SUP01,Hakerem Distillers
O001051,2026-02-02,P035,Cointreau,12,2026-02-03,2026-02-03,delivered,SUP01,Hakerem Distillers
O001052,2026-02-02,P039,House White Wine,12,2026-02-03,2026-02-03,delivered,SUP01,Hakerem Distillers
O001053,2026-02-02,P041,Prosecco,24,2026-02-03,2026-02-03,delivered,SUP01,Hakerem Distillers
O001054,2026-02-03,P001,Carlsberg,48,2026-02-04,2026-02-04,delivered,SUP02,IBBL (Israel Beer Breweries Ltd)
O001055,2026-02-03,P002,Heineken,24,2026-02-04,2026-02-04,delivered,SUP02,IBBL (Israel Beer Breweries Ltd)
O001056,2026-02-03,P003,Corona,24,2026-02-04,2026-02-04,delivered,SUP02,IBBL (Israel Beer Breweries Ltd)
O001057,2026-02-03,P004,Guinness,24,2026-02-04,2026-02-04,delivered,SUP02,IBBL (Israel Beer Breweries Ltd)
O001058,2026-02-03,P005,Goldstar,24,2026-02-04,2026-02-04,delivered,SUP02,IBBL (Israel Beer Breweries Ltd)
O001059,2026-02-03,P007,Stella Artois,48,2026-02-04,2026-02-04,delivered,SUP02,IBBL (Israel Beer Breweries Ltd)
O001060,2026-02-03,K001,Carlsberg 50L,2,2026-02-04,2026-02-04,delivered,SUP02,IBBL (Israel Beer Breweries Ltd)
O001061,2026-02-03,K002,Tuborg 50L,1,2026-02-04,2026-02-04,delivered,SUP02,IBBL (Israel Beer Breweries Ltd)
O001062,2026-02-03,K003,Carlsberg 30L,3,2026-02-04,2026-02-04,delivered,SUP02,IBBL (Israel Beer Breweries Ltd)
O001063,2026-02-03,K004,Malka 30L,2,2026-02-04,2026-02-04,delivered,SUP02,IBBL (Israel Beer Breweries Ltd)
O001064,2026-02-03,K005,Weihenstephan 30L,2,2026-02-04,2026-02-04,delivered,SUP02,IBBL (Israel Beer Breweries Ltd)
O001065,2026-02-04,P043,Coca-Cola,24,2026-02-05,2026-02-05,delivered,SUP03,CBC (Central Bottling Company)
O001066,2026-02-04,P044,Coca-Cola Zero,24,2026-02-05,2026-02-05,delivered,SUP03,CBC (Central Bottling Company)
O001067,2026-02-04,P046,Tonic Water,24,2026-02-05,2026-02-05,delivered,SUP03,CBC (Central Bottling Company)
O001068,2026-02-04,P047,Soda Water,24,2026-02-05,2026-02-05,delivered,SUP03,CBC (Central Bottling Company)
O001069,2026-02-05,P010,Tanqueray,12,2026-02-06,2026-02-06,delivered,SUP01,Hakerem Distillers
O001070,2026-02-05,P023,Maker's Mark,12,2026-02-06,2026-02-06,delivered,SUP01,Hakerem Distillers
O001071,2026-02-05,P024,Glenfiddich 12,12,2026-02-06,2026-02-06,delivered,SUP01,Hakerem Distillers
O001072,2026-02-05,P026,Havana Club 3,12,2026-02-06,2026-02-06,delivered,SUP01,Hakerem Distillers
O001073,2026-02-05,P036,Kahlua,12,2026-02-06,2026-02-06,delivered,SUP01,Hakerem Distillers
O001074,2026-02-05,P038,House Red Wine,12,2026-02-06,2026-02-06,delivered,SUP01,Hakerem Distillers
O001075,2026-02-05,P039,House White Wine,12,2026-02-06,2026-02-06,delivered,SUP01,Hakerem Distillers
O001076,2026-02-06,P001,Carlsberg,24,2026-02-07,2026-02-07,delivered,SUP02,IBBL (Israel Beer Breweries Ltd)
O001077,2026-02-06,P002,Heineken,24,2026-02-07,2026-02-07,delivered,SUP02,IBBL (Israel Beer Breweries Ltd)
O001078,2026-02-06,P003,Corona,24,2026-02-07,2026-02-07,delivered,SUP02,IBBL (Israel Beer Breweries Ltd)
O001079,2026-02-06,P005,Goldstar,24,2026-02-07,2026-02-07,delivered,SUP02,IBBL (Israel Beer Breweries Ltd)
O001080,2026-02-06,P006,Maccabee,24,2026-02-07,2026-02-07,delivered,SUP02,IBBL (Israel Beer Breweries Ltd)
O001081,2026-02-06,K001,Carlsberg 50L,1,2026-02-07,2026-02-07,delivered,SUP02,IBBL (Israel Beer Breweries Ltd)
O001082,2026-02-06,K002,Tuborg 50L,1,2026-02-07,2026-02-07,delivered,SUP02,IBBL (Israel Beer Breweries Ltd)
O001083,2026-02-06,K003,Carlsberg 30L,1,2026-02-07,2026-02-07,delivered,SUP02,IBBL (Israel Beer Breweries Ltd)
O001084,2026-02-06,K004,Malka 30L,2,2026-02-07,2026-02-07,delivered,SUP02,IBBL (Israel Beer Breweries Ltd)
O001085,2026-02-08,P043,Coca-Cola,48,2026-02-09,2026-02-09,delivered,SUP03,CBC (Central Bottling Company)
O001086,2026-02-08,P044,Coca-Cola Zero,24,2026-02-09,2026-02-09,delivered,SUP03,CBC (Central Bottling Company)
O001087,2026-02-08,P045,Sprite,24,2026-02-09,2026-02-09,delivered,SUP03,CBC (Central Bottling Company)
O001088,2026-02-08,P046,Tonic Water,24,2026-02-09,2026-02-09,delivered,SUP03,CBC (Central Bottling Company)
O001089,2026-02-08,P047,Soda Water,24,2026-02-09,2026-02-12,delayed,SUP03,CBC (Central Bottling Company)
O001090,2026-02-08,P048,Red Bull,24,2026-02-09,2026-02-09,delivered,SUP03,CBC (Central Bottling Company)
O001091,2026-02-08,P049,Ginger Beer,24,2026-02-09,2026-02-09,delivered,SUP03,CBC (Central Bottling Company)
O001092,2026-02-08,P052,Lime Juice,6,2026-02-09,2026-02-09,delivered,SUP03,CBC (Central Bottling Company)
O001093,2026-02-08,P055,Fresh Mint,6,2026-02-09,2026-02-11,delayed,SUP03,CBC (Central Bottling Company)
O001094,2026-02-09,P013,Gordon's,12,2026-02-10,2026-02-10,delivered,SUP01,Hakerem Distillers
O001095,2026-02-09,P017,Belvedere,12,2026-02-10,2026-02-10,delivered,SUP01,Hakerem Distillers
O001096,2026-02-09,P018,Stolichnaya,12,2026-02-10,2026-02-10,delivered,SUP01,Hakerem Distillers
O001097,2026-02-09,P019,Jameson,12,2026-02-10,2026-02-10,delivered,SUP01,Hakerem Distillers
O001098,2026-02-09,P025,Bacardi Carta Blanca,12,2026-02-10,2026-02-10,delivered,SUP01,Hakerem Distillers
O001099,2026-02-09,P031,Patron Silver,12,2026-02-10,2026-02-10,delivered,SUP01,Hakerem Distillers
O001100,2026-02-09,P032,Don Julio Blanco,12,2026-02-10,2026-02-10,delivered,SUP01,Hakerem Distillers
O001101,2026-02-09,P033,Aperol,12,2026-02-10,2026-02-13,delayed,SUP01,Hakerem Distillers
O001102,2026-02-09,P041,Prosecco,12,2026-02-10,2026-02-10,delivered,SUP01,Hakerem Distillers
O001103,2026-02-10,P001,Carlsberg,48,2026-02-11,2026-02-11,delivered,SUP02,IBBL (Israel Beer Breweries Ltd)
O001104,2026-02-10,P002,Heineken,24,2026-02-11,2026-02-11,delivered,SUP02,IBBL (Israel Beer Breweries Ltd)
O001105,2026-02-10,P003,Corona,24,2026-02-11,2026-02-11,delivered,SUP02,IBBL (Israel Beer Breweries Ltd)
O001106,2026-02-10,P004,Guinness,24,2026-02-11,2026-02-11,delivered,SUP02,IBBL (Israel Beer Breweries Ltd)
O001107,2026-02-10,P005,Goldstar,24,2026-02-11,2026-02-11,delivered,SUP02,IBBL (Israel Beer Breweries Ltd)
O001108,2026-02-10,P007,Stella Artois,24,2026-02-11,2026-02-11,delivered,SUP02,IBBL (Israel Beer Breweries Ltd)
O001109,2026-02-10,P008,Erdinger,24,2026-02-11,2026-02-14,delayed,SUP02,IBBL (Israel Beer Breweries Ltd)
O001110,2026-02-10,K001,Carlsberg 50L,1,2026-02-11,2026-02-11,delivered,SUP02,IBBL (Israel Beer Breweries Ltd)
O001111,2026-02-10,K002,Tuborg 50L,1,2026-02-11,2026-02-11,delivered,SUP02,IBBL (Israel Beer Breweries Ltd)
O001112,2026-02-10,K003,Carlsberg 30L,3,2026-02-11,2026-02-11,delivered,SUP02,IBBL (Israel Beer Breweries Ltd)
O001113,2026-02-10,K004,Malka 30L,1,2026-02-11,2026-02-11,delivered,SUP02,IBBL (Israel Beer Breweries Ltd)
O001114,2026-02-10,K005,Weihenstephan 30L,2,2026-02-11,2026-02-11,delivered,SUP02,IBBL (Israel Beer Breweries Ltd)
O001115,2026-02-11,P043,Coca-Cola,48,2026-02-12,2026-02-12,delivered,SUP03,CBC (Central Bottling Company)
O001116,2026-02-11,P044,Coca-Cola Zero,24,2026-02-12,2026-02-12,delivered,SUP03,CBC (Central Bottling Company)
O001117,2026-02-11,P045,Sprite,24,2026-02-12,2026-02-12,delivered,SUP03,CBC (Central Bottling Company)
O001118,2026-02-11,P046,Tonic Water,24,2026-02-12,2026-02-14,delayed,SUP03,CBC (Central Bottling Company)
O001119,2026-02-11,P047,Soda Water,48,2026-02-12,2026-02-12,delivered,SUP03,CBC (Central Bottling Company)
O001120,2026-02-11,P048,Red Bull,24,2026-02-12,2026-02-12,delivered,SUP03,CBC (Central Bottling Company)
O001121,2026-02-12,P028,Diplomatico Reserva,12,2026-02-13,2026-02-13,delivered,SUP01,Hakerem Distillers
O001122,2026-02-12,P033,Aperol,12,2026-02-13,2026-02-13,delivered,SUP01,Hakerem Distillers
O001123,2026-02-12,P038,House Red Wine,12,2026-02-13,2026-02-13,delivered,SUP01,Hakerem Distillers
O001124,2026-02-12,P039,House White Wine,12,2026-02-13,2026-02-13,delivered,SUP01,Hakerem Distillers
O001125,2026-02-12,P041,Prosecco,12,2026-02-13,2026-02-13,delivered,SUP01,Hakerem Distillers
O001126,2026-02-13,P001,Carlsberg,24,2026-02-14,2026-02-17,delayed,SUP02,IBBL (Israel Beer Breweries Ltd)
O001127,2026-02-13,P002,Heineken,24,2026-02-14,2026-02-14,delivered,SUP02,IBBL (Israel Beer Breweries Ltd)
O001128,2026-02-13,P005,Goldstar,24,2026-02-14,2026-02-14,delivered,SUP02,IBBL (Israel Beer Breweries Ltd)
O001129,2026-02-13,P006,Maccabee,24,2026-02-14,2026-02-14,delivered,SUP02,IBBL (Israel Beer Breweries Ltd)
O001130,2026-02-13,P008,Erdinger,24,2026-02-14,2026-02-14,delivered,SUP02,IBBL (Israel Beer Breweries Ltd)
O001131,2026-02-13,K001,Carlsberg 50L,2,2026-02-14,2026-02-14,delivered,SUP02,IBBL (Israel Beer Breweries Ltd)
O001132,2026-02-13,K002,Tuborg 50L,1,2026-02-14,2026-02-14,delivered,SUP02,IBBL (Israel Beer Breweries Ltd)
O001133,2026-02-13,K003,Carlsberg 30L,2,2026-02-14,2026-02-14,delivered,SUP02,IBBL (Israel Beer Breweries Ltd)
O001134,2026-02-13,K004,Malka 30L,2,2026-02-14,2026-02-14,delivered,SUP02,IBBL (Israel Beer Breweries Ltd)
O001135,2026-02-13,K005,Weihenstephan 30L,1,2026-02-14,2026-02-14,delivered,SUP02,IBBL (Israel Beer Breweries Ltd)
O001136,2026-02-15,P043,Coca-Cola,48,2026-02-16,2026-02-16,delivered,SUP03,CBC (Central Bottling Company)
O001137,2026-02-15,P044,Coca-Cola Zero,24,2026-02-16,2026-02-16,delivered,SUP03,CBC (Central Bottling Company)
O001138,2026-02-15,P045,Sprite,24,2026-02-16,2026-02-16,delivered,SUP03,CBC (Central Bottling Company)
O001139,2026-02-15,P046,Tonic Water,24,2026-02-16,2026-02-16,delivered,SUP03,CBC (Central Bottling Company)
O001140,2026-02-15,P048,Red Bull,24,2026-02-16,2026-02-16,delivered,SUP03,CBC (Central Bottling Company)
O001141,2026-02-15,P052,Lime Juice,6,2026-02-16,2026-02-16,delivered,SUP03,CBC (Central Bottling Company)
O001142,2026-02-15,P054,Sugar Syrup,6,2026-02-16,2026-02-16,delivered,SUP03,CBC (Central Bottling Company)
O001143,2026-02-16,P011,Hendrick's,12,2026-02-17,2026-02-17,delivered,SUP01,Hakerem Distillers
O001144,2026-02-16,P014,Absolut,12,2026-02-17,2026-02-17,delivered,SUP01,Hakerem Distillers
O001145,2026-02-16,P025,Bacardi Carta Blanca,12,2026-02-17,2026-02-17,delivered,SUP01,Hakerem Distillers
O001146,2026-02-16,P034,Campari,12,2026-02-17,2026-02-17,delivered,SUP01,Hakerem Distillers
O001147,2026-02-16,P038,House Red Wine,12,2026-02-17,2026-02-17,delivered,SUP01,Hakerem Distillers
O001148,2026-02-16,P039,House White Wine,12,2026-02-17,2026-02-17,delivered,SUP01,Hakerem Distillers
O001149,2026-02-16,P040,Rose Wine,12,2026-02-17,2026-02-17,delivered,SUP01,Hakerem Distillers
O001150,2026-02-16,P041,Prosecco,12,2026-02-17,2026-02-17,delivered,SUP01,Hakerem Distillers
O001151,2026-02-17,P001,Carlsberg,24,2026-02-18,2026-02-19,delayed,SUP02,IBBL (Israel Beer Breweries Ltd)
O001152,2026-02-17,P002,Heineken,24,2026-02-18,2026-02-18,delivered,SUP02,IBBL (Israel Beer Breweries Ltd)
O001153,2026-02-17,P003,Corona,24,2026-02-18,2026-02-18,delivered,SUP02,IBBL (Israel Beer Breweries Ltd)
O001154,2026-02-17,P004,Guinness,24,2026-02-18,2026-02-19,delayed,SUP02,IBBL (Israel Beer Breweries Ltd)
O001155,2026-02-17,P005,Goldstar,48,2026-02-18,2026-02-18,delivered,SUP02,IBBL (Israel Beer Breweries Ltd)
O001156,2026-02-17,P006,Maccabee,24,2026-02-18,2026-02-18,delivered,SUP02,IBBL (Israel Beer Breweries Ltd)
O001157,2026-02-17,P007,Stella Artois,24,2026-02-18,2026-02-18,delivered,SUP02,IBBL (Israel Beer Breweries Ltd)
O001158,2026-02-17,K001,Carlsberg 50L,1,2026-02-18,2026-02-19,delayed,SUP02,IBBL (Israel Beer Breweries Ltd)
O001159,2026-02-17,K002,Tuborg 50L,2,2026-02-18,2026-02-18,delivered,SUP02,IBBL (Israel Beer Breweries Ltd)
O001160,2026-02-17,K003,Carlsberg 30L,2,2026-02-18,2026-02-18,delivered,SUP02,IBBL (Israel Beer Breweries Ltd)
O001161,2026-02-17,K004,Malka 30L,2,2026-02-18,2026-02-18,delivered,SUP02,IBBL (Israel Beer Breweries Ltd)
O001162,2026-02-17,K005,Weihenstephan 30L,1,2026-02-18,2026-02-18,delivered,SUP02,IBBL (Israel Beer Breweries Ltd)
O001163,2026-02-18,P043,Coca-Cola,48,2026-02-19,2026-02-19,delivered,SUP03,CBC (Central Bottling Company)
O001164,2026-02-18,P044,Coca-Cola Zero,24,2026-02-19,2026-02-19,delivered,SUP03,CBC (Central Bottling Company)
O001165,2026-02-18,P045,Sprite,24,2026-02-19,2026-02-19,delivered,SUP03,CBC (Central Bottling Company)
O001166,2026-02-18,P046,Tonic Water,24,2026-02-19,2026-02-19,delivered,SUP03,CBC (Central Bottling Company)
O001167,2026-02-18,P047,Soda Water,24,2026-02-19,2026-02-19,delivered,SUP03,CBC (Central Bottling Company)
O001168,2026-02-18,P049,Ginger Beer,24,2026-02-19,2026-02-19,delivered,SUP03,CBC (Central Bottling Company)
O001169,2026-02-19,P013,Gordon's,12,2026-02-20,2026-02-20,delivered,SUP01,Hakerem Distillers
O001170,2026-02-19,P029,Jose Cuervo,12,2026-02-20,2026-02-20,delivered,SUP01,Hakerem Distillers
O001171,2026-02-19,P031,Patron Silver,12,2026-02-20,2026-02-20,delivered,SUP01,Hakerem Distillers
O001172,2026-02-19,P041,Prosecco,12,2026-02-20,2026-02-20,delivered,SUP01,Hakerem Distillers
O001173,2026-02-20,P001,Carlsberg,48,2026-02-21,2026-02-21,delivered,SUP02,IBBL (Israel Beer Breweries Ltd)
O001174,2026-02-20,P002,Heineken,24,2026-02-21,2026-02-22,delayed,SUP02,IBBL (Israel Beer Breweries Ltd)
O001175,2026-02-20,P003,Corona,24,2026-02-21,2026-02-21,delivered,SUP02,IBBL (Israel Beer Breweries Ltd)
O001176,2026-02-20,P005,Goldstar,24,2026-02-21,2026-02-21,delivered,SUP02,IBBL (Israel Beer Breweries Ltd)
O001177,2026-02-20,P007,Stella Artois,24,2026-02-21,2026-02-21,delivered,SUP02,IBBL (Israel Beer Breweries Ltd)
O001178,2026-02-20,K001,Carlsberg 50L,1,2026-02-21,2026-02-21,delivered,SUP02,IBBL (Israel Beer Breweries Ltd)
O001179,2026-02-20,K002,Tuborg 50L,1,2026-02-21,2026-02-21,delivered,SUP02,IBBL (Israel Beer Breweries Ltd)
O001180,2026-02-20,K003,Carlsberg 30L,2,2026-02-21,2026-02-21,delivered,SUP02,IBBL (Israel Beer Breweries Ltd)
O001181,2026-02-20,K004,Malka 30L,2,2026-02-21,2026-02-21,delivered,SUP02,IBBL (Israel Beer Breweries Ltd)
O001182,2026-02-20,K005,Weihenstephan 30L,1,2026-02-21,2026-02-21,delivered,SUP02,IBBL (Israel Beer Breweries Ltd)
O001183,2026-02-22,P043,Coca-Cola,48,2026-02-23,2026-02-23,delivered,SUP03,CBC (Central Bottling Company)
O001184,2026-02-22,P044,Coca-Cola Zero,48,2026-02-23,2026-02-23,delivered,SUP03,CBC (Central Bottling Company)
O001185,2026-02-22,P045,Sprite,24,2026-02-23,2026-02-23,delivered,SUP03,CBC (Central Bottling Company)
O001186,2026-02-22,P046,Tonic Water,48,2026-02-23,2026-02-23,delivered,SUP03,CBC (Central Bottling Company)
O001187,2026-02-22,P047,Soda Water,24,2026-02-23,2026-02-23,delivered,SUP03,CBC (Central Bottling Company)
O001188,2026-02-22,P048,Red Bull,48,2026-02-23,2026-02-23,delivered,SUP03,CBC (Central Bottling Company)
O001189,2026-02-22,P052,Lime Juice,6,2026-02-23,2026-02-23,delivered,SUP03,CBC (Central Bottling Company)
O001190,2026-02-23,P025,Bacardi Carta Blanca,12,2026-02-24,2026-02-24,delivered,SUP01,Hakerem Distillers
O001191,2026-02-23,P033,Aperol,12,2026-02-24,2026-02-24,delivered,SUP01,Hakerem Distillers
O001192,2026-02-23,P035,Cointreau,12,2026-02-24,2026-02-24,delivered,SUP01,Hakerem Distillers
O001193,2026-02-23,P038,House Red Wine,12,2026-02-24,2026-02-24,delivered,SUP01,Hakerem Distillers
O001194,2026-02-23,P039,House White Wine,12,2026-02-24,2026-02-24,delivered,SUP01,Hakerem Distillers
O001195,2026-02-23,P041,Prosecco,12,2026-02-24,2026-02-24,delivered,SUP01,Hakerem Distillers
O001196,2026-02-24,P001,Carlsberg,24,2026-02-25,2026-02-25,delivered,SUP02,IBBL (Israel Beer Breweries Ltd)
O001197,2026-02-24,P002,Heineken,24,2026-02-25,2026-02-25,delivered,SUP02,IBBL (Israel Beer Breweries Ltd)
O001198,2026-02-24,P003,Corona,24,2026-02-25,2026-02-25,delivered,SUP02,IBBL (Israel Beer Breweries Ltd)
O001199,2026-02-24,P006,Maccabee,24,2026-02-25,2026-02-25,delivered,SUP02,IBBL (Israel Beer Breweries Ltd)
O001200,2026-02-24,P007,Stella Artois,24,2026-02-25,2026-02-25,delivered,SUP02,IBBL (Israel Beer Breweries Ltd)
O001201,2026-02-24,K001,Carlsberg 50L,2,2026-02-25,2026-02-25,delivered,SUP02,IBBL (Israel Beer Breweries Ltd)
O001202,2026-02-24,K002,Tuborg 50L,1,2026-02-25,2026-02-25,delivered,SUP02,IBBL (Israel Beer Breweries Ltd)
O001203,2026-02-24,K003,Carlsberg 30L,2,2026-02-25,2026-02-25,delivered,SUP02,IBBL (Israel Beer Breweries Ltd)
O001204,2026-02-24,K004,Malka 30L,1,2026-02-25,2026-02-25,delivered,SUP02,IBBL (Israel Beer Breweries Ltd)
O001205,2026-02-24,K005,Weihenstephan 30L,2,2026-02-25,2026-02-28,delayed,SUP02,IBBL (Israel Beer Breweries Ltd)
O001206,2026-02-25,P043,Coca-Cola,24,2026-02-26,2026-02-26,delivered,SUP03,CBC (Central Bottling Company)
O001207,2026-02-25,P045,Sprite,24,2026-02-26,2026-03-01,delayed,SUP03,CBC (Central Bottling Company)
O001208,2026-02-25,P047,Soda Water,24,2026-02-26,2026-02-26,delivered,SUP03,CBC (Central Bottling Company)
O001209,2026-02-26,P014,Absolut,12,2026-02-27,2026-02-27,delivered,SUP01,Hakerem Distillers
O001210,2026-02-26,P037,Martini Rosso,12,2026-02-27,2026-02-27,delivered,SUP01,Hakerem Distillers
O001211,2026-02-27,P001,Carlsberg,24,2026-02-28,2026-02-28,delivered,SUP02,IBBL (Israel Beer Breweries Ltd)
O001212,2026-02-27,P002,Heineken,24,2026-02-28,2026-02-28,delivered,SUP02,IBBL (Israel Beer Breweries Ltd)
O001213,2026-02-27,P004,Guinness,24,2026-02-28,2026-02-28,delivered,SUP02,IBBL (Israel Beer Breweries Ltd)
O001214,2026-02-27,P005,Goldstar,24,2026-02-28,2026-02-28,delivered,SUP02,IBBL (Israel Beer Breweries Ltd)
O001215,2026-02-27,K001,Carlsberg 50L,1,2026-02-28,2026-02-28,delivered,SUP02,IBBL (Israel Beer Breweries Ltd)
O001216,2026-02-27,K002,Tuborg 50L,1,2026-02-28,2026-02-28,delivered,SUP02,IBBL (Israel Beer Breweries Ltd)
O001217,2026-02-27,K003,Carlsberg 30L,2,2026-02-28,2026-02-28,delivered,SUP02,IBBL (Israel Beer Breweries Ltd)
O001218,2026-02-27,K004,Malka 30L,2,2026-02-28,2026-02-28,delivered,SUP02,IBBL (Israel Beer Breweries Ltd)
O001219,2026-02-27,K005,Weihenstephan 30L,3,2026-02-28,2026-02-28,delivered,SUP02,IBBL (Israel Beer Breweries Ltd)
O001220,2026-03-01,P043,Coca-Cola,48,2026-03-02,2026-03-02,delivered,SUP03,CBC (Central Bottling Company)
O001221,2026-03-01,P044,Coca-Cola Zero,24,2026-03-02,2026-03-02,delivered,SUP03,CBC (Central Bottling Company)
O001222,2026-03-01,P045,Sprite,24,2026-03-02,2026-03-02,delivered,SUP03,CBC (Central Bottling Company)
O001223,2026-03-01,P046,Tonic Water,48,2026-03-02,2026-03-05,delayed,SUP03,CBC (Central Bottling Company)
O001224,2026-03-01,P047,Soda Water,24,2026-03-02,2026-03-02,delivered,SUP03,CBC (Central Bottling Company)
O001225,2026-03-01,P048,Red Bull,24,2026-03-02,2026-03-02,delivered,SUP03,CBC (Central Bottling Company)
O001226,2026-03-01,P049,Ginger Beer,24,2026-03-02,2026-03-02,delivered,SUP03,CBC (Central Bottling Company)
O001227,2026-03-01,P052,Lime Juice,6,2026-03-02,2026-03-02,delivered,SUP03,CBC (Central Bottling Company)
O001228,2026-03-02,P013,Gordon's,12,2026-03-03,2026-03-03,delivered,SUP01,Hakerem Distillers
O001229,2026-03-02,P019,Jameson,12,2026-03-03,2026-03-03,delivered,SUP01,Hakerem Distillers
O001230,2026-03-02,P020,Jack Daniel's,12,2026-03-03,2026-03-03,delivered,SUP01,Hakerem Distillers
O001231,2026-03-02,P025,Bacardi Carta Blanca,12,2026-03-03,2026-03-03,delivered,SUP01,Hakerem Distillers
O001232,2026-03-02,P031,Patron Silver,12,2026-03-03,2026-03-03,delivered,SUP01,Hakerem Distillers
O001233,2026-03-02,P033,Aperol,12,2026-03-03,2026-03-03,delivered,SUP01,Hakerem Distillers
O001234,2026-03-02,P039,House White Wine,12,2026-03-03,2026-03-05,delayed,SUP01,Hakerem Distillers
O001235,2026-03-02,P040,Rose Wine,12,2026-03-03,2026-03-03,delivered,SUP01,Hakerem Distillers
O001236,2026-03-02,P041,Prosecco,12,2026-03-03,2026-03-03,delivered,SUP01,Hakerem Distillers
O001237,2026-03-02,P042,Chardonnay,12,2026-03-03,2026-03-03,delivered,SUP01,Hakerem Distillers
O001238,2026-03-03,P001,Carlsberg,48,2026-03-04,2026-03-04,delivered,SUP02,IBBL (Israel Beer Breweries Ltd)
O001239,2026-03-03,P002,Heineken,24,2026-03-04,2026-03-04,delivered,SUP02,IBBL (Israel Beer Breweries Ltd)
O001240,2026-03-03,P003,Corona,24,2026-03-04,2026-03-04,delivered,SUP02,IBBL (Israel Beer Breweries Ltd)
O001241,2026-03-03,P005,Goldstar,24,2026-03-04,2026-03-04,delivered,SUP02,IBBL (Israel Beer Breweries Ltd)
O001242,2026-03-03,P006,Maccabee,24,2026-03-04,2026-03-04,delivered,SUP02,IBBL (Israel Beer Breweries Ltd)
O001243,2026-03-03,P007,Stella Artois,24,2026-03-04,2026-03-04,delivered,SUP02,IBBL (Israel Beer Breweries Ltd)
O001244,2026-03-03,P008,Erdinger,24,2026-03-04,2026-03-05,delayed,SUP02,IBBL (Israel Beer Breweries Ltd)
O001245,2026-03-03,K001,Carlsberg 50L,1,2026-03-04,2026-03-04,delivered,SUP02,IBBL (Israel Beer Breweries Ltd)
O001246,2026-03-03,K002,Tuborg 50L,1,2026-03-04,2026-03-04,delivered,SUP02,IBBL (Israel Beer Breweries Ltd)
O001247,2026-03-03,K003,Carlsberg 30L,2,2026-03-04,2026-03-04,delivered,SUP02,IBBL (Israel Beer Breweries Ltd)
O001248,2026-03-03,K004,Malka 30L,2,2026-03-04,2026-03-04,delivered,SUP02,IBBL (Israel Beer Breweries Ltd)
O001249,2026-03-04,P043,Coca-Cola,24,2026-03-05,2026-03-05,delivered,SUP03,CBC (Central Bottling Company)
O001250,2026-03-04,P044,Coca-Cola Zero,24,2026-03-05,2026-03-05,delivered,SUP03,CBC (Central Bottling Company)
O001251,2026-03-04,P045,Sprite,24,2026-03-05,2026-03-05,delivered,SUP03,CBC (Central Bottling Company)
O001252,2026-03-04,P046,Tonic Water,72,2026-03-05,2026-03-05,delivered,SUP03,CBC (Central Bottling Company)
O001253,2026-03-04,P047,Soda Water,24,2026-03-05,2026-03-05,delivered,SUP03,CBC (Central Bottling Company)
O001254,2026-03-04,P048,Red Bull,24,2026-03-05,2026-03-05,delivered,SUP03,CBC (Central Bottling Company)
O001255,2026-03-04,P053,Lemon Juice,6,2026-03-05,2026-03-05,delivered,SUP03,CBC (Central Bottling Company)
O001256,2026-03-04,P054,Sugar Syrup,6,2026-03-05,2026-03-06,delayed,SUP03,CBC (Central Bottling Company)
O001257,2026-03-05,P025,Bacardi Carta Blanca,12,2026-03-06,2026-03-06,delivered,SUP01,Hakerem Distillers
O001258,2026-03-05,P038,House Red Wine,12,2026-03-06,2026-03-06,delivered,SUP01,Hakerem Distillers
O001259,2026-03-05,P039,House White Wine,12,2026-03-06,2026-03-06,delivered,SUP01,Hakerem Distillers
O001260,2026-03-05,P041,Prosecco,12,2026-03-06,2026-03-06,delivered,SUP01,Hakerem Distillers
O001261,2026-03-06,P001,Carlsberg,48,2026-03-07,2026-03-07,delivered,SUP02,IBBL (Israel Beer Breweries Ltd)
O001262,2026-03-06,P002,Heineken,24,2026-03-07,2026-03-07,delivered,SUP02,IBBL (Israel Beer Breweries Ltd)
O001263,2026-03-06,P003,Corona,48,2026-03-07,2026-03-07,delivered,SUP02,IBBL (Israel Beer Breweries Ltd)
O001264,2026-03-06,P004,Guinness,24,2026-03-07,2026-03-07,delivered,SUP02,IBBL (Israel Beer Breweries Ltd)
O001265,2026-03-06,P005,Goldstar,48,2026-03-07,2026-03-07,delivered,SUP02,IBBL (Israel Beer Breweries Ltd)
O001266,2026-03-06,P006,Maccabee,24,2026-03-07,2026-03-07,delivered,SUP02,IBBL (Israel Beer Breweries Ltd)
O001267,2026-03-06,P007,Stella Artois,24,2026-03-07,2026-03-10,delayed,SUP02,IBBL (Israel Beer Breweries Ltd)
O001268,2026-03-06,K001,Carlsberg 50L,2,2026-03-07,2026-03-07,delivered,SUP02,IBBL (Israel Beer Breweries Ltd)
O001269,2026-03-06,K002,Tuborg 50L,2,2026-03-07,2026-03-07,delivered,SUP02,IBBL (Israel Beer Breweries Ltd)
O001270,2026-03-06,K003,Carlsberg 30L,2,2026-03-07,2026-03-07,delivered,SUP02,IBBL (Israel Beer Breweries Ltd)
O001271,2026-03-06,K004,Malka 30L,2,2026-03-07,2026-03-07,delivered,SUP02,IBBL (Israel Beer Breweries Ltd)
O001272,2026-03-08,P043,Coca-Cola,72,2026-03-09,2026-03-09,delivered,SUP03,CBC (Central Bottling Company)
O001273,2026-03-08,P044,Coca-Cola Zero,48,2026-03-09,2026-03-09,delivered,SUP03,CBC (Central Bottling Company)
O001274,2026-03-08,P045,Sprite,24,2026-03-09,2026-03-09,delivered,SUP03,CBC (Central Bottling Company)
O001275,2026-03-08,P047,Soda Water,48,2026-03-09,2026-03-09,delivered,SUP03,CBC (Central Bottling Company)
O001276,2026-03-08,P048,Red Bull,24,2026-03-09,2026-03-09,delivered,SUP03,CBC (Central Bottling Company)
O001277,2026-03-08,P049,Ginger Beer,24,2026-03-09,2026-03-09,delivered,SUP03,CBC (Central Bottling Company)
O001278,2026-03-08,P052,Lime Juice,6,2026-03-09,2026-03-09,delivered,SUP03,CBC (Central Bottling Company)
O001279,2026-03-09,P011,Hendrick's,12,2026-03-10,2026-03-10,delivered,SUP01,Hakerem Distillers
O001280,2026-03-09,P013,Gordon's,12,2026-03-10,2026-03-11,delayed,SUP01,Hakerem Distillers
O001281,2026-03-09,P014,Absolut,12,2026-03-10,2026-03-10,delivered,SUP01,Hakerem Distillers
O001282,2026-03-09,P033,Aperol,12,2026-03-10,2026-03-10,delivered,SUP01,Hakerem Distillers
O001283,2026-03-09,P036,Kahlua,12,2026-03-10,2026-03-10,delivered,SUP01,Hakerem Distillers
O001284,2026-03-09,P038,House Red Wine,12,2026-03-10,2026-03-10,delivered,SUP01,Hakerem Distillers
O001285,2026-03-09,P041,Prosecco,12,2026-03-10,2026-03-11,delayed,SUP01,Hakerem Distillers
O001286,2026-03-10,P001,Carlsberg,24,2026-03-11,2026-03-11,delivered,SUP02,IBBL (Israel Beer Breweries Ltd)
O001287,2026-03-10,P002,Heineken,24,2026-03-11,2026-03-12,delayed,SUP02,IBBL (Israel Beer Breweries Ltd)
O001288,2026-03-10,P003,Corona,24,2026-03-11,2026-03-11,delivered,SUP02,IBBL (Israel Beer Breweries Ltd)
O001289,2026-03-10,P005,Goldstar,24,2026-03-11,2026-03-11,delivered,SUP02,IBBL (Israel Beer Breweries Ltd)
O001290,2026-03-10,P008,Erdinger,24,2026-03-11,2026-03-11,delivered,SUP02,IBBL (Israel Beer Breweries Ltd)
O001291,2026-03-10,K001,Carlsberg 50L,2,2026-03-11,2026-03-11,delivered,SUP02,IBBL (Israel Beer Breweries Ltd)
O001292,2026-03-10,K002,Tuborg 50L,1,2026-03-11,2026-03-14,delayed,SUP02,IBBL (Israel Beer Breweries Ltd)
O001293,2026-03-10,K003,Carlsberg 30L,2,2026-03-11,2026-03-11,delivered,SUP02,IBBL (Israel Beer Breweries Ltd)
O001294,2026-03-10,K004,Malka 30L,2,2026-03-11,2026-03-11,delivered,SUP02,IBBL (Israel Beer Breweries Ltd)
O001295,2026-03-10,K005,Weihenstephan 30L,2,2026-03-11,2026-03-13,delayed,SUP02,IBBL (Israel Beer Breweries Ltd)
O001296,2026-03-11,P043,Coca-Cola,24,2026-03-12,2026-03-12,delivered,SUP03,CBC (Central Bottling Company)
O001297,2026-03-11,P044,Coca-Cola Zero,24,2026-03-12,2026-03-12,delivered,SUP03,CBC (Central Bottling Company)
O001298,2026-03-11,P045,Sprite,24,2026-03-12,2026-03-12,delivered,SUP03,CBC (Central Bottling Company)
O001299,2026-03-11,P048,Red Bull,24,2026-03-12,2026-03-12,delivered,SUP03,CBC (Central Bottling Company)
O001300,2026-03-12,P025,Bacardi Carta Blanca,12,2026-03-13,2026-03-13,delivered,SUP01,Hakerem Distillers
O001301,2026-03-12,P031,Patron Silver,12,2026-03-13,2026-03-13,delivered,SUP01,Hakerem Distillers
O001302,2026-03-12,P034,Campari,12,2026-03-13,2026-03-13,delivered,SUP01,Hakerem Distillers
O001303,2026-03-12,P038,House Red Wine,12,2026-03-13,2026-03-13,delivered,SUP01,Hakerem Distillers
O001304,2026-03-12,P039,House White Wine,12,2026-03-13,2026-03-13,delivered,SUP01,Hakerem Distillers
O001305,2026-03-12,P041,Prosecco,12,2026-03-13,2026-03-13,delivered,SUP01,Hakerem Distillers
O001306,2026-03-13,P001,Carlsberg,48,2026-03-14,2026-03-14,delivered,SUP02,IBBL (Israel Beer Breweries Ltd)
O001307,2026-03-13,P002,Heineken,24,2026-03-14,2026-03-14,delivered,SUP02,IBBL (Israel Beer Breweries Ltd)
O001308,2026-03-13,P003,Corona,24,2026-03-14,2026-03-14,delivered,SUP02,IBBL (Israel Beer Breweries Ltd)
O001309,2026-03-13,P004,Guinness,24,2026-03-14,2026-03-14,delivered,SUP02,IBBL (Israel Beer Breweries Ltd)
O001310,2026-03-13,P005,Goldstar,24,2026-03-14,2026-03-14,delivered,SUP02,IBBL (Israel Beer Breweries Ltd)
O001311,2026-03-13,P006,Maccabee,24,2026-03-14,2026-03-14,delivered,SUP02,IBBL (Israel Beer Breweries Ltd)
O001312,2026-03-13,P007,Stella Artois,24,2026-03-14,2026-03-14,delivered,SUP02,IBBL (Israel Beer Breweries Ltd)
O001313,2026-03-13,K001,Carlsberg 50L,1,2026-03-14,2026-03-14,delivered,SUP02,IBBL (Israel Beer Breweries Ltd)
O001314,2026-03-13,K002,Tuborg 50L,2,2026-03-14,2026-03-14,delivered,SUP02,IBBL (Israel Beer Breweries Ltd)
O001315,2026-03-13,K003,Carlsberg 30L,3,2026-03-14,2026-03-14,delivered,SUP02,IBBL (Israel Beer Breweries Ltd)
O001316,2026-03-13,K004,Malka 30L,2,2026-03-14,2026-03-14,delivered,SUP02,IBBL (Israel Beer Breweries Ltd)
O001317,2026-03-13,K005,Weihenstephan 30L,1,2026-03-14,2026-03-14,delivered,SUP02,IBBL (Israel Beer Breweries Ltd)
O001318,2026-03-15,P043,Coca-Cola,48,2026-03-16,2026-03-16,delivered,SUP03,CBC (Central Bottling Company)
O001319,2026-03-15,P044,Coca-Cola Zero,24,2026-03-16,2026-03-16,delivered,SUP03,CBC (Central Bottling Company)
O001320,2026-03-15,P045,Sprite,24,2026-03-16,2026-03-16,delivered,SUP03,CBC (Central Bottling Company)
O001321,2026-03-15,P046,Tonic Water,48,2026-03-16,2026-03-16,delivered,SUP03,CBC (Central Bottling Company)
O001322,2026-03-15,P047,Soda Water,48,2026-03-16,2026-03-16,delivered,SUP03,CBC (Central Bottling Company)
O001323,2026-03-15,P048,Red Bull,24,2026-03-16,2026-03-16,delivered,SUP03,CBC (Central Bottling Company)
O001324,2026-03-15,P049,Ginger Beer,24,2026-03-16,2026-03-16,delivered,SUP03,CBC (Central Bottling Company)
O001325,2026-03-16,P009,Bombay Sapphire,12,2026-03-17,2026-03-17,delivered,SUP01,Hakerem Distillers
O001326,2026-03-16,P013,Gordon's,12,2026-03-17,2026-03-17,delivered,SUP01,Hakerem Distillers
O001327,2026-03-16,P016,Grey Goose,12,2026-03-17,2026-03-17,delivered,SUP01,Hakerem Distillers
O001328,2026-03-16,P021,Johnnie Walker Black,12,2026-03-17,2026-03-17,delivered,SUP01,Hakerem Distillers
O001329,2026-03-16,P033,Aperol,12,2026-03-17,2026-03-17,delivered,SUP01,Hakerem Distillers
O001330,2026-03-16,P039,House White Wine,12,2026-03-17,2026-03-17,delivered,SUP01,Hakerem Distillers
O001331,2026-03-16,P040,Rose Wine,12,2026-03-17,2026-03-17,delivered,SUP01,Hakerem Distillers
O001332,2026-03-16,P041,Prosecco,12,2026-03-17,2026-03-17,delivered,SUP01,Hakerem Distillers
O001333,2026-03-17,P001,Carlsberg,24,2026-03-18,2026-03-18,delivered,SUP02,IBBL (Israel Beer Breweries Ltd)
O001334,2026-03-17,P002,Heineken,48,2026-03-18,2026-03-18,delivered,SUP02,IBBL (Israel Beer Breweries Ltd)
O001335,2026-03-17,P003,Corona,24,2026-03-18,2026-03-18,delivered,SUP02,IBBL (Israel Beer Breweries Ltd)
O001336,2026-03-17,P005,Goldstar,24,2026-03-18,2026-03-18,delivered,SUP02,IBBL (Israel Beer Breweries Ltd)
O001337,2026-03-17,P007,Stella Artois,24,2026-03-18,2026-03-18,delivered,SUP02,IBBL (Israel Beer Breweries Ltd)
O001338,2026-03-17,K001,Carlsberg 50L,1,2026-03-18,2026-03-18,delivered,SUP02,IBBL (Israel Beer Breweries Ltd)
O001339,2026-03-17,K003,Carlsberg 30L,2,2026-03-18,2026-03-18,delivered,SUP02,IBBL (Israel Beer Breweries Ltd)
O001340,2026-03-17,K004,Malka 30L,1,2026-03-18,2026-03-18,delivered,SUP02,IBBL (Israel Beer Breweries Ltd)
O001341,2026-03-17,K005,Weihenstephan 30L,1,2026-03-18,2026-03-18,delivered,SUP02,IBBL (Israel Beer Breweries Ltd)
O001342,2026-03-18,P043,Coca-Cola,48,2026-03-19,2026-03-19,delivered,SUP03,CBC (Central Bottling Company)
O001343,2026-03-18,P044,Coca-Cola Zero,24,2026-03-19,2026-03-19,delivered,SUP03,CBC (Central Bottling Company)
O001344,2026-03-18,P045,Sprite,24,2026-03-19,2026-03-19,delivered,SUP03,CBC (Central Bottling Company)
O001345,2026-03-18,P046,Tonic Water,24,2026-03-19,2026-03-19,delivered,SUP03,CBC (Central Bottling Company)
O001346,2026-03-18,P047,Soda Water,24,2026-03-19,2026-03-19,delivered,SUP03,CBC (Central Bottling Company)
O001347,2026-03-18,P052,Lime Juice,6,2026-03-19,2026-03-19,delivered,SUP03,CBC (Central Bottling Company)
O001348,2026-03-18,P055,Fresh Mint,6,2026-03-19,2026-03-19,delivered,SUP03,CBC (Central Bottling Company)
O001349,2026-03-18,P056,Coffee Beans,6,2026-03-19,2026-03-19,delivered,SUP03,CBC (Central Bottling Company)
O001350,2026-03-19,P014,Absolut,12,2026-03-20,2026-03-20,delivered,SUP01,Hakerem Distillers
O001351,2026-03-19,P025,Bacardi Carta Blanca,12,2026-03-20,2026-03-20,delivered,SUP01,Hakerem Distillers
O001352,2026-03-19,P035,Cointreau,12,2026-03-20,2026-03-20,delivered,SUP01,Hakerem Distillers
O001353,2026-03-19,P038,House Red Wine,12,2026-03-20,2026-03-20,delivered,SUP01,Hakerem Distillers
O001354,2026-03-20,P001,Carlsberg,48,2026-03-21,2026-03-23,delayed,SUP02,IBBL (Israel Beer Breweries Ltd)
O001355,2026-03-20,P002,Heineken,24,2026-03-21,2026-03-21,delivered,SUP02,IBBL (Israel Beer Breweries Ltd)
O001356,2026-03-20,P003,Corona,24,2026-03-21,2026-03-24,delayed,SUP02,IBBL (Israel Beer Breweries Ltd)
O001357,2026-03-20,P004,Guinness,24,2026-03-21,2026-03-21,delivered,SUP02,IBBL (Israel Beer Breweries Ltd)
O001358,2026-03-20,P005,Goldstar,24,2026-03-21,2026-03-21,delivered,SUP02,IBBL (Israel Beer Breweries Ltd)
O001359,2026-03-20,P006,Maccabee,24,2026-03-21,2026-03-21,delivered,SUP02,IBBL (Israel Beer Breweries Ltd)
O001360,2026-03-20,P007,Stella Artois,24,2026-03-21,2026-03-21,delivered,SUP02,IBBL (Israel Beer Breweries Ltd)
O001361,2026-03-20,P008,Erdinger,24,2026-03-21,2026-03-21,delivered,SUP02,IBBL (Israel Beer Breweries Ltd)
O001362,2026-03-20,K001,Carlsberg 50L,2,2026-03-21,2026-03-21,delivered,SUP02,IBBL (Israel Beer Breweries Ltd)
O001363,2026-03-20,K003,Carlsberg 30L,2,2026-03-21,2026-03-24,delayed,SUP02,IBBL (Israel Beer Breweries Ltd)
O001364,2026-03-20,K004,Malka 30L,2,2026-03-21,2026-03-21,delivered,SUP02,IBBL (Israel Beer Breweries Ltd)
O001365,2026-03-20,K005,Weihenstephan 30L,1,2026-03-21,2026-03-21,delivered,SUP02,IBBL (Israel Beer Breweries Ltd)
O001366,2026-03-22,P043,Coca-Cola,48,2026-03-23,2026-03-23,delivered,SUP03,CBC (Central Bottling Company)
O001367,2026-03-22,P044,Coca-Cola Zero,24,2026-03-23,2026-03-24,delayed,SUP03,CBC (Central Bottling Company)
O001368,2026-03-22,P045,Sprite,24,2026-03-23,2026-03-23,delivered,SUP03,CBC (Central Bottling Company)
O001369,2026-03-22,P046,Tonic Water,24,2026-03-23,2026-03-23,delivered,SUP03,CBC (Central Bottling Company)
O001370,2026-03-22,P047,Soda Water,24,2026-03-23,2026-03-23,delivered,SUP03,CBC (Central Bottling Company)
O001371,2026-03-22,P048,Red Bull,24,2026-03-23,2026-03-23,delivered,SUP03,CBC (Central Bottling Company)
O001372,2026-03-22,P054,Sugar Syrup,6,2026-03-23,2026-03-23,delivered,SUP03,CBC (Central Bottling Company)
O001373,2026-03-23,P019,Jameson,12,2026-03-24,2026-03-27,delayed,SUP01,Hakerem Distillers
O001374,2026-03-23,P020,Jack Daniel's,12,2026-03-24,2026-03-24,delivered,SUP01,Hakerem Distillers
O001375,2026-03-23,P029,Jose Cuervo,12,2026-03-24,2026-03-24,delivered,SUP01,Hakerem Distillers
O001376,2026-03-23,P033,Aperol,12,2026-03-24,2026-03-24,delivered,SUP01,Hakerem Distillers
O001377,2026-03-23,P039,House White Wine,12,2026-03-24,2026-03-24,delivered,SUP01,Hakerem Distillers
O001378,2026-03-23,P041,Prosecco,12,2026-03-24,2026-03-24,delivered,SUP01,Hakerem Distillers
O001379,2026-03-23,P042,Chardonnay,12,2026-03-24,2026-03-24,delivered,SUP01,Hakerem Distillers
O001380,2026-03-24,P001,Carlsberg,24,2026-03-25,2026-03-25,delivered,SUP02,IBBL (Israel Beer Breweries Ltd)
O001381,2026-03-24,P002,Heineken,24,2026-03-25,2026-03-25,delivered,SUP02,IBBL (Israel Beer Breweries Ltd)
O001382,2026-03-24,P003,Corona,24,2026-03-25,2026-03-25,delivered,SUP02,IBBL (Israel Beer Breweries Ltd)
O001383,2026-03-24,P005,Goldstar,24,2026-03-25,2026-03-25,delivered,SUP02,IBBL (Israel Beer Breweries Ltd)
O001384,2026-03-24,K001,Carlsberg 50L,1,2026-03-25,2026-03-25,delivered,SUP02,IBBL (Israel Beer Breweries Ltd)
O001385,2026-03-24,K002,Tuborg 50L,1,2026-03-25,2026-03-25,delivered,SUP02,IBBL (Israel Beer Breweries Ltd)
O001386,2026-03-24,K003,Carlsberg 30L,2,2026-03-25,2026-03-25,delivered,SUP02,IBBL (Israel Beer Breweries Ltd)
O001387,2026-03-24,K004,Malka 30L,1,2026-03-25,2026-03-25,delivered,SUP02,IBBL (Israel Beer Breweries Ltd)
O001388,2026-03-24,K005,Weihenstephan 30L,1,2026-03-25,2026-03-25,delivered,SUP02,IBBL (Israel Beer Breweries Ltd)
O001389,2026-03-25,P043,Coca-Cola,24,2026-03-26,2026-03-26,delivered,SUP03,CBC (Central Bottling Company)
O001390,2026-03-25,P044,Coca-Cola Zero,24,2026-03-26,2026-03-26,delivered,SUP03,CBC (Central Bottling Company)
O001391,2026-03-25,P045,Sprite,24,2026-03-26,2026-03-26,delivered,SUP03,CBC (Central Bottling Company)
O001392,2026-03-25,P046,Tonic Water,24,2026-03-26,2026-03-26,delivered,SUP03,CBC (Central Bottling Company)
O001393,2026-03-25,P048,Red Bull,24,2026-03-26,2026-03-26,delivered,SUP03,CBC (Central Bottling Company)
O001394,2026-03-26,P013,Gordon's,12,2026-03-27,2026-03-27,delivered,SUP01,Hakerem Distillers
O001395,2026-03-26,P019,Jameson,12,2026-03-27,2026-03-27,delivered,SUP01,Hakerem Distillers
O001396,2026-03-26,P025,Bacardi Carta Blanca,12,2026-03-27,2026-03-30,delayed,SUP01,Hakerem Distillers
O001397,2026-03-26,P031,Patron Silver,12,2026-03-27,2026-03-27,delivered,SUP01,Hakerem Distillers
O001398,2026-03-26,P037,Martini Rosso,12,2026-03-27,2026-03-27,delivered,SUP01,Hakerem Distillers
O001399,2026-03-26,P038,House Red Wine,12,2026-03-27,2026-03-27,delivered,SUP01,Hakerem Distillers
O001400,2026-03-26,P041,Prosecco,12,2026-03-27,2026-03-27,delivered,SUP01,Hakerem Distillers
O001401,2026-03-27,P001,Carlsberg,24,2026-03-28,2026-03-28,delivered,SUP02,IBBL (Israel Beer Breweries Ltd)
O001402,2026-03-27,P002,Heineken,24,2026-03-28,2026-03-30,delayed,SUP02,IBBL (Israel Beer Breweries Ltd)
O001403,2026-03-27,P003,Corona,24,2026-03-28,2026-03-28,delivered,SUP02,IBBL (Israel Beer Breweries Ltd)
O001404,2026-03-27,P004,Guinness,24,2026-03-28,2026-03-28,delivered,SUP02,IBBL (Israel Beer Breweries Ltd)
O001405,2026-03-27,P005,Goldstar,24,2026-03-28,2026-03-28,delivered,SUP02,IBBL (Israel Beer Breweries Ltd)
O001406,2026-03-27,P006,Maccabee,24,2026-03-28,2026-03-28,delivered,SUP02,IBBL (Israel Beer Breweries Ltd)
O001407,2026-03-27,P007,Stella Artois,24,2026-03-28,2026-03-28,delivered,SUP02,IBBL (Israel Beer Breweries Ltd)
O001408,2026-03-27,K001,Carlsberg 50L,2,2026-03-28,2026-03-28,delivered,SUP02,IBBL (Israel Beer Breweries Ltd)
O001409,2026-03-27,K002,Tuborg 50L,2,2026-03-28,2026-03-30,delayed,SUP02,IBBL (Israel Beer Breweries Ltd)
O001410,2026-03-27,K003,Carlsberg 30L,3,2026-03-28,2026-03-28,delivered,SUP02,IBBL (Israel Beer Breweries Ltd)
O001411,2026-03-27,K004,Malka 30L,2,2026-03-28,2026-03-28,delivered,SUP02,IBBL (Israel Beer Breweries Ltd)
O001412,2026-03-27,K005,Weihenstephan 30L,1,2026-03-28,2026-03-28,delivered,SUP02,IBBL (Israel Beer Breweries Ltd)
O001413,2026-03-29,P043,Coca-Cola,72,2026-03-30,2026-04-01,delayed,SUP03,CBC (Central Bottling Company)
O001414,2026-03-29,P044,Coca-Cola Zero,48,2026-03-30,2026-04-01,delayed,SUP03,CBC (Central Bottling Company)
O001415,2026-03-29,P045,Sprite,24,2026-03-30,2026-03-30,delivered,SUP03,CBC (Central Bottling Company)
O001416,2026-03-29,P046,Tonic Water,24,2026-03-30,2026-03-30,delivered,SUP03,CBC (Central Bottling Company)
O001417,2026-03-29,P047,Soda Water,48,2026-03-30,2026-03-30,delivered,SUP03,CBC (Central Bottling Company)
O001418,2026-03-29,P048,Red Bull,24,2026-03-30,2026-03-30,delivered,SUP03,CBC (Central Bottling Company)
O001419,2026-03-29,P049,Ginger Beer,24,2026-03-30,2026-03-30,delivered,SUP03,CBC (Central Bottling Company)
O001420,2026-03-29,P052,Lime Juice,6,2026-03-30,2026-03-30,delivered,SUP03,CBC (Central Bottling Company)
O001421,2026-03-30,P010,Tanqueray,12,2026-03-31,2026-03-31,delivered,SUP01,Hakerem Distillers
O001422,2026-03-30,P011,Hendrick's,12,2026-03-31,2026-03-31,delivered,SUP01,Hakerem Distillers
O001423,2026-03-30,P014,Absolut,12,2026-03-31,2026-03-31,delivered,SUP01,Hakerem Distillers
O001424,2026-03-30,P022,Chivas Regal,12,2026-03-31,2026-03-31,delivered,SUP01,Hakerem Distillers
O001425,2026-03-30,P025,Bacardi Carta Blanca,12,2026-03-31,2026-03-31,delivered,SUP01,Hakerem Distillers
O001426,2026-03-30,P026,Havana Club 3,12,2026-03-31,2026-03-31,delivered,SUP01,Hakerem Distillers
O001427,2026-03-30,P033,Aperol,12,2026-03-31,2026-03-31,delivered,SUP01,Hakerem Distillers
O001428,2026-03-30,P038,House Red Wine,12,2026-03-31,2026-03-31,delivered,SUP01,Hakerem Distillers
O001429,2026-03-30,P039,House White Wine,12,2026-03-31,2026-04-02,delayed,SUP01,Hakerem Distillers
O001430,2026-03-30,P040,Rose Wine,12,2026-03-31,2026-03-31,delivered,SUP01,Hakerem Distillers
O001431,2026-03-30,P041,Prosecco,12,2026-03-31,2026-03-31,delivered,SUP01,Hakerem Distillers
O001432,2026-03-31,P001,Carlsberg,48,2026-04-01,2026-04-01,delivered,SUP02,IBBL (Israel Beer Breweries Ltd)
O001433,2026-03-31,P002,Heineken,48,2026-04-01,2026-04-01,delivered,SUP02,IBBL (Israel Beer Breweries Ltd)
O001434,2026-03-31,P003,Corona,24,2026-04-01,2026-04-01,delivered,SUP02,IBBL (Israel Beer Breweries Ltd)
O001435,2026-03-31,P005,Goldstar,48,2026-04-01,2026-04-01,delivered,SUP02,IBBL (Israel Beer Breweries Ltd)
O001436,2026-03-31,P006,Maccabee,24,2026-04-01,2026-04-01,delivered,SUP02,IBBL (Israel Beer Breweries Ltd)
O001437,2026-03-31,P007,Stella Artois,24,2026-04-01,2026-04-01,delivered,SUP02,IBBL (Israel Beer Breweries Ltd)
O001438,2026-03-31,P008,Erdinger,24,2026-04-01,2026-04-01,delivered,SUP02,IBBL (Israel Beer Breweries Ltd)
O001439,2026-03-31,K001,Carlsberg 50L,2,2026-04-01,2026-04-01,delivered,SUP02,IBBL (Israel Beer Breweries Ltd)
O001440,2026-03-31,K002,Tuborg 50L,1,2026-04-01,2026-04-01,delivered,SUP02,IBBL (Israel Beer Breweries Ltd)
O001441,2026-03-31,K003,Carlsberg 30L,3,2026-04-01,2026-04-01,delivered,SUP02,IBBL (Israel Beer Breweries Ltd)
O001442,2026-03-31,K004,Malka 30L,3,2026-04-01,2026-04-03,delayed,SUP02,IBBL (Israel Beer Breweries Ltd)
O001443,2026-03-31,K005,Weihenstephan 30L,2,2026-04-01,2026-04-01,delivered,SUP02,IBBL (Israel Beer Breweries Ltd)
O001444,2026-04-01,P043,Coca-Cola,24,2026-04-02,2026-04-04,delayed,SUP03,CBC (Central Bottling Company)
O001445,2026-04-01,P045,Sprite,24,2026-04-02,2026-04-02,delivered,SUP03,CBC (Central Bottling Company)
O001446,2026-04-01,P046,Tonic Water,24,2026-04-02,2026-04-02,delivered,SUP03,CBC (Central Bottling Company)
O001447,2026-04-01,P047,Soda Water,24,2026-04-02,2026-04-02,delivered,SUP03,CBC (Central Bottling Company)
O001448,2026-04-01,P048,Red Bull,24,2026-04-02,2026-04-02,delivered,SUP03,CBC (Central Bottling Company)
O001449,2026-04-02,P013,Gordon's,12,2026-04-03,2026-04-03,delivered,SUP01,Hakerem Distillers
O001450,2026-04-02,P027,Captain Morgan,12,2026-04-03,2026-04-03,delivered,SUP01,Hakerem Distillers
O001451,2026-04-02,P033,Aperol,12,2026-04-03,2026-04-03,delivered,SUP01,Hakerem Distillers
O001452,2026-04-02,P034,Campari,12,2026-04-03,2026-04-03,delivered,SUP01,Hakerem Distillers
O001453,2026-04-02,P036,Kahlua,12,2026-04-03,2026-04-03,delivered,SUP01,Hakerem Distillers
O001454,2026-04-02,P039,House White Wine,12,2026-04-03,2026-04-03,delivered,SUP01,Hakerem Distillers
O001455,2026-04-02,P041,Prosecco,12,2026-04-03,2026-04-03,delivered,SUP01,Hakerem Distillers
O001456,2026-04-03,P001,Carlsberg,48,2026-04-04,2026-04-04,delivered,SUP02,IBBL (Israel Beer Breweries Ltd)
O001457,2026-04-03,P002,Heineken,48,2026-04-04,2026-04-04,delivered,SUP02,IBBL (Israel Beer Breweries Ltd)
O001458,2026-04-03,P003,Corona,24,2026-04-04,2026-04-04,delivered,SUP02,IBBL (Israel Beer Breweries Ltd)
O001459,2026-04-03,P004,Guinness,24,2026-04-04,2026-04-04,delivered,SUP02,IBBL (Israel Beer Breweries Ltd)
O001460,2026-04-03,P005,Goldstar,24,2026-04-04,2026-04-04,delivered,SUP02,IBBL (Israel Beer Breweries Ltd)
O001461,2026-04-03,P006,Maccabee,24,2026-04-04,2026-04-04,delivered,SUP02,IBBL (Israel Beer Breweries Ltd)
O001462,2026-04-03,P007,Stella Artois,24,2026-04-04,2026-04-04,delivered,SUP02,IBBL (Israel Beer Breweries Ltd)
O001463,2026-04-03,K001,Carlsberg 50L,2,2026-04-04,2026-04-04,delivered,SUP02,IBBL (Israel Beer Breweries Ltd)
O001464,2026-04-03,K002,Tuborg 50L,2,2026-04-04,2026-04-04,delivered,SUP02,IBBL (Israel Beer Breweries Ltd)
O001465,2026-04-03,K003,Carlsberg 30L,3,2026-04-04,2026-04-04,delivered,SUP02,IBBL (Israel Beer Breweries Ltd)
O001466,2026-04-03,K004,Malka 30L,2,2026-04-04,2026-04-04,delivered,SUP02,IBBL (Israel Beer Breweries Ltd)
O001467,2026-04-03,K005,Weihenstephan 30L,1,2026-04-04,2026-04-04,delivered,SUP02,IBBL (Israel Beer Breweries Ltd)
O001468,2026-04-05,P043,Coca-Cola,96,2026-04-06,2026-04-06,delivered,SUP03,CBC (Central Bottling Company)
O001469,2026-04-05,P044,Coca-Cola Zero,72,2026-04-06,2026-04-06,delivered,SUP03,CBC (Central Bottling Company)
O001470,2026-04-05,P045,Sprite,48,2026-04-06,2026-04-06,delivered,SUP03,CBC (Central Bottling Company)
O001471,2026-04-05,P046,Tonic Water,72,2026-04-06,2026-04-06,delivered,SUP03,CBC (Central Bottling Company)
O001472,2026-04-05,P047,Soda Water,48,2026-04-06,2026-04-06,delivered,SUP03,CBC (Central Bottling Company)
O001473,2026-04-05,P048,Red Bull,48,2026-04-06,2026-04-06,delivered,SUP03,CBC (Central Bottling Company)
O001474,2026-04-05,P049,Ginger Beer,24,2026-04-06,2026-04-06,delivered,SUP03,CBC (Central Bottling Company)
O001475,2026-04-05,P052,Lime Juice,6,2026-04-06,2026-04-06,delivered,SUP03,CBC (Central Bottling Company)
O001476,2026-04-05,P054,Sugar Syrup,6,2026-04-06,2026-04-06,delivered,SUP03,CBC (Central Bottling Company)
O001477,2026-04-06,P013,Gordon's,12,2026-04-07,2026-04-07,delivered,SUP01,Hakerem Distillers
O001478,2026-04-06,P014,Absolut,12,2026-04-07,2026-04-07,delivered,SUP01,Hakerem Distillers
O001479,2026-04-06,P025,Bacardi Carta Blanca,12,2026-04-07,2026-04-07,delivered,SUP01,Hakerem Distillers
O001480,2026-04-06,P031,Patron Silver,12,2026-04-07,2026-04-07,delivered,SUP01,Hakerem Distillers
O001481,2026-04-06,P033,Aperol,12,2026-04-07,2026-04-07,delivered,SUP01,Hakerem Distillers
O001482,2026-04-06,P038,House Red Wine,12,2026-04-07,2026-04-07,delivered,SUP01,Hakerem Distillers
O001483,2026-04-06,P039,House White Wine,12,2026-04-07,2026-04-07,delivered,SUP01,Hakerem Distillers
O001484,2026-04-06,P040,Rose Wine,12,2026-04-07,2026-04-07,delivered,SUP01,Hakerem Distillers
O001485,2026-04-06,P041,Prosecco,24,2026-04-07,2026-04-07,delivered,SUP01,Hakerem Distillers
O001486,2026-04-07,P001,Carlsberg,48,2026-04-08,2026-04-08,delivered,SUP02,IBBL (Israel Beer Breweries Ltd)
O001487,2026-04-07,P002,Heineken,24,2026-04-08,2026-04-08,delivered,SUP02,IBBL (Israel Beer Breweries Ltd)
O001488,2026-04-07,P003,Corona,48,2026-04-08,2026-04-08,delivered,SUP02,IBBL (Israel Beer Breweries Ltd)
O001489,2026-04-07,P004,Guinness,24,2026-04-08,2026-04-08,delivered,SUP02,IBBL (Israel Beer Breweries Ltd)
O001490,2026-04-07,P005,Goldstar,48,2026-04-08,2026-04-08,delivered,SUP02,IBBL (Israel Beer Breweries Ltd)
O001491,2026-04-07,P006,Maccabee,24,2026-04-08,2026-04-08,delivered,SUP02,IBBL (Israel Beer Breweries Ltd)
O001492,2026-04-07,P007,Stella Artois,48,2026-04-08,2026-04-08,delivered,SUP02,IBBL (Israel Beer Breweries Ltd)
O001493,2026-04-07,P008,Erdinger,24,2026-04-08,2026-04-08,delivered,SUP02,IBBL (Israel Beer Breweries Ltd)
O001494,2026-04-07,K001,Carlsberg 50L,2,2026-04-08,2026-04-08,delivered,SUP02,IBBL (Israel Beer Breweries Ltd)
O001495,2026-04-07,K002,Tuborg 50L,1,2026-04-08,2026-04-09,delayed,SUP02,IBBL (Israel Beer Breweries Ltd)
O001496,2026-04-07,K003,Carlsberg 30L,3,2026-04-08,2026-04-08,delivered,SUP02,IBBL (Israel Beer Breweries Ltd)
O001497,2026-04-07,K004,Malka 30L,2,2026-04-08,2026-04-08,delivered,SUP02,IBBL (Israel Beer Breweries Ltd)
O001498,2026-04-07,K005,Weihenstephan 30L,3,2026-04-08,2026-04-11,delayed,SUP02,IBBL (Israel Beer Breweries Ltd)
O001499,2026-04-08,P043,Coca-Cola,24,2026-04-09,2026-04-09,delivered,SUP03,CBC (Central Bottling Company)
O001500,2026-04-08,P044,Coca-Cola Zero,24,2026-04-09,2026-04-09,delivered,SUP03,CBC (Central Bottling Company)
O001501,2026-04-08,P045,Sprite,24,2026-04-09,2026-04-09,delivered,SUP03,CBC (Central Bottling Company)
O001502,2026-04-08,P046,Tonic Water,24,2026-04-09,2026-04-09,delivered,SUP03,CBC (Central Bottling Company)
O001503,2026-04-08,P047,Soda Water,24,2026-04-09,2026-04-09,delivered,SUP03,CBC (Central Bottling Company)
O001504,2026-04-08,P048,Red Bull,24,2026-04-09,2026-04-09,delivered,SUP03,CBC (Central Bottling Company)
O001505,2026-04-08,P052,Lime Juice,6,2026-04-09,2026-04-09,delivered,SUP03,CBC (Central Bottling Company)
O001506,2026-04-09,P025,Bacardi Carta Blanca,12,2026-04-10,2026-04-10,delivered,SUP01,Hakerem Distillers
O001507,2026-04-09,P035,Cointreau,12,2026-04-10,2026-04-10,delivered,SUP01,Hakerem Distillers
O001508,2026-04-09,P038,House Red Wine,12,2026-04-10,2026-04-10,delivered,SUP01,Hakerem Distillers
O001509,2026-04-09,P039,House White Wine,12,2026-04-10,2026-04-10,delivered,SUP01,Hakerem Distillers
O001510,2026-04-09,P041,Prosecco,12,2026-04-10,2026-04-10,delivered,SUP01,Hakerem Distillers
O001511,2026-04-10,P001,Carlsberg,48,2026-04-11,2026-04-11,delivered,SUP02,IBBL (Israel Beer Breweries Ltd)
O001512,2026-04-10,P002,Heineken,24,2026-04-11,2026-04-11,delivered,SUP02,IBBL (Israel Beer Breweries Ltd)
O001513,2026-04-10,P003,Corona,24,2026-04-11,2026-04-11,delivered,SUP02,IBBL (Israel Beer Breweries Ltd)
O001514,2026-04-10,P005,Goldstar,24,2026-04-11,2026-04-12,delayed,SUP02,IBBL (Israel Beer Breweries Ltd)
O001515,2026-04-10,K001,Carlsberg 50L,2,2026-04-11,2026-04-13,delayed,SUP02,IBBL (Israel Beer Breweries Ltd)
O001516,2026-04-10,K002,Tuborg 50L,2,2026-04-11,2026-04-11,delivered,SUP02,IBBL (Israel Beer Breweries Ltd)
O001517,2026-04-10,K003,Carlsberg 30L,3,2026-04-11,2026-04-11,delivered,SUP02,IBBL (Israel Beer Breweries Ltd)
O001518,2026-04-10,K004,Malka 30L,3,2026-04-11,2026-04-11,delivered,SUP02,IBBL (Israel Beer Breweries Ltd)
O001519,2026-04-10,K005,Weihenstephan 30L,4,2026-04-11,2026-04-11,delivered,SUP02,IBBL (Israel Beer Breweries Ltd)
O001520,2026-04-12,P043,Coca-Cola,72,2026-04-13,2026-04-13,delivered,SUP03,CBC (Central Bottling Company)
O001521,2026-04-12,P044,Coca-Cola Zero,48,2026-04-13,2026-04-13,delivered,SUP03,CBC (Central Bottling Company)
O001522,2026-04-12,P045,Sprite,48,2026-04-13,2026-04-13,delivered,SUP03,CBC (Central Bottling Company)
O001523,2026-04-12,P046,Tonic Water,48,2026-04-13,2026-04-14,delayed,SUP03,CBC (Central Bottling Company)
O001524,2026-04-12,P047,Soda Water,48,2026-04-13,2026-04-13,delivered,SUP03,CBC (Central Bottling Company)
O001525,2026-04-12,P048,Red Bull,24,2026-04-13,2026-04-13,delivered,SUP03,CBC (Central Bottling Company)
O001526,2026-04-12,P049,Ginger Beer,24,2026-04-13,2026-04-13,delivered,SUP03,CBC (Central Bottling Company)
O001527,2026-04-13,P013,Gordon's,12,2026-04-14,2026-04-14,delivered,SUP01,Hakerem Distillers
O001528,2026-04-13,P014,Absolut,12,2026-04-14,2026-04-14,delivered,SUP01,Hakerem Distillers
O001529,2026-04-13,P020,Jack Daniel's,12,2026-04-14,2026-04-14,delivered,SUP01,Hakerem Distillers
O001530,2026-04-13,P025,Bacardi Carta Blanca,12,2026-04-14,2026-04-14,delivered,SUP01,Hakerem Distillers
O001531,2026-04-13,P029,Jose Cuervo,12,2026-04-14,2026-04-14,delivered,SUP01,Hakerem Distillers
O001532,2026-04-13,P031,Patron Silver,12,2026-04-14,2026-04-14,delivered,SUP01,Hakerem Distillers
O001533,2026-04-13,P033,Aperol,12,2026-04-14,2026-04-14,delivered,SUP01,Hakerem Distillers
O001534,2026-04-13,P038,House Red Wine,12,2026-04-14,2026-04-14,delivered,SUP01,Hakerem Distillers
O001535,2026-04-13,P039,House White Wine,12,2026-04-14,2026-04-14,delivered,SUP01,Hakerem Distillers
O001536,2026-04-13,P041,Prosecco,12,2026-04-14,2026-04-14,delivered,SUP01,Hakerem Distillers
O001537,2026-04-13,P042,Chardonnay,12,2026-04-14,2026-04-14,delivered,SUP01,Hakerem Distillers
O001538,2026-04-14,P001,Carlsberg,24,2026-04-15,2026-04-18,delayed,SUP02,IBBL (Israel Beer Breweries Ltd)
O001539,2026-04-14,P002,Heineken,48,2026-04-15,2026-04-15,delivered,SUP02,IBBL (Israel Beer Breweries Ltd)
O001540,2026-04-14,P003,Corona,48,2026-04-15,2026-04-15,delivered,SUP02,IBBL (Israel Beer Breweries Ltd)
O001541,2026-04-14,P004,Guinness,24,2026-04-15,2026-04-15,delivered,SUP02,IBBL (Israel Beer Breweries Ltd)
O001542,2026-04-14,P005,Goldstar,48,2026-04-15,2026-04-15,delivered,SUP02,IBBL (Israel Beer Breweries Ltd)
O001543,2026-04-14,P006,Maccabee,24,2026-04-15,2026-04-15,delivered,SUP02,IBBL (Israel Beer Breweries Ltd)
O001544,2026-04-14,P007,Stella Artois,48,2026-04-15,2026-04-15,delivered,SUP02,IBBL (Israel Beer Breweries Ltd)
O001545,2026-04-14,P008,Erdinger,24,2026-04-15,2026-04-15,delivered,SUP02,IBBL (Israel Beer Breweries Ltd)
O001546,2026-04-14,K001,Carlsberg 50L,2,2026-04-15,2026-04-15,delivered,SUP02,IBBL (Israel Beer Breweries Ltd)
O001547,2026-04-14,K002,Tuborg 50L,2,2026-04-15,2026-04-15,delivered,SUP02,IBBL (Israel Beer Breweries Ltd)
O001548,2026-04-14,K003,Carlsberg 30L,3,2026-04-15,2026-04-15,delivered,SUP02,IBBL (Israel Beer Breweries Ltd)
O001549,2026-04-14,K004,Malka 30L,2,2026-04-15,2026-04-16,delayed,SUP02,IBBL (Israel Beer Breweries Ltd)
O001550,2026-04-15,P043,Coca-Cola,24,2026-04-16,2026-04-16,delivered,SUP03,CBC (Central Bottling Company)
O001551,2026-04-15,P046,Tonic Water,24,2026-04-16,2026-04-16,delivered,SUP03,CBC (Central Bottling Company)
O001552,2026-04-15,P047,Soda Water,24,2026-04-16,2026-04-16,delivered,SUP03,CBC (Central Bottling Company)
O001553,2026-04-15,P048,Red Bull,24,2026-04-16,2026-04-16,delivered,SUP03,CBC (Central Bottling Company)
O001554,2026-04-15,P049,Ginger Beer,24,2026-04-16,2026-04-17,delayed,SUP03,CBC (Central Bottling Company)
O001555,2026-04-15,P052,Lime Juice,6,2026-04-16,2026-04-16,delivered,SUP03,CBC (Central Bottling Company)
O001556,2026-04-15,P053,Lemon Juice,6,2026-04-16,2026-04-16,delivered,SUP03,CBC (Central Bottling Company)
O001557,2026-04-16,P011,Hendrick's,12,2026-04-17,2026-04-19,delayed,SUP01,Hakerem Distillers
O001558,2026-04-16,P012,Beefeater,12,2026-04-17,2026-04-17,delivered,SUP01,Hakerem Distillers
O001559,2026-04-16,P015,Finlandia,12,2026-04-17,2026-04-17,delivered,SUP01,Hakerem Distillers
O001560,2026-04-16,P023,Maker's Mark,12,2026-04-17,2026-04-17,delivered,SUP01,Hakerem Distillers
O001561,2026-04-16,P033,Aperol,12,2026-04-17,2026-04-17,delivered,SUP01,Hakerem Distillers
O001562,2026-04-16,P037,Martini Rosso,12,2026-04-17,2026-04-17,delivered,SUP01,Hakerem Distillers
O001563,2026-04-16,P039,House White Wine,12,2026-04-17,2026-04-20,delayed,SUP01,Hakerem Distillers
O001564,2026-04-16,P040,Rose Wine,12,2026-04-17,2026-04-17,delivered,SUP01,Hakerem Distillers
O001565,2026-04-16,P041,Prosecco,12,2026-04-17,2026-04-17,delivered,SUP01,Hakerem Distillers
O001566,2026-04-17,P001,Carlsberg,72,2026-04-18,2026-04-18,delivered,SUP02,IBBL (Israel Beer Breweries Ltd)
O001567,2026-04-17,P002,Heineken,48,2026-04-18,2026-04-21,delayed,SUP02,IBBL (Israel Beer Breweries Ltd)
O001568,2026-04-17,P003,Corona,24,2026-04-18,2026-04-18,delivered,SUP02,IBBL (Israel Beer Breweries Ltd)
O001569,2026-04-17,P004,Guinness,24,2026-04-18,2026-04-18,delivered,SUP02,IBBL (Israel Beer Breweries Ltd)
O001570,2026-04-17,P005,Goldstar,48,2026-04-18,2026-04-20,delayed,SUP02,IBBL (Israel Beer Breweries Ltd)
O001571,2026-04-17,P006,Maccabee,24,2026-04-18,2026-04-18,delivered,SUP02,IBBL (Israel Beer Breweries Ltd)
O001572,2026-04-17,K001,Carlsberg 50L,2,2026-04-18,2026-04-18,delivered,SUP02,IBBL (Israel Beer Breweries Ltd)
O001573,2026-04-17,K002,Tuborg 50L,2,2026-04-18,2026-04-18,delivered,SUP02,IBBL (Israel Beer Breweries Ltd)
O001574,2026-04-17,K003,Carlsberg 30L,3,2026-04-18,2026-04-18,delivered,SUP02,IBBL (Israel Beer Breweries Ltd)
O001575,2026-04-17,K004,Malka 30L,3,2026-04-18,2026-04-18,delivered,SUP02,IBBL (Israel Beer Breweries Ltd)
O001576,2026-04-17,K005,Weihenstephan 30L,1,2026-04-18,2026-04-18,delivered,SUP02,IBBL (Israel Beer Breweries Ltd)
O001577,2026-04-19,P043,Coca-Cola,96,2026-04-20,2026-04-20,delivered,SUP03,CBC (Central Bottling Company)
O001578,2026-04-19,P044,Coca-Cola Zero,72,2026-04-20,2026-04-20,delivered,SUP03,CBC (Central Bottling Company)
O001579,2026-04-19,P045,Sprite,48,2026-04-20,2026-04-20,delivered,SUP03,CBC (Central Bottling Company)
O001580,2026-04-19,P046,Tonic Water,48,2026-04-20,2026-04-20,delivered,SUP03,CBC (Central Bottling Company)
O001581,2026-04-19,P047,Soda Water,48,2026-04-20,2026-04-20,delivered,SUP03,CBC (Central Bottling Company)
O001582,2026-04-19,P048,Red Bull,48,2026-04-20,2026-04-20,delivered,SUP03,CBC (Central Bottling Company)
O001583,2026-04-19,P052,Lime Juice,6,2026-04-20,2026-04-20,delivered,SUP03,CBC (Central Bottling Company)
O001584,2026-04-19,P054,Sugar Syrup,6,2026-04-20,2026-04-20,delivered,SUP03,CBC (Central Bottling Company)
O001585,2026-04-20,P009,Bombay Sapphire,12,2026-04-21,2026-04-21,delivered,SUP01,Hakerem Distillers
O001586,2026-04-20,P013,Gordon's,12,2026-04-21,2026-04-21,delivered,SUP01,Hakerem Distillers
O001587,2026-04-20,P014,Absolut,12,2026-04-21,2026-04-21,delivered,SUP01,Hakerem Distillers
O001588,2026-04-20,P016,Grey Goose,12,2026-04-21,2026-04-21,delivered,SUP01,Hakerem Distillers
O001589,2026-04-20,P018,Stolichnaya,12,2026-04-21,2026-04-21,delivered,SUP01,Hakerem Distillers
O001590,2026-04-20,P021,Johnnie Walker Black,12,2026-04-21,2026-04-21,delivered,SUP01,Hakerem Distillers
O001591,2026-04-20,P024,Glenfiddich 12,12,2026-04-21,2026-04-21,delivered,SUP01,Hakerem Distillers
O001592,2026-04-20,P025,Bacardi Carta Blanca,12,2026-04-21,2026-04-21,delivered,SUP01,Hakerem Distillers
O001593,2026-04-20,P030,Olmeca Blanco,12,2026-04-21,2026-04-21,delivered,SUP01,Hakerem Distillers
O001594,2026-04-20,P031,Patron Silver,12,2026-04-21,2026-04-21,delivered,SUP01,Hakerem Distillers
O001595,2026-04-20,P032,Don Julio Blanco,12,2026-04-21,2026-04-21,delivered,SUP01,Hakerem Distillers
O001596,2026-04-20,P033,Aperol,12,2026-04-21,2026-04-24,delayed,SUP01,Hakerem Distillers
O001597,2026-04-20,P034,Campari,12,2026-04-21,2026-04-21,delivered,SUP01,Hakerem Distillers
O001598,2026-04-20,P036,Kahlua,12,2026-04-21,2026-04-22,delayed,SUP01,Hakerem Distillers
O001599,2026-04-20,P038,House Red Wine,12,2026-04-21,2026-04-21,delivered,SUP01,Hakerem Distillers
O001600,2026-04-20,P039,House White Wine,12,2026-04-21,2026-04-21,delivered,SUP01,Hakerem Distillers
O001601,2026-04-20,P041,Prosecco,24,2026-04-21,2026-04-22,delayed,SUP01,Hakerem Distillers
O001602,2026-04-21,P001,Carlsberg,24,2026-04-22,2026-04-22,delivered,SUP02,IBBL (Israel Beer Breweries Ltd)
O001603,2026-04-21,P002,Heineken,24,2026-04-22,2026-04-22,delivered,SUP02,IBBL (Israel Beer Breweries Ltd)
O001604,2026-04-21,P003,Corona,48,2026-04-22,2026-04-22,delivered,SUP02,IBBL (Israel Beer Breweries Ltd)
O001605,2026-04-21,P005,Goldstar,24,2026-04-22,2026-04-22,delivered,SUP02,IBBL (Israel Beer Breweries Ltd)
O001606,2026-04-21,P006,Maccabee,24,2026-04-22,2026-04-22,delivered,SUP02,IBBL (Israel Beer Breweries Ltd)
O001607,2026-04-21,P007,Stella Artois,24,2026-04-22,2026-04-22,delivered,SUP02,IBBL (Israel Beer Breweries Ltd)
O001608,2026-04-21,P008,Erdinger,24,2026-04-22,2026-04-22,delivered,SUP02,IBBL (Israel Beer Breweries Ltd)
O001609,2026-04-21,K001,Carlsberg 50L,1,2026-04-22,2026-04-22,delivered,SUP02,IBBL (Israel Beer Breweries Ltd)
O001610,2026-04-21,K002,Tuborg 50L,1,2026-04-22,2026-04-22,delivered,SUP02,IBBL (Israel Beer Breweries Ltd)
O001611,2026-04-21,K003,Carlsberg 30L,3,2026-04-22,2026-04-22,delivered,SUP02,IBBL (Israel Beer Breweries Ltd)
O001612,2026-04-21,K004,Malka 30L,2,2026-04-22,2026-04-22,delivered,SUP02,IBBL (Israel Beer Breweries Ltd)
O001613,2026-04-21,K005,Weihenstephan 30L,1,2026-04-22,2026-04-22,delivered,SUP02,IBBL (Israel Beer Breweries Ltd)
O001614,2026-04-22,P043,Coca-Cola,24,2026-04-23,2026-04-23,delivered,SUP03,CBC (Central Bottling Company)
O001615,2026-04-22,P045,Sprite,24,2026-04-23,2026-04-23,delivered,SUP03,CBC (Central Bottling Company)
O001616,2026-04-22,P046,Tonic Water,24,2026-04-23,2026-04-23,delivered,SUP03,CBC (Central Bottling Company)
O001617,2026-04-22,P047,Soda Water,24,2026-04-23,2026-04-23,delivered,SUP03,CBC (Central Bottling Company)
O001618,2026-04-22,P055,Fresh Mint,6,2026-04-23,2026-04-23,delivered,SUP03,CBC (Central Bottling Company)
O001619,2026-04-23,P025,Bacardi Carta Blanca,12,2026-04-24,2026-04-24,delivered,SUP01,Hakerem Distillers
O001620,2026-04-23,P033,Aperol,12,2026-04-24,2026-04-24,delivered,SUP01,Hakerem Distillers
O001621,2026-04-23,P038,House Red Wine,12,2026-04-24,2026-04-24,delivered,SUP01,Hakerem Distillers
O001622,2026-04-23,P041,Prosecco,12,2026-04-24,2026-04-25,delayed,SUP01,Hakerem Distillers
O001623,2026-04-24,P001,Carlsberg,24,2026-04-25,2026-04-25,delivered,SUP02,IBBL (Israel Beer Breweries Ltd)
O001624,2026-04-24,P002,Heineken,24,2026-04-25,2026-04-25,delivered,SUP02,IBBL (Israel Beer Breweries Ltd)
O001625,2026-04-24,P003,Corona,24,2026-04-25,2026-04-25,delivered,SUP02,IBBL (Israel Beer Breweries Ltd)
O001626,2026-04-24,P004,Guinness,24,2026-04-25,2026-04-25,delivered,SUP02,IBBL (Israel Beer Breweries Ltd)
O001627,2026-04-24,P005,Goldstar,24,2026-04-25,2026-04-25,delivered,SUP02,IBBL (Israel Beer Breweries Ltd)
O001628,2026-04-24,P006,Maccabee,24,2026-04-25,2026-04-25,delivered,SUP02,IBBL (Israel Beer Breweries Ltd)
O001629,2026-04-24,P007,Stella Artois,24,2026-04-25,2026-04-25,delivered,SUP02,IBBL (Israel Beer Breweries Ltd)
O001630,2026-04-24,K001,Carlsberg 50L,2,2026-04-25,2026-04-25,delivered,SUP02,IBBL (Israel Beer Breweries Ltd)
O001631,2026-04-24,K002,Tuborg 50L,1,2026-04-25,2026-04-25,delivered,SUP02,IBBL (Israel Beer Breweries Ltd)
O001632,2026-04-24,K003,Carlsberg 30L,2,2026-04-25,2026-04-25,delivered,SUP02,IBBL (Israel Beer Breweries Ltd)
O001633,2026-04-24,K004,Malka 30L,2,2026-04-25,2026-04-25,delivered,SUP02,IBBL (Israel Beer Breweries Ltd)
O001634,2026-04-24,K005,Weihenstephan 30L,2,2026-04-25,2026-04-25,delivered,SUP02,IBBL (Israel Beer Breweries Ltd)
O001635,2026-04-26,P043,Coca-Cola,72,2026-04-27,2026-04-27,delivered,SUP03,CBC (Central Bottling Company)
O001636,2026-04-26,P044,Coca-Cola Zero,48,2026-04-27,2026-04-27,delivered,SUP03,CBC (Central Bottling Company)
O001637,2026-04-26,P045,Sprite,48,2026-04-27,2026-04-27,delivered,SUP03,CBC (Central Bottling Company)
O001638,2026-04-26,P046,Tonic Water,48,2026-04-27,2026-04-28,delayed,SUP03,CBC (Central Bottling Company)
O001639,2026-04-26,P047,Soda Water,48,2026-04-27,2026-04-27,delivered,SUP03,CBC (Central Bottling Company)
O001640,2026-04-26,P048,Red Bull,48,2026-04-27,2026-04-27,delivered,SUP03,CBC (Central Bottling Company)
O001641,2026-04-26,P049,Ginger Beer,24,2026-04-27,2026-04-27,delivered,SUP03,CBC (Central Bottling Company)
O001642,2026-04-26,P052,Lime Juice,6,2026-04-27,2026-04-27,delivered,SUP03,CBC (Central Bottling Company)
O001643,2026-04-27,P013,Gordon's,12,2026-04-28,2026-04-29,delayed,SUP01,Hakerem Distillers
O001644,2026-04-27,P014,Absolut,12,2026-04-28,2026-04-28,delivered,SUP01,Hakerem Distillers
O001645,2026-04-27,P017,Belvedere,12,2026-04-28,2026-04-28,delivered,SUP01,Hakerem Distillers
O001646,2026-04-27,P019,Jameson,12,2026-04-28,2026-04-28,delivered,SUP01,Hakerem Distillers
O001647,2026-04-27,P025,Bacardi Carta Blanca,12,2026-04-28,2026-04-28,delivered,SUP01,Hakerem Distillers
O001648,2026-04-27,P035,Cointreau,12,2026-04-28,2026-04-28,delivered,SUP01,Hakerem Distillers
O001649,2026-04-27,P039,House White Wine,12,2026-04-28,2026-04-28,delivered,SUP01,Hakerem Distillers
O001650,2026-04-27,P040,Rose Wine,12,2026-04-28,2026-04-28,delivered,SUP01,Hakerem Distillers
O001651,2026-04-27,P041,Prosecco,12,2026-04-28,2026-04-30,delayed,SUP01,Hakerem Distillers
O001652,2026-04-28,P001,Carlsberg,48,2026-04-29,2026-04-29,delivered,SUP02,IBBL (Israel Beer Breweries Ltd)
O001653,2026-04-28,P002,Heineken,48,2026-04-29,2026-04-29,delivered,SUP02,IBBL (Israel Beer Breweries Ltd)
O001654,2026-04-28,P003,Corona,24,2026-04-29,2026-04-29,delivered,SUP02,IBBL (Israel Beer Breweries Ltd)
O001655,2026-04-28,P004,Guinness,24,2026-04-29,2026-04-29,delivered,SUP02,IBBL (Israel Beer Breweries Ltd)
O001656,2026-04-28,P005,Goldstar,48,2026-04-29,2026-04-29,delivered,SUP02,IBBL (Israel Beer Breweries Ltd)
O001657,2026-04-28,P006,Maccabee,24,2026-04-29,2026-04-29,delivered,SUP02,IBBL (Israel Beer Breweries Ltd)
O001658,2026-04-28,P007,Stella Artois,24,2026-04-29,2026-04-29,delivered,SUP02,IBBL (Israel Beer Breweries Ltd)
O001659,2026-04-28,P008,Erdinger,24,2026-04-29,2026-04-29,delivered,SUP02,IBBL (Israel Beer Breweries Ltd)
O001660,2026-04-28,K001,Carlsberg 50L,2,2026-04-29,2026-04-29,delivered,SUP02,IBBL (Israel Beer Breweries Ltd)
O001661,2026-04-28,K002,Tuborg 50L,2,2026-04-29,2026-04-29,delivered,SUP02,IBBL (Israel Beer Breweries Ltd)
O001662,2026-04-28,K003,Carlsberg 30L,2,2026-04-29,2026-04-30,delayed,SUP02,IBBL (Israel Beer Breweries Ltd)
O001663,2026-04-28,K004,Malka 30L,2,2026-04-29,2026-04-29,delivered,SUP02,IBBL (Israel Beer Breweries Ltd)
O001664,2026-04-28,K005,Weihenstephan 30L,1,2026-04-29,2026-04-29,delivered,SUP02,IBBL (Israel Beer Breweries Ltd)
O001665,2026-04-29,P043,Coca-Cola,48,2026-04-30,2026-04-30,delivered,SUP03,CBC (Central Bottling Company)
O001666,2026-04-29,P044,Coca-Cola Zero,24,2026-04-30,2026-04-30,delivered,SUP03,CBC (Central Bottling Company)
O001667,2026-04-29,P048,Red Bull,24,2026-04-30,2026-04-30,delivered,SUP03,CBC (Central Bottling Company)
O001668,2026-04-30,P020,Jack Daniel's,12,2026-05-01,2026-05-01,delivered,SUP01,Hakerem Distillers
O001669,2026-04-30,P031,Patron Silver,12,2026-05-01,2026-05-01,delivered,SUP01,Hakerem Distillers
O001670,2026-04-30,P033,Aperol,12,2026-05-01,2026-05-01,delivered,SUP01,Hakerem Distillers
O001671,2026-04-30,P038,House Red Wine,12,2026-05-01,2026-05-01,delivered,SUP01,Hakerem Distillers
O001672,2026-04-30,P039,House White Wine,12,2026-05-01,2026-05-01,delivered,SUP01,Hakerem Distillers
O001673,2026-04-30,P041,Prosecco,12,2026-05-01,2026-05-01,delivered,SUP01,Hakerem Distillers
O001674,2026-04-30,P042,Chardonnay,12,2026-05-01,2026-05-01,delivered,SUP01,Hakerem Distillers
O001675,2026-05-01,P001,Carlsberg,48,2026-05-02,2026-05-02,delivered,SUP02,IBBL (Israel Beer Breweries Ltd)
O001676,2026-05-01,P002,Heineken,24,2026-05-02,2026-05-02,delivered,SUP02,IBBL (Israel Beer Breweries Ltd)
O001677,2026-05-01,P003,Corona,24,2026-05-02,2026-05-02,delivered,SUP02,IBBL (Israel Beer Breweries Ltd)
O001678,2026-05-01,P005,Goldstar,24,2026-05-02,2026-05-02,delivered,SUP02,IBBL (Israel Beer Breweries Ltd)
O001679,2026-05-01,P007,Stella Artois,24,2026-05-02,2026-05-02,delivered,SUP02,IBBL (Israel Beer Breweries Ltd)
O001680,2026-05-01,K001,Carlsberg 50L,2,2026-05-02,2026-05-02,delivered,SUP02,IBBL (Israel Beer Breweries Ltd)
O001681,2026-05-01,K002,Tuborg 50L,1,2026-05-02,2026-05-02,delivered,SUP02,IBBL (Israel Beer Breweries Ltd)
O001682,2026-05-01,K003,Carlsberg 30L,3,2026-05-02,2026-05-02,delivered,SUP02,IBBL (Israel Beer Breweries Ltd)
O001683,2026-05-01,K004,Malka 30L,3,2026-05-02,2026-05-02,delivered,SUP02,IBBL (Israel Beer Breweries Ltd)
O001684,2026-05-01,K005,Weihenstephan 30L,2,2026-05-02,2026-05-02,delivered,SUP02,IBBL (Israel Beer Breweries Ltd)
O001685,2026-05-03,P043,Coca-Cola,72,2026-05-04,2026-05-04,delivered,SUP03,CBC (Central Bottling Company)
O001686,2026-05-03,P044,Coca-Cola Zero,48,2026-05-04,2026-05-04,delivered,SUP03,CBC (Central Bottling Company)
O001687,2026-05-03,P045,Sprite,48,2026-05-04,2026-05-04,delivered,SUP03,CBC (Central Bottling Company)
O001688,2026-05-03,P046,Tonic Water,72,2026-05-04,2026-05-04,delivered,SUP03,CBC (Central Bottling Company)
O001689,2026-05-03,P047,Soda Water,48,2026-05-04,2026-05-04,delivered,SUP03,CBC (Central Bottling Company)
O001690,2026-05-03,P048,Red Bull,48,2026-05-04,2026-05-04,delivered,SUP03,CBC (Central Bottling Company)
O001691,2026-05-03,P049,Ginger Beer,24,2026-05-04,2026-05-04,delivered,SUP03,CBC (Central Bottling Company)
O001692,2026-05-03,P052,Lime Juice,6,2026-05-04,2026-05-04,delivered,SUP03,CBC (Central Bottling Company)
O001693,2026-05-03,P054,Sugar Syrup,6,2026-05-04,2026-05-04,delivered,SUP03,CBC (Central Bottling Company)
O001694,2026-05-04,P011,Hendrick's,12,2026-05-05,2026-05-05,delivered,SUP01,Hakerem Distillers
O001695,2026-05-04,P013,Gordon's,12,2026-05-05,2026-05-05,delivered,SUP01,Hakerem Distillers
O001696,2026-05-04,P014,Absolut,12,2026-05-05,2026-05-05,delivered,SUP01,Hakerem Distillers
O001697,2026-05-04,P025,Bacardi Carta Blanca,12,2026-05-05,2026-05-05,delivered,SUP01,Hakerem Distillers
O001698,2026-05-04,P033,Aperol,12,2026-05-05,2026-05-05,delivered,SUP01,Hakerem Distillers
O001699,2026-05-04,P034,Campari,12,2026-05-05,2026-05-05,delivered,SUP01,Hakerem Distillers
O001700,2026-05-04,P038,House Red Wine,12,2026-05-05,2026-05-05,delivered,SUP01,Hakerem Distillers
O001701,2026-05-04,P039,House White Wine,12,2026-05-05,2026-05-05,delivered,SUP01,Hakerem Distillers
O001702,2026-05-04,P041,Prosecco,12,2026-05-05,2026-05-05,delivered,SUP01,Hakerem Distillers
O001703,2026-05-05,P001,Carlsberg,48,2026-05-06,2026-05-06,delivered,SUP02,IBBL (Israel Beer Breweries Ltd)
O001704,2026-05-05,P002,Heineken,24,2026-05-06,2026-05-06,delivered,SUP02,IBBL (Israel Beer Breweries Ltd)
O001705,2026-05-05,P003,Corona,24,2026-05-06,2026-05-06,delivered,SUP02,IBBL (Israel Beer Breweries Ltd)
O001706,2026-05-05,P004,Guinness,24,2026-05-06,2026-05-06,delivered,SUP02,IBBL (Israel Beer Breweries Ltd)
O001707,2026-05-05,P005,Goldstar,48,2026-05-06,2026-05-06,delivered,SUP02,IBBL (Israel Beer Breweries Ltd)
O001708,2026-05-05,P006,Maccabee,24,2026-05-06,2026-05-06,delivered,SUP02,IBBL (Israel Beer Breweries Ltd)
O001709,2026-05-05,P007,Stella Artois,24,2026-05-06,2026-05-06,delivered,SUP02,IBBL (Israel Beer Breweries Ltd)
O001710,2026-05-05,P008,Erdinger,24,2026-05-06,2026-05-06,delivered,SUP02,IBBL (Israel Beer Breweries Ltd)
O001711,2026-05-05,K001,Carlsberg 50L,2,2026-05-06,2026-05-09,delayed,SUP02,IBBL (Israel Beer Breweries Ltd)
O001712,2026-05-05,K002,Tuborg 50L,1,2026-05-06,2026-05-06,delivered,SUP02,IBBL (Israel Beer Breweries Ltd)
O001713,2026-05-05,K003,Carlsberg 30L,3,2026-05-06,2026-05-06,delivered,SUP02,IBBL (Israel Beer Breweries Ltd)
O001714,2026-05-05,K004,Malka 30L,2,2026-05-06,2026-05-08,delayed,SUP02,IBBL (Israel Beer Breweries Ltd)
O001715,2026-05-05,K005,Weihenstephan 30L,2,2026-05-06,2026-05-06,delivered,SUP02,IBBL (Israel Beer Breweries Ltd)
O001716,2026-05-06,P043,Coca-Cola,48,2026-05-07,2026-05-07,delivered,SUP03,CBC (Central Bottling Company)
O001717,2026-05-06,P044,Coca-Cola Zero,24,2026-05-07,2026-05-07,delivered,SUP03,CBC (Central Bottling Company)
O001718,2026-05-06,P045,Sprite,24,2026-05-07,2026-05-07,delivered,SUP03,CBC (Central Bottling Company)
O001719,2026-05-06,P047,Soda Water,24,2026-05-07,2026-05-07,delivered,SUP03,CBC (Central Bottling Company)
O001720,2026-05-07,P025,Bacardi Carta Blanca,12,2026-05-08,2026-05-08,delivered,SUP01,Hakerem Distillers
O001721,2026-05-07,P029,Jose Cuervo,12,2026-05-08,2026-05-08,delivered,SUP01,Hakerem Distillers
O001722,2026-05-07,P041,Prosecco,12,2026-05-08,2026-05-08,delivered,SUP01,Hakerem Distillers
O001723,2026-05-08,P001,Carlsberg,24,2026-05-09,2026-05-09,delivered,SUP02,IBBL (Israel Beer Breweries Ltd)
O001724,2026-05-08,P002,Heineken,24,2026-05-09,2026-05-09,delivered,SUP02,IBBL (Israel Beer Breweries Ltd)
O001725,2026-05-08,P003,Corona,24,2026-05-09,2026-05-09,delivered,SUP02,IBBL (Israel Beer Breweries Ltd)
O001726,2026-05-08,P005,Goldstar,24,2026-05-09,2026-05-09,delivered,SUP02,IBBL (Israel Beer Breweries Ltd)
O001727,2026-05-08,P006,Maccabee,24,2026-05-09,2026-05-09,delivered,SUP02,IBBL (Israel Beer Breweries Ltd)
O001728,2026-05-08,P007,Stella Artois,24,2026-05-09,2026-05-09,delivered,SUP02,IBBL (Israel Beer Breweries Ltd)
O001729,2026-05-08,K001,Carlsberg 50L,3,2026-05-09,2026-05-09,delivered,SUP02,IBBL (Israel Beer Breweries Ltd)
O001730,2026-05-08,K002,Tuborg 50L,2,2026-05-09,2026-05-09,delivered,SUP02,IBBL (Israel Beer Breweries Ltd)
O001731,2026-05-08,K003,Carlsberg 30L,2,2026-05-09,2026-05-09,delivered,SUP02,IBBL (Israel Beer Breweries Ltd)
O001732,2026-05-08,K004,Malka 30L,2,2026-05-09,2026-05-09,delivered,SUP02,IBBL (Israel Beer Breweries Ltd)
O001733,2026-05-08,K005,Weihenstephan 30L,1,2026-05-09,2026-05-09,delivered,SUP02,IBBL (Israel Beer Breweries Ltd)
O001734,2026-05-10,P043,Coca-Cola,72,2026-05-11,2026-05-11,delivered,SUP03,CBC (Central Bottling Company)
O001735,2026-05-10,P044,Coca-Cola Zero,24,2026-05-11,2026-05-11,delivered,SUP03,CBC (Central Bottling Company)
O001736,2026-05-10,P045,Sprite,48,2026-05-11,2026-05-14,delayed,SUP03,CBC (Central Bottling Company)
O001737,2026-05-10,P046,Tonic Water,48,2026-05-11,2026-05-11,delivered,SUP03,CBC (Central Bottling Company)
O001738,2026-05-10,P047,Soda Water,48,2026-05-11,2026-05-11,delivered,SUP03,CBC (Central Bottling Company)
O001739,2026-05-10,P048,Red Bull,48,2026-05-11,2026-05-11,delivered,SUP03,CBC (Central Bottling Company)
O001740,2026-05-10,P049,Ginger Beer,24,2026-05-11,2026-05-11,delivered,SUP03,CBC (Central Bottling Company)
O001741,2026-05-10,P052,Lime Juice,6,2026-05-11,2026-05-11,delivered,SUP03,CBC (Central Bottling Company)
O001742,2026-05-10,P056,Coffee Beans,6,2026-05-11,2026-05-11,delivered,SUP03,CBC (Central Bottling Company)
O001743,2026-05-11,P013,Gordon's,12,2026-05-12,2026-05-12,delivered,SUP01,Hakerem Distillers
O001744,2026-05-11,P022,Chivas Regal,12,2026-05-12,2026-05-13,delayed,SUP01,Hakerem Distillers
O001745,2026-05-11,P025,Bacardi Carta Blanca,12,2026-05-12,2026-05-12,delivered,SUP01,Hakerem Distillers
O001746,2026-05-11,P026,Havana Club 3,12,2026-05-12,2026-05-12,delivered,SUP01,Hakerem Distillers
O001747,2026-05-11,P027,Captain Morgan,12,2026-05-12,2026-05-15,delayed,SUP01,Hakerem Distillers
O001748,2026-05-11,P031,Patron Silver,12,2026-05-12,2026-05-12,delivered,SUP01,Hakerem Distillers
O001749,2026-05-11,P033,Aperol,12,2026-05-12,2026-05-12,delivered,SUP01,Hakerem Distillers
O001750,2026-05-11,P037,Martini Rosso,12,2026-05-12,2026-05-12,delivered,SUP01,Hakerem Distillers
O001751,2026-05-11,P038,House Red Wine,12,2026-05-12,2026-05-12,delivered,SUP01,Hakerem Distillers
O001752,2026-05-11,P039,House White Wine,12,2026-05-12,2026-05-12,delivered,SUP01,Hakerem Distillers
O001753,2026-05-11,P040,Rose Wine,12,2026-05-12,2026-05-12,delivered,SUP01,Hakerem Distillers
O001754,2026-05-11,P041,Prosecco,12,2026-05-12,2026-05-12,delivered,SUP01,Hakerem Distillers
O001755,2026-05-12,P001,Carlsberg,48,2026-05-13,2026-05-13,delivered,SUP02,IBBL (Israel Beer Breweries Ltd)
O001756,2026-05-12,P002,Heineken,48,2026-05-13,2026-05-13,delivered,SUP02,IBBL (Israel Beer Breweries Ltd)
O001757,2026-05-12,P003,Corona,24,2026-05-13,2026-05-13,delivered,SUP02,IBBL (Israel Beer Breweries Ltd)
O001758,2026-05-12,P004,Guinness,24,2026-05-13,2026-05-13,delivered,SUP02,IBBL (Israel Beer Breweries Ltd)
O001759,2026-05-12,P005,Goldstar,48,2026-05-13,2026-05-14,delayed,SUP02,IBBL (Israel Beer Breweries Ltd)
O001760,2026-05-12,P007,Stella Artois,24,2026-05-13,2026-05-13,delivered,SUP02,IBBL (Israel Beer Breweries Ltd)
O001761,2026-05-12,P008,Erdinger,24,2026-05-13,2026-05-13,delivered,SUP02,IBBL (Israel Beer Breweries Ltd)
O001762,2026-05-12,K002,Tuborg 50L,1,2026-05-13,2026-05-13,delivered,SUP02,IBBL (Israel Beer Breweries Ltd)
O001763,2026-05-12,K003,Carlsberg 30L,3,2026-05-13,2026-05-13,delivered,SUP02,IBBL (Israel Beer Breweries Ltd)
O001764,2026-05-12,K004,Malka 30L,2,2026-05-13,2026-05-13,delivered,SUP02,IBBL (Israel Beer Breweries Ltd)
O001765,2026-05-12,K005,Weihenstephan 30L,2,2026-05-13,2026-05-13,delivered,SUP02,IBBL (Israel Beer Breweries Ltd)
O001766,2026-05-13,P043,Coca-Cola,24,2026-05-14,2026-05-14,delivered,SUP03,CBC (Central Bottling Company)
O001767,2026-05-13,P044,Coca-Cola Zero,24,2026-05-14,2026-05-14,delivered,SUP03,CBC (Central Bottling Company)
O001768,2026-05-13,P045,Sprite,48,2026-05-14,2026-05-14,delivered,SUP03,CBC (Central Bottling Company)
O001769,2026-05-13,P046,Tonic Water,24,2026-05-14,2026-05-14,delivered,SUP03,CBC (Central Bottling Company)
O001770,2026-05-14,P010,Tanqueray,12,2026-05-15,2026-05-15,delivered,SUP01,Hakerem Distillers
O001771,2026-05-14,P014,Absolut,12,2026-05-15,2026-05-15,delivered,SUP01,Hakerem Distillers
O001772,2026-05-14,P019,Jameson,12,2026-05-15,2026-05-15,delivered,SUP01,Hakerem Distillers
O001773,2026-05-14,P027,Captain Morgan,12,2026-05-15,2026-05-15,delivered,SUP01,Hakerem Distillers
O001774,2026-05-14,P036,Kahlua,12,2026-05-15,2026-05-15,delivered,SUP01,Hakerem Distillers
O001775,2026-05-14,P038,House Red Wine,12,2026-05-15,2026-05-15,delivered,SUP01,Hakerem Distillers
O001776,2026-05-14,P039,House White Wine,12,2026-05-15,2026-05-15,delivered,SUP01,Hakerem Distillers
O001777,2026-05-14,P041,Prosecco,12,2026-05-15,2026-05-15,delivered,SUP01,Hakerem Distillers
O001778,2026-05-15,P001,Carlsberg,48,2026-05-16,2026-05-16,delivered,SUP02,IBBL (Israel Beer Breweries Ltd)
O001779,2026-05-15,P002,Heineken,24,2026-05-16,2026-05-16,delivered,SUP02,IBBL (Israel Beer Breweries Ltd)
O001780,2026-05-15,P003,Corona,24,2026-05-16,2026-05-16,delivered,SUP02,IBBL (Israel Beer Breweries Ltd)
O001781,2026-05-15,P004,Guinness,24,2026-05-16,2026-05-16,delivered,SUP02,IBBL (Israel Beer Breweries Ltd)
O001782,2026-05-15,P005,Goldstar,24,2026-05-16,2026-05-16,delivered,SUP02,IBBL (Israel Beer Breweries Ltd)
O001783,2026-05-15,P006,Maccabee,24,2026-05-16,2026-05-16,delivered,SUP02,IBBL (Israel Beer Breweries Ltd)
O001784,2026-05-15,P007,Stella Artois,24,2026-05-16,2026-05-16,delivered,SUP02,IBBL (Israel Beer Breweries Ltd)
O001785,2026-05-15,K001,Carlsberg 50L,2,2026-05-16,2026-05-16,delivered,SUP02,IBBL (Israel Beer Breweries Ltd)
O001786,2026-05-15,K002,Tuborg 50L,2,2026-05-16,2026-05-16,delivered,SUP02,IBBL (Israel Beer Breweries Ltd)
O001787,2026-05-15,K003,Carlsberg 30L,3,2026-05-16,2026-05-16,delivered,SUP02,IBBL (Israel Beer Breweries Ltd)
O001788,2026-05-15,K004,Malka 30L,2,2026-05-16,2026-05-16,delivered,SUP02,IBBL (Israel Beer Breweries Ltd)
O001789,2026-05-15,K005,Weihenstephan 30L,1,2026-05-16,2026-05-16,delivered,SUP02,IBBL (Israel Beer Breweries Ltd)
O001790,2026-05-17,P043,Coca-Cola,72,2026-05-18,2026-05-18,delivered,SUP03,CBC (Central Bottling Company)
O001791,2026-05-17,P044,Coca-Cola Zero,72,2026-05-18,2026-05-18,delivered,SUP03,CBC (Central Bottling Company)
O001792,2026-05-17,P046,Tonic Water,48,2026-05-18,2026-05-18,delivered,SUP03,CBC (Central Bottling Company)
O001793,2026-05-17,P047,Soda Water,48,2026-05-18,2026-05-18,delivered,SUP03,CBC (Central Bottling Company)
O001794,2026-05-17,P048,Red Bull,48,2026-05-18,2026-05-18,delivered,SUP03,CBC (Central Bottling Company)
O001795,2026-05-17,P049,Ginger Beer,24,2026-05-18,2026-05-18,delivered,SUP03,CBC (Central Bottling Company)
O001796,2026-05-17,P052,Lime Juice,6,2026-05-18,2026-05-18,delivered,SUP03,CBC (Central Bottling Company)
O001797,2026-05-17,P054,Sugar Syrup,6,2026-05-18,2026-05-18,delivered,SUP03,CBC (Central Bottling Company)
O001798,2026-05-18,P013,Gordon's,12,2026-05-19,2026-05-20,delayed,SUP01,Hakerem Distillers
O001799,2026-05-18,P020,Jack Daniel's,12,2026-05-19,2026-05-19,delivered,SUP01,Hakerem Distillers
O001800,2026-05-18,P025,Bacardi Carta Blanca,12,2026-05-19,2026-05-19,delivered,SUP01,Hakerem Distillers
O001801,2026-05-18,P031,Patron Silver,12,2026-05-19,2026-05-19,delivered,SUP01,Hakerem Distillers
O001802,2026-05-18,P033,Aperol,12,2026-05-19,2026-05-19,delivered,SUP01,Hakerem Distillers
O001803,2026-05-18,P035,Cointreau,12,2026-05-19,2026-05-19,delivered,SUP01,Hakerem Distillers
O001804,2026-05-18,P038,House Red Wine,12,2026-05-19,2026-05-19,delivered,SUP01,Hakerem Distillers
O001805,2026-05-18,P039,House White Wine,12,2026-05-19,2026-05-19,delivered,SUP01,Hakerem Distillers
O001806,2026-05-18,P041,Prosecco,12,2026-05-19,2026-05-19,delivered,SUP01,Hakerem Distillers
O001807,2026-05-19,P001,Carlsberg,24,2026-05-20,2026-05-20,delivered,SUP02,IBBL (Israel Beer Breweries Ltd)
O001808,2026-05-19,P002,Heineken,48,2026-05-20,2026-05-20,delivered,SUP02,IBBL (Israel Beer Breweries Ltd)
O001809,2026-05-19,P003,Corona,48,2026-05-20,2026-05-20,delivered,SUP02,IBBL (Israel Beer Breweries Ltd)
O001810,2026-05-19,P005,Goldstar,24,2026-05-20,2026-05-20,delivered,SUP02,IBBL (Israel Beer Breweries Ltd)
O001811,2026-05-19,P006,Maccabee,24,2026-05-20,2026-05-20,delivered,SUP02,IBBL (Israel Beer Breweries Ltd)
O001812,2026-05-19,P007,Stella Artois,24,2026-05-20,2026-05-20,delivered,SUP02,IBBL (Israel Beer Breweries Ltd)
O001813,2026-05-19,P008,Erdinger,24,2026-05-20,2026-05-20,delivered,SUP02,IBBL (Israel Beer Breweries Ltd)
O001814,2026-05-19,K001,Carlsberg 50L,2,2026-05-20,2026-05-20,delivered,SUP02,IBBL (Israel Beer Breweries Ltd)
O001815,2026-05-19,K002,Tuborg 50L,1,2026-05-20,2026-05-20,delivered,SUP02,IBBL (Israel Beer Breweries Ltd)
O001816,2026-05-19,K003,Carlsberg 30L,3,2026-05-20,2026-05-20,delivered,SUP02,IBBL (Israel Beer Breweries Ltd)
O001817,2026-05-19,K004,Malka 30L,2,2026-05-20,2026-05-23,delayed,SUP02,IBBL (Israel Beer Breweries Ltd)
O001818,2026-05-19,K005,Weihenstephan 30L,2,2026-05-20,2026-05-20,delivered,SUP02,IBBL (Israel Beer Breweries Ltd)
O001819,2026-05-20,P043,Coca-Cola,24,2026-05-21,2026-05-21,delivered,SUP03,CBC (Central Bottling Company)
O001820,2026-05-20,P045,Sprite,24,2026-05-21,2026-05-21,delivered,SUP03,CBC (Central Bottling Company)
O001821,2026-05-20,P046,Tonic Water,24,2026-05-21,2026-05-21,delivered,SUP03,CBC (Central Bottling Company)
O001822,2026-05-20,P047,Soda Water,24,2026-05-21,2026-05-21,delivered,SUP03,CBC (Central Bottling Company)
O001823,2026-05-20,P048,Red Bull,24,2026-05-21,2026-05-21,delivered,SUP03,CBC (Central Bottling Company)
O001824,2026-05-21,P011,Hendrick's,12,2026-05-22,2026-05-22,delivered,SUP01,Hakerem Distillers
O001825,2026-05-21,P014,Absolut,12,2026-05-22,2026-05-22,delivered,SUP01,Hakerem Distillers
O001826,2026-05-21,P016,Grey Goose,12,2026-05-22,2026-05-22,delivered,SUP01,Hakerem Distillers
O001827,2026-05-21,P021,Johnnie Walker Black,12,2026-05-22,2026-05-22,delivered,SUP01,Hakerem Distillers
O001828,2026-05-21,P025,Bacardi Carta Blanca,12,2026-05-22,2026-05-22,delivered,SUP01,Hakerem Distillers
O001829,2026-05-21,P033,Aperol,12,2026-05-22,2026-05-22,delivered,SUP01,Hakerem Distillers
O001830,2026-05-21,P039,House White Wine,12,2026-05-22,2026-05-22,delivered,SUP01,Hakerem Distillers
O001831,2026-05-21,P040,Rose Wine,12,2026-05-22,2026-05-22,delivered,SUP01,Hakerem Distillers
O001832,2026-05-21,P041,Prosecco,12,2026-05-22,2026-05-25,delayed,SUP01,Hakerem Distillers
O001833,2026-05-21,P042,Chardonnay,12,2026-05-22,2026-05-23,delayed,SUP01,Hakerem Distillers
O001834,2026-05-22,P001,Carlsberg,72,2026-05-23,2026-05-23,delivered,SUP02,IBBL (Israel Beer Breweries Ltd)
O001835,2026-05-22,P002,Heineken,24,2026-05-23,2026-05-23,delivered,SUP02,IBBL (Israel Beer Breweries Ltd)
O001836,2026-05-22,P003,Corona,24,2026-05-23,2026-05-23,delivered,SUP02,IBBL (Israel Beer Breweries Ltd)
O001837,2026-05-22,P004,Guinness,24,2026-05-23,2026-05-23,delivered,SUP02,IBBL (Israel Beer Breweries Ltd)
O001838,2026-05-22,P005,Goldstar,48,2026-05-23,2026-05-23,delivered,SUP02,IBBL (Israel Beer Breweries Ltd)
O001839,2026-05-22,P006,Maccabee,24,2026-05-23,2026-05-23,delivered,SUP02,IBBL (Israel Beer Breweries Ltd)
O001840,2026-05-22,P007,Stella Artois,24,2026-05-23,2026-05-23,delivered,SUP02,IBBL (Israel Beer Breweries Ltd)
O001841,2026-05-22,K001,Carlsberg 50L,2,2026-05-23,2026-05-23,delivered,SUP02,IBBL (Israel Beer Breweries Ltd)
O001842,2026-05-22,K002,Tuborg 50L,2,2026-05-23,2026-05-23,delivered,SUP02,IBBL (Israel Beer Breweries Ltd)
O001843,2026-05-22,K003,Carlsberg 30L,3,2026-05-23,2026-05-23,delivered,SUP02,IBBL (Israel Beer Breweries Ltd)
O001844,2026-05-22,K004,Malka 30L,5,2026-05-23,2026-05-23,delivered,SUP02,IBBL (Israel Beer Breweries Ltd)
O001845,2026-05-22,K005,Weihenstephan 30L,2,2026-05-23,2026-05-23,delivered,SUP02,IBBL (Israel Beer Breweries Ltd)
O001846,2026-05-24,P043,Coca-Cola,96,2026-05-25,2026-05-25,delivered,SUP03,CBC (Central Bottling Company)
O001847,2026-05-24,P044,Coca-Cola Zero,72,2026-05-25,2026-05-25,delivered,SUP03,CBC (Central Bottling Company)
O001848,2026-05-24,P045,Sprite,48,2026-05-25,2026-05-25,delivered,SUP03,CBC (Central Bottling Company)
O001849,2026-05-24,P046,Tonic Water,72,2026-05-25,2026-05-25,delivered,SUP03,CBC (Central Bottling Company)
O001850,2026-05-24,P047,Soda Water,48,2026-05-25,2026-05-25,delivered,SUP03,CBC (Central Bottling Company)
O001851,2026-05-24,P048,Red Bull,48,2026-05-25,2026-05-25,delivered,SUP03,CBC (Central Bottling Company)
O001852,2026-05-24,P049,Ginger Beer,24,2026-05-25,2026-05-25,delivered,SUP03,CBC (Central Bottling Company)
O001853,2026-05-24,P052,Lime Juice,6,2026-05-25,2026-05-25,delivered,SUP03,CBC (Central Bottling Company)
O001854,2026-05-24,P053,Lemon Juice,6,2026-05-25,2026-05-25,delivered,SUP03,CBC (Central Bottling Company)
O001855,2026-05-24,P055,Fresh Mint,6,2026-05-25,2026-05-25,delivered,SUP03,CBC (Central Bottling Company)
O001856,2026-05-25,P009,Bombay Sapphire,12,2026-05-26,2026-05-26,delivered,SUP01,Hakerem Distillers
O001857,2026-05-25,P013,Gordon's,12,2026-05-26,2026-05-26,delivered,SUP01,Hakerem Distillers
O001858,2026-05-25,P025,Bacardi Carta Blanca,12,2026-05-26,2026-05-26,delivered,SUP01,Hakerem Distillers
O001859,2026-05-25,P031,Patron Silver,12,2026-05-26,2026-05-26,delivered,SUP01,Hakerem Distillers
O001860,2026-05-25,P033,Aperol,12,2026-05-26,2026-05-26,delivered,SUP01,Hakerem Distillers
O001861,2026-05-25,P034,Campari,12,2026-05-26,2026-05-26,delivered,SUP01,Hakerem Distillers
O001862,2026-05-25,P038,House Red Wine,12,2026-05-26,2026-05-26,delivered,SUP01,Hakerem Distillers
O001863,2026-05-25,P039,House White Wine,12,2026-05-26,2026-05-26,delivered,SUP01,Hakerem Distillers
O001864,2026-05-25,P041,Prosecco,24,2026-05-26,2026-05-26,delivered,SUP01,Hakerem Distillers
O001865,2026-05-26,P001,Carlsberg,48,2026-05-27,2026-05-27,delivered,SUP02,IBBL (Israel Beer Breweries Ltd)
O001866,2026-05-26,P002,Heineken,48,2026-05-27,2026-05-27,delivered,SUP02,IBBL (Israel Beer Breweries Ltd)
O001867,2026-05-26,P003,Corona,48,2026-05-27,2026-05-27,delivered,SUP02,IBBL (Israel Beer Breweries Ltd)
O001868,2026-05-26,P004,Guinness,24,2026-05-27,2026-05-30,delayed,SUP02,IBBL (Israel Beer Breweries Ltd)
O001869,2026-05-26,P005,Goldstar,48,2026-05-27,2026-05-27,delivered,SUP02,IBBL (Israel Beer Breweries Ltd)
O001870,2026-05-26,P006,Maccabee,24,2026-05-27,2026-05-27,delivered,SUP02,IBBL (Israel Beer Breweries Ltd)
O001871,2026-05-26,P007,Stella Artois,24,2026-05-27,2026-05-27,delivered,SUP02,IBBL (Israel Beer Breweries Ltd)
O001872,2026-05-26,P008,Erdinger,24,2026-05-27,2026-05-27,delivered,SUP02,IBBL (Israel Beer Breweries Ltd)
O001873,2026-05-26,K001,Carlsberg 50L,3,2026-05-27,2026-05-28,delayed,SUP02,IBBL (Israel Beer Breweries Ltd)
O001874,2026-05-26,K002,Tuborg 50L,2,2026-05-27,2026-05-28,delayed,SUP02,IBBL (Israel Beer Breweries Ltd)
O001875,2026-05-26,K003,Carlsberg 30L,3,2026-05-27,2026-05-27,delivered,SUP02,IBBL (Israel Beer Breweries Ltd)
O001876,2026-05-26,K004,Malka 30L,1,2026-05-27,2026-05-27,delivered,SUP02,IBBL (Israel Beer Breweries Ltd)
O001877,2026-05-26,K005,Weihenstephan 30L,2,2026-05-27,2026-05-30,delayed,SUP02,IBBL (Israel Beer Breweries Ltd)
O001878,2026-05-27,P043,Coca-Cola,48,2026-05-28,2026-05-28,delivered,SUP03,CBC (Central Bottling Company)
O001879,2026-05-27,P044,Coca-Cola Zero,24,2026-05-28,2026-05-28,delivered,SUP03,CBC (Central Bottling Company)
O001880,2026-05-27,P045,Sprite,24,2026-05-28,2026-05-28,delivered,SUP03,CBC (Central Bottling Company)
O001881,2026-05-27,P046,Tonic Water,24,2026-05-28,2026-05-28,delivered,SUP03,CBC (Central Bottling Company)
O001882,2026-05-27,P047,Soda Water,24,2026-05-28,2026-05-28,delivered,SUP03,CBC (Central Bottling Company)
O001883,2026-05-27,P048,Red Bull,24,2026-05-28,2026-05-28,delivered,SUP03,CBC (Central Bottling Company)
O001884,2026-05-27,P052,Lime Juice,6,2026-05-28,2026-05-29,delayed,SUP03,CBC (Central Bottling Company)
O001885,2026-05-27,P054,Sugar Syrup,6,2026-05-28,2026-05-30,delayed,SUP03,CBC (Central Bottling Company)
O001886,2026-05-28,P013,Gordon's,12,2026-05-29,2026-05-29,delivered,SUP01,Hakerem Distillers
O001887,2026-05-28,P014,Absolut,12,2026-05-29,2026-05-29,delivered,SUP01,Hakerem Distillers
O001888,2026-05-28,P019,Jameson,12,2026-05-29,2026-05-29,delivered,SUP01,Hakerem Distillers
O001889,2026-05-28,P038,House Red Wine,12,2026-05-29,2026-05-29,delivered,SUP01,Hakerem Distillers
O001890,2026-05-29,P001,Carlsberg,24,2026-05-30,2026-05-30,delivered,SUP02,IBBL (Israel Beer Breweries Ltd)
O001891,2026-05-29,P002,Heineken,24,2026-05-30,2026-05-30,delivered,SUP02,IBBL (Israel Beer Breweries Ltd)
O001892,2026-05-29,P003,Corona,24,2026-05-30,2026-05-30,delivered,SUP02,IBBL (Israel Beer Breweries Ltd)
O001893,2026-05-29,P004,Guinness,24,2026-05-30,2026-05-30,delivered,SUP02,IBBL (Israel Beer Breweries Ltd)
O001894,2026-05-29,P005,Goldstar,24,2026-05-30,2026-05-30,delivered,SUP02,IBBL (Israel Beer Breweries Ltd)
O001895,2026-05-29,P006,Maccabee,24,2026-05-30,2026-06-02,delayed,SUP02,IBBL (Israel Beer Breweries Ltd)
O001896,2026-05-29,P007,Stella Artois,24,2026-05-30,2026-05-30,delivered,SUP02,IBBL (Israel Beer Breweries Ltd)
O001897,2026-05-29,K001,Carlsberg 50L,1,2026-05-30,2026-05-30,delivered,SUP02,IBBL (Israel Beer Breweries Ltd)
O001898,2026-05-29,K002,Tuborg 50L,2,2026-05-30,2026-05-30,delivered,SUP02,IBBL (Israel Beer Breweries Ltd)
O001899,2026-05-29,K003,Carlsberg 30L,3,2026-05-30,2026-05-30,delivered,SUP02,IBBL (Israel Beer Breweries Ltd)
O001900,2026-05-29,K004,Malka 30L,2,2026-05-30,2026-05-30,delivered,SUP02,IBBL (Israel Beer Breweries Ltd)
O001901,2026-05-29,K005,Weihenstephan 30L,3,2026-05-30,2026-05-30,delivered,SUP02,IBBL (Israel Beer Breweries Ltd)
O001902,2026-05-31,P043,Coca-Cola,72,2026-06-01,2026-06-01,delivered,SUP03,CBC (Central Bottling Company)
O001903,2026-05-31,P044,Coca-Cola Zero,48,2026-06-01,2026-06-03,delayed,SUP03,CBC (Central Bottling Company)
O001904,2026-05-31,P045,Sprite,24,2026-06-01,2026-06-01,delivered,SUP03,CBC (Central Bottling Company)
O001905,2026-05-31,P046,Tonic Water,48,2026-06-01,2026-06-01,delivered,SUP03,CBC (Central Bottling Company)
O001906,2026-05-31,P047,Soda Water,48,2026-06-01,2026-06-01,delivered,SUP03,CBC (Central Bottling Company)
O001907,2026-05-31,P048,Red Bull,24,2026-06-01,2026-06-01,delivered,SUP03,CBC (Central Bottling Company)
O001908,2026-05-31,P049,Ginger Beer,24,2026-06-01,2026-06-01,delivered,SUP03,CBC (Central Bottling Company)
O001909,2026-05-31,P052,Lime Juice,6,2026-06-01,2026-06-01,delivered,SUP03,CBC (Central Bottling Company)
O001910,2026-06-01,P025,Bacardi Carta Blanca,12,2026-06-02,2026-06-02,delivered,SUP01,Hakerem Distillers
O001911,2026-06-01,P029,Jose Cuervo,12,2026-06-02,2026-06-02,delivered,SUP01,Hakerem Distillers
O001912,2026-06-01,P033,Aperol,12,2026-06-02,2026-06-02,delivered,SUP01,Hakerem Distillers
O001913,2026-06-01,P035,Cointreau,12,2026-06-02,2026-06-04,delayed,SUP01,Hakerem Distillers
O001914,2026-06-01,P039,House White Wine,12,2026-06-02,2026-06-02,delivered,SUP01,Hakerem Distillers
O001915,2026-06-01,P040,Rose Wine,12,2026-06-02,2026-06-02,delivered,SUP01,Hakerem Distillers
O001916,2026-06-01,P041,Prosecco,24,2026-06-02,2026-06-02,delivered,SUP01,Hakerem Distillers
O001917,2026-06-02,P001,Carlsberg,48,2026-06-03,2026-06-03,delivered,SUP02,IBBL (Israel Beer Breweries Ltd)
O001918,2026-06-02,P002,Heineken,24,2026-06-03,2026-06-03,delivered,SUP02,IBBL (Israel Beer Breweries Ltd)
O001919,2026-06-02,P003,Corona,24,2026-06-03,2026-06-06,delayed,SUP02,IBBL (Israel Beer Breweries Ltd)
O001920,2026-06-02,P005,Goldstar,48,2026-06-03,2026-06-03,delivered,SUP02,IBBL (Israel Beer Breweries Ltd)
O001921,2026-06-02,P007,Stella Artois,24,2026-06-03,2026-06-03,delivered,SUP02,IBBL (Israel Beer Breweries Ltd)
O001922,2026-06-02,P008,Erdinger,24,2026-06-03,2026-06-03,delivered,SUP02,IBBL (Israel Beer Breweries Ltd)
O001923,2026-06-02,K001,Carlsberg 50L,2,2026-06-03,2026-06-03,delivered,SUP02,IBBL (Israel Beer Breweries Ltd)
O001924,2026-06-02,K002,Tuborg 50L,1,2026-06-03,2026-06-03,delivered,SUP02,IBBL (Israel Beer Breweries Ltd)
O001925,2026-06-02,K003,Carlsberg 30L,3,2026-06-03,2026-06-03,delivered,SUP02,IBBL (Israel Beer Breweries Ltd)
O001926,2026-06-02,K004,Malka 30L,2,2026-06-03,2026-06-03,delivered,SUP02,IBBL (Israel Beer Breweries Ltd)
O001927,2026-06-03,P043,Coca-Cola,24,2026-06-04,2026-06-05,delayed,SUP03,CBC (Central Bottling Company)
O001928,2026-06-03,P045,Sprite,24,2026-06-04,2026-06-04,delivered,SUP03,CBC (Central Bottling Company)
O001929,2026-06-03,P046,Tonic Water,24,2026-06-04,2026-06-04,delivered,SUP03,CBC (Central Bottling Company)
O001930,2026-06-03,P047,Soda Water,24,2026-06-04,2026-06-07,delayed,SUP03,CBC (Central Bottling Company)
O001931,2026-06-03,P048,Red Bull,24,2026-06-04,2026-06-04,delivered,SUP03,CBC (Central Bottling Company)
O001932,2026-06-04,P013,Gordon's,12,2026-06-05,2026-06-05,delivered,SUP01,Hakerem Distillers
O001933,2026-06-04,P025,Bacardi Carta Blanca,12,2026-06-05,2026-06-05,delivered,SUP01,Hakerem Distillers
O001934,2026-06-04,P031,Patron Silver,12,2026-06-05,2026-06-05,delivered,SUP01,Hakerem Distillers
O001935,2026-06-04,P033,Aperol,12,2026-06-05,2026-06-05,delivered,SUP01,Hakerem Distillers
O001936,2026-06-04,P036,Kahlua,12,2026-06-05,2026-06-05,delivered,SUP01,Hakerem Distillers
O001937,2026-06-04,P037,Martini Rosso,12,2026-06-05,2026-06-05,delivered,SUP01,Hakerem Distillers
O001938,2026-06-04,P038,House Red Wine,12,2026-06-05,2026-06-05,delivered,SUP01,Hakerem Distillers
O001939,2026-06-04,P039,House White Wine,12,2026-06-05,2026-06-05,delivered,SUP01,Hakerem Distillers
O001940,2026-06-04,P041,Prosecco,12,2026-06-05,2026-06-05,delivered,SUP01,Hakerem Distillers
O001941,2026-06-05,P001,Carlsberg,48,2026-06-06,2026-06-06,delivered,SUP02,IBBL (Israel Beer Breweries Ltd)
O001942,2026-06-05,P002,Heineken,48,2026-06-06,2026-06-07,delayed,SUP02,IBBL (Israel Beer Breweries Ltd)
O001943,2026-06-05,P003,Corona,48,2026-06-06,2026-06-06,delivered,SUP02,IBBL (Israel Beer Breweries Ltd)
O001944,2026-06-05,P005,Goldstar,24,2026-06-06,2026-06-06,delivered,SUP02,IBBL (Israel Beer Breweries Ltd)
O001945,2026-06-05,P006,Maccabee,24,2026-06-06,2026-06-06,delivered,SUP02,IBBL (Israel Beer Breweries Ltd)
O001946,2026-06-05,P007,Stella Artois,24,2026-06-06,2026-06-06,delivered,SUP02,IBBL (Israel Beer Breweries Ltd)
O001947,2026-06-05,K001,Carlsberg 50L,2,2026-06-06,2026-06-06,delivered,SUP02,IBBL (Israel Beer Breweries Ltd)
O001948,2026-06-05,K002,Tuborg 50L,2,2026-06-06,2026-06-06,delivered,SUP02,IBBL (Israel Beer Breweries Ltd)
O001949,2026-06-05,K003,Carlsberg 30L,3,2026-06-06,2026-06-06,delivered,SUP02,IBBL (Israel Beer Breweries Ltd)
O001950,2026-06-05,K004,Malka 30L,2,2026-06-06,2026-06-06,delivered,SUP02,IBBL (Israel Beer Breweries Ltd)
O001951,2026-06-05,K005,Weihenstephan 30L,1,2026-06-06,2026-06-06,delivered,SUP02,IBBL (Israel Beer Breweries Ltd)
O001952,2026-06-07,P043,Coca-Cola,72,2026-06-08,2026-06-08,delivered,SUP03,CBC (Central Bottling Company)
O001953,2026-06-07,P044,Coca-Cola Zero,48,2026-06-08,2026-06-08,delivered,SUP03,CBC (Central Bottling Company)
O001954,2026-06-07,P045,Sprite,48,2026-06-08,2026-06-08,delivered,SUP03,CBC (Central Bottling Company)
O001955,2026-06-07,P046,Tonic Water,48,2026-06-08,2026-06-08,delivered,SUP03,CBC (Central Bottling Company)
O001956,2026-06-07,P047,Soda Water,48,2026-06-08,2026-06-08,delivered,SUP03,CBC (Central Bottling Company)
O001957,2026-06-07,P048,Red Bull,24,2026-06-08,2026-06-09,delayed,SUP03,CBC (Central Bottling Company)
O001958,2026-06-07,P049,Ginger Beer,24,2026-06-08,2026-06-09,delayed,SUP03,CBC (Central Bottling Company)
O001959,2026-06-07,P052,Lime Juice,6,2026-06-08,2026-06-08,delivered,SUP03,CBC (Central Bottling Company)
O001960,2026-06-08,P011,Hendrick's,12,2026-06-09,2026-06-09,delivered,SUP01,Hakerem Distillers
O001961,2026-06-08,P014,Absolut,12,2026-06-09,2026-06-09,delivered,SUP01,Hakerem Distillers
O001962,2026-06-08,P020,Jack Daniel's,12,2026-06-09,2026-06-09,delivered,SUP01,Hakerem Distillers
O001963,2026-06-08,P034,Campari,12,2026-06-09,2026-06-09,delivered,SUP01,Hakerem Distillers
O001964,2026-06-08,P038,House Red Wine,12,2026-06-09,2026-06-09,delivered,SUP01,Hakerem Distillers
O001965,2026-06-08,P039,House White Wine,12,2026-06-09,2026-06-09,delivered,SUP01,Hakerem Distillers
O001966,2026-06-08,P041,Prosecco,12,2026-06-09,2026-06-09,delivered,SUP01,Hakerem Distillers
O001967,2026-06-08,P042,Chardonnay,12,2026-06-09,2026-06-09,delivered,SUP01,Hakerem Distillers
O001968,2026-06-09,P001,Carlsberg,48,2026-06-10,2026-06-10,delivered,SUP02,IBBL (Israel Beer Breweries Ltd)
O001969,2026-06-09,P002,Heineken,24,2026-06-10,2026-06-10,delivered,SUP02,IBBL (Israel Beer Breweries Ltd)
O001970,2026-06-09,P004,Guinness,24,2026-06-10,2026-06-10,delivered,SUP02,IBBL (Israel Beer Breweries Ltd)
O001971,2026-06-09,P005,Goldstar,48,2026-06-10,2026-06-11,delayed,SUP02,IBBL (Israel Beer Breweries Ltd)
O001972,2026-06-09,P006,Maccabee,24,2026-06-10,2026-06-10,delivered,SUP02,IBBL (Israel Beer Breweries Ltd)
O001973,2026-06-09,P007,Stella Artois,24,2026-06-10,2026-06-10,delivered,SUP02,IBBL (Israel Beer Breweries Ltd)
O001974,2026-06-09,P008,Erdinger,24,2026-06-10,2026-06-10,delivered,SUP02,IBBL (Israel Beer Breweries Ltd)
O001975,2026-06-09,K001,Carlsberg 50L,2,2026-06-10,2026-06-10,delivered,SUP02,IBBL (Israel Beer Breweries Ltd)
O001976,2026-06-09,K002,Tuborg 50L,1,2026-06-10,2026-06-10,delivered,SUP02,IBBL (Israel Beer Breweries Ltd)
O001977,2026-06-09,K003,Carlsberg 30L,3,2026-06-10,2026-06-10,delivered,SUP02,IBBL (Israel Beer Breweries Ltd)
O001978,2026-06-09,K004,Malka 30L,2,2026-06-10,2026-06-10,delivered,SUP02,IBBL (Israel Beer Breweries Ltd)
O001979,2026-06-09,K005,Weihenstephan 30L,1,2026-06-10,2026-06-10,delivered,SUP02,IBBL (Israel Beer Breweries Ltd)
O001980,2026-06-10,P043,Coca-Cola,240,2026-06-11,2026-06-11,delivered,SUP03,CBC (Central Bottling Company)
O001981,2026-06-10,P044,Coca-Cola Zero,24,2026-06-11,2026-06-11,delivered,SUP03,CBC (Central Bottling Company)
O001982,2026-06-10,P045,Sprite,24,2026-06-11,2026-06-11,delivered,SUP03,CBC (Central Bottling Company)
O001983,2026-06-10,P046,Tonic Water,24,2026-06-11,2026-06-11,delivered,SUP03,CBC (Central Bottling Company)
O001984,2026-06-10,P048,Red Bull,24,2026-06-11,2026-06-11,delivered,SUP03,CBC (Central Bottling Company)
O001985,2026-06-10,P054,Sugar Syrup,6,2026-06-11,2026-06-11,delivered,SUP03,CBC (Central Bottling Company)
O001986,2026-06-11,P025,Bacardi Carta Blanca,12,2026-06-12,2026-06-12,delivered,SUP01,Hakerem Distillers
O001987,2026-06-11,P033,Aperol,12,2026-06-12,2026-06-12,delivered,SUP01,Hakerem Distillers
O001988,2026-06-12,P001,Carlsberg,24,2026-06-13,2026-06-13,delivered,SUP02,IBBL (Israel Beer Breweries Ltd)
O001989,2026-06-12,P002,Heineken,48,2026-06-13,2026-06-15,delayed,SUP02,IBBL (Israel Beer Breweries Ltd)
O001990,2026-06-12,P003,Corona,24,2026-06-13,2026-06-13,delivered,SUP02,IBBL (Israel Beer Breweries Ltd)
O001991,2026-06-12,P004,Guinness,24,2026-06-13,2026-06-13,delivered,SUP02,IBBL (Israel Beer Breweries Ltd)
O001992,2026-06-12,P005,Goldstar,24,2026-06-13,2026-06-13,delivered,SUP02,IBBL (Israel Beer Breweries Ltd)
O001993,2026-06-12,P006,Maccabee,24,2026-06-13,2026-06-13,delivered,SUP02,IBBL (Israel Beer Breweries Ltd)
O001994,2026-06-12,P007,Stella Artois,24,2026-06-13,2026-06-13,delivered,SUP02,IBBL (Israel Beer Breweries Ltd)
O001995,2026-06-12,K001,Carlsberg 50L,1,2026-06-13,2026-06-13,delivered,SUP02,IBBL (Israel Beer Breweries Ltd)
O001996,2026-06-12,K002,Tuborg 50L,1,2026-06-13,2026-06-13,delivered,SUP02,IBBL (Israel Beer Breweries Ltd)
O001997,2026-06-12,K003,Carlsberg 30L,2,2026-06-13,2026-06-13,delivered,SUP02,IBBL (Israel Beer Breweries Ltd)
O001998,2026-06-12,K004,Malka 30L,2,2026-06-13,2026-06-13,delivered,SUP02,IBBL (Israel Beer Breweries Ltd)
O001999,2026-06-12,K005,Weihenstephan 30L,2,2026-06-13,2026-06-13,delivered,SUP02,IBBL (Israel Beer Breweries Ltd)
O002000,2026-06-14,P044,Coca-Cola Zero,72,2026-06-15,2026-06-15,delivered,SUP03,CBC (Central Bottling Company)
O002001,2026-06-14,P045,Sprite,24,2026-06-15,2026-06-15,delivered,SUP03,CBC (Central Bottling Company)
O002002,2026-06-14,P046,Tonic Water,24,2026-06-15,2026-06-15,delivered,SUP03,CBC (Central Bottling Company)
O002003,2026-06-14,P047,Soda Water,48,2026-06-15,2026-06-15,delivered,SUP03,CBC (Central Bottling Company)
O002004,2026-06-14,P048,Red Bull,48,2026-06-15,2026-06-15,delivered,SUP03,CBC (Central Bottling Company)
O002005,2026-06-14,P049,Ginger Beer,24,2026-06-15,2026-06-15,delivered,SUP03,CBC (Central Bottling Company)
O002006,2026-06-14,P052,Lime Juice,6,2026-06-15,2026-06-15,delivered,SUP03,CBC (Central Bottling Company)
O002007,2026-06-15,P009,Bombay Sapphire,12,2026-06-16,2026-06-16,delivered,SUP01,Hakerem Distillers
O002008,2026-06-15,P013,Gordon's,12,2026-06-16,2026-06-16,delivered,SUP01,Hakerem Distillers
O002009,2026-06-15,P014,Absolut,12,2026-06-16,2026-06-16,delivered,SUP01,Hakerem Distillers
O002010,2026-06-15,P019,Jameson,12,2026-06-16,2026-06-16,delivered,SUP01,Hakerem Distillers
O002011,2026-06-15,P025,Bacardi Carta Blanca,12,2026-06-16,2026-06-16,delivered,SUP01,Hakerem Distillers
O002012,2026-06-15,P031,Patron Silver,12,2026-06-16,2026-06-16,delivered,SUP01,Hakerem Distillers
O002013,2026-06-15,P033,Aperol,12,2026-06-16,2026-06-16,delivered,SUP01,Hakerem Distillers
O002014,2026-06-15,P038,House Red Wine,12,2026-06-16,2026-06-17,delayed,SUP01,Hakerem Distillers
O002015,2026-06-15,P039,House White Wine,12,2026-06-16,2026-06-16,delivered,SUP01,Hakerem Distillers
O002016,2026-06-15,P040,Rose Wine,12,2026-06-16,2026-06-16,delivered,SUP01,Hakerem Distillers
O002017,2026-06-15,P041,Prosecco,24,2026-06-16,2026-06-16,delivered,SUP01,Hakerem Distillers
O002018,2026-06-16,P001,Carlsberg,72,2026-06-17,2026-06-17,delivered,SUP02,IBBL (Israel Beer Breweries Ltd)
O002019,2026-06-16,P002,Heineken,48,2026-06-17,2026-06-17,delivered,SUP02,IBBL (Israel Beer Breweries Ltd)
O002020,2026-06-16,P003,Corona,48,2026-06-17,2026-06-17,delivered,SUP02,IBBL (Israel Beer Breweries Ltd)
O002021,2026-06-16,P005,Goldstar,48,2026-06-17,2026-06-17,delivered,SUP02,IBBL (Israel Beer Breweries Ltd)
O002022,2026-06-16,P006,Maccabee,24,2026-06-17,2026-06-19,delayed,SUP02,IBBL (Israel Beer Breweries Ltd)
O002023,2026-06-16,P007,Stella Artois,24,2026-06-17,2026-06-17,delivered,SUP02,IBBL (Israel Beer Breweries Ltd)
O002024,2026-06-16,P008,Erdinger,24,2026-06-17,2026-06-17,delivered,SUP02,IBBL (Israel Beer Breweries Ltd)
O002025,2026-06-16,K001,Carlsberg 50L,3,2026-06-17,2026-06-18,delayed,SUP02,IBBL (Israel Beer Breweries Ltd)
O002026,2026-06-16,K002,Tuborg 50L,2,2026-06-17,2026-06-17,delivered,SUP02,IBBL (Israel Beer Breweries Ltd)
O002027,2026-06-16,K003,Carlsberg 30L,7,2026-06-17,2026-06-17,delivered,SUP02,IBBL (Israel Beer Breweries Ltd)
O002028,2026-06-16,K004,Malka 30L,3,2026-06-17,2026-06-17,delivered,SUP02,IBBL (Israel Beer Breweries Ltd)
O002029,2026-06-16,K005,Weihenstephan 30L,2,2026-06-17,2026-06-17,delivered,SUP02,IBBL (Israel Beer Breweries Ltd)
O002030,2026-06-17,P044,Coca-Cola Zero,24,2026-06-18,2026-06-18,delivered,SUP03,CBC (Central Bottling Company)
O002031,2026-06-17,P045,Sprite,24,2026-06-18,2026-06-18,delivered,SUP03,CBC (Central Bottling Company)
O002032,2026-06-17,P046,Tonic Water,48,2026-06-18,2026-06-18,delivered,SUP03,CBC (Central Bottling Company)
O002033,2026-06-17,P047,Soda Water,48,2026-06-18,2026-06-18,delivered,SUP03,CBC (Central Bottling Company)
O002034,2026-06-17,P048,Red Bull,24,2026-06-18,2026-06-18,delivered,SUP03,CBC (Central Bottling Company)
O002035,2026-06-18,P013,Gordon's,12,2026-06-19,2026-06-19,delivered,SUP01,Hakerem Distillers
O002036,2026-06-18,P014,Absolut,12,2026-06-19,2026-06-19,delivered,SUP01,Hakerem Distillers
O002037,2026-06-18,P016,Grey Goose,12,2026-06-19,2026-06-19,delivered,SUP01,Hakerem Distillers
O002038,2026-06-18,P022,Chivas Regal,12,2026-06-19,2026-06-19,delivered,SUP01,Hakerem Distillers
O002039,2026-06-18,P023,Maker's Mark,12,2026-06-19,2026-06-19,delivered,SUP01,Hakerem Distillers
O002040,2026-06-18,P024,Glenfiddich 12,12,2026-06-19,2026-06-19,delivered,SUP01,Hakerem Distillers
O002041,2026-06-18,P025,Bacardi Carta Blanca,12,2026-06-19,2026-06-19,delivered,SUP01,Hakerem Distillers
O002042,2026-06-18,P031,Patron Silver,12,2026-06-19,2026-06-19,delivered,SUP01,Hakerem Distillers
O002043,2026-06-18,P035,Cointreau,12,2026-06-19,2026-06-19,delivered,SUP01,Hakerem Distillers
O002044,2026-06-18,P038,House Red Wine,12,2026-06-19,2026-06-20,delayed,SUP01,Hakerem Distillers
O002045,2026-06-18,P039,House White Wine,12,2026-06-19,2026-06-19,delivered,SUP01,Hakerem Distillers
O002046,2026-06-18,P041,Prosecco,12,2026-06-19,2026-06-19,delivered,SUP01,Hakerem Distillers
O002047,2026-06-19,P001,Carlsberg,48,2026-06-20,,delayed,SUP02,IBBL (Israel Beer Breweries Ltd)
O002048,2026-06-19,P002,Heineken,24,2026-06-20,2026-06-20,delivered,SUP02,IBBL (Israel Beer Breweries Ltd)
O002049,2026-06-19,P003,Corona,24,2026-06-20,2026-06-20,delivered,SUP02,IBBL (Israel Beer Breweries Ltd)
O002050,2026-06-19,P004,Guinness,24,2026-06-20,2026-06-20,delivered,SUP02,IBBL (Israel Beer Breweries Ltd)
O002051,2026-06-19,P005,Goldstar,24,2026-06-20,2026-06-20,delivered,SUP02,IBBL (Israel Beer Breweries Ltd)
O002052,2026-06-19,P006,Maccabee,24,2026-06-20,2026-06-20,delivered,SUP02,IBBL (Israel Beer Breweries Ltd)
O002053,2026-06-19,P007,Stella Artois,24,2026-06-20,2026-06-20,delivered,SUP02,IBBL (Israel Beer Breweries Ltd)
O002054,2026-06-19,K001,Carlsberg 50L,2,2026-06-20,2026-06-20,delivered,SUP02,IBBL (Israel Beer Breweries Ltd)
O002055,2026-06-19,K002,Tuborg 50L,2,2026-06-20,,delayed,SUP02,IBBL (Israel Beer Breweries Ltd)
O002056,2026-06-19,K003,Carlsberg 30L,3,2026-06-20,2026-06-20,delivered,SUP02,IBBL (Israel Beer Breweries Ltd)
O002057,2026-06-19,K004,Malka 30L,3,2026-06-20,2026-06-20,delivered,SUP02,IBBL (Israel Beer Breweries Ltd)
O002058,2026-06-19,K005,Weihenstephan 30L,2,2026-06-20,2026-06-20,delivered,SUP02,IBBL (Israel Beer Breweries Ltd)
