report_id,date,submitted_at,staff_id,author_name,language,raw_report
SR000001,2025-09-01,2025-09-02T03:17:00,S04,תומר,he,"סיימתי משמרת, כמה עדכוני מלאי: מקרלסברג סיימנו בערך 4 יחידות, ספרתי בערך 165.5 במלאי. מארדינגר סיימנו בערך 2 יחידות, ספרתי בערך 44.0 במלאי. מהייניקן סיימנו בערך 6 יחידות, ספרתי בערך 132.5 במלאי. ממכבי סיימנו בערך 3 יחידות, ספרתי בערך 74 במלאי. גינס - ירדו בערך 2, נשארו בערך 59.5. כדאי לבדוק שוב לפני המשמרת הבאה."
SR000002,2025-09-02,2025-09-03T03:40:00,S04,תומר,he,"ערב עמוס. הנה מה שיצא הלילה: מיין אדום הבית סיימנו בערך 1.5 יחידות, ספרתי בערך 30.0 במלאי. פטרון סילבר זז הרבה. בערך 1.0 במשמרת, נשארו בערך 17.5. גולדסטאר זז הרבה. בערך 3 במשמרת, נשארו בערך 127.5. יין לבן הבית - ירדו בערך 2, נשארו בערך 34.5. זהו מה שהיה בולט הלילה."
SR000003,2025-09-03,2025-09-04T03:42:00,S01,רועי,he,"סיימתי משמרת, כמה עדכוני מלאי: גולדסטאר ירד מהר, 6 ונשארו 121.5 נראה לי אפרול השתמשנו בערך 2.0, חושב שנשארו 29.5 קרלסברג ירד מהר, 9 ונשארו 154.5 נראה לי מישהו שיוודא, אני לא בטוח ב100%"
SR000004,2025-09-04,2025-09-05T03:32:00,S03,Shir,en,"Busy service tonight. Here's what I noticed before closing: maccabee we went through like 4, think theres 63 left erdinger we went through like 4, think theres 37.0 left carlsberg we went through like 8, think theres 146.5 left heineken 106.5 someone double check those before service"
SR000005,2025-09-05,2025-09-06T03:46:00,S06,מוריאל,he,"רשימת מלאי לפני שאני הולך: מיין לבן הבית סיימנו בערך 3.5 יחידות, ספרתי בערך 26.5 במלאי. גולדסטאר זז הרבה. בערך 11 במשמרת, נשארו בערך 102.5. פרוסקו זז הרבה. בערך 5.5 במשמרת, נשארו בערך 38.5. גינס זז הרבה. בערך 6 במשמרת, נשארו בערך 41.5. קרלסברג 30 ליטר זז הרבה. בערך 1 במשמרת, נשארו בערך 4.5. כדאי לבדוק שוב לפני המשמרת הבאה."
SR000006,2025-09-06,2025-09-07T03:26:00,S06,מוריאל,he,"ערב עמוס. הנה מה שיצא הלילה: יין לבן הבית זז הרבה. בערך 4.5 במשמרת, נשארו בערך 22. שרדונה - ירדו בערך 1.0, נשארו בערך 6.0. פרוסקו - ירדו בערך 5.0, נשארו בערך 33.5. סטלה ארטואה - ירדו בערך 11, נשארו בערך 58.5. שאר הדברים נראו רגילים."
SR000007,2025-09-07,2025-09-08T03:06:00,S05,מאיה,he,"ערב עמוס. הנה מה שיצא הלילה: מאפרול סיימנו בערך 1.5 יחידות, ספרתי בערך 20 במלאי. גולדסטאר - ירדו בערך 4, נשארו בערך 81.5. קרלסברג זז הרבה. בערך 6 במשמרת, נשארו בערך 117.5. יין לבן הבית זז הרבה. בערך 2 במשמרת, נשארו בערך 20. שאר הדברים נראו רגילים."
SR000008,2025-09-08,2025-09-09T03:50:00,S03,Shir,en,"Stock notes before I leave: We went through about 7 of Corona tonight and I counted around 68.0 left. For Heineken, we finished around 7 unit(s) and I counted about 67.5 still in stock. We went through about 2 of Bacardi Carta Blanca tonight and I counted around 18.0 left. Absolut moved quite a lot. About 1.0 were used during the shift, with roughly 12.0 remaining. Erdinger moved quite a lot. About 2 were used during the shift, with roughly 26.0 remaining. Everything else looked generally normal at close."
SR000009,2025-09-09,2025-09-10T03:44:00,S01,Roei,en,"Shift finished. A few stock updates the next team should know: For Gordon's, we finished around 1 unit(s) and I counted about 12.5 still in stock. We went through about 13 of Carlsberg tonight and I counted around 95.5 left. For Stella Artois, we finished around 3 unit(s) and I counted about 47.5 still in stock. We went through about 2 of Erdinger tonight and I counted around 24.0 left. Everything else looked generally normal at close."
SR000010,2025-09-10,2025-09-11T03:23:00,S01,רועי,he,"ערב עמוס. הנה מה שיצא הלילה: ארדינגר - ירדו בערך 3, נשארו בערך 21.0. מקרלסברג סיימנו בערך 13 יחידות, ספרתי בערך 82.5 במלאי. הייניקן זז הרבה. בערך 8 במשמרת, נשארו בערך 54.5. שאר הדברים נראו רגילים."
SR000011,2025-09-11,2025-09-12T03:16:00,S02,Yael,en,"End-of-shift update. These are the main alcohol stock points from tonight: house white wine we went through like 3.0, think theres 22.5 left heineken went fast, 12 used and 42.5 left i think bacardi carta blanca we went through like 2.5, think theres 12.0 left prosecco went fast, 3.5 used and 19.5 left i think gordon's went fast, 2 used and 9.5 left i think someone double check those before service"
SR000012,2025-09-12,2025-09-13T03:32:00,S02,Yael,en,"End-of-shift update. These are the main alcohol stock points from tonight: carlsberg 52.5 heineken went fast, 9 used and 33.5 left i think corona we went through like 10, think theres 29.0 left chardonnay went fast, 1.0 used and 14.5 left i think house white wine went fast, 3.0 used and 19.5 left i think someone double check those before service"
SR000013,2025-09-13,2025-09-14T03:11:00,S03,שיר,he,"סיימתי משמרת, כמה עדכוני מלאי: גולדסטאר זז הרבה. בערך 17 במשמרת, נשארו בערך 49.5. מאפרול סיימנו בערך 3.0 יחידות, ספרתי בערך 18.5 במלאי. הייניקן - ירדו בערך 16, נשארו בערך 41.5. מג'יימסון סיימנו בערך 1.0 יחידות, ספרתי בערך 14.0 במלאי. זהו מה שהיה בולט הלילה."
SR000014,2025-09-14,2025-09-15T03:09:00,S04,Tomer,en,"Stock notes before I leave: Guinness moved quite a lot. About 5 were used during the shift, with roughly 23.5 remaining. For Bacardi Carta Blanca, we finished around 2 unit(s) and I counted about 15.5 still in stock. For Carlsberg, we finished around 6 unit(s) and I counted about 53.5 still in stock. For Gordon's, we finished around 1.0 unit(s) and I counted about 15.5 still in stock. No other major alcohol issues stood out during closing."
SR000015,2025-09-15,2025-09-16T03:53:00,S01,רועי,he,"סיימתי משמרת, כמה עדכוני מלאי: קרלסברג זז הרבה. בערך 3 במשמרת, נשארו בערך 50.5. מסטלה ארטואה סיימנו בערך 4 יחידות, ספרתי בערך 31.5 במלאי. אפרול - ירדו בערך 1.0, נשארו בערך 15.5. ממכבי סיימנו בערך 2 יחידות, ספרתי בערך 6 במלאי. זהו מה שהיה בולט הלילה."
SR000016,2025-09-16,2025-09-17T03:35:00,S04,Tomer,en,"Busy service tonight. Here's what I noticed before closing: corona we went through like 8, think theres 22.0 left maccabee went fast, 3 used and 27 left i think bacardi carta blanca we went through like 1.5, think theres 12.5 left aperol we went through like 2.0, think theres 13.5 left someone double check those before service"
SR000017,2025-09-17,2025-09-18T03:38:00,S06,Muriel,en,"Stock notes before I leave: Maccabee moved quite a lot. About 5 were used during the shift, with roughly 46 remaining. We went through about 4 of Stella Artois tonight and I counted around 23.5 left. We went through about 1 of Guinness tonight and I counted around 41.5 left. For Corona, we finished around 7 unit(s) and I counted about 63.0 still in stock. Everything else looked generally normal at close."
SR000018,2025-09-18,2025-09-19T03:43:00,S06,Muriel,en,"Shift finished. A few stock updates the next team should know: bacardi carta blanca we went through like 3, think theres 20.5 left heineken we went through like 12, think theres 48.5 left corona went fast, 11 used and 52.0 left i think absolut went fast, 2.0 used and 10.5 left i think someone double check those before service"
SR000019,2025-09-19,2025-09-20T03:19:00,S05,Maya,en,"Busy service tonight. Here's what I noticed before closing: For Carlsberg 30L, we finished around 1.0 unit(s) and I counted about 4.0 still in stock. Corona moved quite a lot. About 12 were used during the shift, with roughly 40.0 remaining. We went through about 9 of Maccabee tonight and I counted around 31 left. Aperol moved quite a lot. About 3.5 were used during the shift, with roughly 17.5 remaining. We went through about 14 of Heineken tonight and I counted around 33.5 left. Those were the main stock changes I noticed."
SR000020,2025-09-20,2025-09-21T03:05:00,S06,מוריאל,he,"רשימת מלאי לפני שאני הולך: מקרלסברג סיימנו בערך 23 יחידות, ספרתי בערך 51.5 במלאי. אפרול - ירדו בערך 4.0, נשארו בערך 13.5. יין אדום הבית זז הרבה. בערך 4.5 במשמרת, נשארו בערך 13.0. סטלה ארטואה - ירדו בערך 13, נשארו בערך 19.5. מבקרדי סיימנו בערך 4.5 יחידות, ספרתי בערך 13.0 במלאי. שאר הדברים נראו רגילים."
SR000021,2025-09-21,2025-09-22T03:49:00,S05,מאיה,he,"עדכון סוף משמרת. מה שראיתי לפני הסגירה: אבסולוט ירד מהר, 1 ונשארו 16.0 נראה לי סטלה ארטואה השתמשנו בערך 5, חושב שנשארו 14.5 אפרול השתמשנו בערך 1.5, חושב שנשארו 12.0 הייניקן ירד מהר, 7 ונשארו 31.5 נראה לי מישהו שיוודא, אני לא בטוח ב100%"
SR000022,2025-09-22,2025-09-23T03:08:00,S05,מאיה,he,"ערב עמוס. הנה מה שיצא הלילה: הייניקן - ירדו בערך 9, נשארו בערך 22.5. יין לבן הבית - ירדו בערך 1, נשארו בערך 17.5. גינס זז הרבה. בערך 1 במשמרת, נשארו בערך 19.5. כדאי לבדוק שוב לפני המשמרת הבאה."
SR000023,2025-09-23,2025-09-24T03:06:00,S06,Muriel,en,"Busy service tonight. Here's what I noticed before closing: We went through about 11 of Carlsberg tonight and I counted around 24.5 left. For Carlsberg 30L, we finished around 1 unit(s) and I counted about 3.5 still in stock. Goldstar moved quite a lot. About 8 were used during the shift, with roughly 27.5 remaining. No other major alcohol issues stood out during closing."
SR000024,2025-09-24,2025-09-25T03:16:00,S02,יעל,he,"עדכון סוף משמרת. מה שראיתי לפני הסגירה: מאבסולוט סיימנו בערך 1.5 יחידות, ספרתי בערך 13.0 במלאי. קורונה זז הרבה. בערך 7 במשמרת, נשארו בערך 46.0. מסטלה ארטואה סיימנו בערך 6 יחידות, ספרתי בערך 48.5 במלאי. זהו מה שהיה בולט הלילה."
SR000025,2025-09-25,2025-09-26T03:38:00,S03,שיר,he,"ערב עמוס. הנה מה שיצא הלילה: מיין לבן הבית סיימנו בערך 2 יחידות, ספרתי בערך 10.0 במלאי. קרלסברג - ירדו בערך 14, נשארו בערך 45.5. מגורדונס סיימנו בערך 1.5 יחידות, ספרתי בערך 9 במלאי. זהו מה שהיה בולט הלילה."
SR000026,2025-09-26,2025-09-27T03:49:00,S01,רועי,he,"רשימת מלאי לפני שאני הולך: הייניקן ירד מהר, 17 ונשארו 24.5 נראה לי סטלה ארטואה ירד מהר, 9 ונשארו 32.5 נראה לי הנדריקס השתמשנו בערך 1.0, חושב שנשארו 16.5 פטרון סילבר ירד מהר, 2.0 ונשארו 8.0 נראה לי מישהו שיוודא, אני לא בטוח ב100%"
SR000027,2025-09-27,2025-09-28T03:14:00,S03,שיר,he,"ערב עמוס. הנה מה שיצא הלילה: פטרון סילבר השתמשנו בערך 1.5, חושב שנשארו 6.5 גורדונס השתמשנו בערך 2.0, חושב שנשארו 16.0 הייניקן ירד מהר, 12 ונשארו 60.5 נראה לי יין אדום הבית השתמשנו בערך 3.0, חושב שנשארו 20.5 מישהו שיוודא, אני לא בטוח ב100%"
SR000028,2025-09-28,2025-09-29T03:21:00,S02,Yael,en,"Busy service tonight. Here's what I noticed before closing: prosecco we went through like 3, think theres 13.5 left bacardi carta blanca we went through like 2.0, think theres 18.5 left carlsberg we went through like 9, think theres 55.5 left erdinger went fast, 2 used and 30.0 left i think maccabee went fast, 4 used and 34 left i think someone double check those before service"
SR000029,2025-09-29,2025-09-30T03:06:00,S06,מוריאל,he,"ערב עמוס. הנה מה שיצא הלילה: מהייניקן סיימנו בערך 6 יחידות, ספרתי בערך 42.5 במלאי. גינס זז הרבה. בערך 3 במשמרת, נשארו בערך 32.5. פרוסקו זז הרבה. בערך 2.5 במשמרת, נשארו בערך 11. אפרול זז הרבה. בערך 1.5 במשמרת, נשארו בערך 6. קורונה זז הרבה. בערך 4 במשמרת, נשארו בערך 53.0. שאר הדברים נראו רגילים."
SR000030,2025-09-30,2025-10-01T03:49:00,S04,תומר,he,"ערב עמוס. הנה מה שיצא הלילה: יין לבן הבית השתמשנו בערך 1.5, חושב שנשארו 23.0 אבסולוט ירד מהר, 1.0 ונשארו 16.5 נראה לי גינס ירד מהר, 3 ונשארו 29.5 נראה לי הייניקן השתמשנו בערך 5, חושב שנשארו 37.5 מישהו שיוודא, אני לא בטוח ב100%"
SR000031,2025-10-01,2025-10-02T03:27:00,S01,Roei,en,"Shift finished. A few stock updates the next team should know: Heineken moved quite a lot. About 8 were used during the shift, with roughly 53.5 remaining. For Absolut, we finished around 1.5 unit(s) and I counted about 15.0 still in stock. We went through about 4 of Guinness tonight and I counted around 25.5 left. We went through about 6 of Maccabee tonight and I counted around 44 left. For Corona, we finished around 6 unit(s) and I counted about 68.0 still in stock. Those were the main stock changes I noticed."
SR000032,2025-10-02,2025-10-03T03:34:00,S03,Shir,en,"End-of-shift update. These are the main alcohol stock points from tonight: maccabee we went through like 11, think theres 33 left patron silver went fast, 2.5 used and 11.5 left i think goldstar went fast, 19 used and 32.5 left i think house white wine went fast, 5.0 used and 14.5 left i think corona we went through like 17, think theres 51.0 left someone double check those before service"
SR000033,2025-10-03,2025-10-04T03:41:00,S05,מאיה,he,"רשימת מלאי לפני שאני הולך: בקרדי - ירדו בערך 4.5, נשארו בערך 16.5. מרטיני רוסו - ירדו בערך 1, נשארו בערך 3.0. סטלה ארטואה - ירדו בערך 13, נשארו בערך 29.5. גולדסטאר זז הרבה. בערך 19 במשמרת, נשארו בערך 13.5. קרלסברג זז הרבה. בערך 22 במשמרת, נשארו בערך 37.5. שאר הדברים נראו רגילים."
SR000034,2025-10-04,2025-10-05T03:40:00,S01,רועי,he,"סיימתי משמרת, כמה עדכוני מלאי: שרדונה - ירדו בערך 1.0, נשארו בערך 12.0. קורונה זז הרבה. בערך 14 במשמרת, נשארו בערך 42.0. בקרדי זז הרבה. בערך 3.0 במשמרת, נשארו בערך 13.5. ג'יימסון זז הרבה. בערך 1.0 במשמרת, נשארו בערך 10.0. כדאי לבדוק שוב לפני המשמרת הבאה."
SR000035,2025-10-05,2025-10-06T03:05:00,S04,Tomer,en,"Shift finished. A few stock updates the next team should know: prosecco went fast, 2.0 used and 20.5 left i think goldstar we went through like 4, think theres 46.5 left corona went fast, 2 used and 40.0 left i think carlsberg we went through like 7, think theres 61.5 left might have missed something so check"
SR000036,2025-10-06,2025-10-07T03:06:00,S02,Yael,en,"Stock notes before I leave: Prosecco moved quite a lot. About 3.0 were used during the shift, with roughly 18.0 remaining. Erdinger moved quite a lot. About 2 were used during the shift, with roughly 30.0 remaining. Corona moved quite a lot. About 7 were used during the shift, with roughly 33.0 remaining. For House White Wine, we finished around 1.5 unit(s) and I counted about 13.5 still in stock. Those were the main stock changes I noticed."
SR000037,2025-10-07,2025-10-08T03:40:00,S06,Muriel,en,"End-of-shift update. These are the main alcohol stock points from tonight: stella artois we went through like 6, think theres 28.5 left house white wine went fast, 1.5 used and 24.0 left i think erdinger went fast, 1 used and 29.0 left i think carlsberg went fast, 7 used and 47.5 left i think house red wine 18.5 might have missed something so check"
SR000038,2025-10-08,2025-10-09T03:12:00,S03,Shir,en,"End-of-shift update. These are the main alcohol stock points from tonight: gordon's we went through like 1.5, think theres 20.5 left goldstar went fast, 10 used and 52.5 left i think heineken went fast, 9 used and 49.5 left i think carlsberg went fast, 12 used and 59.5 left i think guinness 40.5 might have missed something so check"
SR000039,2025-10-09,2025-10-10T03:15:00,S05,Maya,en,"Busy service tonight. Here's what I noticed before closing: guinness went fast, 8 used and 32.5 left i think carlsberg 30l we went through like 1.5, think theres 4.5 left chardonnay we went through like 1.0, think theres 9.5 left someone double check those before service"
SR000040,2025-10-10,2025-10-11T03:16:00,S06,מוריאל,he,"סיימתי משמרת, כמה עדכוני מלאי: גינס - ירדו בערך 5, נשארו בערך 27.5. גורדונס - ירדו בערך 2.5, נשארו בערך 14.5. מפטרון סילבר סיימנו בערך 2 יחידות, ספרתי בערך 10.0 במלאי. מקרלסברג סיימנו בערך 18 יחידות, ספרתי בערך 19.5 במלאי. זהו מה שהיה בולט הלילה."
SR000041,2025-10-11,2025-10-12T03:37:00,S01,Roei,en,"Shift finished. A few stock updates the next team should know: kahlua went fast, 1.0 used and 8.5 left i think maccabee went fast, 10 used and 70 left i think jack daniel's went fast, 1 used and 4.5 left i think someone double check those before service"
SR000042,2025-10-12,2025-10-13T03:34:00,S05,מאיה,he,"ערב עמוס. הנה מה שיצא הלילה: אבסולוט - ירדו בערך 1.5, נשארו בערך 5.5. מאפרול סיימנו בערך 2.5 יחידות, ספרתי בערך 7.5 במלאי. מיין לבן הבית סיימנו בערך 2 יחידות, ספרתי בערך 21.5 במלאי. מגינס סיימנו בערך 3 יחידות, ספרתי בערך 18.5 במלאי. זהו מה שהיה בולט הלילה."
SR000043,2025-10-13,2025-10-14T03:29:00,S03,שיר,he,"ערב עמוס. הנה מה שיצא הלילה: מאפרול סיימנו בערך 1.5 יחידות, ספרתי בערך 6.5 במלאי. קורונה זז הרבה. בערך 5 במשמרת, נשארו בערך 27.0. ארדינגר - ירדו בערך 2, נשארו בערך 27.0. סטלה ארטואה זז הרבה. בערך 4 במשמרת, נשארו בערך 32.5. מכבי - ירדו בערך 5, נשארו בערך 61. זהו מה שהיה בולט הלילה."
SR000044,2025-10-14,2025-10-15T03:27:00,S03,Shir,en,"Stock notes before I leave: Heineken moved quite a lot. About 11 were used during the shift, with roughly 32.5 remaining. We went through about 3 of Maccabee tonight and I counted around 58 left. For Erdinger, we finished around 3 unit(s) and I counted about 24.0 still in stock. Aperol moved quite a lot. About 1.5 were used during the shift, with roughly 16.5 remaining. For Bacardi Carta Blanca, we finished around 1.5 unit(s) and I counted about 15 still in stock. Everything else looked generally normal at close."
SR000045,2025-10-15,2025-10-16T03:30:00,S03,Shir,en,"Busy service tonight. Here's what I noticed before closing: carlsberg went fast, 9 used and 84.5 left i think house white wine went fast, 2.5 used and 16.0 left i think bacardi carta blanca went fast, 2.0 used and 12.5 left i think might have missed something so check"
SR000046,2025-10-16,2025-10-17T03:14:00,S06,מוריאל,he,"ערב עמוס. הנה מה שיצא הלילה: קורונה השתמשנו בערך 12, חושב שנשארו 51.0 אפרול השתמשנו בערך 3.5, חושב שנשארו 11.0 שרדונה ירד מהר, 1 ונשארו 17.0 נראה לי הנדריקס ירד מהר, 1 ונשארו 13.5 נראה לי מכבי ירד מהר, 6 ונשארו 49 נראה לי מישהו שיוודא, אני לא בטוח ב100%"
SR000047,2025-10-17,2025-10-18T03:51:00,S06,Muriel,en,"End-of-shift update. These are the main alcohol stock points from tonight: carlsberg we went through like 20, think theres 50.5 left goldstar we went through like 13, think theres 45.5 left patron silver 11.0 absolut went fast, 2.0 used and 10.0 left i think stella artois we went through like 9, think theres 28.5 left someone double check those before service"
SR000048,2025-10-18,2025-10-19T03:24:00,S06,מוריאל,he,"רשימת מלאי לפני שאני הולך: יין לבן הבית - ירדו בערך 4.5, נשארו בערך 16.5. הנדריקס זז הרבה. בערך 1.0 במשמרת, נשארו בערך 12.0. מג'יימסון סיימנו בערך 1.0 יחידות, ספרתי בערך 11.5 במלאי. שאר הדברים נראו רגילים."
SR000049,2025-10-19,2025-10-20T03:34:00,S04,Tomer,en,"Shift finished. A few stock updates the next team should know: patron silver went fast, 1.0 used and 8.5 left i think heineken we went through like 5, think theres 47.5 left erdinger went fast, 1 used and 29.0 left i think house white wine 14.0 someone double check those before service"
SR000050,2025-10-20,2025-10-21T03:21:00,S03,Shir,en,"Stock notes before I leave: stella artois went fast, 5 used and 35.5 left i think aperol went fast, 1.5 used and 14.5 left i think heineken went fast, 4 used and 43.5 left i think someone double check those before service"
SR000051,2025-10-21,2025-10-22T03:13:00,S03,שיר,he,"סיימתי משמרת, כמה עדכוני מלאי: פטרון סילבר - ירדו בערך 1, נשארו בערך 19. הייניקן זז הרבה. בערך 3 במשמרת, נשארו בערך 40.5. קרלסברג זז הרבה. בערך 10 במשמרת, נשארו בערך 34.5. פרוסקו זז הרבה. בערך 2 במשמרת, נשארו בערך 21.5. זהו מה שהיה בולט הלילה."
SR000052,2025-10-22,2025-10-23T03:12:00,S06,מוריאל,he,"רשימת מלאי לפני שאני הולך: הייניקן ירד מהר, 6 ונשארו 58.5 נראה לי גורדונס 19.0 אפרול השתמשנו בערך 1.5, חושב שנשארו 24.0 תבדקו את זה מחר"
SR000053,2025-10-23,2025-10-24T03:19:00,S03,שיר,he,"רשימת מלאי לפני שאני הולך: אבסולוט ירד מהר, 2.0 ונשארו 14.0 נראה לי מכבי ירד מהר, 5 ונשארו 41 נראה לי קרלסברג השתמשנו בערך 12, חושב שנשארו 63.5 ג'יימסון ירד מהר, 1.0 ונשארו 9.0 נראה לי מישהו שיוודא, אני לא בטוח ב100%"
SR000054,2025-10-24,2025-10-25T03:44:00,S06,Muriel,en,"Shift finished. A few stock updates the next team should know: maccabee we went through like 11, think theres 30 left aperol went fast, 4.0 used and 17.5 left i think carlsberg 30l 4.5 malka 30l we went through like 1, think theres 3.5 left someone double check those before service"
SR000055,2025-10-25,2025-10-26T03:16:00,S01,Roei,en,"Stock notes before I leave: house white wine went fast, 4.5 used and 10 left i think maccabee went fast, 9 used and 21 left i think malka 30l we went through like 1, think theres 4.5 left stella artois went fast, 11 used and 50.5 left i think someone double check those before service"
SR000056,2025-10-26,2025-10-27T03:11:00,S02,Yael,en,"Shift finished. A few stock updates the next team should know: For Carlsberg, we finished around 10 unit(s) and I counted about 60.5 still in stock. We went through about 4 of Stella Artois tonight and I counted around 46.5 left. For Absolut, we finished around 1.0 unit(s) and I counted about 7.5 still in stock. No other major alcohol issues stood out during closing."
SR000057,2025-10-27,2025-10-28T03:52:00,S05,מאיה,he,"ערב עמוס. הנה מה שיצא הלילה: סטלה ארטואה זז הרבה. בערך 3 במשמרת, נשארו בערך 43.5. קרלסברג - ירדו בערך 10, נשארו בערך 50.5. ארדינגר - ירדו בערך 2, נשארו בערך 28.0. מגולדסטאר סיימנו בערך 6 יחידות, ספרתי בערך 52.5 במלאי. זהו מה שהיה בולט הלילה."
SR000058,2025-10-28,2025-10-29T03:28:00,S06,מוריאל,he,"סיימתי משמרת, כמה עדכוני מלאי: אבסולוט - ירדו בערך 1.0, נשארו בערך 17.5. מהייניקן סיימנו בערך 4 יחידות, ספרתי בערך 39.5 במלאי. מקורונה סיימנו בערך 4 יחידות, ספרתי בערך 23.0 במלאי. קרלסברג - ירדו בערך 8, נשארו בערך 42.5. זהו מה שהיה בולט הלילה."
SR000059,2025-10-29,2025-10-30T03:21:00,S03,Shir,en,"Stock notes before I leave: For House White Wine, we finished around 3.0 unit(s) and I counted about 13.5 still in stock. We went through about 4 of Guinness tonight and I counted around 47.5 left. Rose Wine moved quite a lot. About 1 were used during the shift, with roughly 11.5 remaining. Aperol moved quite a lot. About 2.5 were used during the shift, with roughly 7.0 remaining. For Heineken, we finished around 8 unit(s) and I counted about 55.5 still in stock. No other major alcohol issues stood out during closing."
SR000060,2025-10-30,2025-10-31T03:08:00,S05,Maya,en,"Shift finished. A few stock updates the next team should know: We went through about 8 of Stella Artois tonight and I counted around 45.5 left. We went through about 4 of Erdinger tonight and I counted around 19.0 left. For Heineken, we finished around 13 unit(s) and I counted about 42.5 still in stock. For Corona, we finished around 11 unit(s) and I counted about 52.0 still in stock. Maccabee moved quite a lot. About 7 were used during the shift, with roughly 44 remaining. Those were the main stock changes I noticed."
SR000061,2025-10-31,2025-11-01T03:19:00,S04,Tomer,en,"Shift finished. A few stock updates the next team should know: We went through about 9 of Maccabee tonight and I counted around 35 left. We went through about 9 of Stella Artois tonight and I counted around 36.5 left. Gordon's moved quite a lot. About 2.5 were used during the shift, with roughly 13.5 remaining. We went through about 15 of Carlsberg tonight and I counted around 49.5 left. House Red Wine moved quite a lot. About 2.5 were used during the shift, with roughly 19.0 remaining. No other major alcohol issues stood out during closing."
SR000062,2025-11-01,2025-11-02T03:46:00,S04,Tomer,en,"Shift finished. A few stock updates the next team should know: goldstar went fast, 14 used and 48.5 left i think heineken we went through like 13, think theres 63.5 left carlsberg went fast, 14 used and 59.5 left i think might have missed something so check"
SR000063,2025-11-02,2025-11-03T03:30:00,S01,רועי,he,"עדכון סוף משמרת. מה שראיתי לפני הסגירה: סטלה ארטואה ירד מהר, 6 ונשארו 47.5 נראה לי ארדינגר ירד מהר, 1 ונשארו 33.0 נראה לי מכבי השתמשנו בערך 3, חושב שנשארו 28 תבדקו את זה מחר"
SR000064,2025-11-03,2025-11-04T03:16:00,S03,Shir,en,"Shift finished. A few stock updates the next team should know: For Guinness, we finished around 1 unit(s) and I counted about 28.5 still in stock. For House White Wine, we finished around 1.5 unit(s) and I counted about 11 still in stock. Heineken moved quite a lot. About 5 were used during the shift, with roughly 50.5 remaining. Corona moved quite a lot. About 3 were used during the shift, with roughly 45.0 remaining. Those were the main stock changes I noticed."
SR000065,2025-11-04,2025-11-05T03:14:00,S02,Yael,en,"Busy service tonight. Here's what I noticed before closing: erdinger went fast, 2 used and 29.0 left i think stella artois 39.5 corona went fast, 5 used and 40.0 left i think someone double check those before service"
SR000066,2025-11-05,2025-11-06T03:52:00,S01,רועי,he,"רשימת מלאי לפני שאני הולך: הייניקן ירד מהר, 6 ונשארו 61.5 נראה לי גורדונס השתמשנו בערך 1.5, חושב שנשארו 18.5 גולדסטאר ירד מהר, 7 ונשארו 68.5 נראה לי קורונה ירד מהר, 9 ונשארו 55.0 נראה לי ארדינגר השתמשנו בערך 1, חושב שנשארו 28.0 תבדקו את זה מחר"
SR000067,2025-11-06,2025-11-07T03:44:00,S06,Muriel,en,"Stock notes before I leave: House White Wine moved quite a lot. About 3.0 were used during the shift, with roughly 15.5 remaining. Goldstar moved quite a lot. About 9 were used during the shift, with roughly 59.5 remaining. We went through about 11 of Carlsberg tonight and I counted around 66.5 left. No other major alcohol issues stood out during closing."
SR000068,2025-11-07,2025-11-08T03:14:00,S02,יעל,he,"סיימתי משמרת, כמה עדכוני מלאי: יין אדום הבית זז הרבה. בערך 2.5 במשמרת, נשארו בערך 18.0. ג'יימסון - ירדו בערך 1.0, נשארו בערך 9. מהייניקן סיימנו בערך 11 יחידות, ספרתי בערך 38.5 במלאי. קורונה זז הרבה. בערך 10 במשמרת, נשארו בערך 35.0. מיין לבן הבית סיימנו בערך 2.5 יחידות, ספרתי בערך 13.5 במלאי. שאר הדברים נראו רגילים."
SR000069,2025-11-08,2025-11-09T03:05:00,S05,Maya,en,"End-of-shift update. These are the main alcohol stock points from tonight: house white wine we went through like 2.5, think theres 10.5 left rose wine we went through like 1, think theres 14.0 left corona went fast, 7 used and 52.0 left i think stella artois we went through like 7, think theres 36.5 left might have missed something so check"
SR000070,2025-11-09,2025-11-10T03:52:00,S05,מאיה,he,"ערב עמוס. הנה מה שיצא הלילה: סטלה ארטואה ירד מהר, 3 ונשארו 33.5 נראה לי פרוסקו השתמשנו בערך 3.0, חושב שנשארו 14.5 גורדונס השתמשנו בערך 1.5, חושב שנשארו 13.0 ארדינגר ירד מהר, 2 ונשארו 18.0 נראה לי תבדקו את זה מחר"
SR000071,2025-11-10,2025-11-11T03:29:00,S05,מאיה,he,"רשימת מלאי לפני שאני הולך: מכבי השתמשנו בערך 3, חושב שנשארו 43 יין אדום הבית ירד מהר, 1.5 ונשארו 13.5 נראה לי הייניקן ירד מהר, 5 ונשארו 45.5 נראה לי קורונה ירד מהר, 4 ונשארו 39.0 נראה לי תבדקו את זה מחר"
SR000072,2025-11-11,2025-11-12T03:06:00,S01,Roei,en,"End-of-shift update. These are the main alcohol stock points from tonight: aperol went fast, 1.5 used and 18.0 left i think prosecco we went through like 2.0, think theres 24.5 left maccabee went fast, 2 used and 41 left i think goldstar went fast, 7 used and 56.5 left i think someone double check those before service"
SR000073,2025-11-12,2025-11-13T03:15:00,S05,מאיה,he,"עדכון סוף משמרת. מה שראיתי לפני הסגירה: גולדסטאר השתמשנו בערך 4, חושב שנשארו 76.5 קרלסברג השתמשנו בערך 5, חושב שנשארו 72.5 אבסולוט ירד מהר, 1.0 ונשארו 11.0 נראה לי יין רוזה ירד מהר, 1.0 ונשארו 12.5 נראה לי הייניקן ירד מהר, 5 ונשארו 63.5 נראה לי תבדקו את זה מחר"
SR000074,2025-11-13,2025-11-14T03:14:00,S03,Shir,en,"End-of-shift update. These are the main alcohol stock points from tonight: For Aperol, we finished around 1.0 unit(s) and I counted about 16.0 still in stock. Erdinger moved quite a lot. About 2 were used during the shift, with roughly 35.0 remaining. For Goldstar, we finished around 11 unit(s) and I counted about 65.5 still in stock. For Carlsberg, we finished around 8 unit(s) and I counted about 64.5 still in stock. Prosecco moved quite a lot. About 2.0 were used during the shift, with roughly 21.0 remaining. No other major alcohol issues stood out during closing."
SR000075,2025-11-14,2025-11-15T03:28:00,S01,רועי,he,"עדכון סוף משמרת. מה שראיתי לפני הסגירה: קרלסברג 30 ליטר - ירדו בערך 1.0, נשארו בערך 5. מסטלה ארטואה סיימנו בערך 6 יחידות, ספרתי בערך 40.5 במלאי. מהייניקן סיימנו בערך 9 יחידות, ספרתי בערך 49.5 במלאי. מארדינגר סיימנו בערך 4 יחידות, ספרתי בערך 31.0 במלאי. מגולדסטאר סיימנו בערך 13 יחידות, ספרתי בערך 52.5 במלאי. כדאי לבדוק שוב לפני המשמרת הבאה."
SR000076,2025-11-15,2025-11-16T03:29:00,S01,רועי,he,"עדכון סוף משמרת. מה שראיתי לפני הסגירה: יין רוזה השתמשנו בערך 1.5, חושב שנשארו 9.0 קרלסברג ירד מהר, 12 ונשארו 63.5 נראה לי פרוסקו השתמשנו בערך 3.5, חושב שנשארו 25.0 גולדסטאר השתמשנו בערך 10, חושב שנשארו 66.5 יין אדום הבית השתמשנו בערך 2.5, חושב שנשארו 16.0 תבדקו את זה מחר"
SR000077,2025-11-16,2025-11-17T03:52:00,S06,מוריאל,he,"עדכון סוף משמרת. מה שראיתי לפני הסגירה: קרלסברג השתמשנו בערך 6, חושב שנשארו 57.5 ארדינגר השתמשנו בערך 3, חושב שנשארו 24.0 גולדסטאר ירד מהר, 2 ונשארו 64.5 נראה לי מכבי 44 תבדקו את זה מחר"
SR000078,2025-11-17,2025-11-18T03:30:00,S06,מוריאל,he,"עדכון סוף משמרת. מה שראיתי לפני הסגירה: אפרול השתמשנו בערך 1.0, חושב שנשארו 8.0 אבסולוט ירד מהר, 1.0 ונשארו 16.5 נראה לי מכבי השתמשנו בערך 1, חושב שנשארו 43 בקרדי ירד מהר, 2.0 ונשארו 16.0 נראה לי תבדקו את זה מחר"
SR000079,2025-11-18,2025-11-19T03:15:00,S03,Shir,en,"Stock notes before I leave: Erdinger moved quite a lot. About 2 were used during the shift, with roughly 20.0 remaining. Heineken moved quite a lot. About 5 were used during the shift, with roughly 56.5 remaining. Stella Artois moved quite a lot. About 2 were used during the shift, with roughly 28.5 remaining. Guinness moved quite a lot. About 2 were used during the shift, with roughly 29.5 remaining. We went through about 1.0 of Patron Silver tonight and I counted around 11.0 left. No other major alcohol issues stood out during closing."
SR000080,2025-11-19,2025-11-20T03:16:00,S01,Roei,en,"Busy service tonight. Here's what I noticed before closing: For Guinness, we finished around 2 unit(s) and I counted about 27.5 still in stock. For House Red Wine, we finished around 1 unit(s) and I counted about 24.5 still in stock. For Carlsberg, we finished around 6 unit(s) and I counted about 75.5 still in stock. We went through about 5 of Goldstar tonight and I counted around 47.5 left. Everything else looked generally normal at close."
SR000081,2025-11-20,2025-11-21T03:14:00,S06,מוריאל,he,"רשימת מלאי לפני שאני הולך: ג'ק דניאלס השתמשנו בערך 1.5, חושב שנשארו 6.0 הייניקן ירד מהר, 18 ונשארו 61.5 נראה לי יין אדום הבית השתמשנו בערך 4.0, חושב שנשארו 20.5 הנדריקס ירד מהר, 1.0 ונשארו 4 נראה לי מישהו שיוודא, אני לא בטוח ב100%"
SR000082,2025-11-21,2025-11-22T03:54:00,S05,Maya,en,"End-of-shift update. These are the main alcohol stock points from tonight: Jack Daniel's moved quite a lot. About 1.0 were used during the shift, with roughly 5.0 remaining. Goldstar moved quite a lot. About 15 were used during the shift, with roughly 13.5 remaining. House Red Wine moved quite a lot. About 3.5 were used during the shift, with roughly 17.0 remaining. We went through about 15 of Heineken tonight and I counted around 46.5 left. Everything else looked generally normal at close."
SR000083,2025-11-22,2025-11-23T03:39:00,S02,Yael,en,"Stock notes before I leave: prosecco we went through like 3.5, think theres 16.0 left carlsberg 30l went fast, 1.0 used and 6.5 left i think goldstar we went through like 11, think theres 74.5 left someone double check those before service"
SR000084,2025-11-23,2025-11-24T03:35:00,S05,Maya,en,"Shift finished. A few stock updates the next team should know: stella artois we went through like 5, think theres 38.5 left house red wine we went through like 1.5, think theres 12.5 left absolut we went through like 1.0, think theres 6.5 left gordon's went fast, 1.5 used and 6 left i think someone double check those before service"
SR000085,2025-11-24,2025-11-25T03:31:00,S06,מוריאל,he,"ערב עמוס. הנה מה שיצא הלילה: מגורדונס סיימנו בערך 1.0 יחידות, ספרתי בערך 5.0 במלאי. מפרוסקו סיימנו בערך 2.0 יחידות, ספרתי בערך 11.0 במלאי. יין אדום הבית - ירדו בערך 1, נשארו בערך 11.5. הייניקן - ירדו בערך 6, נשארו בערך 46.5. מיין לבן הבית סיימנו בערך 2 יחידות, ספרתי בערך 19.0 במלאי. שאר הדברים נראו רגילים."
SR000086,2025-11-25,2025-11-26T03:19:00,S02,יעל,he,"סיימתי משמרת, כמה עדכוני מלאי: קרלסברג ירד מהר, 9 ונשארו 46.5 נראה לי קורונה השתמשנו בערך 8, חושב שנשארו 31.0 אפרול ירד מהר, 1.5 ונשארו 16.5 נראה לי גולדסטאר השתמשנו בערך 5, חושב שנשארו 62.5 מישהו שיוודא, אני לא בטוח ב100%"
SR000087,2025-11-26,2025-11-27T03:17:00,S04,Tomer,en,"Busy service tonight. Here's what I noticed before closing: Bacardi Carta Blanca moved quite a lot. About 1.5 were used during the shift, with roughly 19.5 remaining. For House White Wine, we finished around 1.5 unit(s) and I counted about 15.5 still in stock. Carlsberg moved quite a lot. About 8 were used during the shift, with roughly 62.5 remaining. For Maccabee, we finished around 4 unit(s) and I counted about 53 still in stock. We went through about 1 of Aperol tonight and I counted around 15.5 left. Everything else looked generally normal at close."
SR000088,2025-11-27,2025-11-28T03:15:00,S06,מוריאל,he,"סיימתי משמרת, כמה עדכוני מלאי: סטלה ארטואה זז הרבה. בערך 5 במשמרת, נשארו בערך 48.5. מבקרדי סיימנו בערך 3.0 יחידות, ספרתי בערך 16.5 במלאי. מכבי - ירדו בערך 4, נשארו בערך 49. קרלסברג - ירדו בערך 9, נשארו בערך 53.5. זהו מה שהיה בולט הלילה."
SR000089,2025-11-28,2025-11-29T03:39:00,S05,Maya,en,"Stock notes before I leave: For Guinness, we finished around 4 unit(s) and I counted about 35.5 still in stock. We went through about 4 of Erdinger tonight and I counted around 36.0 left. For Goldstar, we finished around 11 unit(s) and I counted about 36.5 still in stock. Those were the main stock changes I noticed."
SR000090,2025-11-29,2025-11-30T03:12:00,S03,Shir,en,"Shift finished. A few stock updates the next team should know: hendrick's we went through like 1.0, think theres 10.0 left heineken we went through like 14, think theres 43.5 left gordon's went fast, 3.0 used and 9.0 left i think someone double check those before service"
SR000091,2025-11-30,2025-12-01T03:52:00,S02,Yael,en,"Stock notes before I leave: We went through about 7 of Carlsberg tonight and I counted around 62.5 left. House White Wine moved quite a lot. About 1.0 were used during the shift, with roughly 16.5 remaining. We went through about 2 of Erdinger tonight and I counted around 30.0 left. No other major alcohol issues stood out during closing."
SR000092,2025-12-01,2025-12-02T03:54:00,S05,מאיה,he,"סיימתי משמרת, כמה עדכוני מלאי: יין לבן הבית - ירדו בערך 1.5, נשארו בערך 14.5. מקרלסברג סיימנו בערך 7 יחידות, ספרתי בערך 55.5 במלאי. מפרוסקו סיימנו בערך 2.5 יחידות, ספרתי בערך 35.5 במלאי. ארדינגר - ירדו בערך 1, נשארו בערך 29.0. זהו מה שהיה בולט הלילה."
SR000093,2025-12-02,2025-12-03T03:21:00,S02,Yael,en,"End-of-shift update. These are the main alcohol stock points from tonight: corona went fast, 7 used and 29.0 left i think goldstar we went through like 4, think theres 26.5 left bacardi carta blanca we went through like 1.0, think theres 18.5 left stella artois we went through like 2, think theres 21.5 left carlsberg 46.5 might have missed something so check"
SR000094,2025-12-03,2025-12-04T03:15:00,S06,Muriel,en,"Stock notes before I leave: For Guinness, we finished around 2 unit(s) and I counted about 40.5 still in stock. We went through about 2.0 of House White Wine tonight and I counted around 23 left. For Maccabee, we finished around 4 unit(s) and I counted about 26 still in stock. For Corona, we finished around 7 unit(s) and I counted about 46.0 still in stock. No other major alcohol issues stood out during closing."
SR000095,2025-12-04,2025-12-05T03:39:00,S03,שיר,he,"רשימת מלאי לפני שאני הולך: קוואנטרו 9.0 גולדסטאר השתמשנו בערך 15, חושב שנשארו 56.5 מלכה 30 ליטר השתמשנו בערך 1.0, חושב שנשארו 4.5 גינס ירד מהר, 6 ונשארו 34.5 נראה לי מישהו שיוודא, אני לא בטוח ב100%"
SR000096,2025-12-05,2025-12-06T03:18:00,S05,מאיה,he,"רשימת מלאי לפני שאני הולך: קורונה ירד מהר, 9 ונשארו 25.0 נראה לי גינס ירד מהר, 4 ונשארו 30.5 נראה לי גורדונס ירד מהר, 2.0 ונשארו 12.5 נראה לי מכבי ירד מהר, 8 ונשארו 36 נראה לי מישהו שיוודא, אני לא בטוח ב100%"
SR000097,2025-12-06,2025-12-07T03:49:00,S04,תומר,he,"סיימתי משמרת, כמה עדכוני מלאי: הייניקן ירד מהר, 7 ונשארו 57.5 נראה לי גינס השתמשנו בערך 5, חושב שנשארו 25.5 הנדריקס ירד מהר, 1.0 ונשארו 5.5 נראה לי אפרול השתמשנו בערך 2.5, חושב שנשארו 18 תבדקו את זה מחר"
SR000098,2025-12-07,2025-12-08T03:23:00,S06,מוריאל,he,"עדכון סוף משמרת. מה שראיתי לפני הסגירה: סטלה ארטואה ירד מהר, 4 ונשארו 40.5 נראה לי מכבי השתמשנו בערך 2, חושב שנשארו 29 יין אדום הבית ירד מהר, 1.0 ונשארו 20.5 נראה לי קורונה ירד מהר, 3 ונשארו 58.0 נראה לי תבדקו את זה מחר"
SR000099,2025-12-08,2025-12-09T03:13:00,S06,מוריאל,he,"סיימתי משמרת, כמה עדכוני מלאי: קרלסברג - ירדו בערך 4, נשארו בערך 54.5. גינס זז הרבה. בערך 2 במשמרת, נשארו בערך 20.5. מגולדסטאר סיימנו בערך 4 יחידות, ספרתי בערך 50.5 במלאי. קורונה - ירדו בערך 6, נשארו בערך 52.0. כדאי לבדוק שוב לפני המשמרת הבאה."
SR000100,2025-12-09,2025-12-10T03:13:00,S02,Yael,en,"Busy service tonight. Here's what I noticed before closing: goldstar we went through like 2, think theres 48.5 left stella artois went fast, 2 used and 38.5 left i think corona we went through like 4, think theres 48.0 left might have missed something so check"
SR000101,2025-12-10,2025-12-11T03:54:00,S06,Muriel,en,"End-of-shift update. These are the main alcohol stock points from tonight: goldstar went fast, 5 used and 67.5 left i think corona we went through like 3, think theres 69.0 left aperol we went through like 1.5, think theres 14.0 left patron silver we went through like 1, think theres 10.0 left might have missed something so check"
SR000102,2025-12-11,2025-12-12T03:24:00,S05,מאיה,he,"רשימת מלאי לפני שאני הולך: גורדונס השתמשנו בערך 1.5, חושב שנשארו 17.5 פטרון סילבר ירד מהר, 1.0 ונשארו 8.5 נראה לי סטלה ארטואה ירד מהר, 6 ונשארו 51.5 נראה לי גולדסטאר ירד מהר, 12 ונשארו 55.5 נראה לי הייניקן ירד מהר, 9 ונשארו 54.5 נראה לי מישהו שיוודא, אני לא בטוח ב100%"
SR000103,2025-12-12,2025-12-13T03:49:00,S05,מאיה,he,"רשימת מלאי לפני שאני הולך: פטרון סילבר זז הרבה. בערך 2.5 במשמרת, נשארו בערך 18.5. מאבסולוט סיימנו בערך 2.5 יחידות, ספרתי בערך 18.0 במלאי. יין לבן הבית זז הרבה. בערך 5.0 במשמרת, נשארו בערך 14. שאר הדברים נראו רגילים."
SR000104,2025-12-13,2025-12-14T03:52:00,S03,שיר,he,"רשימת מלאי לפני שאני הולך: הייניקן זז הרבה. בערך 11 במשמרת, נשארו בערך 48.5. משרדונה סיימנו בערך 1.0 יחידות, ספרתי בערך 7.5 במלאי. מיין לבן הבית סיימנו בערך 3.0 יחידות, ספרתי בערך 11.0 במלאי. קרלסברג זז הרבה. בערך 13 במשמרת, נשארו בערך 18.5. כדאי לבדוק שוב לפני המשמרת הבאה."
SR000105,2025-12-14,2025-12-15T03:55:00,S01,Roei,en,"Busy service tonight. Here's what I noticed before closing: Maccabee moved quite a lot. About 7 were used during the shift, with roughly 23 remaining. Corona moved quite a lot. About 7 were used during the shift, with roughly 58.0 remaining. Absolut moved quite a lot. About 1.0 were used during the shift, with roughly 15.5 remaining. We went through about 11 of Heineken tonight and I counted around 37.5 left. Those were the main stock changes I noticed."
SR000106,2025-12-15,2025-12-16T03:12:00,S04,Tomer,en,"Shift finished. A few stock updates the next team should know: erdinger we went through like 1, think theres 18.0 left house red wine went fast, 1.0 used and 7.5 left i think maccabee we went through like 3, think theres 20 left guinness went fast, 2 used and 16.5 left i think might have missed something so check"
SR000107,2025-12-16,2025-12-17T03:33:00,S05,Maya,en,"End-of-shift update. These are the main alcohol stock points from tonight: goldstar went fast, 6 used and 33.5 left i think aperol we went through like 2.0, think theres 24.5 left gordon's we went through like 1.5, think theres 20.5 left maccabee went fast, 6 used and 14 left i think corona went fast, 7 used and 44.0 left i think someone double check those before service"
SR000108,2025-12-17,2025-12-18T03:50:00,S05,Maya,en,"Stock notes before I leave: Goldstar moved quite a lot. About 4 were used during the shift, with roughly 53.5 remaining. For Stella Artois, we finished around 5 unit(s) and I counted about 36.5 still in stock. For Prosecco, we finished around 2.0 unit(s) and I counted about 24 still in stock. For Corona, we finished around 8 unit(s) and I counted about 60.0 still in stock. Everything else looked generally normal at close."
SR000109,2025-12-18,2025-12-19T03:26:00,S06,Muriel,en,"Stock notes before I leave: We went through about 1.0 of Chardonnay tonight and I counted around 16.5 left. We went through about 6 of Stella Artois tonight and I counted around 30.5 left. Heineken moved quite a lot. About 9 were used during the shift, with roughly 58.5 remaining. For Maccabee, we finished around 7 unit(s) and I counted about 27 still in stock. We went through about 2.5 of House Red Wine tonight and I counted around 14.0 left. No other major alcohol issues stood out during closing."
SR000110,2025-12-19,2025-12-20T03:52:00,S02,Yael,en,"Shift finished. A few stock updates the next team should know: prosecco we went through like 5.5, think theres 27.0 left carlsberg we went through like 20, think theres 42.5 left rose wine we went through like 2.0, think theres 14 left house white wine went fast, 4.0 used and 20.0 left i think guinness we went through like 6, think theres 22.5 left someone double check those before service"
SR000111,2025-12-20,2025-12-21T03:29:00,S01,רועי,he,"רשימת מלאי לפני שאני הולך: קרלסברג זז הרבה. בערך 19 במשמרת, נשארו בערך 71.5. הייניקן זז הרבה. בערך 15 במשמרת, נשארו בערך 54.5. אפרול - ירדו בערך 3.5, נשארו בערך 14.0. כדאי לבדוק שוב לפני המשמרת הבאה."
SR000112,2025-12-21,2025-12-22T03:17:00,S01,Roei,en,"Busy service tonight. Here's what I noticed before closing: maccabee we went through like 5, think theres 29 left carlsberg we went through like 8, think theres 63.5 left corona we went through like 6, think theres 42.0 left guinness we went through like 3, think theres 37.5 left might have missed something so check"
SR000113,2025-12-22,2025-12-23T03:06:00,S05,Maya,en,End-of-shift update. These are the main alcohol stock points from tonight: We went through about 1.0 of Patron Silver tonight and I counted around 5.5 left. We went through about 4 of Stella Artois tonight and I counted around 26.5 left. We went through about 2.0 of Prosecco tonight and I counted around 14.5 left. We went through about 6 of Corona tonight and I counted around 36.0 left. Those were the main stock changes I noticed.
SR000114,2025-12-23,2025-12-24T03:05:00,S01,Roei,en,"End-of-shift update. These are the main alcohol stock points from tonight: For Carlsberg, we finished around 9 unit(s) and I counted about 45.5 still in stock. For Goldstar, we finished around 7 unit(s) and I counted about 41.5 still in stock. We went through about 7 of Corona tonight and I counted around 29.0 left. Everything else looked generally normal at close."
SR000115,2025-12-24,2025-12-25T03:52:00,S05,Maya,en,"Stock notes before I leave: Guinness moved quite a lot. About 3 were used during the shift, with roughly 30.5 remaining. For House White Wine, we finished around 1.0 unit(s) and I counted about 22.5 still in stock. For Corona, we finished around 7 unit(s) and I counted about 46.0 still in stock. No other major alcohol issues stood out during closing."
SR000116,2025-12-25,2025-12-26T03:39:00,S06,Muriel,en,Stock notes before I leave: We went through about 4 of Maccabee tonight and I counted around 40 left. We went through about 5 of Stella Artois tonight and I counted around 37.5 left. We went through about 3.5 of Prosecco tonight and I counted around 19.0 left. Those were the main stock changes I noticed.
SR000117,2025-12-26,2025-12-27T03:51:00,S06,Muriel,en,"Shift finished. A few stock updates the next team should know: Heineken moved quite a lot. About 10 were used during the shift, with roughly 31.5 remaining. For Carlsberg, we finished around 12 unit(s) and I counted about 60.5 still in stock. Corona moved quite a lot. About 11 were used during the shift, with roughly 28.0 remaining. For Bacardi Carta Blanca, we finished around 2.5 unit(s) and I counted about 17.0 still in stock. Everything else looked generally normal at close."
SR000118,2025-12-27,2025-12-28T03:13:00,S01,רועי,he,"סיימתי משמרת, כמה עדכוני מלאי: מגולדסטאר סיימנו בערך 8 יחידות, ספרתי בערך 56.5 במלאי. מארדינגר סיימנו בערך 3 יחידות, ספרתי בערך 35.0 במלאי. פטרון סילבר זז הרבה. בערך 1.0 במשמרת, נשארו בערך 13.0. זהו מה שהיה בולט הלילה."
SR000119,2025-12-28,2025-12-29T03:17:00,S06,Muriel,en,"End-of-shift update. These are the main alcohol stock points from tonight: stella artois we went through like 7, think theres 47.5 left goldstar we went through like 9, think theres 47.5 left house white wine we went through like 2.0, think theres 13.0 left heineken we went through like 9, think theres 61.5 left absolut we went through like 1.0, think theres 10.5 left someone double check those before service"
SR000120,2025-12-29,2025-12-30T03:39:00,S01,רועי,he,"ערב עמוס. הנה מה שיצא הלילה: מהייניקן סיימנו בערך 3 יחידות, ספרתי בערך 58.5 במלאי. פרוסקו זז הרבה. בערך 2.0 במשמרת, נשארו בערך 17.0. קרלסברג - ירדו בערך 8, נשארו בערך 56.5. מאפרול סיימנו בערך 1.5 יחידות, ספרתי בערך 10.0 במלאי. כדאי לבדוק שוב לפני המשמרת הבאה."
SR000121,2025-12-30,2025-12-31T03:40:00,S02,יעל,he,"סיימתי משמרת, כמה עדכוני מלאי: מכבי השתמשנו בערך 3, חושב שנשארו 20 הייניקן ירד מהר, 4 ונשארו 54.5 נראה לי קרלסברג ירד מהר, 9 ונשארו 47.5 נראה לי ארדינגר ירד מהר, 1 ונשארו 31.0 נראה לי מישהו שיוודא, אני לא בטוח ב100%"
SR000122,2025-12-31,2026-01-01T03:18:00,S05,מאיה,he,"עדכון סוף משמרת. מה שראיתי לפני הסגירה: גורדונס ירד מהר, 1.0 ונשארו 11.5 נראה לי ארדינגר ירד מהר, 3 ונשארו 28.0 נראה לי קורונה השתמשנו בערך 4, חושב שנשארו 59.0 אבסולוט ירד מהר, 1.0 ונשארו 19.5 נראה לי תבדקו את זה מחר"
SR000123,2026-01-01,2026-01-02T03:39:00,S01,רועי,he,"סיימתי משמרת, כמה עדכוני מלאי: הייניקן השתמשנו בערך 9, חושב שנשארו 64.5 אפרול השתמשנו בערך 1.5, חושב שנשארו 18.5 פרוסקו השתמשנו בערך 2, חושב שנשארו 23.0 סטלה ארטואה ירד מהר, 7 ונשארו 30.5 נראה לי מישהו שיוודא, אני לא בטוח ב100%"
SR000124,2026-01-02,2026-01-03T03:34:00,S04,תומר,he,"ערב עמוס. הנה מה שיצא הלילה: קורונה זז הרבה. בערך 5 במשמרת, נשארו בערך 49.0. הייניקן זז הרבה. בערך 5 במשמרת, נשארו בערך 59.5. קרלסברג - ירדו בערך 8, נשארו בערך 53.5. אפרול זז הרבה. בערך 1.5 במשמרת, נשארו בערך 17. זהו מה שהיה בולט הלילה."
SR000125,2026-01-03,2026-01-04T03:24:00,S05,Maya,en,"Stock notes before I leave: We went through about 6 of Corona tonight and I counted around 67.0 left. Goldstar moved quite a lot. About 13 were used during the shift, with roughly 62.5 remaining. For Bacardi Carta Blanca, we finished around 2.5 unit(s) and I counted about 16 still in stock. Carlsberg moved quite a lot. About 14 were used during the shift, with roughly 63.5 remaining. No other major alcohol issues stood out during closing."
SR000126,2026-01-04,2026-01-05T03:40:00,S01,Roei,en,"End-of-shift update. These are the main alcohol stock points from tonight: stella artois went fast, 3 used and 40.5 left i think guinness we went through like 2, think theres 45.5 left gordon's we went through like 1.0, think theres 19 left corona we went through like 7, think theres 60.0 left carlsberg we went through like 8, think theres 55.5 left might have missed something so check"
SR000127,2026-01-05,2026-01-06T03:37:00,S02,Yael,en,"Stock notes before I leave: erdinger went fast, 1 used and 20.0 left i think corona went fast, 5 used and 55.0 left i think maccabee we went through like 3, think theres 23 left carlsberg we went through like 6, think theres 49.5 left prosecco went fast, 1.5 used and 25.5 left i think someone double check those before service"
SR000128,2026-01-06,2026-01-07T03:44:00,S04,תומר,he,"סיימתי משמרת, כמה עדכוני מלאי: ממכבי סיימנו בערך 2 יחידות, ספרתי בערך 21 במלאי. הייניקן - ירדו בערך 4, נשארו בערך 41.5. קרלסברג - ירדו בערך 2, נשארו בערך 47.5. סטלה ארטואה זז הרבה. בערך 5 במשמרת, נשארו בערך 31.5. גינס זז הרבה. בערך 3 במשמרת, נשארו בערך 40.5. זהו מה שהיה בולט הלילה."
SR000129,2026-01-07,2026-01-08T03:07:00,S06,Muriel,en,"End-of-shift update. These are the main alcohol stock points from tonight: For Carlsberg, we finished around 8 unit(s) and I counted about 63.5 still in stock. For Prosecco, we finished around 3.0 unit(s) and I counted about 22.5 still in stock. Goldstar moved quite a lot. About 7 were used during the shift, with roughly 70.5 remaining. Corona moved quite a lot. About 3 were used during the shift, with roughly 50.0 remaining. Those were the main stock changes I noticed."
SR000130,2026-01-08,2026-01-09T03:05:00,S01,רועי,he,"עדכון סוף משמרת. מה שראיתי לפני הסגירה: מכבי השתמשנו בערך 6, חושב שנשארו 35 קורונה ירד מהר, 8 ונשארו 42.0 נראה לי הייניקן השתמשנו בערך 5, חושב שנשארו 55.5 תבדקו את זה מחר"
SR000131,2026-01-09,2026-01-10T03:21:00,S03,Shir,en,"Stock notes before I leave: We went through about 1.0 of Absolut tonight and I counted around 11.5 left. For Maccabee, we finished around 4 unit(s) and I counted about 31 still in stock. We went through about 7 of Goldstar tonight and I counted around 57.5 left. Stella Artois moved quite a lot. About 5 were used during the shift, with roughly 45.5 remaining. Those were the main stock changes I noticed."
SR000132,2026-01-10,2026-01-11T03:51:00,S01,Roei,en,"Shift finished. A few stock updates the next team should know: We went through about 12 of Corona tonight and I counted around 48.0 left. We went through about 2 of Absolut tonight and I counted around 9.5 left. Guinness moved quite a lot. About 6 were used during the shift, with roughly 27.5 remaining. No other major alcohol issues stood out during closing."
SR000133,2026-01-11,2026-01-12T03:31:00,S02,יעל,he,"סיימתי משמרת, כמה עדכוני מלאי: מבקרדי סיימנו בערך 1.0 יחידות, ספרתי בערך 15.5 במלאי. הייניקן זז הרבה. בערך 6 במשמרת, נשארו בערך 53.5. פרוסקו זז הרבה. בערך 2.0 במשמרת, נשארו בערך 21.5. מקורונה סיימנו בערך 5 יחידות, ספרתי בערך 43.0 במלאי. שאר הדברים נראו רגילים."
SR000134,2026-01-12,2026-01-13T03:26:00,S06,Muriel,en,"Busy service tonight. Here's what I noticed before closing: For Guinness, we finished around 4 unit(s) and I counted about 22.5 still in stock. We went through about 1.0 of Gordon's tonight and I counted around 10 left. Carlsberg moved quite a lot. About 10 were used during the shift, with roughly 42.5 remaining. Those were the main stock changes I noticed."
SR000135,2026-01-13,2026-01-14T03:44:00,S03,Shir,en,"Stock notes before I leave: We went through about 2 of Maccabee tonight and I counted around 43 left. For Prosecco, we finished around 2.0 unit(s) and I counted about 30.0 still in stock. For House White Wine, we finished around 1.5 unit(s) and I counted about 27 still in stock. No other major alcohol issues stood out during closing."
SR000136,2026-01-14,2026-01-15T03:11:00,S06,Muriel,en,"End-of-shift update. These are the main alcohol stock points from tonight: aperol went fast, 1.0 used and 23.0 left i think gordon's we went through like 1.0, think theres 20.5 left guinness we went through like 3, think theres 41.5 left corona we went through like 2, think theres 54.0 left prosecco we went through like 1.5, think theres 28.5 left might have missed something so check"
SR000137,2026-01-15,2026-01-16T03:51:00,S06,מוריאל,he,"עדכון סוף משמרת. מה שראיתי לפני הסגירה: בקרדי ירד מהר, 3.0 ונשארו 22.5 נראה לי ארדינגר ירד מהר, 3 ונשארו 22.0 נראה לי פרוסקו השתמשנו בערך 4.0, חושב שנשארו 25.0 גולדסטאר השתמשנו בערך 10, חושב שנשארו 21.5 תבדקו את זה מחר"
SR000138,2026-01-16,2026-01-17T03:06:00,S05,מאיה,he,"עדכון סוף משמרת. מה שראיתי לפני הסגירה: גולדסטאר - ירדו בערך 13, נשארו בערך 32.5. מיין אדום הבית סיימנו בערך 3.0 יחידות, ספרתי בערך 22.5 במלאי. יין לבן הבית - ירדו בערך 4.0, נשארו בערך 19.0. שאר הדברים נראו רגילים."
SR000139,2026-01-17,2026-01-18T03:44:00,S04,Tomer,en,"End-of-shift update. These are the main alcohol stock points from tonight: Gordon's moved quite a lot. About 2.5 were used during the shift, with roughly 14.0 remaining. Carlsberg moved quite a lot. About 12 were used during the shift, with roughly 61.5 remaining. For Guinness, we finished around 5 unit(s) and I counted about 25.5 still in stock. For House White Wine, we finished around 2.5 unit(s) and I counted about 16.5 still in stock. Those were the main stock changes I noticed."
SR000140,2026-01-18,2026-01-19T03:09:00,S02,Yael,en,"End-of-shift update. These are the main alcohol stock points from tonight: guinness went fast, 3 used and 22.5 left i think carlsberg we went through like 6, think theres 55.5 left house white wine went fast, 1.0 used and 15.5 left i think erdinger we went through like 1, think theres 38.0 left might have missed something so check"
SR000141,2026-01-19,2026-01-20T03:31:00,S04,Tomer,en,"Busy service tonight. Here's what I noticed before closing: goldstar went fast, 5 used and 66.5 left i think corona went fast, 3 used and 43.0 left i think stella artois we went through like 5, think theres 44.5 left carlsberg went fast, 5 used and 50.5 left i think might have missed something so check"
SR000142,2026-01-20,2026-01-21T03:34:00,S05,Maya,en,"Shift finished. A few stock updates the next team should know: Bacardi Carta Blanca moved quite a lot. About 1.0 were used during the shift, with roughly 25.0 remaining. We went through about 4 of Maccabee tonight and I counted around 39 left. Aperol moved quite a lot. About 1.5 were used during the shift, with roughly 23.0 remaining. Everything else looked generally normal at close."
SR000143,2026-01-21,2026-01-22T03:54:00,S05,מאיה,he,"עדכון סוף משמרת. מה שראיתי לפני הסגירה: פרוסקו - ירדו בערך 3, נשארו בערך 19.0. מסטלה ארטואה סיימנו בערך 7 יחידות, ספרתי בערך 35.5 במלאי. קרלסברג זז הרבה. בערך 8 במשמרת, נשארו בערך 62.5. מהייניקן סיימנו בערך 5 יחידות, ספרתי בערך 64.5 במלאי. יין לבן הבית - ירדו בערך 1.5, נשארו בערך 23.0. כדאי לבדוק שוב לפני המשמרת הבאה."
SR000144,2026-01-22,2026-01-23T03:23:00,S05,Maya,en,"End-of-shift update. These are the main alcohol stock points from tonight: Stella Artois moved quite a lot. About 5 were used during the shift, with roughly 30.5 remaining. We went through about 7 of Goldstar tonight and I counted around 49.5 left. We went through about 1.5 of Aperol tonight and I counted around 19.5 left. We went through about 2.5 of Prosecco tonight and I counted around 16.5 left. No other major alcohol issues stood out during closing."
SR000145,2026-01-23,2026-01-24T03:42:00,S01,Roei,en,"Stock notes before I leave: guinness went fast, 4 used and 33.5 left i think corona we went through like 10, think theres 43.0 left goldstar went fast, 11 used and 38.5 left i think maccabee went fast, 4 used and 28 left i think gordon's we went through like 1.5, think theres 20.5 left might have missed something so check"
SR000146,2026-01-24,2026-01-25T03:37:00,S05,Maya,en,"End-of-shift update. These are the main alcohol stock points from tonight: prosecco went fast, 3.0 used and 22.0 left i think carlsberg went fast, 10 used and 33.5 left i think house white wine went fast, 2.0 used and 15.5 left i think goldstar went fast, 8 used and 54.5 left i think someone double check those before service"
SR000147,2026-01-25,2026-01-26T03:11:00,S02,Yael,en,"Stock notes before I leave: heineken we went through like 5, think theres 57.5 left corona we went through like 4, think theres 57.0 left carlsberg 71.5 maccabee we went through like 3, think theres 45 left someone double check those before service"
SR000148,2026-01-26,2026-01-27T03:24:00,S05,מאיה,he,"ערב עמוס. הנה מה שיצא הלילה: אפרול זז הרבה. בערך 1 במשמרת, נשארו בערך 13. הייניקן זז הרבה. בערך 4 במשמרת, נשארו בערך 53.5. קרלסברג זז הרבה. בערך 6 במשמרת, נשארו בערך 65.5. גורדונס - ירדו בערך 1.0, נשארו בערך 16.5. כדאי לבדוק שוב לפני המשמרת הבאה."
SR000149,2026-01-27,2026-01-28T03:27:00,S04,Tomer,en,"Stock notes before I leave: Heineken moved quite a lot. About 2 were used during the shift, with roughly 51.5 remaining. Stella Artois moved quite a lot. About 6 were used during the shift, with roughly 31.5 remaining. We went through about 2 of Goldstar tonight and I counted around 44.5 left. Corona moved quite a lot. About 4 were used during the shift, with roughly 47.0 remaining. Everything else looked generally normal at close."
SR000150,2026-01-28,2026-01-29T03:21:00,S03,שיר,he,"ערב עמוס. הנה מה שיצא הלילה: מגולדסטאר סיימנו בערך 1 יחידות, ספרתי בערך 67.5 במלאי. גינס - ירדו בערך 2, נשארו בערך 45.5. קרלסברג זז הרבה. בערך 5 במשמרת, נשארו בערך 75.5. מכבי - ירדו בערך 2, נשארו בערך 39. שאר הדברים נראו רגילים."
SR000151,2026-01-29,2026-01-30T03:50:00,S02,יעל,he,"סיימתי משמרת, כמה עדכוני מלאי: יין רוזה זז הרבה. בערך 1.0 במשמרת, נשארו בערך 8.0. מכבי - ירדו בערך 4, נשארו בערך 35. מיין אדום הבית סיימנו בערך 1.0 יחידות, ספרתי בערך 15.5 במלאי. זהו מה שהיה בולט הלילה."
SR000152,2026-01-30,2026-01-31T03:07:00,S05,Maya,en,"Shift finished. A few stock updates the next team should know: For Maccabee, we finished around 6 unit(s) and I counted about 29 still in stock. We went through about 11 of Goldstar tonight and I counted around 51.5 left. We went through about 3.5 of House White Wine tonight and I counted around 15.5 left. No other major alcohol issues stood out during closing."
SR000153,2026-01-31,2026-02-01T03:37:00,S05,מאיה,he,"רשימת מלאי לפני שאני הולך: קורונה ירד מהר, 14 ונשארו 60.0 נראה לי פטרון סילבר השתמשנו בערך 1.5, חושב שנשארו 14.5 ג'יימסון ירד מהר, 1.0 ונשארו 9.5 נראה לי פרוסקו ירד מהר, 4.5 ונשארו 14.5 נראה לי תבדקו את זה מחר"
SR000154,2026-02-01,2026-02-02T03:33:00,S05,Maya,en,"Busy service tonight. Here's what I noticed before closing: goldstar we went through like 6, think theres 56.5 left erdinger went fast, 2 used and 33.0 left i think guinness went fast, 3 used and 31.5 left i think maccabee we went through like 4, think theres 43 left might have missed something so check"
SR000155,2026-02-02,2026-02-03T03:16:00,S01,רועי,he,"סיימתי משמרת, כמה עדכוני מלאי: פרוסקו השתמשנו בערך 3.0, חושב שנשארו 9.5 בקרדי ירד מהר, 2.0 ונשארו 13.5 נראה לי מכבי 40 מישהו שיוודא, אני לא בטוח ב100%"
SR000156,2026-02-03,2026-02-04T03:36:00,S05,Maya,en,"End-of-shift update. These are the main alcohol stock points from tonight: For Guinness, we finished around 3 unit(s) and I counted about 26.5 still in stock. Maccabee moved quite a lot. About 3 were used during the shift, with roughly 37 remaining. Stella Artois moved quite a lot. About 6 were used during the shift, with roughly 13.5 remaining. We went through about 2.5 of Prosecco tonight and I counted around 31 left. Those were the main stock changes I noticed."
SR000157,2026-02-04,2026-02-05T03:46:00,S04,Tomer,en,"Busy service tonight. Here's what I noticed before closing: For Guinness, we finished around 2 unit(s) and I counted about 48.5 still in stock. Goldstar moved quite a lot. About 4 were used during the shift, with roughly 65.5 remaining. For Carlsberg, we finished around 6 unit(s) and I counted about 83.5 still in stock. We went through about 1 of Prosecco tonight and I counted around 30 left. No other major alcohol issues stood out during closing."
SR000158,2026-02-05,2026-02-06T03:28:00,S06,מוריאל,he,"עדכון סוף משמרת. מה שראיתי לפני הסגירה: ארדינגר זז הרבה. בערך 2 במשמרת, נשארו בערך 28.0. מכבי זז הרבה. בערך 5 במשמרת, נשארו בערך 29. פרוסקו - ירדו בערך 3.5, נשארו בערך 26.5. זהו מה שהיה בולט הלילה."
SR000159,2026-02-06,2026-02-07T03:36:00,S03,Shir,en,"Stock notes before I leave: For Rose Wine, we finished around 1.0 unit(s) and I counted about 13.5 still in stock. Stella Artois moved quite a lot. About 5 were used during the shift, with roughly 55.5 remaining. Corona moved quite a lot. About 10 were used during the shift, with roughly 47.0 remaining. For House Red Wine, we finished around 2.0 unit(s) and I counted about 23.5 still in stock. Everything else looked generally normal at close."
SR000160,2026-02-07,2026-02-08T03:53:00,S06,Muriel,en,"Stock notes before I leave: For Corona, we finished around 13 unit(s) and I counted about 58.0 still in stock. For Erdinger, we finished around 5 unit(s) and I counted about 19.0 still in stock. Heineken moved quite a lot. About 10 were used during the shift, with roughly 64.5 remaining. Those were the main stock changes I noticed."
SR000161,2026-02-08,2026-02-09T03:46:00,S04,תומר,he,"עדכון סוף משמרת. מה שראיתי לפני הסגירה: מיין רוזה סיימנו בערך 1.0 יחידות, ספרתי בערך 12.0 במלאי. מארדינגר סיימנו בערך 2 יחידות, ספרתי בערך 17.0 במלאי. פרוסקו זז הרבה. בערך 3.0 במשמרת, נשארו בערך 14.5. בקרדי זז הרבה. בערך 2 במשמרת, נשארו בערך 14. שאר הדברים נראו רגילים."
SR000162,2026-02-09,2026-02-10T03:44:00,S02,יעל,he,"רשימת מלאי לפני שאני הולך: סטלה ארטואה ירד מהר, 3 ונשארו 38.5 נראה לי אפרול ירד מהר, 1.5 ונשארו 11 נראה לי פרוסקו השתמשנו בערך 2.5, חושב שנשארו 12 יין לבן הבית השתמשנו בערך 1.5, חושב שנשארו 18.0 תבדקו את זה מחר"
SR000163,2026-02-10,2026-02-11T03:49:00,S05,מאיה,he,"סיימתי משמרת, כמה עדכוני מלאי: גורדונס 21.0 הייניקן השתמשנו בערך 3, חושב שנשארו 48.5 מכבי ירד מהר, 1 ונשארו 36 נראה לי קרלסברג ירד מהר, 7 ונשארו 41.5 נראה לי מישהו שיוודא, אני לא בטוח ב100%"
SR000164,2026-02-11,2026-02-12T03:11:00,S01,רועי,he,"רשימת מלאי לפני שאני הולך: גולדסטאר ירד מהר, 5 ונשארו 55.5 נראה לי פרוסקו ירד מהר, 2.5 ונשארו 19.5 נראה לי בקרדי השתמשנו בערך 1.5, חושב שנשארו 22.0 קורונה השתמשנו בערך 5, חושב שנשארו 67.0 מישהו שיוודא, אני לא בטוח ב100%"
SR000165,2026-02-12,2026-02-13T03:09:00,S03,שיר,he,"רשימת מלאי לפני שאני הולך: מבקרדי סיימנו בערך 2.0 יחידות, ספרתי בערך 20.0 במלאי. מקורונה סיימנו בערך 4 יחידות, ספרתי בערך 63.0 במלאי. סטלה ארטואה - ירדו בערך 5, נשארו בערך 50.5. פרוסקו זז הרבה. בערך 4.0 במשמרת, נשארו בערך 15.5. שאר הדברים נראו רגילים."
SR000166,2026-02-13,2026-02-14T03:25:00,S02,Yael,en,"Stock notes before I leave: maccabee went fast, 6 used and 24 left i think hendrick's 6.5 aperol went fast, 2.5 used and 27.0 left i think someone double check those before service"
SR000167,2026-02-14,2026-02-15T03:49:00,S05,מאיה,he,"סיימתי משמרת, כמה עדכוני מלאי: הייניקן - ירדו בערך 12, נשארו בערך 61.5. ג'יימסון - ירדו בערך 1.0, נשארו בערך 13.5. פטרון סילבר זז הרבה. בערך 2 במשמרת, נשארו בערך 11.5. שאר הדברים נראו רגילים."
SR000168,2026-02-15,2026-02-16T03:28:00,S05,Maya,en,"Stock notes before I leave: patron silver we went through like 1, think theres 10.5 left erdinger 51.0 stella artois went fast, 4 used and 31.5 left i think might have missed something so check"
SR000169,2026-02-16,2026-02-17T03:23:00,S01,רועי,he,"עדכון סוף משמרת. מה שראיתי לפני הסגירה: סטלה ארטואה השתמשנו בערך 2, חושב שנשארו 29.5 יין לבן הבית ירד מהר, 2 ונשארו 15 נראה לי קורונה 38.0 גינס השתמשנו בערך 1, חושב שנשארו 29.5 תבדקו את זה מחר"
SR000170,2026-02-17,2026-02-18T03:05:00,S03,Shir,en,"Busy service tonight. Here's what I noticed before closing: We went through about 1 of Absolut tonight and I counted around 18.0 left. For Bacardi Carta Blanca, we finished around 2.0 unit(s) and I counted about 21.5 still in stock. We went through about 6 of Goldstar tonight and I counted around 31.5 left. Everything else looked generally normal at close."
SR000171,2026-02-18,2026-02-19T03:46:00,S06,Muriel,en,"Shift finished. A few stock updates the next team should know: We went through about 2.0 of House White Wine tonight and I counted around 23.0 left. For Erdinger, we finished around 1 unit(s) and I counted about 46.0 still in stock. We went through about 1 of Rose Wine tonight and I counted around 16.5 left. We went through about 1.0 of Gordon's tonight and I counted around 10.0 left. Everything else looked generally normal at close."
SR000172,2026-02-19,2026-02-20T03:20:00,S03,שיר,he,"רשימת מלאי לפני שאני הולך: מכבי השתמשנו בערך 2, חושב שנשארו 52 הייניקן השתמשנו בערך 8, חושב שנשארו 63.5 קורונה 48.0 פרוסקו ירד מהר, 3.5 ונשארו 20.5 נראה לי מישהו שיוודא, אני לא בטוח ב100%"
SR000173,2026-02-20,2026-02-21T03:53:00,S03,Shir,en,"Busy service tonight. Here's what I noticed before closing: We went through about 9 of Corona tonight and I counted around 39.0 left. House Red Wine moved quite a lot. About 2.5 were used during the shift, with roughly 21.5 remaining. We went through about 3.0 of Bacardi Carta Blanca tonight and I counted around 16.0 left. For Patron Silver, we finished around 2.0 unit(s) and I counted about 17.5 still in stock. We went through about 3 of Erdinger tonight and I counted around 40.0 left. Those were the main stock changes I noticed."
SR000174,2026-02-21,2026-02-22T03:38:00,S01,רועי,he,"רשימת מלאי לפני שאני הולך: סטלה ארטואה השתמשנו בערך 8, חושב שנשארו 46.5 יין לבן הבית השתמשנו בערך 2.0, חושב שנשארו 15.0 פטרון סילבר השתמשנו בערך 1.5, חושב שנשארו 16 מכבי השתמשנו בערך 7, חושב שנשארו 36 הייניקן השתמשנו בערך 10, חושב שנשארו 41.5 מישהו שיוודא, אני לא בטוח ב100%"
SR000175,2026-02-22,2026-02-23T03:24:00,S03,שיר,he,"ערב עמוס. הנה מה שיצא הלילה: ממכבי סיימנו בערך 3 יחידות, ספרתי בערך 33 במלאי. גולדסטאר - ירדו בערך 6, נשארו בערך 64.5. גינס זז הרבה. בערך 3 במשמרת, נשארו בערך 34.5. יין לבן הבית - ירדו בערך 1.5, נשארו בערך 13.0. כדאי לבדוק שוב לפני המשמרת הבאה."
SR000176,2026-02-23,2026-02-24T03:35:00,S04,תומר,he,"סיימתי משמרת, כמה עדכוני מלאי: ארדינגר השתמשנו בערך 2, חושב שנשארו 33.0 קרלסברג השתמשנו בערך 7, חושב שנשארו 60.5 גינס השתמשנו בערך 3, חושב שנשארו 31.5 מישהו שיוודא, אני לא בטוח ב100%"
SR000177,2026-02-24,2026-02-25T03:07:00,S01,רועי,he,"עדכון סוף משמרת. מה שראיתי לפני הסגירה: מסטלה ארטואה סיימנו בערך 2 יחידות, ספרתי בערך 36.5 במלאי. מגינס סיימנו בערך 1 יחידות, ספרתי בערך 30.5 במלאי. ארדינגר זז הרבה. בערך 2 במשמרת, נשארו בערך 31.0. מכבי זז הרבה. בערך 2 במשמרת, נשארו בערך 29. שאר הדברים נראו רגילים."
SR000178,2026-02-25,2026-02-26T03:10:00,S06,Muriel,en,"End-of-shift update. These are the main alcohol stock points from tonight: For Carlsberg, we finished around 9 unit(s) and I counted about 67.5 still in stock. Prosecco moved quite a lot. About 2.0 were used during the shift, with roughly 28.5 remaining. Stella Artois moved quite a lot. About 3 were used during the shift, with roughly 57.5 remaining. Corona moved quite a lot. About 6 were used during the shift, with roughly 68.0 remaining. Those were the main stock changes I noticed."
SR000179,2026-02-26,2026-02-27T03:29:00,S02,Yael,en,"Stock notes before I leave: For Prosecco, we finished around 2.5 unit(s) and I counted about 26 still in stock. For House White Wine, we finished around 2 unit(s) and I counted about 19 still in stock. Stella Artois moved quite a lot. About 4 were used during the shift, with roughly 53.5 remaining. Everything else looked generally normal at close."
SR000180,2026-02-27,2026-02-28T03:31:00,S03,Shir,en,"Shift finished. A few stock updates the next team should know: We went through about 1.5 of Aperol tonight and I counted around 16.5 left. For Maccabee, we finished around 6 unit(s) and I counted about 38 still in stock. We went through about 8 of Corona tonight and I counted around 53.0 left. Carlsberg moved quite a lot. About 11 were used during the shift, with roughly 47.5 remaining. No other major alcohol issues stood out during closing."
SR000181,2026-02-28,2026-03-01T03:12:00,S03,Shir,en,"Busy service tonight. Here's what I noticed before closing: Goldstar moved quite a lot. About 9 were used during the shift, with roughly 51.5 remaining. Absolut moved quite a lot. About 2.0 were used during the shift, with roughly 16.5 remaining. We went through about 8 of Corona tonight and I counted around 45.0 left. Everything else looked generally normal at close."
SR000182,2026-03-01,2026-03-02T03:33:00,S05,Maya,en,"Shift finished. A few stock updates the next team should know: bacardi carta blanca 10.5 house red wine we went through like 1.0, think theres 17.5 left gordon's went fast, 1.0 used and 6.5 left i think aperol we went through like 1.0, think theres 12.5 left carlsberg went fast, 8 used and 50.5 left i think might have missed something so check"
SR000183,2026-03-02,2026-03-03T03:53:00,S04,תומר,he,"רשימת מלאי לפני שאני הולך: גינס ירד מהר, 3 ונשארו 34.5 נראה לי קרלסברג ירד מהר, 9 ונשארו 41.5 נראה לי קורונה השתמשנו בערך 6, חושב שנשארו 34.0 גולדסטאר השתמשנו בערך 7, חושב שנשארו 40.5 ארדינגר השתמשנו בערך 2, חושב שנשארו 15.0 מישהו שיוודא, אני לא בטוח ב100%"
SR000184,2026-03-03,2026-03-04T03:34:00,S06,Muriel,en,"Stock notes before I leave: maccabee we went through like 2, think theres 27 left goldstar we went through like 4, think theres 36.5 left corona we went through like 5, think theres 29.0 left carlsberg we went through like 5, think theres 36.5 left someone double check those before service"
SR000185,2026-03-04,2026-03-05T03:30:00,S06,Muriel,en,"Stock notes before I leave: For Carlsberg, we finished around 15 unit(s) and I counted about 69.5 still in stock. We went through about 8 of Heineken tonight and I counted around 71.5 left. We went through about 2.5 of House White Wine tonight and I counted around 5.5 left. Those were the main stock changes I noticed."
SR000186,2026-03-05,2026-03-06T03:45:00,S01,רועי,he,"רשימת מלאי לפני שאני הולך: מאפרול סיימנו בערך 2.5 יחידות, ספרתי בערך 17.5 במלאי. מכבי זז הרבה. בערך 6 במשמרת, נשארו בערך 38. מקורונה סיימנו בערך 10 יחידות, ספרתי בערך 34.0 במלאי. קרלסברג - ירדו בערך 14, נשארו בערך 55.5. מסטלה ארטואה סיימנו בערך 5 יחידות, ספרתי בערך 45.5 במלאי. כדאי לבדוק שוב לפני המשמרת הבאה."
SR000187,2026-03-06,2026-03-07T03:11:00,S01,רועי,he,"עדכון סוף משמרת. מה שראיתי לפני הסגירה: הייניקן זז הרבה. בערך 16 במשמרת, נשארו בערך 46.5. גינס - ירדו בערך 6, נשארו בערך 18.5. קוואנטרו זז הרבה. בערך 1.0 במשמרת, נשארו בערך 10.5. סטלה ארטואה זז הרבה. בערך 9 במשמרת, נשארו בערך 36.5. גורדונס זז הרבה. בערך 2.0 במשמרת, נשארו בערך 11.5. שאר הדברים נראו רגילים."
SR000188,2026-03-07,2026-03-08T03:35:00,S02,Yael,en,"Shift finished. A few stock updates the next team should know: For Absolut, we finished around 1.5 unit(s) and I counted about 8 still in stock. We went through about 3.0 of Aperol tonight and I counted around 11.5 left. We went through about 2.0 of Patron Silver tonight and I counted around 13.0 left. We went through about 16 of Carlsberg tonight and I counted around 67.5 left. Those were the main stock changes I noticed."
SR000189,2026-03-08,2026-03-09T03:45:00,S01,רועי,he,"עדכון סוף משמרת. מה שראיתי לפני הסגירה: ארדינגר זז הרבה. בערך 2 במשמרת, נשארו בערך 22.0. סטלה ארטואה זז הרבה. בערך 2 במשמרת, נשארו בערך 24.5. מיין אדום הבית סיימנו בערך 2 יחידות, ספרתי בערך 11.5 במלאי. מגולדסטאר סיימנו בערך 6 יחידות, ספרתי בערך 55.5 במלאי. זהו מה שהיה בולט הלילה."
SR000190,2026-03-09,2026-03-10T03:30:00,S04,תומר,he,"עדכון סוף משמרת. מה שראיתי לפני הסגירה: גינס ירד מהר, 2 ונשארו 31.5 נראה לי קורונה השתמשנו בערך 5, חושב שנשארו 52.0 אפרול השתמשנו בערך 1.5, חושב שנשארו 9.0 קרלסברג ירד מהר, 7 ונשארו 53.5 נראה לי מישהו שיוודא, אני לא בטוח ב100%"
SR000191,2026-03-10,2026-03-11T03:40:00,S04,תומר,he,"עדכון סוף משמרת. מה שראיתי לפני הסגירה: מגולדסטאר סיימנו בערך 6 יחידות, ספרתי בערך 44.5 במלאי. יין לבן הבית - ירדו בערך 1.5, נשארו בערך 17.5. מגינס סיימנו בערך 3 יחידות, ספרתי בערך 28.5 במלאי. מאבסולוט סיימנו בערך 1.0 יחידות, ספרתי בערך 18.5 במלאי. כדאי לבדוק שוב לפני המשמרת הבאה."
SR000192,2026-03-11,2026-03-12T03:20:00,S04,Tomer,en,"Shift finished. A few stock updates the next team should know: guinness we went through like 6, think theres 22.5 left patron silver went fast, 1.0 used and 10.0 left i think maccabee we went through like 5, think theres 35 left someone double check those before service"
SR000193,2026-03-12,2026-03-13T03:24:00,S03,Shir,en,"Shift finished. A few stock updates the next team should know: We went through about 13 of Carlsberg tonight and I counted around 49.5 left. Goldstar moved quite a lot. About 9 were used during the shift, with roughly 54.5 remaining. Aperol moved quite a lot. About 3 were used during the shift, with roughly 15.0 remaining. For Corona, we finished around 12 unit(s) and I counted about 51.0 still in stock. Everything else looked generally normal at close."
SR000194,2026-03-13,2026-03-14T03:30:00,S05,Maya,en,"Stock notes before I leave: We went through about 20 of Carlsberg tonight and I counted around 29.5 left. Heineken moved quite a lot. About 10 were used during the shift, with roughly 36.5 remaining. For House Red Wine, we finished around 2.0 unit(s) and I counted about 24.5 still in stock. Those were the main stock changes I noticed."
SR000195,2026-03-14,2026-03-15T03:40:00,S04,Tomer,en,"Shift finished. A few stock updates the next team should know: house red wine went fast, 2.5 used and 22.0 left i think heineken we went through like 13, think theres 47.5 left goldstar we went through like 14, think theres 54.5 left maccabee we went through like 6, think theres 44 left might have missed something so check"
SR000196,2026-03-15,2026-03-16T03:27:00,S02,Yael,en,"Shift finished. A few stock updates the next team should know: For Carlsberg, we finished around 9 unit(s) and I counted about 54.5 still in stock. For Stella Artois, we finished around 3 unit(s) and I counted about 37.5 still in stock. We went through about 3 of Corona tonight and I counted around 52.0 left. No other major alcohol issues stood out during closing."
SR000197,2026-03-16,2026-03-17T03:23:00,S01,Roei,en,"Stock notes before I leave: carlsberg we went through like 2, think theres 52.5 left guinness we went through like 2, think theres 32.5 left maccabee we went through like 2, think theres 38 left erdinger we went through like 2, think theres 27.0 left goldstar we went through like 3, think theres 46.5 left might have missed something so check"
SR000198,2026-03-17,2026-03-18T03:31:00,S05,Maya,en,"End-of-shift update. These are the main alcohol stock points from tonight: We went through about 9 of Heineken tonight and I counted around 27.5 left. For Corona, we finished around 4 unit(s) and I counted about 42.0 still in stock. Carlsberg moved quite a lot. About 5 were used during the shift, with roughly 47.5 remaining. For Prosecco, we finished around 3.0 unit(s) and I counted about 29 still in stock. Those were the main stock changes I noticed."
SR000199,2026-03-18,2026-03-19T03:40:00,S01,רועי,he,"רשימת מלאי לפני שאני הולך: אפרול ירד מהר, 2.0 ונשארו 16.5 נראה לי קרלסברג השתמשנו בערך 11, חושב שנשארו 60.5 גולדסטאר השתמשנו בערך 8, חושב שנשארו 57.5 קרלסברג 30 ליטר השתמשנו בערך 1.0, חושב שנשארו 6.0 יין אדום הבית ירד מהר, 2.5 ונשארו 15.5 נראה לי מישהו שיוודא, אני לא בטוח ב100%"
SR000200,2026-03-19,2026-03-20T03:07:00,S02,Yael,en,"Shift finished. A few stock updates the next team should know: For Guinness, we finished around 1 unit(s) and I counted about 24.5 still in stock. For House White Wine, we finished around 1.5 unit(s) and I counted about 21.5 still in stock. We went through about 1.5 of House Red Wine tonight and I counted around 14 left. For Carlsberg, we finished around 9 unit(s) and I counted about 51.5 still in stock. We went through about 1.5 of Bacardi Carta Blanca tonight and I counted around 12.0 left. Those were the main stock changes I noticed."
SR000201,2026-03-20,2026-03-21T03:21:00,S03,שיר,he,"עדכון סוף משמרת. מה שראיתי לפני הסגירה: גורדונס ירד מהר, 1.5 ונשארו 15.5 נראה לי קרלסברג השתמשנו בערך 10, חושב שנשארו 41.5 ארדינגר השתמשנו בערך 3, חושב שנשארו 17.0 הייניקן ירד מהר, 9 ונשארו 48.5 נראה לי מישהו שיוודא, אני לא בטוח ב100%"
SR000202,2026-03-21,2026-03-22T03:23:00,S05,Maya,en,"Shift finished. A few stock updates the next team should know: goldstar we went through like 11, think theres 60.5 left corona we went through like 6, think theres 36.0 left gordon's we went through like 1.0, think theres 14.5 left guinness went fast, 4 used and 41.5 left i think might have missed something so check"
SR000203,2026-03-22,2026-03-23T03:30:00,S04,Tomer,en,"Stock notes before I leave: erdinger we went through like 2, think theres 36.0 left maccabee we went through like 2, think theres 39 left prosecco we went through like 1.5, think theres 17.0 left might have missed something so check"
SR000204,2026-03-23,2026-03-24T03:18:00,S06,Muriel,en,"End-of-shift update. These are the main alcohol stock points from tonight: We went through about 1.5 of House Red Wine tonight and I counted around 19.5 left. For Stella Artois, we finished around 3 unit(s) and I counted about 48.5 still in stock. For Corona, we finished around 4 unit(s) and I counted about 27.0 still in stock. We went through about 1 of Guinness tonight and I counted around 37.5 left. Everything else looked generally normal at close."
SR000205,2026-03-24,2026-03-25T03:45:00,S06,מוריאל,he,"רשימת מלאי לפני שאני הולך: גינס - ירדו בערך 3, נשארו בערך 34.5. מגורדונס סיימנו בערך 1.0 יחידות, ספרתי בערך 12.0 במלאי. אבסולוט זז הרבה. בערך 1.0 במשמרת, נשארו בערך 15.5. יין לבן הבית - ירדו בערך 2, נשארו בערך 24.5. כדאי לבדוק שוב לפני המשמרת הבאה."
SR000206,2026-03-25,2026-03-26T03:05:00,S02,יעל,he,"רשימת מלאי לפני שאני הולך: מקורונה סיימנו בערך 7 יחידות, ספרתי בערך 64.0 במלאי. אפרול - ירדו בערך 1.0, נשארו בערך 20.5. מגולדסטאר סיימנו בערך 7 יחידות, ספרתי בערך 64.5 במלאי. זהו מה שהיה בולט הלילה."
SR000207,2026-03-26,2026-03-27T03:12:00,S06,מוריאל,he,"ערב עמוס. הנה מה שיצא הלילה: קרלסברג השתמשנו בערך 7, חושב שנשארו 69.5 בקרדי השתמשנו בערך 2.0, חושב שנשארו 13.5 סטלה ארטואה השתמשנו בערך 6, חושב שנשארו 35.5 גולדסטאר ירד מהר, 8 ונשארו 56.5 נראה לי גינס ירד מהר, 2 ונשארו 28.5 נראה לי מישהו שיוודא, אני לא בטוח ב100%"
SR000208,2026-03-27,2026-03-28T03:29:00,S06,מוריאל,he,"ערב עמוס. הנה מה שיצא הלילה: פרוסקו ירד מהר, 6.5 ונשארו 27.5 נראה לי סטלה ארטואה השתמשנו בערך 11, חושב שנשארו 24.5 קרלסברג השתמשנו בערך 21, חושב שנשארו 48.5 אבסולוט ירד מהר, 2.5 ונשארו 10.5 נראה לי מישהו שיוודא, אני לא בטוח ב100%"
SR000209,2026-03-28,2026-03-29T03:09:00,S02,Yael,en,"End-of-shift update. These are the main alcohol stock points from tonight: jameson went fast, 1.5 used and 26.0 left i think bacardi carta blanca we went through like 4.5, think theres 5.0 left carlsberg we went through like 24, think theres 48.5 left jack daniel's we went through like 1.0, think theres 14.0 left someone double check those before service"
SR000210,2026-03-29,2026-03-30T03:07:00,S05,מאיה,he,"סיימתי משמרת, כמה עדכוני מלאי: קרלסברג זז הרבה. בערך 3 במשמרת, נשארו בערך 45.5. מסטלה ארטואה סיימנו בערך 4 יחידות, ספרתי בערך 32.5 במלאי. מקורונה סיימנו בערך 6 יחידות, ספרתי בערך 45.0 במלאי. כדאי לבדוק שוב לפני המשמרת הבאה."
SR000211,2026-03-30,2026-03-31T03:33:00,S06,Muriel,en,"Stock notes before I leave: We went through about 7 of Carlsberg tonight and I counted around 38.5 left. Erdinger moved quite a lot. About 2 were used during the shift, with roughly 15.0 remaining. For Goldstar, we finished around 5 unit(s) and I counted about 35.5 still in stock. For Heineken, we finished around 10 unit(s) and I counted about 29.5 still in stock. Everything else looked generally normal at close."
SR000212,2026-03-31,2026-04-01T03:14:00,S01,Roei,en,"Busy service tonight. Here's what I noticed before closing: Stella Artois moved quite a lot. About 4 were used during the shift, with roughly 24.5 remaining. We went through about 5 of Corona tonight and I counted around 37.0 left. For Aperol, we finished around 1.5 unit(s) and I counted about 18.0 still in stock. Everything else looked generally normal at close."
SR000213,2026-04-01,2026-04-02T03:19:00,S04,Tomer,en,"Stock notes before I leave: Goldstar moved quite a lot. About 8 were used during the shift, with roughly 71.5 remaining. For Erdinger, we finished around 3 unit(s) and I counted about 34.0 still in stock. For Aperol, we finished around 2.5 unit(s) and I counted about 15.5 still in stock. House Red Wine moved quite a lot. About 2.0 were used during the shift, with roughly 22.0 remaining. No other major alcohol issues stood out during closing."
SR000214,2026-04-02,2026-04-03T03:41:00,S06,Muriel,en,"End-of-shift update. These are the main alcohol stock points from tonight: carlsberg went fast, 20 used and 48.5 left i think bacardi carta blanca we went through like 4.0, think theres 18.5 left chardonnay we went through like 1, think theres 12.0 left might have missed something so check"
SR000215,2026-04-03,2026-04-04T03:38:00,S05,מאיה,he,"עדכון סוף משמרת. מה שראיתי לפני הסגירה: מרטיני רוסו השתמשנו בערך 1.0, חושב שנשארו 11 אפרול ירד מהר, 3.5 ונשארו 20.5 נראה לי יין לבן הבית השתמשנו בערך 5.0, חושב שנשארו 19.0 יין אדום הבית השתמשנו בערך 4.5, חושב שנשארו 14.5 גולדסטאר ירד מהר, 15 ונשארו 42.5 נראה לי תבדקו את זה מחר"
SR000216,2026-04-04,2026-04-05T03:39:00,S05,Maya,en,"End-of-shift update. These are the main alcohol stock points from tonight: goldstar went fast, 12 used and 54.5 left i think weihenstephan 30l we went through like 1.0, think theres 3.5 left carlsberg we went through like 18, think theres 61.5 left stella artois we went through like 11, think theres 33.5 left corona went fast, 15 used and 37.0 left i think someone double check those before service"
SR000217,2026-04-05,2026-04-06T03:07:00,S04,תומר,he,"סיימתי משמרת, כמה עדכוני מלאי: קרלסברג - ירדו בערך 9, נשארו בערך 52.5. קורונה - ירדו בערך 9, נשארו בערך 28.0. פרוסקו זז הרבה. בערך 3.5 במשמרת, נשארו בערך 12.0. הייניקן - ירדו בערך 6, נשארו בערך 60.5. שאר הדברים נראו רגילים."
SR000218,2026-04-06,2026-04-07T03:53:00,S02,יעל,he,"עדכון סוף משמרת. מה שראיתי לפני הסגירה: גולדסטאר ירד מהר, 11 ונשארו 33.5 נראה לי קורונה השתמשנו בערך 9, חושב שנשארו 19.0 אפרול ירד מהר, 2.5 ונשארו 12.0 נראה לי גינס השתמשנו בערך 4, חושב שנשארו 24.5 מישהו שיוודא, אני לא בטוח ב100%"
SR000219,2026-04-07,2026-04-08T03:42:00,S05,מאיה,he,"רשימת מלאי לפני שאני הולך: גינס זז הרבה. בערך 3 במשמרת, נשארו בערך 21.5. מכבי זז הרבה. בערך 4 במשמרת, נשארו בערך 29. מארדינגר סיימנו בערך 2 יחידות, ספרתי בערך 10.0 במלאי. מאפרול סיימנו בערך 1.0 יחידות, ספרתי בערך 23.0 במלאי. קרלסברג - ירדו בערך 8, נשארו בערך 35.5. כדאי לבדוק שוב לפני המשמרת הבאה."
SR000220,2026-04-08,2026-04-09T03:15:00,S01,Roei,en,End-of-shift update. These are the main alcohol stock points from tonight: We went through about 6 of Carlsberg tonight and I counted around 77.5 left. We went through about 3.0 of Prosecco tonight and I counted around 27.5 left. We went through about 2.5 of House White Wine tonight and I counted around 17.0 left. We went through about 8 of Goldstar tonight and I counted around 66.5 left. Those were the main stock changes I noticed.
SR000221,2026-04-09,2026-04-10T03:34:00,S04,תומר,he,"סיימתי משמרת, כמה עדכוני מלאי: יין רוזה השתמשנו בערך 2.0, חושב שנשארו 17.0 גולדסטאר ירד מהר, 17 ונשארו 49.5 נראה לי מכבי ירד מהר, 9 ונשארו 41 נראה לי קרלסברג 30 ליטר השתמשנו בערך 1.0, חושב שנשארו 4.5 תבדקו את זה מחר"
SR000222,2026-04-10,2026-04-11T03:11:00,S03,שיר,he,"רשימת מלאי לפני שאני הולך: הייניקן ירד מהר, 11 ונשארו 36.5 נראה לי קמפרי ירד מהר, 1.0 ונשארו 10.0 נראה לי יין אדום הבית ירד מהר, 2.5 ונשארו 21.5 נראה לי מישהו שיוודא, אני לא בטוח ב100%"
SR000223,2026-04-11,2026-04-12T03:05:00,S03,שיר,he,"רשימת מלאי לפני שאני הולך: שרדונה ירד מהר, 1.0 ונשארו 5.5 נראה לי קורונה השתמשנו בערך 18, חושב שנשארו 36.0 ארדינגר השתמשנו בערך 7, חושב שנשארו 16.0 מכבי 26 מישהו שיוודא, אני לא בטוח ב100%"
SR000224,2026-04-12,2026-04-13T03:40:00,S04,תומר,he,"עדכון סוף משמרת. מה שראיתי לפני הסגירה: יין לבן הבית זז הרבה. בערך 1.5 במשמרת, נשארו בערך 15. מקורונה סיימנו בערך 8 יחידות, ספרתי בערך 28.0 במלאי. ממכבי סיימנו בערך 5 יחידות, ספרתי בערך 21 במלאי. כדאי לבדוק שוב לפני המשמרת הבאה."
SR000225,2026-04-13,2026-04-14T03:16:00,S02,Yael,en,"Stock notes before I leave: For Aperol, we finished around 2.5 unit(s) and I counted about 5.0 still in stock. Corona moved quite a lot. About 6 were used during the shift, with roughly 22.0 remaining. House White Wine moved quite a lot. About 2 were used during the shift, with roughly 13 remaining. Those were the main stock changes I noticed."
SR000226,2026-04-14,2026-04-15T03:40:00,S04,Tomer,en,"Busy service tonight. Here's what I noticed before closing: heineken went fast, 8 used and 22.5 left i think prosecco we went through like 3.0, think theres 23.0 left carlsberg went fast, 8 used and 48.5 left i think might have missed something so check"
SR000227,2026-04-15,2026-04-16T03:30:00,S03,Shir,en,"Stock notes before I leave: absolut 14.5 heineken we went through like 9, think theres 61.5 left guinness went fast, 3 used and 35.5 left i think corona went fast, 8 used and 57.0 left i think goldstar went fast, 6 used and 62.5 left i think might have missed something so check"
SR000228,2026-04-16,2026-04-17T03:12:00,S05,מאיה,he,"ערב עמוס. הנה מה שיצא הלילה: קורונה השתמשנו בערך 15, חושב שנשארו 42.0 קרלסברג 30 ליטר ירד מהר, 1.5 ונשארו 5.0 נראה לי הייניקן השתמשנו בערך 15, חושב שנשארו 46.5 תבדקו את זה מחר"
SR000229,2026-04-17,2026-04-18T03:37:00,S04,תומר,he,"ערב עמוס. הנה מה שיצא הלילה: בקרדי ירד מהר, 3.5 ונשארו 13.5 נראה לי אפרול השתמשנו בערך 4.5, חושב שנשארו 17.5 מכבי השתמשנו בערך 9, חושב שנשארו 15 קרלסברג ירד מהר, 19 ונשארו 6.5 נראה לי תבדקו את זה מחר"
SR000230,2026-04-18,2026-04-19T03:50:00,S03,שיר,he,"עדכון סוף משמרת. מה שראיתי לפני הסגירה: בקרדי ירד מהר, 3.0 ונשארו 11.0 נראה לי קמפרי השתמשנו בערך 1.0, חושב שנשארו 3.0 פטרון סילבר ירד מהר, 2.0 ונשארו 9.0 נראה לי גינס ירד מהר, 6 ונשארו 41.5 נראה לי מישהו שיוודא, אני לא בטוח ב100%"
SR000231,2026-04-19,2026-04-20T03:45:00,S06,Muriel,en,"Stock notes before I leave: corona went fast, 6 used and 37.0 left i think house white wine went fast, 1.5 used and 6.5 left i think guinness 38.5 house red wine went fast, 2.0 used and 10.5 left i think someone double check those before service"
SR000232,2026-04-20,2026-04-21T03:18:00,S05,מאיה,he,"ערב עמוס. הנה מה שיצא הלילה: יין לבן הבית - ירדו בערך 1.5, נשארו בערך 17. אפרול זז הרבה. בערך 1.5 במשמרת, נשארו בערך 11. הייניקן זז הרבה. בערך 2 במשמרת, נשארו בערך 9.5. מסטלה ארטואה סיימנו בערך 5 יחידות, ספרתי בערך 25.5 במלאי. זהו מה שהיה בולט הלילה."
SR000233,2026-04-21,2026-04-22T03:44:00,S01,Roei,en,"Shift finished. A few stock updates the next team should know: We went through about 7 of Corona tonight and I counted around 23.0 left. We went through about 2.0 of House White Wine tonight and I counted around 27.0 left. For Goldstar, we finished around 9 unit(s) and I counted about 45.5 still in stock. No other major alcohol issues stood out during closing."
SR000234,2026-04-22,2026-04-23T03:05:00,S05,מאיה,he,"עדכון סוף משמרת. מה שראיתי לפני הסגירה: יין אדום הבית ירד מהר, 2 ונשארו 16.5 נראה לי גורדונס ירד מהר, 2.0 ונשארו 16.0 נראה לי קורונה השתמשנו בערך 7, חושב שנשארו 64.0 הייניקן השתמשנו בערך 9, חושב שנשארו 61.5 תבדקו את זה מחר"
SR000235,2026-04-23,2026-04-24T03:45:00,S05,מאיה,he,"עדכון סוף משמרת. מה שראיתי לפני הסגירה: מכבי ירד מהר, 5 ונשארו 33 נראה לי יין רוזה השתמשנו בערך 1.0, חושב שנשארו 13 פטרון סילבר השתמשנו בערך 1.5, חושב שנשארו 15.5 גינס ירד מהר, 4 ונשארו 22.5 נראה לי מישהו שיוודא, אני לא בטוח ב100%"
SR000236,2026-04-24,2026-04-25T03:21:00,S03,Shir,en,"Busy service tonight. Here's what I noticed before closing: maccabee went fast, 7 used and 26 left i think stella artois we went through like 7, think theres 24.5 left erdinger we went through like 4, think theres 25.0 left goldstar we went through like 9, think theres 37.5 left bacardi carta blanca we went through like 2.5, think theres 22.0 left someone double check those before service"
SR000237,2026-04-25,2026-04-26T03:22:00,S03,שיר,he,"עדכון סוף משמרת. מה שראיתי לפני הסגירה: יין לבן הבית - ירדו בערך 4.5, נשארו בערך 14.0. מגולדסטאר סיימנו בערך 15 יחידות, ספרתי בערך 46.5 במלאי. מפרוסקו סיימנו בערך 5.5 יחידות, ספרתי בערך 23.5 במלאי. מסטלה ארטואה סיימנו בערך 10 יחידות, ספרתי בערך 38.5 במלאי. כדאי לבדוק שוב לפני המשמרת הבאה."
SR000238,2026-04-26,2026-04-27T03:46:00,S05,מאיה,he,"עדכון סוף משמרת. מה שראיתי לפני הסגירה: ארדינגר השתמשנו בערך 3, חושב שנשארו 16.0 סטלה ארטואה השתמשנו בערך 4, חושב שנשארו 34.5 גינס השתמשנו בערך 3, חושב שנשארו 31.5 מישהו שיוודא, אני לא בטוח ב100%"
SR000239,2026-04-27,2026-04-28T03:22:00,S02,יעל,he,"סיימתי משמרת, כמה עדכוני מלאי: גולדסטאר השתמשנו בערך 7, חושב שנשארו 35.5 קרלסברג השתמשנו בערך 10, חושב שנשארו 38.5 הייניקן ירד מהר, 10 ונשארו 34.5 נראה לי אפרול ירד מהר, 2.0 ונשארו 18.0 נראה לי יין לבן הבית השתמשנו בערך 2.0, חושב שנשארו 10.5 מישהו שיוודא, אני לא בטוח ב100%"
SR000240,2026-04-28,2026-04-29T03:35:00,S06,מוריאל,he,"ערב עמוס. הנה מה שיצא הלילה: מכבי - ירדו בערך 4, נשארו בערך 29. גולדסטאר זז הרבה. בערך 7 במשמרת, נשארו בערך 28.5. קרלסברג - ירדו בערך 8, נשארו בערך 30.5. מיין לבן הבית סיימנו בערך 2.0 יחידות, ספרתי בערך 20.5 במלאי. זהו מה שהיה בולט הלילה."
SR000241,2026-04-29,2026-04-30T03:51:00,S06,מוריאל,he,"עדכון סוף משמרת. מה שראיתי לפני הסגירה: הייניקן השתמשנו בערך 6, חושב שנשארו 71.5 גולדסטאר ירד מהר, 8 ונשארו 68.5 נראה לי קרלסברג השתמשנו בערך 7, חושב שנשארו 71.5 יין רוזה ירד מהר, 1.0 ונשארו 18.5 נראה לי בקרדי ירד מהר, 2 ונשארו 23.5 נראה לי תבדקו את זה מחר"
SR000242,2026-04-30,2026-05-01T03:17:00,S04,תומר,he,"עדכון סוף משמרת. מה שראיתי לפני הסגירה: גולדסטאר ירד מהר, 13 ונשארו 55.5 נראה לי גינס השתמשנו בערך 5, חושב שנשארו 40.5 אבסולוט ירד מהר, 1.0 ונשארו 16 נראה לי הייניקן השתמשנו בערך 6, חושב שנשארו 65.5 מישהו שיוודא, אני לא בטוח ב100%"
SR000243,2026-05-01,2026-05-02T03:38:00,S02,Yael,en,"End-of-shift update. These are the main alcohol stock points from tonight: For Patron Silver, we finished around 3.0 unit(s) and I counted about 16.5 still in stock. We went through about 6.5 of Bacardi Carta Blanca tonight and I counted around 14.5 left. We went through about 1.5 of Jameson tonight and I counted around 14.0 left. Goldstar moved quite a lot. About 22 were used during the shift, with roughly 33.5 remaining. Those were the main stock changes I noticed."
SR000244,2026-05-02,2026-05-03T03:15:00,S02,יעל,he,"רשימת מלאי לפני שאני הולך: קרלסברג זז הרבה. בערך 15 במשמרת, נשארו בערך 67.5. יין אדום הבית זז הרבה. בערך 2.5 במשמרת, נשארו בערך 14.5. קורונה - ירדו בערך 9, נשארו בערך 50.0. כדאי לבדוק שוב לפני המשמרת הבאה."
SR000245,2026-05-03,2026-05-04T03:09:00,S05,מאיה,he,"רשימת מלאי לפני שאני הולך: ארדינגר - ירדו בערך 4, נשארו בערך 15.0. מקורונה סיימנו בערך 9 יחידות, ספרתי בערך 41.0 במלאי. מג'יימסון סיימנו בערך 1.0 יחידות, ספרתי בערך 12.5 במלאי. גולדסטאר זז הרבה. בערך 9 במשמרת, נשארו בערך 35.5. כדאי לבדוק שוב לפני המשמרת הבאה."
SR000246,2026-05-04,2026-05-05T03:33:00,S06,מוריאל,he,"ערב עמוס. הנה מה שיצא הלילה: יין אדום הבית - ירדו בערך 1.5, נשארו בערך 11. מקרלסברג סיימנו בערך 8 יחידות, ספרתי בערך 50.5 במלאי. מכבי - ירדו בערך 3, נשארו בערך 22. אבסולוט זז הרבה. בערך 1.0 במשמרת, נשארו בערך 9.0. כדאי לבדוק שוב לפני המשמרת הבאה."
SR000247,2026-05-05,2026-05-06T03:12:00,S05,מאיה,he,"רשימת מלאי לפני שאני הולך: מכבי - ירדו בערך 3, נשארו בערך 19. מהייניקן סיימנו בערך 9 יחידות, ספרתי בערך 39.5 במלאי. קרלסברג - ירדו בערך 9, נשארו בערך 41.5. סטלה ארטואה - ירדו בערך 4, נשארו בערך 28.5. קורונה - ירדו בערך 6, נשארו בערך 31.0. זהו מה שהיה בולט הלילה."
SR000248,2026-05-06,2026-05-07T03:32:00,S05,Maya,en,"Shift finished. A few stock updates the next team should know: For Maccabee, we finished around 3 unit(s) and I counted about 40 still in stock. For Corona, we finished around 4 unit(s) and I counted about 51.0 still in stock. Gordon's moved quite a lot. About 1 were used during the shift, with roughly 17.0 remaining. No other major alcohol issues stood out during closing."
SR000249,2026-05-07,2026-05-08T03:32:00,S03,Shir,en,"Stock notes before I leave: corona we went through like 10, think theres 41.0 left heineken went fast, 9 used and 48.5 left i think stella artois we went through like 6, think theres 40.5 left guinness went fast, 5 used and 35.5 left i think rose wine went fast, 1 used and 11.0 left i think someone double check those before service"
SR000250,2026-05-08,2026-05-09T03:19:00,S01,רועי,he,"סיימתי משמרת, כמה עדכוני מלאי: גורדונס השתמשנו בערך 3.0, חושב שנשארו 12.0 מכבי ירד מהר, 9 ונשארו 26 נראה לי ג'ק דניאלס השתמשנו בערך 1.0, חושב שנשארו 11.0 גולדסטאר השתמשנו בערך 14, חושב שנשארו 35.5 מישהו שיוודא, אני לא בטוח ב100%"
SR000251,2026-05-09,2026-05-10T03:07:00,S02,יעל,he,"סיימתי משמרת, כמה עדכוני מלאי: מכבי - ירדו בערך 6, נשארו בערך 44. פטרון סילבר זז הרבה. בערך 2.0 במשמרת, נשארו בערך 6.0. סטלה ארטואה זז הרבה. בערך 9 במשמרת, נשארו בערך 46.5. ארדינגר זז הרבה. בערך 5 במשמרת, נשארו בערך 20.0. שאר הדברים נראו רגילים."
SR000252,2026-05-10,2026-05-11T03:55:00,S04,תומר,he,"רשימת מלאי לפני שאני הולך: מאפרול סיימנו בערך 2.0 יחידות, ספרתי בערך 11 במלאי. יין אדום הבית - ירדו בערך 1.5, נשארו בערך 9.0. קורונה - ירדו בערך 6, נשארו בערך 40.0. זהו מה שהיה בולט הלילה."
SR000253,2026-05-11,2026-05-12T03:40:00,S04,תומר,he,"סיימתי משמרת, כמה עדכוני מלאי: יין לבן הבית ירד מהר, 2 ונשארו 7.5 נראה לי גולדסטאר ירד מהר, 5 ונשארו 32.5 נראה לי הייניקן השתמשנו בערך 7, חושב שנשארו 30.5 בקרדי ירד מהר, 1.5 ונשארו 13.5 נראה לי מישהו שיוודא, אני לא בטוח ב100%"
SR000254,2026-05-12,2026-05-13T03:06:00,S05,מאיה,he,"עדכון סוף משמרת. מה שראיתי לפני הסגירה: קרלסברג השתמשנו בערך 11, חושב שנשארו 35.5 מכבי ירד מהר, 3 ונשארו 34 נראה לי פטרון סילבר השתמשנו בערך 1.0, חושב שנשארו 15.5 קורונה השתמשנו בערך 3, חושב שנשארו 34.0 יין אדום הבית השתמשנו בערך 1.5, חושב שנשארו 18.0 מישהו שיוודא, אני לא בטוח ב100%"
SR000255,2026-05-13,2026-05-14T03:54:00,S06,מוריאל,he,"סיימתי משמרת, כמה עדכוני מלאי: מגינס סיימנו בערך 1 יחידות, ספרתי בערך 36.5 במלאי. בקרדי - ירדו בערך 1.5, נשארו בערך 23.0. מארדינגר סיימנו בערך 2 יחידות, ספרתי בערך 35.0 במלאי. פרוסקו זז הרבה. בערך 1.5 במשמרת, נשארו בערך 24.5. מגולדסטאר סיימנו בערך 5 יחידות, ספרתי בערך 24.5 במלאי. זהו מה שהיה בולט הלילה."
SR000256,2026-05-14,2026-05-15T03:06:00,S03,שיר,he,"עדכון סוף משמרת. מה שראיתי לפני הסגירה: מגולדסטאר סיימנו בערך 13 יחידות, ספרתי בערך 59.5 במלאי. מקרלסברג סיימנו בערך 10 יחידות, ספרתי בערך 68.5 במלאי. יין לבן הבית - ירדו בערך 2, נשארו בערך 13.5. בקרדי זז הרבה. בערך 2.0 במשמרת, נשארו בערך 21.0. זהו מה שהיה בולט הלילה."
SR000257,2026-05-15,2026-05-16T03:51:00,S05,Maya,en,"Busy service tonight. Here's what I noticed before closing: For Erdinger, we finished around 5 unit(s) and I counted about 27.0 still in stock. Bacardi Carta Blanca moved quite a lot. About 5.0 were used during the shift, with roughly 15.5 remaining. For Chardonnay, we finished around 1.5 unit(s) and I counted about 8.0 still in stock. We went through about 1.0 of Martini Rosso tonight and I counted around 13.5 left. Everything else looked generally normal at close."
SR000258,2026-05-16,2026-05-17T03:34:00,S04,תומר,he,"ערב עמוס. הנה מה שיצא הלילה: קורונה השתמשנו בערך 11, חושב שנשארו 44.0 בקרדי השתמשנו בערך 2.5, חושב שנשארו 13.0 הייניקן השתמשנו בערך 14, חושב שנשארו 47.5 מישהו שיוודא, אני לא בטוח ב100%"
SR000259,2026-05-17,2026-05-18T03:31:00,S02,Yael,en,"Shift finished. A few stock updates the next team should know: aperol went fast, 2.0 used and 7.5 left i think gordon's went fast, 1.5 used and 7.5 left i think stella artois went fast, 6 used and 41.5 left i think might have missed something so check"
SR000260,2026-05-18,2026-05-19T03:45:00,S03,שיר,he,"ערב עמוס. הנה מה שיצא הלילה: קרלסברג זז הרבה. בערך 8 במשמרת, נשארו בערך 56.5. מהייניקן סיימנו בערך 6 יחידות, ספרתי בערך 33.5 במלאי. מכבי זז הרבה. בערך 3 במשמרת, נשארו בערך 27. שאר הדברים נראו רגילים."
SR000261,2026-05-19,2026-05-20T03:18:00,S01,רועי,he,"ערב עמוס. הנה מה שיצא הלילה: יין לבן הבית זז הרבה. בערך 2 במשמרת, נשארו בערך 22.5. מגולדסטאר סיימנו בערך 3 יחידות, ספרתי בערך 36.5 במלאי. מגינס סיימנו בערך 3 יחידות, ספרתי בערך 31.5 במלאי. קרלסברג זז הרבה. בערך 5 במשמרת, נשארו בערך 51.5. פרוסקו זז הרבה. בערך 1.5 במשמרת, נשארו בערך 25.5. שאר הדברים נראו רגילים."
SR000262,2026-05-20,2026-05-21T03:28:00,S04,Tomer,en,"Shift finished. A few stock updates the next team should know: For Heineken, we finished around 8 unit(s) and I counted about 70.5 still in stock. For Goldstar, we finished around 9 unit(s) and I counted about 51.5 still in stock. We went through about 3 of Stella Artois tonight and I counted around 55.5 left. Erdinger moved quite a lot. About 4 were used during the shift, with roughly 36.0 remaining. Those were the main stock changes I noticed."
SR000263,2026-05-21,2026-05-22T03:16:00,S03,Shir,en,"Busy service tonight. Here's what I noticed before closing: house red wine we went through like 3.0, think theres 21.5 left carlsberg went fast, 18 used and 48.5 left i think bacardi carta blanca we went through like 3.5, think theres 15.0 left erdinger we went through like 5, think theres 31.0 left might have missed something so check"
SR000264,2026-05-22,2026-05-23T03:12:00,S01,רועי,he,"עדכון סוף משמרת. מה שראיתי לפני הסגירה: גינס ירד מהר, 8 ונשארו 14.5 נראה לי הייניקן 39.5 מכבי השתמשנו בערך 14, חושב שנשארו 24 ארדינגר השתמשנו בערך 7, חושב שנשארו 24.0 קרלסברג 30 ליטר ירד מהר, 1.5 ונשארו 3.5 נראה לי מישהו שיוודא, אני לא בטוח ב100%"
SR000265,2026-05-23,2026-05-24T03:12:00,S05,Maya,en,"Stock notes before I leave: absolut went fast, 3.0 used and 13.5 left i think heineken went fast, 17 used and 46.5 left i think goldstar went fast, 18 used and 45.5 left i think corona 39.0 someone double check those before service"
SR000266,2026-05-24,2026-05-25T03:54:00,S06,מוריאל,he,"ערב עמוס. הנה מה שיצא הלילה: גורדונס זז הרבה. בערך 1.5 במשמרת, נשארו בערך 4.5. מיין לבן הבית סיימנו בערך 1.5 יחידות, ספרתי בערך 16.5 במלאי. קורונה - ירדו בערך 3, נשארו בערך 36.0. כדאי לבדוק שוב לפני המשמרת הבאה."
SR000267,2026-05-25,2026-05-26T03:13:00,S04,Tomer,en,"End-of-shift update. These are the main alcohol stock points from tonight: Erdinger moved quite a lot. About 2 were used during the shift, with roughly 15.0 remaining. For Aperol, we finished around 1.0 unit(s) and I counted about 12.0 still in stock. Bacardi Carta Blanca moved quite a lot. About 2.0 were used during the shift, with roughly 12.5 remaining. Those were the main stock changes I noticed."
SR000268,2026-05-26,2026-05-27T03:40:00,S03,שיר,he,"רשימת מלאי לפני שאני הולך: פטרון סילבר ירד מהר, 1.0 ונשארו 18.5 נראה לי יין רוזה השתמשנו בערך 1.0, חושב שנשארו 14 גולדסטאר ירד מהר, 9 ונשארו 24.5 נראה לי בקרדי ירד מהר, 1.0 ונשארו 23.0 נראה לי סטלה ארטואה השתמשנו בערך 6, חושב שנשארו 27.5 תבדקו את זה מחר"
SR000269,2026-05-27,2026-05-28T03:52:00,S05,Maya,en,"Shift finished. A few stock updates the next team should know: Guinness moved quite a lot. About 3 were used during the shift, with roughly 19.5 remaining. Corona moved quite a lot. About 5 were used during the shift, with roughly 68.0 remaining. We went through about 3 of Maccabee tonight and I counted around 45 left. We went through about 5 of Stella Artois tonight and I counted around 46.5 left. Everything else looked generally normal at close."
SR000270,2026-05-28,2026-05-29T03:37:00,S01,Roei,en,"Busy service tonight. Here's what I noticed before closing: gordon's we went through like 1.5, think theres 11.5 left bacardi carta blanca we went through like 2.0, think theres 20 left goldstar we went through like 8, think theres 58.5 left someone double check those before service"
SR000271,2026-05-29,2026-05-30T03:20:00,S05,מאיה,he,"עדכון סוף משמרת. מה שראיתי לפני הסגירה: אבסולוט זז הרבה. בערך 2.5 במשמרת, נשארו בערך 17.5. מסטלה ארטואה סיימנו בערך 13 יחידות, ספרתי בערך 29.5 במלאי. ווינשטפן 30 ליטר - ירדו בערך 1.0, נשארו בערך 2.0. מגינס סיימנו בערך 6 יחידות, ספרתי בערך 9.5 במלאי. יין לבן הבית זז הרבה. בערך 5.5 במשמרת, נשארו בערך 14.5. כדאי לבדוק שוב לפני המשמרת הבאה."
SR000272,2026-05-30,2026-05-31T03:29:00,S01,רועי,he,"סיימתי משמרת, כמה עדכוני מלאי: שרדונה השתמשנו בערך 1, חושב שנשארו 10.0 ארדינגר ירד מהר, 5 ונשארו 22.0 נראה לי הייניקן ירד מהר, 14 ונשארו 56.5 נראה לי סטלה ארטואה השתמשנו בערך 11, חושב שנשארו 42.5 תבדקו את זה מחר"
SR000273,2026-05-31,2026-06-01T03:10:00,S02,יעל,he,"ערב עמוס. הנה מה שיצא הלילה: גינס זז הרבה. בערך 3 במשמרת, נשארו בערך 48.5. מקרלסברג סיימנו בערך 9 יחידות, ספרתי בערך 50.5 במלאי. מקורונה סיימנו בערך 8 יחידות, ספרתי בערך 49.0 במלאי. יין רוזה - ירדו בערך 1.0, נשארו בערך 9.0. גולדסטאר - ירדו בערך 7, נשארו בערך 41.5. שאר הדברים נראו רגילים."
SR000274,2026-06-01,2026-06-02T03:06:00,S05,מאיה,he,"רשימת מלאי לפני שאני הולך: פטרון סילבר ירד מהר, 1 ונשארו 10.0 נראה לי הייניקן השתמשנו בערך 5, חושב שנשארו 48.5 קורונה השתמשנו בערך 4, חושב שנשארו 45.0 גינס השתמשנו בערך 2, חושב שנשארו 46.5 סטלה ארטואה ירד מהר, 5 ונשארו 35.5 נראה לי מישהו שיוודא, אני לא בטוח ב100%"
SR000275,2026-06-02,2026-06-03T03:15:00,S01,Roei,en,"End-of-shift update. These are the main alcohol stock points from tonight: We went through about 1.0 of Rose Wine tonight and I counted around 19.5 left. For Carlsberg, we finished around 6 unit(s) and I counted about 33.5 still in stock. Erdinger moved quite a lot. About 2 were used during the shift, with roughly 19.0 remaining. We went through about 1.5 of Bacardi Carta Blanca tonight and I counted around 20.5 left. No other major alcohol issues stood out during closing."
SR000276,2026-06-03,2026-06-04T03:21:00,S04,תומר,he,"סיימתי משמרת, כמה עדכוני מלאי: מהייניקן סיימנו בערך 12 יחידות, ספרתי בערך 54.5 במלאי. פרוסקו זז הרבה. בערך 3 במשמרת, נשארו בערך 28. מקרלסברג סיימנו בערך 11 יחידות, ספרתי בערך 70.5 במלאי. ארדינגר - ירדו בערך 2, נשארו בערך 41.0. זהו מה שהיה בולט הלילה."
SR000277,2026-06-04,2026-06-05T03:34:00,S04,Tomer,en,"Busy service tonight. Here's what I noticed before closing: Carlsberg moved quite a lot. About 14 were used during the shift, with roughly 56.5 remaining. Bacardi Carta Blanca moved quite a lot. About 3.5 were used during the shift, with roughly 15.5 remaining. Goldstar moved quite a lot. About 13 were used during the shift, with roughly 57.5 remaining. For Gordon's, we finished around 2.5 unit(s) and I counted about 11 still in stock. Everything else looked generally normal at close."
SR000278,2026-06-05,2026-06-06T03:51:00,S05,מאיה,he,"עדכון סוף משמרת. מה שראיתי לפני הסגירה: קלואה ירד מהר, 1 ונשארו 14.0 נראה לי גולדסטאר השתמשנו בערך 15, חושב שנשארו 42.5 מכבי השתמשנו בערך 7, חושב שנשארו 18 תבדקו את זה מחר"
SR000279,2026-06-06,2026-06-07T03:44:00,S03,שיר,he,"עדכון סוף משמרת. מה שראיתי לפני הסגירה: גורדונס זז הרבה. בערך 2.0 במשמרת, נשארו בערך 18. שרדונה זז הרבה. בערך 1.0 במשמרת, נשארו בערך 6.5. בקרדי זז הרבה. בערך 3.0 במשמרת, נשארו בערך 20.0. ארדינגר זז הרבה. בערך 5 במשמרת, נשארו בערך 27.0. זהו מה שהיה בולט הלילה."
SR000280,2026-06-07,2026-06-08T03:19:00,S04,תומר,he,"סיימתי משמרת, כמה עדכוני מלאי: יין רוזה ירד מהר, 1 ונשארו 13.0 נראה לי בקרדי השתמשנו בערך 1.5, חושב שנשארו 18.5 הייניקן ירד מהר, 8 ונשארו 48.5 נראה לי קרלסברג ירד מהר, 6 ונשארו 63.5 נראה לי גינס ירד מהר, 3 ונשארו 20.5 נראה לי מישהו שיוודא, אני לא בטוח ב100%"
SR000281,2026-06-08,2026-06-09T03:06:00,S05,Maya,en,"Busy service tonight. Here's what I noticed before closing: carlsberg went fast, 8 used and 55.5 left i think guinness we went through like 2, think theres 18.5 left absolut we went through like 1.0, think theres 3.5 left prosecco we went through like 2, think theres 20.5 left bacardi carta blanca went fast, 1.5 used and 17.0 left i think might have missed something so check"
SR000282,2026-06-09,2026-06-10T03:18:00,S01,Roei,en,"Busy service tonight. Here's what I noticed before closing: erdinger we went through like 3, think theres 20.0 left maccabee we went through like 5, think theres 25 left rose wine went fast, 1.0 used and 11 left i think might have missed something so check"
SR000283,2026-06-10,2026-06-11T03:54:00,S03,שיר,he,"ערב עמוס. הנה מה שיצא הלילה: גינס ירד מהר, 3 ונשארו 35.5 נראה לי יין לבן הבית ירד מהר, 2 ונשארו 21.5 נראה לי גולדסטאר השתמשנו בערך 8, חושב שנשארו 24.5 סטלה ארטואה השתמשנו בערך 5, חושב שנשארו 50.5 גורדונס ירד מהר, 1 ונשארו 13.5 נראה לי מישהו שיוודא, אני לא בטוח ב100%"
SR000284,2026-06-11,2026-06-12T03:30:00,S03,שיר,he,"ערב עמוס. הנה מה שיצא הלילה: ממכבי סיימנו בערך 6 יחידות, ספרתי בערך 39 במלאי. פטרון סילבר זז הרבה. בערך 1.5 במשמרת, נשארו בערך 9.5. מארדינגר סיימנו בערך 3 יחידות, ספרתי בערך 38.0 במלאי. מגורדונס סיימנו בערך 1.5 יחידות, ספרתי בערך 12.0 במלאי. זהו מה שהיה בולט הלילה."
SR000285,2026-06-12,2026-06-13T03:55:00,S01,Roei,en,"End-of-shift update. These are the main alcohol stock points from tonight: For Heineken, we finished around 15 unit(s) and I counted about 28.5 still in stock. Jameson moved quite a lot. About 1 were used during the shift, with roughly 6.0 remaining. For Prosecco, we finished around 5.0 unit(s) and I counted about 19.0 still in stock. Aperol moved quite a lot. About 3.0 were used during the shift, with roughly 21 remaining. Those were the main stock changes I noticed."
SR000286,2026-06-13,2026-06-14T03:53:00,S01,Roei,en,"End-of-shift update. These are the main alcohol stock points from tonight: gordon's we went through like 2.0, think theres 6.5 left bacardi carta blanca 15.0 carlsberg 50l went fast, 1.0 used and 4.5 left i think might have missed something so check"
SR000287,2026-06-14,2026-06-15T03:07:00,S06,מוריאל,he,"רשימת מלאי לפני שאני הולך: מפרוסקו סיימנו בערך 3 יחידות, ספרתי בערך 9.5 במלאי. גולדסטאר - ירדו בערך 10, נשארו בערך 52.5. מהייניקן סיימנו בערך 8 יחידות, ספרתי בערך 4.5 במלאי. כדאי לבדוק שוב לפני המשמרת הבאה."
SR000288,2026-06-15,2026-06-16T03:55:00,S01,Roei,en,"End-of-shift update. These are the main alcohol stock points from tonight: Patron Silver moved quite a lot. About 1.5 were used during the shift, with roughly 1.5 remaining. We went through about 3.5 of Aperol tonight and I counted around 12.0 left. For Carlsberg, we finished around 17 unit(s) and I counted about 31.5 still in stock. Stella Artois moved quite a lot. About 7 were used during the shift, with roughly 34.5 remaining. Those were the main stock changes I noticed."
SR000289,2026-06-16,2026-06-17T03:50:00,S04,תומר,he,"רשימת מלאי לפני שאני הולך: מקורונה סיימנו בערך 12 יחידות, ספרתי בערך 11.0 במלאי. ממכבי סיימנו בערך 7 יחידות, ספרתי בערך 29 במלאי. קרלסברג - ירדו בערך 15, נשארו בערך 16.5. ג'יימסון - ירדו בערך 1.0, נשארו בערך 14.5. שאר הדברים נראו רגילים."
SR000290,2026-06-17,2026-06-18T03:44:00,S05,מאיה,he,"רשימת מלאי לפני שאני הולך: פרוסקו השתמשנו בערך 4.5, חושב שנשארו 19.0 פטרון סילבר ירד מהר, 2 ונשארו 9.5 נראה לי אבסולוט ירד מהר, 2.5 ונשארו 9.5 נראה לי מישהו שיוודא, אני לא בטוח ב100%"
SR000291,2026-06-18,2026-06-19T03:11:00,S05,מאיה,he,"ערב עמוס. הנה מה שיצא הלילה: פרוסקו זז הרבה. בערך 4 במשמרת, נשארו בערך 15.0. הייניקן - ירדו בערך 8, נשארו בערך 56.5. קרלסברג 30 ליטר - ירדו בערך 1.0, נשארו בערך 5.5. מקורונה סיימנו בערך 7 יחידות, ספרתי בערך 42.0 במלאי. שאר הדברים נראו רגילים."
SR000292,2026-06-19,2026-06-20T03:21:00,S05,Maya,en,"Stock notes before I leave: stella artois went fast, 9 used and 22.5 left i think guinness went fast, 5 used and 16.5 left i think house white wine we went through like 3.5, think theres 17.5 left absolut went fast, 2 used and 17.5 left i think might have missed something so check"
SR000293,2026-06-20,2026-06-21T03:13:00,S04,Tomer,en,"Stock notes before I leave: Guinness moved quite a lot. About 6 were used during the shift, with roughly 34.5 remaining. For Prosecco, we finished around 5.5 unit(s) and I counted about 16.5 still in stock. Maccabee moved quite a lot. About 10 were used during the shift, with roughly 46 remaining. For Corona, we finished around 12 unit(s) and I counted about 42.0 still in stock. No other major alcohol issues stood out during closing."
